benchmark_id,family,split,rating_instruction,icon_id,set_id,set_name,label,normalized_path,mask_overlay_path,feature_column,feature_value,preliminary_quintile,mask_mode,mask_coverage,mask_border_contact,mask_confidence,mask_is_uncertain,red_pixel_ratio_v2,strict_red_flag_v2,orientation_confidence_v2,rater_1_judgment,rater_2_judgment,mask_rater_1_acceptable,mask_rater_2_acceptable,mask_rater_1_gross_inversion,mask_rater_2_gross_inversion,adjudication_notes
complexity-001,complexity,calibration,ordinal_1_to_5,03a2b61645ccb834,01_mcdougall_symbol_icon_set,McDougall Symbol/Icon Set,Adjust contrast,icon_data/normalized_256/01_mcdougall_symbol_icon_set/mcdougall_003__03a2b61645cc.png,icon_data/analysis/feature_v2_mask_overlays/03a2b61645ccb834.png,quadtree_structural_variability_v2,0.28882773802971934,1,opaque_border_lab,0.2153472900390625,0.0,1.0,false,0.0,0.0,0.3203995267715286,,,,,,,
complexity-002,complexity,calibration,ordinal_1_to_5,0e14f4458e64764c,02_aiga_dot_symbol_signs,AIGA/DOT Symbol Signs,Aiga noentry,icon_data/normalized_256/02_aiga_dot_symbol_signs/aiga_noentry__0e14f4458e64.png,icon_data/analysis/feature_v2_mask_overlays/0e14f4458e64764c.png,quadtree_structural_variability_v2,0.2119140625,1,alpha,0.7928466796875,0.13725490196078433,1.0,false,0.0,0.0,2.1677831928936714e-09,,,,,,,
complexity-003,complexity,calibration,ordinal_1_to_5,15f1b4324f271e4f,02_aiga_dot_symbol_signs,AIGA/DOT Symbol Signs,Aiga FirstAid Red,icon_data/normalized_256/02_aiga_dot_symbol_signs/aiga_firstaid_red__15f1b4324f27.png,icon_data/analysis/feature_v2_mask_overlays/15f1b4324f271e4f.png,quadtree_structural_variability_v2,0.12109375,1,alpha,0.5807952880859375,0.353921568627451,1.0,false,1.0,1.0,0.003003970755309303,,,,,,,
complexity-004,complexity,calibration,ordinal_1_to_5,7abd603477625b0b,02_aiga_dot_symbol_signs,AIGA/DOT Symbol Signs,Aiga No Entry Red,icon_data/normalized_256/02_aiga_dot_symbol_signs/aiga_no_entry_red__7abd60347762.png,icon_data/analysis/feature_v2_mask_overlays/7abd603477625b0b.png,quadtree_structural_variability_v2,0.2119140625,1,alpha,0.7928466796875,0.13725490196078433,1.0,false,0.8326789838337183,0.0,2.1677831928936714e-09,,,,,,,
complexity-005,complexity,calibration,ordinal_1_to_5,fc88d6db39aac7ac,03_mapbox_maki_icons,Mapbox Maki,airfield,icon_data/normalized_256/03_mapbox_maki_icons/airfield__fc88d6db39aa.png,icon_data/analysis/feature_v2_mask_overlays/fc88d6db39aac7ac.png,quadtree_structural_variability_v2,0.287353515625,1,opaque_border_lab,0.4962310791015625,0.35784313725490197,0.0,true,0.0,0.0,0.1960490904674287,,,,,,,
complexity-006,complexity,calibration,ordinal_1_to_5,09846ffa63d2ccca,04_ocha_humanitarian_icons,OCHA Humanitarian Icons,storm,icon_data/normalized_256/04_ocha_humanitarian_icons/storm__09846ffa63d2.png,icon_data/analysis/feature_v2_mask_overlays/09846ffa63d2ccca.png,quadtree_structural_variability_v2,0.2119140625,1,opaque_border_lab,0.45159912109375,0.09117647058823529,0.9477948252360027,false,0.0,0.0,0.17822470676074173,,,,,,,
complexity-007,complexity,calibration,ordinal_1_to_5,0bd5afa5ff2d5123,05_mulberry_symbols,Mulberry Symbols,garlic crusher,icon_data/normalized_256/05_mulberry_symbols/garlic_crusher__0bd5afa5ff2d.png,icon_data/analysis/feature_v2_mask_overlays/0bd5afa5ff2d5123.png,quadtree_structural_variability_v2,0.27495736586645675,1,opaque_border_lab,0.1445159912109375,0.0,1.0,false,0.0,0.0,0.9097186382749465,,,,,,,
complexity-008,complexity,calibration,ordinal_1_to_5,01a40d0f2b66c5b4,05_mulberry_symbols,Mulberry Symbols,country Monaco,icon_data/normalized_256/05_mulberry_symbols/country_monaco__01a40d0f2b66.png,icon_data/analysis/feature_v2_mask_overlays/01a40d0f2b66c5b4.png,quadtree_structural_variability_v2,0.2794344425245713,1,opaque_border_lab,0.188385009765625,0.0,1.0,false,0.12830066418273126,0.0,0.9237678815382229,,,,,,,
complexity-009,complexity,calibration,ordinal_1_to_5,0011ff35778e89de,06_blissymbolics,Blissymbolics,answer,icon_data/normalized_256/06_blissymbolics/answer_932a931383f0__0011ff35778e.png,icon_data/analysis/feature_v2_mask_overlays/0011ff35778e89de.png,quadtree_structural_variability_v2,0.23068181818181818,1,alpha,0.4296875,0.21568627450980393,1.0,false,0.0,0.0,0.6883066697580957,,,,,,,
complexity-010,complexity,calibration,ordinal_1_to_5,00d83fd2bb2c2a24,07_arasaac_pictograms,ARASAAC Pictograms,quaver,icon_data/normalized_256/07_arasaac_pictograms/39474__00d83fd2bb2c.png,icon_data/analysis/feature_v2_mask_overlays/00d83fd2bb2c2a24.png,quadtree_structural_variability_v2,0.18725925925925926,1,alpha,0.090179443359375,0.0,1.0,false,0.0,0.0,0.8493630921140041,,,,,,,
complexity-011,complexity,calibration,ordinal_1_to_5,4de8ea4a98e350d2,08_ghs_hazard_pictograms,GHS Hazard Pictograms,skull and crossbones,icon_data/normalized_256/08_ghs_hazard_pictograms/skull_and_crossbones__4de8ea4a98e3.png,icon_data/analysis/feature_v2_mask_overlays/4de8ea4a98e350d2.png,quadtree_structural_variability_v2,0.36865234375,2,alpha,0.2280731201171875,0.00980392156862745,1.0,false,0.6919114203519101,0.0,0.01859247468212609,,,,,,,
complexity-012,complexity,calibration,ordinal_1_to_5,017f18f80c2b6bb0,11_iso_7010_safety_signs,ISO 7010 Safety Signs,ISO 7010 W003,icon_data/normalized_256/11_iso_7010_safety_signs/iso_7010_w003__017f18f80c2b.png,icon_data/analysis/feature_v2_mask_overlays/017f18f80c2b6bb0.png,quadtree_structural_variability_v2,0.37611607142857145,2,alpha,0.875,0.4392156862745098,1.0,false,0.0,0.0,0.13274565724656476,,,,,,,
complexity-013,complexity,calibration,ordinal_1_to_5,13b78968c922ad48,03_mapbox_maki_icons,Mapbox Maki,skateboard,icon_data/normalized_256/03_mapbox_maki_icons/skateboard__13b78968c922.png,icon_data/analysis/feature_v2_mask_overlays/13b78968c922ad48.png,quadtree_structural_variability_v2,0.39100449775112445,2,opaque_border_lab,0.22528076171875,0.0,1.0,false,0.0,0.0,0.6767009203935125,,,,,,,
complexity-014,complexity,calibration,ordinal_1_to_5,045493f44b51c4e9,04_ocha_humanitarian_icons,OCHA Humanitarian Icons,table,icon_data/normalized_256/04_ocha_humanitarian_icons/table__045493f44b51.png,icon_data/analysis/feature_v2_mask_overlays/045493f44b51c4e9.png,quadtree_structural_variability_v2,0.30126953125,2,opaque_border_lab,0.395538330078125,0.08235294117647059,0.9499601033154657,false,0.0,0.0,0.2531432283800894,,,,,,,
complexity-015,complexity,calibration,ordinal_1_to_5,10af6e3d4f83eb56,05_mulberry_symbols,Mulberry Symbols,fork,icon_data/normalized_256/05_mulberry_symbols/fork__10af6e3d4f83.png,icon_data/analysis/feature_v2_mask_overlays/10af6e3d4f83eb56.png,quadtree_structural_variability_v2,0.3384416145046406,2,opaque_border_lab,0.0883636474609375,0.0,1.0,false,0.0,0.0,0.9685479029647135,,,,,,,
complexity-016,complexity,calibration,ordinal_1_to_5,00009523a1485434,05_mulberry_symbols,Mulberry Symbols,goldfish,icon_data/normalized_256/05_mulberry_symbols/goldfish__00009523a148.png,icon_data/analysis/feature_v2_mask_overlays/00009523a1485434.png,quadtree_structural_variability_v2,0.3615178712013856,2,opaque_border_lab,0.22784423828125,0.0,1.0,false,0.43376640771497454,0.0,0.6737637126570413,,,,,,,
complexity-017,complexity,calibration,ordinal_1_to_5,0002b35721d50db7,06_blissymbolics,Blissymbolics,yogurt,icon_data/normalized_256/06_blissymbolics/yogurt_ffb139dafbf9__0002b35721d5.png,icon_data/analysis/feature_v2_mask_overlays/0002b35721d50db7.png,quadtree_structural_variability_v2,0.3315746753246753,2,alpha,0.6015625,0.30196078431372547,1.0,false,0.0,0.0,0.4685714285714285,,,,,,,
complexity-018,complexity,calibration,ordinal_1_to_5,000414e17a0a41d0,07_arasaac_pictograms,ARASAAC Pictograms,handstand,icon_data/normalized_256/07_arasaac_pictograms/39193__000414e17a0a.png,icon_data/analysis/feature_v2_mask_overlays/000414e17a0a41d0.png,quadtree_structural_variability_v2,0.35614017865907527,2,alpha,0.225341796875,0.0,1.0,false,0.0,0.0,0.7052986330597739,,,,,,,
complexity-019,complexity,calibration,ordinal_1_to_5,8bb99f096e33f650,07_arasaac_pictograms,ARASAAC Pictograms,prohibition,icon_data/normalized_256/07_arasaac_pictograms/15527__8bb99f096e33.png,icon_data/analysis/feature_v2_mask_overlays/8bb99f096e33f650.png,quadtree_structural_variability_v2,0.33580689037723177,2,alpha,0.3238677978515625,0.0,1.0,false,1.0,1.0,0.05281508789094947,,,,,,,
complexity-020,complexity,calibration,ordinal_1_to_5,001aae9b8a1ae0c6,07_arasaac_pictograms,ARASAAC Pictograms,mittens,icon_data/normalized_256/07_arasaac_pictograms/2927__001aae9b8a1a.png,icon_data/analysis/feature_v2_mask_overlays/001aae9b8a1ae0c6.png,quadtree_structural_variability_v2,0.43011421024007457,2,alpha,0.5219573974609375,0.0,1.0,false,0.0,0.0,0.339368851268273,,,,,,,
complexity-021,complexity,calibration,ordinal_1_to_5,0050c13101710bb3,03_mapbox_maki_icons,Mapbox Maki,construction,icon_data/normalized_256/03_mapbox_maki_icons/construction__0050c1310171.png,icon_data/analysis/feature_v2_mask_overlays/0050c13101710bb3.png,quadtree_structural_variability_v2,0.46569461919917104,3,opaque_border_lab,0.446807861328125,0.0392156862745098,1.0,false,0.0,0.0,0.21909229002224265,,,,,,,
complexity-022,complexity,calibration,ordinal_1_to_5,1ab237a6af822011,04_ocha_humanitarian_icons,OCHA Humanitarian Icons,calendar,icon_data/normalized_256/04_ocha_humanitarian_icons/calendar__1ab237a6af82.png,icon_data/analysis/feature_v2_mask_overlays/1ab237a6af822011.png,quadtree_structural_variability_v2,0.4861111111111111,3,alpha,0.87890625,0.4411764705882353,1.0,false,0.0,0.0,0.12836715192107376,,,,,,,
complexity-023,complexity,calibration,ordinal_1_to_5,045422495cee8bdd,05_mulberry_symbols,Mulberry Symbols,bolt,icon_data/normalized_256/05_mulberry_symbols/bolt__045422495cee.png,icon_data/analysis/feature_v2_mask_overlays/045422495cee8bdd.png,quadtree_structural_variability_v2,0.5481091678274777,3,opaque_border_lab,0.1954803466796875,0.0,1.0,false,0.0,0.0,0.8262489092787226,,,,,,,
complexity-024,complexity,calibration,ordinal_1_to_5,003f37a6a4c66949,05_mulberry_symbols,Mulberry Symbols,peach,icon_data/normalized_256/05_mulberry_symbols/peach__003f37a6a4c6.png,icon_data/analysis/feature_v2_mask_overlays/003f37a6a4c66949.png,quadtree_structural_variability_v2,0.5456545654565457,3,opaque_border_lab,0.5095672607421875,0.0,1.0,false,0.0,0.0,0.03837099414362385,,,,,,,
complexity-025,complexity,calibration,ordinal_1_to_5,0775c40ce293884f,06_blissymbolics,Blissymbolics,dare to,icon_data/normalized_256/06_blissymbolics/dare_to_113ac47c952b__0775c40ce293.png,icon_data/analysis/feature_v2_mask_overlays/0775c40ce293884f.png,quadtree_structural_variability_v2,0.4791688311688312,3,opaque_border_lab,0.1727294921875,0.0,1.0,false,0.0,0.0,0.6570186028823106,,,,,,,
complexity-026,complexity,calibration,ordinal_1_to_5,001086c703cee7f1,07_arasaac_pictograms,ARASAAC Pictograms,funeral employee,icon_data/normalized_256/07_arasaac_pictograms/26563__001086c703ce.png,icon_data/analysis/feature_v2_mask_overlays/001086c703cee7f1.png,quadtree_structural_variability_v2,0.5316932252352996,3,alpha,0.308380126953125,0.0,1.0,false,0.0,0.0,0.20817479853050716,,,,,,,
complexity-027,complexity,calibration,ordinal_1_to_5,0001562427eb35de,07_arasaac_pictograms,ARASAAC Pictograms,garlic,icon_data/normalized_256/07_arasaac_pictograms/2641__0001562427eb.png,icon_data/analysis/feature_v2_mask_overlays/0001562427eb35de.png,quadtree_structural_variability_v2,0.5546073749314961,3,alpha,0.3365936279296875,0.0,1.0,false,0.0,0.0,0.3678744312206982,,,,,,,
complexity-028,complexity,calibration,ordinal_1_to_5,01b3d2f16631c2ed,09_universal_symbols_healthcare_webfont,Universal Symbols Healthcare Webfont,i coffee shop,icon_data/normalized_256/09_universal_symbols_healthcare_webfont/i_coffee_shop__01b3d2f16631.png,icon_data/analysis/feature_v2_mask_overlays/01b3d2f16631c2ed.png,quadtree_structural_variability_v2,0.4661677419354839,3,opaque_border_lab,0.4368133544921875,0.0,1.0,false,0.0,0.0,0.2520033971763648,,,,,,,
complexity-029,complexity,calibration,ordinal_1_to_5,02686c6ed08679df,10_openmoji,OpenMoji,mechanical arm,icon_data/normalized_256/10_openmoji/1f9be__02686c6ed086.png,icon_data/analysis/feature_v2_mask_overlays/02686c6ed08679df.png,quadtree_structural_variability_v2,0.5539606592238171,3,opaque_border_lab,0.2054290771484375,0.0,1.0,false,0.0,0.0,0.7254708271775043,,,,,,,
complexity-030,complexity,calibration,ordinal_1_to_5,001f166bc321b01b,10_openmoji,OpenMoji,flag: Bulgaria,icon_data/normalized_256/10_openmoji/1f1e7_1f1ec__001f166bc321.png,icon_data/analysis/feature_v2_mask_overlays/001f166bc321b01b.png,quadtree_structural_variability_v2,0.47075640262060753,3,opaque_border_lab,0.51202392578125,0.0,1.0,false,0.27649302658242936,0.0,0.42559682091181944,,,,,,,
complexity-031,complexity,held_out,ordinal_1_to_5,0774c349294559be,04_ocha_humanitarian_icons,OCHA Humanitarian Icons,hotel,icon_data/normalized_256/04_ocha_humanitarian_icons/hotel__0774c3492945.png,icon_data/analysis/feature_v2_mask_overlays/0774c349294559be.png,quadtree_structural_variability_v2,0.6707848837209303,4,alpha,0.671875,0.33725490196078434,1.0,false,0.0,0.0,0.37797262347820604,,,,,,,
complexity-032,complexity,held_out,ordinal_1_to_5,05886f5393fc8972,05_mulberry_symbols,Mulberry Symbols,bowl,icon_data/normalized_256/05_mulberry_symbols/bowl__05886f5393fc.png,icon_data/analysis/feature_v2_mask_overlays/05886f5393fc8972.png,quadtree_structural_variability_v2,0.6624802867383512,4,opaque_border_lab,0.403289794921875,0.0,1.0,false,0.0,0.0,0.27240545538067,,,,,,,
complexity-033,complexity,held_out,ordinal_1_to_5,003df19821954ee9,05_mulberry_symbols,Mulberry Symbols,flag Brazil,icon_data/normalized_256/05_mulberry_symbols/flag_brazil__003df1982195.png,icon_data/analysis/feature_v2_mask_overlays/003df19821954ee9.png,quadtree_structural_variability_v2,0.5761634068792755,4,opaque_border_lab,0.366607666015625,0.0,1.0,false,0.0,0.0,0.34166103913451207,,,,,,,
complexity-034,complexity,held_out,ordinal_1_to_5,8f42813e16b4c4c2,06_blissymbolics,Blissymbolics,sin,icon_data/normalized_256/06_blissymbolics/sin_7d14c04a713a__8f42813e16b4.png,icon_data/analysis/feature_v2_mask_overlays/8f42813e16b4c4c2.png,quadtree_structural_variability_v2,0.5876363636363636,4,opaque_border_lab,0.2005462646484375,0.0,1.0,false,0.0,0.0,0.5456928004638806,,,,,,,
complexity-035,complexity,held_out,ordinal_1_to_5,009aa70e5a10cd66,07_arasaac_pictograms,ARASAAC Pictograms,praxia,icon_data/normalized_256/07_arasaac_pictograms/15385__009aa70e5a10.png,icon_data/analysis/feature_v2_mask_overlays/009aa70e5a10cd66.png,quadtree_structural_variability_v2,0.6677818668450987,4,alpha,0.1716156005859375,0.0029411764705882353,1.0,false,0.0,0.0,0.09117317097929614,,,,,,,
complexity-036,complexity,held_out,ordinal_1_to_5,9d0c81d4c6e02fe6,07_arasaac_pictograms,ARASAAC Pictograms,cause,icon_data/normalized_256/07_arasaac_pictograms/12295__9d0c81d4c6e0.png,icon_data/analysis/feature_v2_mask_overlays/9d0c81d4c6e02fe6.png,quadtree_structural_variability_v2,0.6303972743355101,4,alpha,0.2275390625,0.0,1.0,false,1.0,1.0,0.13353846803975758,,,,,,,
complexity-037,complexity,held_out,ordinal_1_to_5,0016a33ed6613f22,07_arasaac_pictograms,ARASAAC Pictograms,circle time,icon_data/normalized_256/07_arasaac_pictograms/27575__0016a33ed661.png,icon_data/analysis/feature_v2_mask_overlays/0016a33ed6613f22.png,quadtree_structural_variability_v2,0.6417499637838621,4,alpha,0.406158447265625,0.0,1.0,false,0.14249755804342926,0.0,0.18790969760523907,,,,,,,
complexity-038,complexity,held_out,ordinal_1_to_5,31f94ec85b9130e2,09_universal_symbols_healthcare_webfont,Universal Symbols Healthcare Webfont,i genetics,icon_data/normalized_256/09_universal_symbols_healthcare_webfont/i_genetics__31f94ec85b91.png,icon_data/analysis/feature_v2_mask_overlays/31f94ec85b9130e2.png,quadtree_structural_variability_v2,0.5709336566776373,4,opaque_border_lab,0.497955322265625,0.021568627450980392,1.0,false,0.0,0.0,0.17365684252039534,,,,,,,
complexity-039,complexity,held_out,ordinal_1_to_5,034a4f8b26cecbab,10_openmoji,OpenMoji,five-thirty,icon_data/normalized_256/10_openmoji/1f560__034a4f8b26ce.png,icon_data/analysis/feature_v2_mask_overlays/034a4f8b26cecbab.png,quadtree_structural_variability_v2,0.7076231998943057,4,opaque_border_lab,0.3660430908203125,0.0,1.0,false,0.0,0.0,0.00044301650273811553,,,,,,,
complexity-040,complexity,held_out,ordinal_1_to_5,0011c213c281faae,10_openmoji,OpenMoji,flag: Vanuatu,icon_data/normalized_256/10_openmoji/1f1fb_1f1fa__0011c213c281.png,icon_data/analysis/feature_v2_mask_overlays/0011c213c281faae.png,quadtree_structural_variability_v2,0.6279928528886242,4,opaque_border_lab,0.5120849609375,0.0,1.0,false,0.29007747318235994,0.0,0.42558877957596425,,,,,,,
complexity-041,complexity,held_out,ordinal_1_to_5,060ec22dfb458e40,05_mulberry_symbols,Mulberry Symbols,toaster,icon_data/normalized_256/05_mulberry_symbols/toaster__060ec22dfb45.png,icon_data/analysis/feature_v2_mask_overlays/060ec22dfb458e40.png,quadtree_structural_variability_v2,0.9733051444679351,5,opaque_border_lab,0.4848785400390625,0.0,1.0,false,0.0,0.0,0.3152483049486323,,,,,,,
complexity-042,complexity,held_out,ordinal_1_to_5,002c3410a8bf6f95,05_mulberry_symbols,Mulberry Symbols,cot,icon_data/normalized_256/05_mulberry_symbols/cot__002c3410a8bf.png,icon_data/analysis/feature_v2_mask_overlays/002c3410a8bf6f95.png,quadtree_structural_variability_v2,0.9665531960879667,5,opaque_border_lab,0.3899383544921875,0.0,1.0,false,0.0,0.0,0.41323387697270786,,,,,,,
complexity-043,complexity,held_out,ordinal_1_to_5,009385f7db26b2a7,07_arasaac_pictograms,ARASAAC Pictograms,ticket,icon_data/normalized_256/07_arasaac_pictograms/11255__009385f7db26.png,icon_data/analysis/feature_v2_mask_overlays/009385f7db26b2a7.png,quadtree_structural_variability_v2,0.8940525587828493,5,alpha,0.4785614013671875,0.0,1.0,false,0.0,0.0,0.4947081955818525,,,,,,,
complexity-044,complexity,held_out,ordinal_1_to_5,0048aa169eb7c80e,07_arasaac_pictograms,ARASAAC Pictograms,cream,icon_data/normalized_256/07_arasaac_pictograms/13376__0048aa169eb7.png,icon_data/analysis/feature_v2_mask_overlays/0048aa169eb7c80e.png,quadtree_structural_variability_v2,0.9980228576939769,5,alpha,0.588775634765625,0.0,1.0,false,0.16620017622972064,0.0,0.24546650685915997,,,,,,,
complexity-045,complexity,held_out,ordinal_1_to_5,cd8791b9983f4f14,09_universal_symbols_healthcare_webfont,Universal Symbols Healthcare Webfont,i internal medicine,icon_data/normalized_256/09_universal_symbols_healthcare_webfont/i_internal_medicine__cd8791b9983f.png,icon_data/analysis/feature_v2_mask_overlays/cd8791b9983f4f14.png,quadtree_structural_variability_v2,0.7385040713622324,5,opaque_border_lab,0.4431610107421875,0.024509803921568627,1.0,false,0.0,0.0,0.24512327370163078,,,,,,,
complexity-046,complexity,held_out,ordinal_1_to_5,0125e5eaa978b2be,10_openmoji,OpenMoji,circled cc,icon_data/normalized_256/10_openmoji/1f16d__0125e5eaa978.png,icon_data/analysis/feature_v2_mask_overlays/0125e5eaa978b2be.png,quadtree_structural_variability_v2,0.737233560090703,5,opaque_border_lab,0.531097412109375,0.0,1.0,false,0.0,0.0,5.488526663357656e-08,,,,,,,
complexity-047,complexity,held_out,ordinal_1_to_5,0014124c35ea0e7f,10_openmoji,OpenMoji,woman pilot: dark skin tone,icon_data/normalized_256/10_openmoji/1f469_1f3ff_200d_2708_fe0f__0014124c35ea.png,icon_data/analysis/feature_v2_mask_overlays/0014124c35ea0e7f.png,quadtree_structural_variability_v2,0.9100655151876117,5,opaque_border_lab,0.2966156005859375,0.0,1.0,false,0.0,0.0,0.2905758310189985,,,,,,,
complexity-048,complexity,held_out,ordinal_1_to_5,0db27129c0b71a97,12_iso_15223_medical_device_symbols,ISO 15223 Medical Device Symbols,do not re use,icon_data/normalized_256/12_iso_15223_medical_device_symbols/do_not_re_use__0db27129c0b7.png,icon_data/analysis/feature_v2_mask_overlays/0db27129c0b71a97.png,quadtree_structural_variability_v2,0.7675943786166988,5,opaque_border_lab,0.434906005859375,0.0,1.0,false,0.0,0.0,0.0006846155130886239,,,,,,,
complexity-049,complexity,held_out,ordinal_1_to_5,09f287549c50a508,13_usp_pictograms_manual,USP Pictograms,06,icon_data/normalized_256/13_usp_pictograms_manual/06__09f287549c50.png,icon_data/analysis/feature_v2_mask_overlays/09f287549c50a508.png,quadtree_structural_variability_v2,0.8482142857142857,5,alpha,0.7109375,0.3568627450980392,1.0,false,0.0,0.0,0.32852885726448944,,,,,,,
complexity-050,complexity,held_out,ordinal_1_to_5,7b8ca685b652fefd,01_mcdougall_symbol_icon_set,McDougall Symbol/Icon Set,Magnify,icon_data/normalized_256/01_mcdougall_symbol_icon_set/mcdougall_141__7b8ca685b652.png,icon_data/analysis/feature_v2_mask_overlays/7b8ca685b652fefd.png,quadtree_structural_variability_v2,0.9424019607843137,5,opaque_border_lab,0.19921875,0.0,1.0,false,0.0,0.0,0.3348971490436666,,,,,,,
closure-001,closure,calibration,ordinal_1_to_5,0c489499364650eb,01_mcdougall_symbol_icon_set,McDougall Symbol/Icon Set,Plasticizing cylinder with plunger,icon_data/normalized_256/01_mcdougall_symbol_icon_set/mcdougall_173__0c4894993646.png,icon_data/analysis/feature_v2_mask_overlays/0c489499364650eb.png,enclosure_score_v2,0.199882005899705,1,opaque_border_lab,0.031768798828125,0.0,1.0,false,0.0,0.0,0.17955770606422783,,,,,,,
closure-002,closure,calibration,ordinal_1_to_5,0d671d32bec85d0c,02_aiga_dot_symbol_signs,AIGA/DOT Symbol Signs,Aiga BarberShop,icon_data/normalized_256/02_aiga_dot_symbol_signs/aiga_barbershop__0d671d32bec8.png,icon_data/analysis/feature_v2_mask_overlays/0d671d32bec85d0c.png,enclosure_score_v2,0.4093717311715481,1,alpha,0.4034423828125,0.0696078431372549,1.0,false,0.0,0.0,0.4027498524112468,,,,,,,
closure-003,closure,calibration,ordinal_1_to_5,005bcfe142158bf0,03_mapbox_maki_icons,Mapbox Maki,cemetery JP,icon_data/normalized_256/03_mapbox_maki_icons/cemetery_jp__005bcfe14215.png,icon_data/analysis/feature_v2_mask_overlays/005bcfe142158bf0.png,enclosure_score_v2,0.433843329253366,1,opaque_border_lab,0.27581787109375,0.0,1.0,false,0.0,0.0,0.4453191481606356,,,,,,,
closure-004,closure,calibration,ordinal_1_to_5,045493f44b51c4e9,04_ocha_humanitarian_icons,OCHA Humanitarian Icons,table,icon_data/normalized_256/04_ocha_humanitarian_icons/table__045493f44b51.png,icon_data/analysis/feature_v2_mask_overlays/045493f44b51c4e9.png,enclosure_score_v2,0.381561279296875,1,opaque_border_lab,0.395538330078125,0.08235294117647059,0.9499601033154657,false,0.0,0.0,0.2531432283800894,,,,,,,
closure-005,closure,calibration,ordinal_1_to_5,1b85d1814448eed1,05_mulberry_symbols,Mulberry Symbols,drawing pin,icon_data/normalized_256/05_mulberry_symbols/drawing_pin__1b85d1814448.png,icon_data/analysis/feature_v2_mask_overlays/1b85d1814448eed1.png,enclosure_score_v2,0.405599771119434,1,opaque_border_lab,0.242767333984375,0.0,1.0,false,0.0,0.0,0.2832155557622829,,,,,,,
closure-006,closure,calibration,ordinal_1_to_5,00aeaa28aab65eb2,05_mulberry_symbols,Mulberry Symbols,"stroke 2 , to","icon_data/normalized_256/05_mulberry_symbols/stroke_2_,_to__00aeaa28aab6.png",icon_data/analysis/feature_v2_mask_overlays/00aeaa28aab65eb2.png,enclosure_score_v2,0.32766541375812896,1,opaque_border_lab,0.1731719970703125,0.0,1.0,false,0.0,0.0,0.5844168771002413,,,,,,,
closure-007,closure,calibration,ordinal_1_to_5,003a535e197e3cf3,06_blissymbolics,Blissymbolics,bread sliced,icon_data/normalized_256/06_blissymbolics/bread_sliced_2d1c3858469d__003a535e197e.png,icon_data/analysis/feature_v2_mask_overlays/003a535e197e3cf3.png,enclosure_score_v2,0.3029142857142857,1,opaque_border_lab,0.1261138916015625,0.0,1.0,false,0.0,0.0,0.8314753338481715,,,,,,,
closure-008,closure,calibration,ordinal_1_to_5,000414e17a0a41d0,07_arasaac_pictograms,ARASAAC Pictograms,handstand,icon_data/normalized_256/07_arasaac_pictograms/39193__000414e17a0a.png,icon_data/analysis/feature_v2_mask_overlays/000414e17a0a41d0.png,enclosure_score_v2,0.34359968587415335,1,alpha,0.225341796875,0.0,1.0,false,0.0,0.0,0.7052986330597739,,,,,,,
closure-009,closure,calibration,ordinal_1_to_5,9d0c81d4c6e02fe6,07_arasaac_pictograms,ARASAAC Pictograms,cause,icon_data/normalized_256/07_arasaac_pictograms/12295__9d0c81d4c6e0.png,icon_data/analysis/feature_v2_mask_overlays/9d0c81d4c6e02fe6.png,enclosure_score_v2,0.3034158167165353,1,alpha,0.2275390625,0.0,1.0,false,1.0,1.0,0.13353846803975758,,,,,,,
closure-010,closure,calibration,ordinal_1_to_5,0001562427eb35de,07_arasaac_pictograms,ARASAAC Pictograms,garlic,icon_data/normalized_256/07_arasaac_pictograms/2641__0001562427eb.png,icon_data/analysis/feature_v2_mask_overlays/0001562427eb35de.png,enclosure_score_v2,0.42527205824786657,1,alpha,0.3365936279296875,0.0,1.0,false,0.0,0.0,0.3678744312206982,,,,,,,
closure-011,closure,calibration,ordinal_1_to_5,4de8ea4a98e350d2,08_ghs_hazard_pictograms,GHS Hazard Pictograms,skull and crossbones,icon_data/normalized_256/08_ghs_hazard_pictograms/skull_and_crossbones__4de8ea4a98e3.png,icon_data/analysis/feature_v2_mask_overlays/4de8ea4a98e350d2.png,enclosure_score_v2,0.5,2,alpha,0.2280731201171875,0.00980392156862745,1.0,false,0.6919114203519101,0.0,0.01859247468212609,,,,,,,
closure-012,closure,calibration,ordinal_1_to_5,15f1b4324f271e4f,02_aiga_dot_symbol_signs,AIGA/DOT Symbol Signs,Aiga FirstAid Red,icon_data/normalized_256/02_aiga_dot_symbol_signs/aiga_firstaid_red__15f1b4324f27.png,icon_data/analysis/feature_v2_mask_overlays/15f1b4324f271e4f.png,enclosure_score_v2,0.573028564453125,2,alpha,0.5807952880859375,0.353921568627451,1.0,false,1.0,1.0,0.003003970755309303,,,,,,,
closure-013,closure,calibration,ordinal_1_to_5,0050c13101710bb3,03_mapbox_maki_icons,Mapbox Maki,construction,icon_data/normalized_256/03_mapbox_maki_icons/construction__0050c1310171.png,icon_data/analysis/feature_v2_mask_overlays/0050c13101710bb3.png,enclosure_score_v2,0.5347864702834727,2,opaque_border_lab,0.446807861328125,0.0392156862745098,1.0,false,0.0,0.0,0.21909229002224265,,,,,,,
closure-014,closure,calibration,ordinal_1_to_5,50d0c27fad763e34,04_ocha_humanitarian_icons,OCHA Humanitarian Icons,virus,icon_data/normalized_256/04_ocha_humanitarian_icons/virus__50d0c27fad76.png,icon_data/analysis/feature_v2_mask_overlays/50d0c27fad763e34.png,enclosure_score_v2,0.5406112670898438,2,opaque_border_lab,0.54791259765625,0.054901960784313725,0.9950980392156863,false,0.0,0.0,0.0017270400258464578,,,,,,,
closure-015,closure,calibration,ordinal_1_to_5,226fff956d2d2d98,05_mulberry_symbols,Mulberry Symbols,cctv,icon_data/normalized_256/05_mulberry_symbols/cctv__226fff956d2d.png,icon_data/analysis/feature_v2_mask_overlays/226fff956d2d2d98.png,enclosure_score_v2,0.552298592392932,2,opaque_border_lab,0.343414306640625,0.0,1.0,false,0.0,0.0,0.2881755084648287,,,,,,,
closure-016,closure,calibration,ordinal_1_to_5,003df19821954ee9,05_mulberry_symbols,Mulberry Symbols,flag Brazil,icon_data/normalized_256/05_mulberry_symbols/flag_brazil__003df1982195.png,icon_data/analysis/feature_v2_mask_overlays/003df19821954ee9.png,enclosure_score_v2,0.5691299739859331,2,opaque_border_lab,0.366607666015625,0.0,1.0,false,0.0,0.0,0.34166103913451207,,,,,,,
closure-017,closure,calibration,ordinal_1_to_5,0edf0d74ab30d8b1,06_blissymbolics,Blissymbolics,suntan,icon_data/normalized_256/06_blissymbolics/suntan_dc655545ccf9__0edf0d74ab30.png,icon_data/analysis/feature_v2_mask_overlays/0edf0d74ab30d8b1.png,enclosure_score_v2,0.5546285714285715,2,opaque_border_lab,0.228912353515625,0.0,1.0,false,0.0,0.0,0.731881134620471,,,,,,,
closure-018,closure,calibration,ordinal_1_to_5,01e6e3952723a81f,07_arasaac_pictograms,ARASAAC Pictograms,one,icon_data/normalized_256/07_arasaac_pictograms/2627__01e6e3952723.png,icon_data/analysis/feature_v2_mask_overlays/01e6e3952723a81f.png,enclosure_score_v2,0.5322117763483424,2,alpha,0.1686859130859375,0.0,1.0,false,0.0,0.0,0.765592967943773,,,,,,,
closure-019,closure,calibration,ordinal_1_to_5,68f05f05367e8b6d,07_arasaac_pictograms,ARASAAC Pictograms,red,icon_data/normalized_256/07_arasaac_pictograms/2808__68f05f05367e.png,icon_data/analysis/feature_v2_mask_overlays/68f05f05367e8b6d.png,enclosure_score_v2,0.48078089382437206,2,alpha,0.35833740234375,0.0,1.0,false,1.0,1.0,0.2448491905856213,,,,,,,
closure-020,closure,calibration,ordinal_1_to_5,0024f092ee792749,07_arasaac_pictograms,ARASAAC Pictograms,snore,icon_data/normalized_256/07_arasaac_pictograms/22094__0024f092ee79.png,icon_data/analysis/feature_v2_mask_overlays/0024f092ee792749.png,enclosure_score_v2,0.5017421907830228,2,alpha,0.351898193359375,0.0,1.0,false,0.0,0.0,0.07510598046223974,,,,,,,
closure-021,closure,calibration,ordinal_1_to_5,07b79b537bc9267b,03_mapbox_maki_icons,Mapbox Maki,police,icon_data/normalized_256/03_mapbox_maki_icons/police__07b79b537bc9.png,icon_data/analysis/feature_v2_mask_overlays/07b79b537bc9267b.png,enclosure_score_v2,0.6893983889914416,3,opaque_border_lab,0.5085601806640625,0.0,1.0,false,0.0,0.0,0.1930022103904682,,,,,,,
closure-022,closure,calibration,ordinal_1_to_5,3f7239a92c820040,04_ocha_humanitarian_icons,OCHA Humanitarian Icons,confinement,icon_data/normalized_256/04_ocha_humanitarian_icons/confinement__3f7239a92c82.png,icon_data/analysis/feature_v2_mask_overlays/3f7239a92c820040.png,enclosure_score_v2,0.7086029052734375,3,opaque_border_lab,0.71636962890625,0.09019607843137255,0.8328930806178673,false,0.0,0.0,0.0,,,,,,,
closure-023,closure,calibration,ordinal_1_to_5,045422495cee8bdd,05_mulberry_symbols,Mulberry Symbols,bolt,icon_data/normalized_256/05_mulberry_symbols/bolt__045422495cee.png,icon_data/analysis/feature_v2_mask_overlays/045422495cee8bdd.png,enclosure_score_v2,0.6473456121343445,3,opaque_border_lab,0.1954803466796875,0.0,1.0,false,0.0,0.0,0.8262489092787226,,,,,,,
closure-024,closure,calibration,ordinal_1_to_5,00009523a1485434,05_mulberry_symbols,Mulberry Symbols,goldfish,icon_data/normalized_256/05_mulberry_symbols/goldfish__00009523a148.png,icon_data/analysis/feature_v2_mask_overlays/00009523a1485434.png,enclosure_score_v2,0.5765233821445441,3,opaque_border_lab,0.22784423828125,0.0,1.0,false,0.43376640771497454,0.0,0.6737637126570413,,,,,,,
closure-025,closure,calibration,ordinal_1_to_5,53418fa124f49e18,06_blissymbolics,Blissymbolics,reading class,icon_data/normalized_256/06_blissymbolics/reading_class_d856f98a7bec__53418fa124f4.png,icon_data/analysis/feature_v2_mask_overlays/53418fa124f49e18.png,enclosure_score_v2,0.6694285714285715,3,opaque_border_lab,0.2744293212890625,0.0,1.0,false,0.0,0.0,0.7941166464009513,,,,,,,
closure-026,closure,calibration,ordinal_1_to_5,009aa70e5a10cd66,07_arasaac_pictograms,ARASAAC Pictograms,praxia,icon_data/normalized_256/07_arasaac_pictograms/15385__009aa70e5a10.png,icon_data/analysis/feature_v2_mask_overlays/009aa70e5a10cd66.png,enclosure_score_v2,0.6664436266309802,3,alpha,0.1716156005859375,0.0029411764705882353,1.0,false,0.0,0.0,0.09117317097929614,,,,,,,
closure-027,closure,calibration,ordinal_1_to_5,984c17dc927d2a2a,07_arasaac_pictograms,ARASAAC Pictograms,hood,icon_data/normalized_256/07_arasaac_pictograms/7050__984c17dc927d.png,icon_data/analysis/feature_v2_mask_overlays/984c17dc927d2a2a.png,enclosure_score_v2,0.677300324505391,3,alpha,0.5989227294921875,0.0,1.0,false,0.9072125550941377,1.0,0.2270808797581718,,,,,,,
closure-028,closure,calibration,ordinal_1_to_5,0016a33ed6613f22,07_arasaac_pictograms,ARASAAC Pictograms,circle time,icon_data/normalized_256/07_arasaac_pictograms/27575__0016a33ed661.png,icon_data/analysis/feature_v2_mask_overlays/0016a33ed6613f22.png,enclosure_score_v2,0.5760086194408228,3,alpha,0.406158447265625,0.0,1.0,false,0.14249755804342926,0.0,0.18790969760523907,,,,,,,
closure-029,closure,calibration,ordinal_1_to_5,01b3d2f16631c2ed,09_universal_symbols_healthcare_webfont,Universal Symbols Healthcare Webfont,i coffee shop,icon_data/normalized_256/09_universal_symbols_healthcare_webfont/i_coffee_shop__01b3d2f16631.png,icon_data/analysis/feature_v2_mask_overlays/01b3d2f16631c2ed.png,enclosure_score_v2,0.7274193548387097,3,opaque_border_lab,0.4368133544921875,0.0,1.0,false,0.0,0.0,0.2520033971763648,,,,,,,
closure-030,closure,calibration,ordinal_1_to_5,0376e7817774229d,10_openmoji,OpenMoji,rabbit face,icon_data/normalized_256/10_openmoji/1f430__0376e7817774.png,icon_data/analysis/feature_v2_mask_overlays/0376e7817774229d.png,enclosure_score_v2,0.6254996909128374,3,opaque_border_lab,0.4694671630859375,0.0,1.0,false,0.0,0.0,0.2060785303966171,,,,,,,
closure-031,closure,held_out,ordinal_1_to_5,0368ddb907e94299,12_iso_15223_medical_device_symbols,ISO 15223 Medical Device Symbols,sterilized using aseptic processing techniques,icon_data/normalized_256/12_iso_15223_medical_device_symbols/sterilized_using_aseptic_processing_techniques__0368ddb907e9.png,icon_data/analysis/feature_v2_mask_overlays/0368ddb907e94299.png,enclosure_score_v2,0.9846139922164902,4,opaque_border_lab,0.337188720703125,0.0,0.9654668172200521,false,0.0,0.0,0.7900198382420265,,,,,,,
closure-032,closure,held_out,ordinal_1_to_5,05886f5393fc8972,05_mulberry_symbols,Mulberry Symbols,bowl,icon_data/normalized_256/05_mulberry_symbols/bowl__05886f5393fc.png,icon_data/analysis/feature_v2_mask_overlays/05886f5393fc8972.png,enclosure_score_v2,0.7496774193548387,4,opaque_border_lab,0.403289794921875,0.0,1.0,false,0.0,0.0,0.27240545538067,,,,,,,
closure-033,closure,held_out,ordinal_1_to_5,003f37a6a4c66949,05_mulberry_symbols,Mulberry Symbols,peach,icon_data/normalized_256/05_mulberry_symbols/peach__003f37a6a4c6.png,icon_data/analysis/feature_v2_mask_overlays/003f37a6a4c66949.png,enclosure_score_v2,0.7914574066102262,4,opaque_border_lab,0.5095672607421875,0.0,1.0,false,0.0,0.0,0.03837099414362385,,,,,,,
closure-034,closure,held_out,ordinal_1_to_5,0011ff35778e89de,06_blissymbolics,Blissymbolics,answer,icon_data/normalized_256/06_blissymbolics/answer_932a931383f0__0011ff35778e.png,icon_data/analysis/feature_v2_mask_overlays/0011ff35778e89de.png,enclosure_score_v2,0.9870383522727273,4,alpha,0.4296875,0.21568627450980393,1.0,false,0.0,0.0,0.6883066697580957,,,,,,,
closure-035,closure,held_out,ordinal_1_to_5,009385f7db26b2a7,07_arasaac_pictograms,ARASAAC Pictograms,ticket,icon_data/normalized_256/07_arasaac_pictograms/11255__009385f7db26.png,icon_data/analysis/feature_v2_mask_overlays/009385f7db26b2a7.png,enclosure_score_v2,0.8575242047026279,4,alpha,0.4785614013671875,0.0,1.0,false,0.0,0.0,0.4947081955818525,,,,,,,
closure-036,closure,held_out,ordinal_1_to_5,3f2223166838f956,07_arasaac_pictograms,ARASAAC Pictograms,circumference,icon_data/normalized_256/07_arasaac_pictograms/20099__3f2223166838.png,icon_data/analysis/feature_v2_mask_overlays/3f2223166838f956.png,enclosure_score_v2,0.7773798032142797,4,alpha,0.1409149169921875,0.0,1.0,false,1.0,1.0,0.00045043526430391107,,,,,,,
closure-037,closure,held_out,ordinal_1_to_5,000b2636bf639565,07_arasaac_pictograms,ARASAAC Pictograms,IWB,icon_data/normalized_256/07_arasaac_pictograms/9162__000b2636bf63.png,icon_data/analysis/feature_v2_mask_overlays/000b2636bf639565.png,enclosure_score_v2,0.8576113360323887,4,alpha,0.8154754638671875,0.0,1.0,false,0.18017326871620232,0.0,0.17151892532989216,,,,,,,
closure-038,closure,held_out,ordinal_1_to_5,03cb65187e88cba6,09_universal_symbols_healthcare_webfont,Universal Symbols Healthcare Webfont,care staff area,icon_data/normalized_256/09_universal_symbols_healthcare_webfont/care_staff_area__03cb65187e88.png,icon_data/analysis/feature_v2_mask_overlays/03cb65187e88cba6.png,enclosure_score_v2,0.9756546020507812,4,opaque_border_lab,0.9841461181640625,0.615686274509804,0.0,true,0.0,0.0,0.0033858117419555047,,,,,,,
closure-039,closure,held_out,ordinal_1_to_5,0125e5eaa978b2be,10_openmoji,OpenMoji,circled cc,icon_data/normalized_256/10_openmoji/1f16d__0125e5eaa978.png,icon_data/analysis/feature_v2_mask_overlays/0125e5eaa978b2be.png,enclosure_score_v2,0.7824263038548753,4,opaque_border_lab,0.531097412109375,0.0,1.0,false,0.0,0.0,5.488526663357656e-08,,,,,,,
closure-040,closure,held_out,ordinal_1_to_5,001f166bc321b01b,10_openmoji,OpenMoji,flag: Bulgaria,icon_data/normalized_256/10_openmoji/1f1e7_1f1ec__001f166bc321.png,icon_data/analysis/feature_v2_mask_overlays/001f166bc321b01b.png,enclosure_score_v2,0.9882370458606313,4,opaque_border_lab,0.51202392578125,0.0,1.0,false,0.27649302658242936,0.0,0.42559682091181944,,,,,,,
closure-041,closure,held_out,ordinal_1_to_5,09f287549c50a508,13_usp_pictograms_manual,USP Pictograms,06,icon_data/normalized_256/13_usp_pictograms_manual/06__09f287549c50.png,icon_data/analysis/feature_v2_mask_overlays/09f287549c50a508.png,enclosure_score_v2,0.9906207074175825,5,alpha,0.7109375,0.3568627450980392,1.0,false,0.0,0.0,0.32852885726448944,,,,,,,
closure-042,closure,held_out,ordinal_1_to_5,002c8c812c8d5f22,05_mulberry_symbols,Mulberry Symbols,wall,icon_data/normalized_256/05_mulberry_symbols/wall__002c8c812c8d.png,icon_data/analysis/feature_v2_mask_overlays/002c8c812c8d5f22.png,enclosure_score_v2,0.9903250773993808,5,opaque_border_lab,0.6505584716796875,0.0,1.0,false,0.0,0.0,0.024210186457916432,,,,,,,
closure-043,closure,held_out,ordinal_1_to_5,0002b35721d50db7,06_blissymbolics,Blissymbolics,yogurt,icon_data/normalized_256/06_blissymbolics/yogurt_ffb139dafbf9__0002b35721d5.png,icon_data/analysis/feature_v2_mask_overlays/0002b35721d50db7.png,enclosure_score_v2,0.9896256087662337,5,alpha,0.6015625,0.30196078431372547,1.0,false,0.0,0.0,0.4685714285714285,,,,,,,
closure-044,closure,held_out,ordinal_1_to_5,024def3a89ee07ac,07_arasaac_pictograms,ARASAAC Pictograms,toilet,icon_data/normalized_256/07_arasaac_pictograms/37904__024def3a89ee.png,icon_data/analysis/feature_v2_mask_overlays/024def3a89ee07ac.png,enclosure_score_v2,0.9914438600336036,5,alpha,0.2469940185546875,0.0,1.0,false,0.0,0.0,0.07073832486180018,,,,,,,
closure-045,closure,held_out,ordinal_1_to_5,a9af13d264f213d9,07_arasaac_pictograms,ARASAAC Pictograms,China,icon_data/normalized_256/07_arasaac_pictograms/8074__a9af13d264f2.png,icon_data/analysis/feature_v2_mask_overlays/a9af13d264f213d9.png,enclosure_score_v2,0.9897666700191089,5,alpha,0.606842041015625,0.0,1.0,false,0.9159416645712849,1.0,0.3828783889632479,,,,,,,
closure-046,closure,held_out,ordinal_1_to_5,0066a9bc0842fce5,07_arasaac_pictograms,ARASAAC Pictograms,Kuwait,icon_data/normalized_256/07_arasaac_pictograms/27860__0066a9bc0842.png,icon_data/analysis/feature_v2_mask_overlays/0066a9bc0842fce5.png,enclosure_score_v2,0.9900828402366864,5,alpha,0.6446533203125,0.0,1.0,false,0.25774001136148456,0.0,0.3727141646618548,,,,,,,
closure-047,closure,held_out,ordinal_1_to_5,05378ff1c8e8def6,09_universal_symbols_healthcare_webfont,Universal Symbols Healthcare Webfont,fire extinguisher,icon_data/normalized_256/09_universal_symbols_healthcare_webfont/fire_extinguisher__05378ff1c8e8.png,icon_data/analysis/feature_v2_mask_overlays/05378ff1c8e8def6.png,enclosure_score_v2,0.9921409970238095,5,alpha,0.984375,0.49411764705882355,0.49,true,0.0,0.0,0.015747299245183605,,,,,,,
closure-048,closure,held_out,ordinal_1_to_5,197de88e0e2b0dbd,10_openmoji,OpenMoji,input numbers,icon_data/normalized_256/10_openmoji/1f522__197de88e0e2b.png,icon_data/analysis/feature_v2_mask_overlays/197de88e0e2b0dbd.png,enclosure_score_v2,0.988858024691358,5,opaque_border_lab,0.49432373046875,0.0,1.0,false,0.0,0.0,0.0,,,,,,,
closure-049,closure,held_out,ordinal_1_to_5,0011c213c281faae,10_openmoji,OpenMoji,flag: Vanuatu,icon_data/normalized_256/10_openmoji/1f1fb_1f1fa__0011c213c281.png,icon_data/analysis/feature_v2_mask_overlays/0011c213c281faae.png,enclosure_score_v2,0.9883561643835617,5,opaque_border_lab,0.5120849609375,0.0,1.0,false,0.29007747318235994,0.0,0.42558877957596425,,,,,,,
closure-050,closure,held_out,ordinal_1_to_5,017f18f80c2b6bb0,11_iso_7010_safety_signs,ISO 7010 Safety Signs,ISO 7010 W003,icon_data/normalized_256/11_iso_7010_safety_signs/iso_7010_w003__017f18f80c2b.png,icon_data/analysis/feature_v2_mask_overlays/017f18f80c2b6bb0.png,enclosure_score_v2,0.9916469029017857,5,alpha,0.875,0.4392156862745098,1.0,false,0.0,0.0,0.13274565724656476,,,,,,,
orientation-001,orientation,calibration,angle_0_180_or_undefined,0ae40eeaf04b457a,01_mcdougall_symbol_icon_set,McDougall Symbol/Icon Set,Three star freezing compartment,icon_data/normalized_256/01_mcdougall_symbol_icon_set/mcdougall_216__0ae40eeaf04b.png,icon_data/analysis/feature_v2_mask_overlays/0ae40eeaf04b457a.png,principal_axis_orientation_v2,0.3938139147786046,1,opaque_border_lab,0.0657806396484375,0.0,1.0,false,0.0,0.0,0.579965954432249,,,,,,,
orientation-002,orientation,calibration,angle_0_180_or_undefined,017f18f80c2b6bb0,11_iso_7010_safety_signs,ISO 7010 Safety Signs,ISO 7010 W003,icon_data/normalized_256/11_iso_7010_safety_signs/iso_7010_w003__017f18f80c2b.png,icon_data/analysis/feature_v2_mask_overlays/017f18f80c2b6bb0.png,principal_axis_orientation_v2,0.0,1,alpha,0.875,0.4392156862745098,1.0,false,0.0,0.0,0.13274565724656476,,,,,,,
orientation-003,orientation,calibration,angle_0_180_or_undefined,0368ddb907e94299,12_iso_15223_medical_device_symbols,ISO 15223 Medical Device Symbols,sterilized using aseptic processing techniques,icon_data/normalized_256/12_iso_15223_medical_device_symbols/sterilized_using_aseptic_processing_techniques__0368ddb907e9.png,icon_data/analysis/feature_v2_mask_overlays/0368ddb907e94299.png,principal_axis_orientation_v2,0.0,1,opaque_border_lab,0.337188720703125,0.0,0.9654668172200521,false,0.0,0.0,0.7900198382420265,,,,,,,
orientation-004,orientation,calibration,angle_0_180_or_undefined,09f287549c50a508,13_usp_pictograms_manual,USP Pictograms,06,icon_data/normalized_256/13_usp_pictograms_manual/06__09f287549c50.png,icon_data/analysis/feature_v2_mask_overlays/09f287549c50a508.png,principal_axis_orientation_v2,0.0,1,alpha,0.7109375,0.3568627450980392,1.0,false,0.0,0.0,0.32852885726448944,,,,,,,
orientation-005,orientation,calibration,angle_0_180_or_undefined,099f4d9e86311aa0,04_ocha_humanitarian_icons,OCHA Humanitarian Icons,next item,icon_data/normalized_256/04_ocha_humanitarian_icons/next_item__099f4d9e8631.png,icon_data/analysis/feature_v2_mask_overlays/099f4d9e86311aa0.png,principal_axis_orientation_v2,0.0,1,alpha,0.75,0.3764705882352941,1.0,false,0.0,0.0,0.28000546885681366,,,,,,,
orientation-006,orientation,calibration,angle_0_180_or_undefined,05886f5393fc8972,05_mulberry_symbols,Mulberry Symbols,bowl,icon_data/normalized_256/05_mulberry_symbols/bowl__05886f5393fc.png,icon_data/analysis/feature_v2_mask_overlays/05886f5393fc8972.png,principal_axis_orientation_v2,0.1583468078772512,1,opaque_border_lab,0.403289794921875,0.0,1.0,false,0.0,0.0,0.27240545538067,,,,,,,
orientation-007,orientation,calibration,angle_0_180_or_undefined,00009523a1485434,05_mulberry_symbols,Mulberry Symbols,goldfish,icon_data/normalized_256/05_mulberry_symbols/goldfish__00009523a148.png,icon_data/analysis/feature_v2_mask_overlays/00009523a1485434.png,principal_axis_orientation_v2,1.6008702441786795,1,opaque_border_lab,0.22784423828125,0.0,1.0,false,0.43376640771497454,0.0,0.6737637126570413,,,,,,,
orientation-008,orientation,calibration,angle_0_180_or_undefined,0002b35721d50db7,06_blissymbolics,Blissymbolics,yogurt,icon_data/normalized_256/06_blissymbolics/yogurt_ffb139dafbf9__0002b35721d5.png,icon_data/analysis/feature_v2_mask_overlays/0002b35721d50db7.png,principal_axis_orientation_v2,0.0,1,alpha,0.6015625,0.30196078431372547,1.0,false,0.0,0.0,0.4685714285714285,,,,,,,
orientation-009,orientation,calibration,angle_0_180_or_undefined,009385f7db26b2a7,07_arasaac_pictograms,ARASAAC Pictograms,ticket,icon_data/normalized_256/07_arasaac_pictograms/11255__009385f7db26.png,icon_data/analysis/feature_v2_mask_overlays/009385f7db26b2a7.png,principal_axis_orientation_v2,3.963698199878422,1,alpha,0.4785614013671875,0.0,1.0,false,0.0,0.0,0.4947081955818525,,,,,,,
orientation-010,orientation,calibration,angle_0_180_or_undefined,a9af13d264f213d9,07_arasaac_pictograms,ARASAAC Pictograms,China,icon_data/normalized_256/07_arasaac_pictograms/8074__a9af13d264f2.png,icon_data/analysis/feature_v2_mask_overlays/a9af13d264f213d9.png,principal_axis_orientation_v2,0.0,1,alpha,0.606842041015625,0.0,1.0,false,0.9159416645712849,1.0,0.3828783889632479,,,,,,,
orientation-011,orientation,calibration,angle_0_180_or_undefined,1c1aa60214ea9790,02_aiga_dot_symbol_signs,AIGA/DOT Symbol Signs,Aiga ticketpurchase,icon_data/normalized_256/02_aiga_dot_symbol_signs/aiga_ticketpurchase__1c1aa60214ea.png,icon_data/analysis/feature_v2_mask_overlays/1c1aa60214ea9790.png,principal_axis_orientation_v2,23.54124551987536,2,alpha,0.369384765625,0.0,1.0,false,0.0,0.0,0.3684257916414179,,,,,,,
orientation-012,orientation,calibration,angle_0_180_or_undefined,15f1b4324f271e4f,02_aiga_dot_symbol_signs,AIGA/DOT Symbol Signs,Aiga FirstAid Red,icon_data/normalized_256/02_aiga_dot_symbol_signs/aiga_firstaid_red__15f1b4324f27.png,icon_data/analysis/feature_v2_mask_overlays/15f1b4324f271e4f.png,principal_axis_orientation_v2,63.62875085111734,2,alpha,0.5807952880859375,0.353921568627451,1.0,false,1.0,1.0,0.003003970755309303,,,,,,,
orientation-013,orientation,calibration,angle_0_180_or_undefined,377b58bad9dc2a21,02_aiga_dot_symbol_signs,AIGA/DOT Symbol Signs,Aiga No Smoking Red,icon_data/normalized_256/02_aiga_dot_symbol_signs/aiga_no_smoking_red__377b58bad9dc.png,icon_data/analysis/feature_v2_mask_overlays/377b58bad9dc2a21.png,principal_axis_orientation_v2,32.73320421532361,2,alpha,0.5070953369140625,0.13725490196078433,1.0,false,0.8158456955435862,0.0,0.04464641077398943,,,,,,,
orientation-014,orientation,calibration,angle_0_180_or_undefined,039dedac4e152c1e,03_mapbox_maki_icons,Mapbox Maki,square,icon_data/normalized_256/03_mapbox_maki_icons/square__039dedac4e15.png,icon_data/analysis/feature_v2_mask_overlays/039dedac4e152c1e.png,principal_axis_orientation_v2,45.00000000184108,2,opaque_border_lab,0.616455078125,0.0,1.0,false,0.0,0.0,2.1168554743859286e-05,,,,,,,
orientation-015,orientation,calibration,angle_0_180_or_undefined,15eae1fecd0afd94,04_ocha_humanitarian_icons,OCHA Humanitarian Icons,conflict,icon_data/normalized_256/04_ocha_humanitarian_icons/conflict__15eae1fecd0a.png,icon_data/analysis/feature_v2_mask_overlays/15eae1fecd0afd94.png,principal_axis_orientation_v2,56.33110412648359,2,opaque_border_lab,0.375823974609375,0.0784313725490196,0.9715686274509804,false,0.0,0.0,0.17327152666662343,,,,,,,
orientation-016,orientation,calibration,angle_0_180_or_undefined,1e664a821622cdac,05_mulberry_symbols,Mulberry Symbols,hairdryer,icon_data/normalized_256/05_mulberry_symbols/hairdryer__1e664a821622.png,icon_data/analysis/feature_v2_mask_overlays/1e664a821622cdac.png,principal_axis_orientation_v2,39.808362154869684,2,opaque_border_lab,0.22296142578125,0.0,1.0,false,0.0006159321105940323,0.0,0.16005766697661877,,,,,,,
orientation-017,orientation,calibration,angle_0_180_or_undefined,0057cc5adfa85f89,05_mulberry_symbols,Mulberry Symbols,takeaway burger and chips,icon_data/normalized_256/05_mulberry_symbols/takeaway_burger_and_chips__0057cc5adfa8.png,icon_data/analysis/feature_v2_mask_overlays/0057cc5adfa85f89.png,principal_axis_orientation_v2,18.343952811515578,2,opaque_border_lab,0.4411773681640625,0.0,1.0,false,0.09227683049147442,0.0,0.287334262556773,,,,,,,
orientation-018,orientation,calibration,angle_0_180_or_undefined,0ff4dc7ceddcf185,06_blissymbolics,Blissymbolics,sin to,icon_data/normalized_256/06_blissymbolics/sin_to_4fb34f275eb5__0ff4dc7ceddc.png,icon_data/analysis/feature_v2_mask_overlays/0ff4dc7ceddcf185.png,principal_axis_orientation_v2,23.329815820969912,2,opaque_border_lab,0.206939697265625,0.0,1.0,false,0.0,0.0,0.5569505672221464,,,,,,,
orientation-019,orientation,calibration,angle_0_180_or_undefined,000414e17a0a41d0,07_arasaac_pictograms,ARASAAC Pictograms,handstand,icon_data/normalized_256/07_arasaac_pictograms/39193__000414e17a0a.png,icon_data/analysis/feature_v2_mask_overlays/000414e17a0a41d0.png,principal_axis_orientation_v2,71.65680646657074,2,alpha,0.225341796875,0.0,1.0,false,0.0,0.0,0.7052986330597739,,,,,,,
orientation-020,orientation,calibration,angle_0_180_or_undefined,69ce70385fe9a802,07_arasaac_pictograms,ARASAAC Pictograms,sphere,icon_data/normalized_256/07_arasaac_pictograms/9113__69ce70385fe9.png,icon_data/analysis/feature_v2_mask_overlays/69ce70385fe9a802.png,principal_axis_orientation_v2,48.4990392558567,2,alpha,0.598663330078125,0.0,1.0,false,0.9098995768975888,1.0,0.0006522022239225092,,,,,,,
orientation-021,orientation,calibration,angle_0_180_or_undefined,005bcfe142158bf0,03_mapbox_maki_icons,Mapbox Maki,cemetery JP,icon_data/normalized_256/03_mapbox_maki_icons/cemetery_jp__005bcfe14215.png,icon_data/analysis/feature_v2_mask_overlays/005bcfe142158bf0.png,principal_axis_orientation_v2,89.90597606996766,3,opaque_border_lab,0.27581787109375,0.0,1.0,false,0.0,0.0,0.4453191481606356,,,,,,,
orientation-022,orientation,calibration,angle_0_180_or_undefined,0774c349294559be,04_ocha_humanitarian_icons,OCHA Humanitarian Icons,hotel,icon_data/normalized_256/04_ocha_humanitarian_icons/hotel__0774c3492945.png,icon_data/analysis/feature_v2_mask_overlays/0774c349294559be.png,principal_axis_orientation_v2,90.0,3,alpha,0.671875,0.33725490196078434,1.0,false,0.0,0.0,0.37797262347820604,,,,,,,
orientation-023,orientation,calibration,angle_0_180_or_undefined,1b85d1814448eed1,05_mulberry_symbols,Mulberry Symbols,drawing pin,icon_data/normalized_256/05_mulberry_symbols/drawing_pin__1b85d1814448.png,icon_data/analysis/feature_v2_mask_overlays/1b85d1814448eed1.png,principal_axis_orientation_v2,89.83655036834777,3,opaque_border_lab,0.242767333984375,0.0,1.0,false,0.0,0.0,0.2832155557622829,,,,,,,
orientation-024,orientation,calibration,angle_0_180_or_undefined,00c546b4471f5d62,05_mulberry_symbols,Mulberry Symbols,pepper mill,icon_data/normalized_256/05_mulberry_symbols/pepper_mill__00c546b4471f.png,icon_data/analysis/feature_v2_mask_overlays/00c546b4471f5d62.png,principal_axis_orientation_v2,89.99877492860458,3,opaque_border_lab,0.201416015625,0.0,1.0,false,0.0,0.0,0.8529310121971692,,,,,,,
orientation-025,orientation,calibration,angle_0_180_or_undefined,0011ff35778e89de,06_blissymbolics,Blissymbolics,answer,icon_data/normalized_256/06_blissymbolics/answer_932a931383f0__0011ff35778e.png,icon_data/analysis/feature_v2_mask_overlays/0011ff35778e89de.png,principal_axis_orientation_v2,90.0,3,alpha,0.4296875,0.21568627450980393,1.0,false,0.0,0.0,0.6883066697580957,,,,,,,
orientation-026,orientation,calibration,angle_0_180_or_undefined,00b7f02c98e9a4b5,07_arasaac_pictograms,ARASAAC Pictograms,cutlery,icon_data/normalized_256/07_arasaac_pictograms/30624__00b7f02c98e9.png,icon_data/analysis/feature_v2_mask_overlays/00b7f02c98e9a4b5.png,principal_axis_orientation_v2,89.56020511968153,3,alpha,0.2052154541015625,0.0,1.0,false,0.0,0.0,0.7555866406413903,,,,,,,
orientation-027,orientation,calibration,angle_0_180_or_undefined,001b9084a65ddf11,07_arasaac_pictograms,ARASAAC Pictograms,grandmother,icon_data/normalized_256/07_arasaac_pictograms/23710__001b9084a65d.png,icon_data/analysis/feature_v2_mask_overlays/001b9084a65ddf11.png,principal_axis_orientation_v2,89.21437660717896,3,alpha,0.20758056640625,0.0,1.0,false,0.0,0.0,0.8327769057148039,,,,,,,
orientation-028,orientation,calibration,angle_0_180_or_undefined,77256bc1bfc6a972,08_ghs_hazard_pictograms,GHS Hazard Pictograms,flame over circle,icon_data/normalized_256/08_ghs_hazard_pictograms/flame_over_circle__77256bc1bfc6.png,icon_data/analysis/feature_v2_mask_overlays/77256bc1bfc6a972.png,principal_axis_orientation_v2,88.65602451760601,3,alpha,0.25518798828125,0.00980392156862745,1.0,false,0.618392729012198,0.0,0.05091336692828827,,,,,,,
orientation-029,orientation,calibration,angle_0_180_or_undefined,1011e0d2bd4a96a6,09_universal_symbols_healthcare_webfont,Universal Symbols Healthcare Webfont,i respiratory,icon_data/normalized_256/09_universal_symbols_healthcare_webfont/i_respiratory__1011e0d2bd4a.png,icon_data/analysis/feature_v2_mask_overlays/1011e0d2bd4a96a6.png,principal_axis_orientation_v2,85.74070356286971,3,opaque_border_lab,0.597900390625,0.018627450980392157,0.9654668172200521,false,0.0,0.0,0.15324538429437046,,,,,,,
orientation-030,orientation,calibration,angle_0_180_or_undefined,00e6e59f4d92bf7f,10_openmoji,OpenMoji,stick figure,icon_data/normalized_256/10_openmoji/1fbc5__00e6e59f4d92.png,icon_data/analysis/feature_v2_mask_overlays/00e6e59f4d92bf7f.png,principal_axis_orientation_v2,89.85455803660811,3,opaque_border_lab,0.1132049560546875,0.0,1.0,false,0.0,0.0,0.8165424107440924,,,,,,,
orientation-031,orientation,held_out,angle_0_180_or_undefined,68248589418e8d1e,04_ocha_humanitarian_icons,OCHA Humanitarian Icons,humanitarian programme cycle,icon_data/normalized_256/04_ocha_humanitarian_icons/humanitarian_programme_cycle__68248589418e.png,icon_data/analysis/feature_v2_mask_overlays/68248589418e8d1e.png,principal_axis_orientation_v2,104.38323182246724,4,opaque_border_lab,0.274566650390625,0.054901960784313725,0.9950980392156863,false,0.0,0.0,0.0002660430061242637,,,,,,,
orientation-032,orientation,held_out,angle_0_180_or_undefined,045422495cee8bdd,05_mulberry_symbols,Mulberry Symbols,bolt,icon_data/normalized_256/05_mulberry_symbols/bolt__045422495cee.png,icon_data/analysis/feature_v2_mask_overlays/045422495cee8bdd.png,principal_axis_orientation_v2,90.01927645429284,4,opaque_border_lab,0.1954803466796875,0.0,1.0,false,0.0,0.0,0.8262489092787226,,,,,,,
orientation-033,orientation,held_out,angle_0_180_or_undefined,0019b2d808c4e112,05_mulberry_symbols,Mulberry Symbols,hand mixer,icon_data/normalized_256/05_mulberry_symbols/hand_mixer__0019b2d808c4.png,icon_data/analysis/feature_v2_mask_overlays/0019b2d808c4e112.png,principal_axis_orientation_v2,90.60275802533266,4,opaque_border_lab,0.1155548095703125,0.0,1.0,false,0.0,0.0,0.947759494126164,,,,,,,
orientation-034,orientation,held_out,angle_0_180_or_undefined,c98dc67113656ca9,06_blissymbolics,Blissymbolics,blood,icon_data/normalized_256/06_blissymbolics/blood_c2c4a896be2b__c98dc6711365.png,icon_data/analysis/feature_v2_mask_overlays/c98dc67113656ca9.png,principal_axis_orientation_v2,90.0,4,alpha,0.90625,0.4549019607843137,1.0,false,0.0,0.0,0.09812496858191318,,,,,,,
orientation-035,orientation,held_out,angle_0_180_or_undefined,001086c703cee7f1,07_arasaac_pictograms,ARASAAC Pictograms,funeral employee,icon_data/normalized_256/07_arasaac_pictograms/26563__001086c703ce.png,icon_data/analysis/feature_v2_mask_overlays/001086c703cee7f1.png,principal_axis_orientation_v2,127.53266956193048,4,alpha,0.308380126953125,0.0,1.0,false,0.0,0.0,0.20817479853050716,,,,,,,
orientation-036,orientation,held_out,angle_0_180_or_undefined,9d0c81d4c6e02fe6,07_arasaac_pictograms,ARASAAC Pictograms,cause,icon_data/normalized_256/07_arasaac_pictograms/12295__9d0c81d4c6e0.png,icon_data/analysis/feature_v2_mask_overlays/9d0c81d4c6e02fe6.png,principal_axis_orientation_v2,121.96110926812008,4,alpha,0.2275390625,0.0,1.0,false,1.0,1.0,0.13353846803975758,,,,,,,
orientation-037,orientation,held_out,angle_0_180_or_undefined,0024f092ee792749,07_arasaac_pictograms,ARASAAC Pictograms,snore,icon_data/normalized_256/07_arasaac_pictograms/22094__0024f092ee79.png,icon_data/analysis/feature_v2_mask_overlays/0024f092ee792749.png,principal_axis_orientation_v2,113.45644326401188,4,alpha,0.351898193359375,0.0,1.0,false,0.0,0.0,0.07510598046223974,,,,,,,
orientation-038,orientation,held_out,angle_0_180_or_undefined,65ab556300024c0b,08_ghs_hazard_pictograms,GHS Hazard Pictograms,exclamation mark,icon_data/normalized_256/08_ghs_hazard_pictograms/exclamation_mark__65ab55630002.png,icon_data/analysis/feature_v2_mask_overlays/65ab556300024c0b.png,principal_axis_orientation_v2,90.06583041872109,4,alpha,0.2051849365234375,0.00980392156862745,1.0,false,0.7690934780992043,0.0,0.04143396690802438,,,,,,,
orientation-039,orientation,held_out,angle_0_180_or_undefined,0103d975cd842ace,09_universal_symbols_healthcare_webfont,Universal Symbols Healthcare Webfont,i outpatient,icon_data/normalized_256/09_universal_symbols_healthcare_webfont/i_outpatient__0103d975cd84.png,icon_data/analysis/feature_v2_mask_overlays/0103d975cd842ace.png,principal_axis_orientation_v2,91.79997438047953,4,opaque_border_lab,0.2395172119140625,0.010784313725490196,1.0,false,0.0,0.0,0.6181590472113957,,,,,,,
orientation-040,orientation,held_out,angle_0_180_or_undefined,0376e7817774229d,10_openmoji,OpenMoji,rabbit face,icon_data/normalized_256/10_openmoji/1f430__0376e7817774.png,icon_data/analysis/feature_v2_mask_overlays/0376e7817774229d.png,principal_axis_orientation_v2,90.03345067133486,4,opaque_border_lab,0.4694671630859375,0.0,1.0,false,0.0,0.0,0.2060785303966171,,,,,,,
orientation-041,orientation,held_out,angle_0_180_or_undefined,07dbb4b04d914e48,05_mulberry_symbols,Mulberry Symbols,flatscreen tv,icon_data/normalized_256/05_mulberry_symbols/flatscreen_tv__07dbb4b04d91.png,icon_data/analysis/feature_v2_mask_overlays/07dbb4b04d914e48.png,principal_axis_orientation_v2,175.01935420571547,5,opaque_border_lab,0.555267333984375,0.0,1.0,false,0.0,0.0,0.12779595434433855,,,,,,,
orientation-042,orientation,held_out,angle_0_180_or_undefined,002c3410a8bf6f95,05_mulberry_symbols,Mulberry Symbols,cot,icon_data/normalized_256/05_mulberry_symbols/cot__002c3410a8bf.png,icon_data/analysis/feature_v2_mask_overlays/002c3410a8bf6f95.png,principal_axis_orientation_v2,159.23318203890378,5,opaque_border_lab,0.3899383544921875,0.0,1.0,false,0.0,0.0,0.41323387697270786,,,,,,,
orientation-043,orientation,held_out,angle_0_180_or_undefined,003a535e197e3cf3,06_blissymbolics,Blissymbolics,bread sliced,icon_data/normalized_256/06_blissymbolics/bread_sliced_2d1c3858469d__003a535e197e.png,icon_data/analysis/feature_v2_mask_overlays/003a535e197e3cf3.png,principal_axis_orientation_v2,172.45058196164004,5,opaque_border_lab,0.1261138916015625,0.0,1.0,false,0.0,0.0,0.8314753338481715,,,,,,,
orientation-044,orientation,held_out,angle_0_180_or_undefined,00b9613e165259dc,07_arasaac_pictograms,ARASAAC Pictograms,garden storage box,icon_data/normalized_256/07_arasaac_pictograms/39862__00b9613e1652.png,icon_data/analysis/feature_v2_mask_overlays/00b9613e165259dc.png,principal_axis_orientation_v2,174.09319432186007,5,alpha,0.4520416259765625,0.0,1.0,false,0.0,0.0,0.5601372711227366,,,,,,,
orientation-045,orientation,held_out,angle_0_180_or_undefined,3f2223166838f956,07_arasaac_pictograms,ARASAAC Pictograms,circumference,icon_data/normalized_256/07_arasaac_pictograms/20099__3f2223166838.png,icon_data/analysis/feature_v2_mask_overlays/3f2223166838f956.png,principal_axis_orientation_v2,132.80500664696714,5,alpha,0.1409149169921875,0.0,1.0,false,1.0,1.0,0.00045043526430391107,,,,,,,
orientation-046,orientation,held_out,angle_0_180_or_undefined,000b2636bf639565,07_arasaac_pictograms,ARASAAC Pictograms,IWB,icon_data/normalized_256/07_arasaac_pictograms/9162__000b2636bf63.png,icon_data/analysis/feature_v2_mask_overlays/000b2636bf639565.png,principal_axis_orientation_v2,155.2262286260185,5,alpha,0.8154754638671875,0.0,1.0,false,0.18017326871620232,0.0,0.17151892532989216,,,,,,,
orientation-047,orientation,held_out,angle_0_180_or_undefined,6bfd058b52069703,08_ghs_hazard_pictograms,GHS Hazard Pictograms,corrosion,icon_data/normalized_256/08_ghs_hazard_pictograms/corrosion__6bfd058b5206.png,icon_data/analysis/feature_v2_mask_overlays/6bfd058b52069703.png,principal_axis_orientation_v2,175.2764669871834,5,alpha,0.2147979736328125,0.00980392156862745,1.0,false,0.734673581018683,0.0,0.04905621275280675,,,,,,,
orientation-048,orientation,held_out,angle_0_180_or_undefined,01b3d2f16631c2ed,09_universal_symbols_healthcare_webfont,Universal Symbols Healthcare Webfont,i coffee shop,icon_data/normalized_256/09_universal_symbols_healthcare_webfont/i_coffee_shop__01b3d2f16631.png,icon_data/analysis/feature_v2_mask_overlays/01b3d2f16631c2ed.png,principal_axis_orientation_v2,163.56602822299692,5,opaque_border_lab,0.4368133544921875,0.0,1.0,false,0.0,0.0,0.2520033971763648,,,,,,,
orientation-049,orientation,held_out,angle_0_180_or_undefined,0125e5eaa978b2be,10_openmoji,OpenMoji,circled cc,icon_data/normalized_256/10_openmoji/1f16d__0125e5eaa978.png,icon_data/analysis/feature_v2_mask_overlays/0125e5eaa978b2be.png,principal_axis_orientation_v2,147.1740173580044,5,opaque_border_lab,0.531097412109375,0.0,1.0,false,0.0,0.0,5.488526663357656e-08,,,,,,,
orientation-050,orientation,held_out,angle_0_180_or_undefined,00e08803afcfd177,10_openmoji,OpenMoji,night with stars,icon_data/normalized_256/10_openmoji/1f303__00e08803afcf.png,icon_data/analysis/feature_v2_mask_overlays/00e08803afcfd177.png,principal_axis_orientation_v2,175.54831473495486,5,opaque_border_lab,0.8033599853515625,0.0,1.0,false,0.0,0.0,0.007301807595739885,,,,,,,
fill-001,fill,calibration,ordinal_1_to_5,0c489499364650eb,01_mcdougall_symbol_icon_set,McDougall Symbol/Icon Set,Plasticizing cylinder with plunger,icon_data/normalized_256/01_mcdougall_symbol_icon_set/mcdougall_173__0c4894993646.png,icon_data/analysis/feature_v2_mask_overlays/0c489499364650eb.png,solid_fill_ratio_v2,0.3168427793788024,1,opaque_border_lab,0.031768798828125,0.0,1.0,false,0.0,0.0,0.17955770606422783,,,,,,,
fill-002,fill,calibration,ordinal_1_to_5,0b5e70af0684900a,02_aiga_dot_symbol_signs,AIGA/DOT Symbol Signs,Aiga coatcheck,icon_data/normalized_256/02_aiga_dot_symbol_signs/aiga_coatcheck__0b5e70af0684.png,icon_data/analysis/feature_v2_mask_overlays/0b5e70af0684900a.png,solid_fill_ratio_v2,0.4506230287989246,1,alpha,0.196746826171875,0.03137254901960784,1.0,false,0.0,0.0,0.21790473444704606,,,,,,,
fill-003,fill,calibration,ordinal_1_to_5,377b58bad9dc2a21,02_aiga_dot_symbol_signs,AIGA/DOT Symbol Signs,Aiga No Smoking Red,icon_data/normalized_256/02_aiga_dot_symbol_signs/aiga_no_smoking_red__377b58bad9dc.png,icon_data/analysis/feature_v2_mask_overlays/377b58bad9dc2a21.png,solid_fill_ratio_v2,0.4729034393524509,1,alpha,0.5070953369140625,0.13725490196078433,1.0,false,0.8158456955435862,0.0,0.04464641077398943,,,,,,,
fill-004,fill,calibration,ordinal_1_to_5,045493f44b51c4e9,04_ocha_humanitarian_icons,OCHA Humanitarian Icons,table,icon_data/normalized_256/04_ocha_humanitarian_icons/table__045493f44b51.png,icon_data/analysis/feature_v2_mask_overlays/045493f44b51c4e9.png,solid_fill_ratio_v2,0.6299282462772935,1,opaque_border_lab,0.395538330078125,0.08235294117647059,0.9499601033154657,false,0.0,0.0,0.2531432283800894,,,,,,,
fill-005,fill,calibration,ordinal_1_to_5,5650f6903ed9a8b3,05_mulberry_symbols,Mulberry Symbols,south,icon_data/normalized_256/05_mulberry_symbols/south__5650f6903ed9.png,icon_data/analysis/feature_v2_mask_overlays/5650f6903ed9a8b3.png,solid_fill_ratio_v2,0.2041089473331995,1,opaque_border_lab,0.0760040283203125,0.0,1.0,false,0.0,0.0,0.29127267711447613,,,,,,,
fill-006,fill,calibration,ordinal_1_to_5,01a40d0f2b66c5b4,05_mulberry_symbols,Mulberry Symbols,country Monaco,icon_data/normalized_256/05_mulberry_symbols/country_monaco__01a40d0f2b66.png,icon_data/analysis/feature_v2_mask_overlays/01a40d0f2b66c5b4.png,solid_fill_ratio_v2,0.5462497975052648,1,opaque_border_lab,0.188385009765625,0.0,1.0,false,0.12830066418273126,0.0,0.9237678815382229,,,,,,,
fill-007,fill,calibration,ordinal_1_to_5,007b32c4b974edd4,06_blissymbolics,Blissymbolics,ghost old,icon_data/normalized_256/06_blissymbolics/ghost_old_6fe276ab21b7__007b32c4b974.png,icon_data/analysis/feature_v2_mask_overlays/007b32c4b974edd4.png,solid_fill_ratio_v2,0.5612987497667475,1,opaque_border_lab,0.0817718505859375,0.0,1.0,false,0.0,0.0,0.8193602135675397,,,,,,,
fill-008,fill,calibration,ordinal_1_to_5,001086c703cee7f1,07_arasaac_pictograms,ARASAAC Pictograms,funeral employee,icon_data/normalized_256/07_arasaac_pictograms/26563__001086c703ce.png,icon_data/analysis/feature_v2_mask_overlays/001086c703cee7f1.png,solid_fill_ratio_v2,0.559557974600033,1,alpha,0.308380126953125,0.0,1.0,false,0.0,0.0,0.20817479853050716,,,,,,,
fill-009,fill,calibration,ordinal_1_to_5,3f2223166838f956,07_arasaac_pictograms,ARASAAC Pictograms,circumference,icon_data/normalized_256/07_arasaac_pictograms/20099__3f2223166838.png,icon_data/analysis/feature_v2_mask_overlays/3f2223166838f956.png,solid_fill_ratio_v2,0.21534019130120918,1,alpha,0.1409149169921875,0.0,1.0,false,1.0,1.0,0.00045043526430391107,,,,,,,
fill-010,fill,calibration,ordinal_1_to_5,0016a33ed6613f22,07_arasaac_pictograms,ARASAAC Pictograms,circle time,icon_data/normalized_256/07_arasaac_pictograms/27575__0016a33ed661.png,icon_data/analysis/feature_v2_mask_overlays/0016a33ed6613f22.png,solid_fill_ratio_v2,0.6053798181681569,1,alpha,0.406158447265625,0.0,1.0,false,0.14249755804342926,0.0,0.18790969760523907,,,,,,,
fill-011,fill,calibration,ordinal_1_to_5,19d523b4ad794653,02_aiga_dot_symbol_signs,AIGA/DOT Symbol Signs,Aiga escalator down,icon_data/normalized_256/02_aiga_dot_symbol_signs/aiga_escalator_down__19d523b4ad79.png,icon_data/analysis/feature_v2_mask_overlays/19d523b4ad794653.png,solid_fill_ratio_v2,0.7434205948255466,2,alpha,0.3654632568359375,0.027450980392156862,1.0,false,0.0,0.0,0.5766545790448322,,,,,,,
fill-012,fill,calibration,ordinal_1_to_5,124134fa8db49586,03_mapbox_maki_icons,Mapbox Maki,pitch,icon_data/normalized_256/03_mapbox_maki_icons/pitch__124134fa8db4.png,icon_data/analysis/feature_v2_mask_overlays/124134fa8db49586.png,solid_fill_ratio_v2,0.7239979435905619,2,opaque_border_lab,0.2869110107421875,0.0,1.0,false,0.0,0.0,0.26197726437850755,,,,,,,
fill-013,fill,calibration,ordinal_1_to_5,09846ffa63d2ccca,04_ocha_humanitarian_icons,OCHA Humanitarian Icons,storm,icon_data/normalized_256/04_ocha_humanitarian_icons/storm__09846ffa63d2.png,icon_data/analysis/feature_v2_mask_overlays/09846ffa63d2ccca.png,solid_fill_ratio_v2,0.7740910933909988,2,opaque_border_lab,0.45159912109375,0.09117647058823529,0.9477948252360027,false,0.0,0.0,0.17822470676074173,,,,,,,
fill-014,fill,calibration,ordinal_1_to_5,1e664a821622cdac,05_mulberry_symbols,Mulberry Symbols,hairdryer,icon_data/normalized_256/05_mulberry_symbols/hairdryer__1e664a821622.png,icon_data/analysis/feature_v2_mask_overlays/1e664a821622cdac.png,solid_fill_ratio_v2,0.7431563098822885,2,opaque_border_lab,0.22296142578125,0.0,1.0,false,0.0006159321105940323,0.0,0.16005766697661877,,,,,,,
fill-015,fill,calibration,ordinal_1_to_5,0058ac437a9db12b,05_mulberry_symbols,Mulberry Symbols,IT assistant 2b,icon_data/normalized_256/05_mulberry_symbols/it_assistant_2b__0058ac437a9d.png,icon_data/analysis/feature_v2_mask_overlays/0058ac437a9db12b.png,solid_fill_ratio_v2,0.6990861974904528,2,opaque_border_lab,0.3729248046875,0.0,1.0,false,0.0,0.0,0.42216962671604524,,,,,,,
fill-016,fill,calibration,ordinal_1_to_5,003a535e197e3cf3,06_blissymbolics,Blissymbolics,bread sliced,icon_data/normalized_256/06_blissymbolics/bread_sliced_2d1c3858469d__003a535e197e.png,icon_data/analysis/feature_v2_mask_overlays/003a535e197e3cf3.png,solid_fill_ratio_v2,0.7665255091752369,2,opaque_border_lab,0.1261138916015625,0.0,1.0,false,0.0,0.0,0.8314753338481715,,,,,,,
fill-017,fill,calibration,ordinal_1_to_5,000414e17a0a41d0,07_arasaac_pictograms,ARASAAC Pictograms,handstand,icon_data/normalized_256/07_arasaac_pictograms/39193__000414e17a0a.png,icon_data/analysis/feature_v2_mask_overlays/000414e17a0a41d0.png,solid_fill_ratio_v2,0.7056699169375226,2,alpha,0.225341796875,0.0,1.0,false,0.0,0.0,0.7052986330597739,,,,,,,
fill-018,fill,calibration,ordinal_1_to_5,68f05f05367e8b6d,07_arasaac_pictograms,ARASAAC Pictograms,red,icon_data/normalized_256/07_arasaac_pictograms/2808__68f05f05367e.png,icon_data/analysis/feature_v2_mask_overlays/68f05f05367e8b6d.png,solid_fill_ratio_v2,0.7803327087946403,2,alpha,0.35833740234375,0.0,1.0,false,1.0,1.0,0.2448491905856213,,,,,,,
fill-019,fill,calibration,ordinal_1_to_5,0001562427eb35de,07_arasaac_pictograms,ARASAAC Pictograms,garlic,icon_data/normalized_256/07_arasaac_pictograms/2641__0001562427eb.png,icon_data/analysis/feature_v2_mask_overlays/0001562427eb35de.png,solid_fill_ratio_v2,0.782507517717636,2,alpha,0.3365936279296875,0.0,1.0,false,0.0,0.0,0.3678744312206982,,,,,,,
fill-020,fill,calibration,ordinal_1_to_5,0103d975cd842ace,09_universal_symbols_healthcare_webfont,Universal Symbols Healthcare Webfont,i outpatient,icon_data/normalized_256/09_universal_symbols_healthcare_webfont/i_outpatient__0103d975cd84.png,icon_data/analysis/feature_v2_mask_overlays/0103d975cd842ace.png,solid_fill_ratio_v2,0.6941029071372449,2,opaque_border_lab,0.2395172119140625,0.010784313725490196,1.0,false,0.0,0.0,0.6181590472113957,,,,,,,
fill-021,fill,calibration,ordinal_1_to_5,0050c13101710bb3,03_mapbox_maki_icons,Mapbox Maki,construction,icon_data/normalized_256/03_mapbox_maki_icons/construction__0050c1310171.png,icon_data/analysis/feature_v2_mask_overlays/0050c13101710bb3.png,solid_fill_ratio_v2,0.8356441955239852,3,opaque_border_lab,0.446807861328125,0.0392156862745098,1.0,false,0.0,0.0,0.21909229002224265,,,,,,,
fill-022,fill,calibration,ordinal_1_to_5,50d0c27fad763e34,04_ocha_humanitarian_icons,OCHA Humanitarian Icons,virus,icon_data/normalized_256/04_ocha_humanitarian_icons/virus__50d0c27fad76.png,icon_data/analysis/feature_v2_mask_overlays/50d0c27fad763e34.png,solid_fill_ratio_v2,0.787614644833092,3,opaque_border_lab,0.54791259765625,0.054901960784313725,0.9950980392156863,false,0.0,0.0,0.0017270400258464578,,,,,,,
fill-023,fill,calibration,ordinal_1_to_5,1b85d1814448eed1,05_mulberry_symbols,Mulberry Symbols,drawing pin,icon_data/normalized_256/05_mulberry_symbols/drawing_pin__1b85d1814448.png,icon_data/analysis/feature_v2_mask_overlays/1b85d1814448eed1.png,solid_fill_ratio_v2,0.7920595013618271,3,opaque_border_lab,0.242767333984375,0.0,1.0,false,0.0,0.0,0.2832155557622829,,,,,,,
fill-024,fill,calibration,ordinal_1_to_5,00009523a1485434,05_mulberry_symbols,Mulberry Symbols,goldfish,icon_data/normalized_256/05_mulberry_symbols/goldfish__00009523a148.png,icon_data/analysis/feature_v2_mask_overlays/00009523a1485434.png,solid_fill_ratio_v2,0.8547191713545853,3,opaque_border_lab,0.22784423828125,0.0,1.0,false,0.43376640771497454,0.0,0.6737637126570413,,,,,,,
fill-025,fill,calibration,ordinal_1_to_5,08c64922ee40688d,06_blissymbolics,Blissymbolics,intensity,icon_data/normalized_256/06_blissymbolics/intensity_33ab2e3c6f59__08c64922ee40.png,icon_data/analysis/feature_v2_mask_overlays/08c64922ee40688d.png,solid_fill_ratio_v2,0.8268229166666666,3,alpha,0.046875,0.023529411764705882,1.0,false,0.0,0.0,0.9956454216023631,,,,,,,
fill-026,fill,calibration,ordinal_1_to_5,00b7f02c98e9a4b5,07_arasaac_pictograms,ARASAAC Pictograms,cutlery,icon_data/normalized_256/07_arasaac_pictograms/30624__00b7f02c98e9.png,icon_data/analysis/feature_v2_mask_overlays/00b7f02c98e9a4b5.png,solid_fill_ratio_v2,0.8113614395122314,3,alpha,0.2052154541015625,0.0,1.0,false,0.0,0.0,0.7555866406413903,,,,,,,
fill-027,fill,calibration,ordinal_1_to_5,984c17dc927d2a2a,07_arasaac_pictograms,ARASAAC Pictograms,hood,icon_data/normalized_256/07_arasaac_pictograms/7050__984c17dc927d.png,icon_data/analysis/feature_v2_mask_overlays/984c17dc927d2a2a.png,solid_fill_ratio_v2,0.8575237998182637,3,alpha,0.5989227294921875,0.0,1.0,false,0.9072125550941377,1.0,0.2270808797581718,,,,,,,
fill-028,fill,calibration,ordinal_1_to_5,001aae9b8a1ae0c6,07_arasaac_pictograms,ARASAAC Pictograms,mittens,icon_data/normalized_256/07_arasaac_pictograms/2927__001aae9b8a1a.png,icon_data/analysis/feature_v2_mask_overlays/001aae9b8a1ae0c6.png,solid_fill_ratio_v2,0.8240613519649974,3,alpha,0.5219573974609375,0.0,1.0,false,0.0,0.0,0.339368851268273,,,,,,,
fill-029,fill,calibration,ordinal_1_to_5,cddd255cbebb9d8e,08_ghs_hazard_pictograms,GHS Hazard Pictograms,environment,icon_data/normalized_256/08_ghs_hazard_pictograms/environment__cddd255cbebb.png,icon_data/analysis/feature_v2_mask_overlays/cddd255cbebb9d8e.png,solid_fill_ratio_v2,0.8244195750756639,3,alpha,0.5058441162109375,0.00980392156862745,1.0,false,0.30282646074024916,0.0,0.003883533324398385,,,,,,,
fill-030,fill,calibration,ordinal_1_to_5,1011e0d2bd4a96a6,09_universal_symbols_healthcare_webfont,Universal Symbols Healthcare Webfont,i respiratory,icon_data/normalized_256/09_universal_symbols_healthcare_webfont/i_respiratory__1011e0d2bd4a.png,icon_data/analysis/feature_v2_mask_overlays/1011e0d2bd4a96a6.png,solid_fill_ratio_v2,0.819416088199265,3,opaque_border_lab,0.597900390625,0.018627450980392157,0.9654668172200521,false,0.0,0.0,0.15324538429437046,,,,,,,
fill-031,fill,held_out,ordinal_1_to_5,1d0649bdf4219223,04_ocha_humanitarian_icons,OCHA Humanitarian Icons,famine,icon_data/normalized_256/04_ocha_humanitarian_icons/famine__1d0649bdf421.png,icon_data/analysis/feature_v2_mask_overlays/1d0649bdf4219223.png,solid_fill_ratio_v2,0.9150125178826896,4,alpha,0.91015625,0.4568627450980392,1.0,false,0.0,0.0,0.09386344858666529,,,,,,,
fill-032,fill,held_out,ordinal_1_to_5,045422495cee8bdd,05_mulberry_symbols,Mulberry Symbols,bolt,icon_data/normalized_256/05_mulberry_symbols/bolt__045422495cee.png,icon_data/analysis/feature_v2_mask_overlays/045422495cee8bdd.png,solid_fill_ratio_v2,0.891447454010876,4,opaque_border_lab,0.1954803466796875,0.0,1.0,false,0.0,0.0,0.8262489092787226,,,,,,,
fill-033,fill,held_out,ordinal_1_to_5,0019b2d808c4e112,05_mulberry_symbols,Mulberry Symbols,hand mixer,icon_data/normalized_256/05_mulberry_symbols/hand_mixer__0019b2d808c4.png,icon_data/analysis/feature_v2_mask_overlays/0019b2d808c4e112.png,solid_fill_ratio_v2,0.8919846824244025,4,opaque_border_lab,0.1155548095703125,0.0,1.0,false,0.0,0.0,0.947759494126164,,,,,,,
fill-034,fill,held_out,ordinal_1_to_5,005f8f9e785e8bd0,06_blissymbolics,Blissymbolics,polder dutch,icon_data/normalized_256/06_blissymbolics/polder_dutch_f9e04da03abe__005f8f9e785e.png,icon_data/analysis/feature_v2_mask_overlays/005f8f9e785e8bd0.png,solid_fill_ratio_v2,0.9148257902298851,4,alpha,0.90625,0.4549019607843137,1.0,false,0.0,0.0,0.09812496858191318,,,,,,,
fill-035,fill,held_out,ordinal_1_to_5,009385f7db26b2a7,07_arasaac_pictograms,ARASAAC Pictograms,ticket,icon_data/normalized_256/07_arasaac_pictograms/11255__009385f7db26.png,icon_data/analysis/feature_v2_mask_overlays/009385f7db26b2a7.png,solid_fill_ratio_v2,0.9107865956700572,4,alpha,0.4785614013671875,0.0,1.0,false,0.0,0.0,0.4947081955818525,,,,,,,
fill-036,fill,held_out,ordinal_1_to_5,69ce70385fe9a802,07_arasaac_pictograms,ARASAAC Pictograms,sphere,icon_data/normalized_256/07_arasaac_pictograms/9113__69ce70385fe9.png,icon_data/analysis/feature_v2_mask_overlays/69ce70385fe9a802.png,solid_fill_ratio_v2,0.8897554841888837,4,alpha,0.598663330078125,0.0,1.0,false,0.9098995768975888,1.0,0.0006522022239225092,,,,,,,
fill-037,fill,held_out,ordinal_1_to_5,000b2636bf639565,07_arasaac_pictograms,ARASAAC Pictograms,IWB,icon_data/normalized_256/07_arasaac_pictograms/9162__000b2636bf63.png,icon_data/analysis/feature_v2_mask_overlays/000b2636bf639565.png,solid_fill_ratio_v2,0.8968683145282513,4,alpha,0.8154754638671875,0.0,1.0,false,0.18017326871620232,0.0,0.17151892532989216,,,,,,,
fill-038,fill,held_out,ordinal_1_to_5,01b3d2f16631c2ed,09_universal_symbols_healthcare_webfont,Universal Symbols Healthcare Webfont,i coffee shop,icon_data/normalized_256/09_universal_symbols_healthcare_webfont/i_coffee_shop__01b3d2f16631.png,icon_data/analysis/feature_v2_mask_overlays/01b3d2f16631c2ed.png,solid_fill_ratio_v2,0.8734877330259313,4,opaque_border_lab,0.4368133544921875,0.0,1.0,false,0.0,0.0,0.2520033971763648,,,,,,,
fill-039,fill,held_out,ordinal_1_to_5,0125e5eaa978b2be,10_openmoji,OpenMoji,circled cc,icon_data/normalized_256/10_openmoji/1f16d__0125e5eaa978.png,icon_data/analysis/feature_v2_mask_overlays/0125e5eaa978b2be.png,solid_fill_ratio_v2,0.8905935758202609,4,opaque_border_lab,0.531097412109375,0.0,1.0,false,0.0,0.0,5.488526663357656e-08,,,,,,,
fill-040,fill,held_out,ordinal_1_to_5,005a3115c725d0aa,10_openmoji,OpenMoji,woman’s hat,icon_data/normalized_256/10_openmoji/1f452__005a3115c725.png,icon_data/analysis/feature_v2_mask_overlays/005a3115c725d0aa.png,solid_fill_ratio_v2,0.8922214472086595,4,opaque_border_lab,0.1968841552734375,0.0,1.0,false,0.07207626133457336,0.0,0.5004967962940707,,,,,,,
fill-041,fill,held_out,ordinal_1_to_5,09f287549c50a508,13_usp_pictograms_manual,USP Pictograms,06,icon_data/normalized_256/13_usp_pictograms_manual/06__09f287549c50.png,icon_data/analysis/feature_v2_mask_overlays/09f287549c50a508.png,solid_fill_ratio_v2,0.9205013736263736,5,alpha,0.7109375,0.3568627450980392,1.0,false,0.0,0.0,0.32852885726448944,,,,,,,
fill-042,fill,held_out,ordinal_1_to_5,014ab939b4e0cf91,05_mulberry_symbols,Mulberry Symbols,teeth,icon_data/normalized_256/05_mulberry_symbols/teeth__014ab939b4e0.png,icon_data/analysis/feature_v2_mask_overlays/014ab939b4e0cf91.png,solid_fill_ratio_v2,0.9198104805671333,5,opaque_border_lab,0.285552978515625,0.0,1.0,false,0.0,0.0,0.5528657166770611,,,,,,,
fill-043,fill,held_out,ordinal_1_to_5,0002b35721d50db7,06_blissymbolics,Blissymbolics,yogurt,icon_data/normalized_256/06_blissymbolics/yogurt_ffb139dafbf9__0002b35721d5.png,icon_data/analysis/feature_v2_mask_overlays/0002b35721d50db7.png,solid_fill_ratio_v2,0.925392316017316,5,alpha,0.6015625,0.30196078431372547,1.0,false,0.0,0.0,0.4685714285714285,,,,,,,
fill-044,fill,held_out,ordinal_1_to_5,00d8ed8965f3b3bc,07_arasaac_pictograms,ARASAAC Pictograms,video tape,icon_data/normalized_256/07_arasaac_pictograms/25950__00d8ed8965f3.png,icon_data/analysis/feature_v2_mask_overlays/00d8ed8965f3b3bc.png,solid_fill_ratio_v2,0.9311328949001116,5,alpha,0.49188232421875,0.0,1.0,false,0.0,0.0,0.527177293006381,,,,,,,
fill-045,fill,held_out,ordinal_1_to_5,a9af13d264f213d9,07_arasaac_pictograms,ARASAAC Pictograms,China,icon_data/normalized_256/07_arasaac_pictograms/8074__a9af13d264f2.png,icon_data/analysis/feature_v2_mask_overlays/a9af13d264f213d9.png,solid_fill_ratio_v2,0.9202078618724331,5,alpha,0.606842041015625,0.0,1.0,false,0.9159416645712849,1.0,0.3828783889632479,,,,,,,
fill-046,fill,held_out,ordinal_1_to_5,0066a9bc0842fce5,07_arasaac_pictograms,ARASAAC Pictograms,Kuwait,icon_data/normalized_256/07_arasaac_pictograms/27860__0066a9bc0842.png,icon_data/analysis/feature_v2_mask_overlays/0066a9bc0842fce5.png,solid_fill_ratio_v2,0.9226156662248313,5,alpha,0.6446533203125,0.0,1.0,false,0.25774001136148456,0.0,0.3727141646618548,,,,,,,
fill-047,fill,held_out,ordinal_1_to_5,047da6000c3956e9,10_openmoji,OpenMoji,film frames,icon_data/normalized_256/10_openmoji/1f39e__047da6000c39.png,icon_data/analysis/feature_v2_mask_overlays/047da6000c3956e9.png,solid_fill_ratio_v2,0.9195612431444241,5,opaque_border_lab,0.400634765625,0.0,1.0,false,0.0,0.0,0.2063905011537392,,,,,,,
fill-048,fill,held_out,ordinal_1_to_5,0011c213c281faae,10_openmoji,OpenMoji,flag: Vanuatu,icon_data/normalized_256/10_openmoji/1f1fb_1f1fa__0011c213c281.png,icon_data/analysis/feature_v2_mask_overlays/0011c213c281faae.png,solid_fill_ratio_v2,0.9271354787445372,5,opaque_border_lab,0.5120849609375,0.0,1.0,false,0.29007747318235994,0.0,0.42558877957596425,,,,,,,
fill-049,fill,held_out,ordinal_1_to_5,017f18f80c2b6bb0,11_iso_7010_safety_signs,ISO 7010 Safety Signs,ISO 7010 W003,icon_data/normalized_256/11_iso_7010_safety_signs/iso_7010_w003__017f18f80c2b.png,icon_data/analysis/feature_v2_mask_overlays/017f18f80c2b6bb0.png,solid_fill_ratio_v2,0.9186430431547619,5,alpha,0.875,0.4392156862745098,1.0,false,0.0,0.0,0.13274565724656476,,,,,,,
fill-050,fill,held_out,ordinal_1_to_5,0368ddb907e94299,12_iso_15223_medical_device_symbols,ISO 15223 Medical Device Symbols,sterilized using aseptic processing techniques,icon_data/normalized_256/12_iso_15223_medical_device_symbols/sterilized_using_aseptic_processing_techniques__0368ddb907e9.png,icon_data/analysis/feature_v2_mask_overlays/0368ddb907e94299.png,solid_fill_ratio_v2,0.9391196790056414,5,opaque_border_lab,0.337188720703125,0.0,0.9654668172200521,false,0.0,0.0,0.7900198382420265,,,,,,,
symmetry-001,symmetry,calibration,ordinal_1_to_5,121de65a284465c5,01_mcdougall_symbol_icon_set,McDougall Symbol/Icon Set,Opening of selvedge loops,icon_data/normalized_256/01_mcdougall_symbol_icon_set/mcdougall_166__121de65a2844.png,icon_data/analysis/feature_v2_mask_overlays/121de65a284465c5.png,horizontal_symmetry_v2,0.4831099195710456,1,opaque_border_lab,0.0284576416015625,0.0,1.0,false,0.0,0.0,0.34944280003458345,,,,,,,
symmetry-002,symmetry,calibration,ordinal_1_to_5,0d671d32bec85d0c,02_aiga_dot_symbol_signs,AIGA/DOT Symbol Signs,Aiga BarberShop,icon_data/normalized_256/02_aiga_dot_symbol_signs/aiga_barbershop__0d671d32bec8.png,icon_data/analysis/feature_v2_mask_overlays/0d671d32bec85d0c.png,horizontal_symmetry_v2,0.5344553706505295,1,alpha,0.4034423828125,0.0696078431372549,1.0,false,0.0,0.0,0.4027498524112468,,,,,,,
symmetry-003,symmetry,calibration,ordinal_1_to_5,1462e859151ffce5,03_mapbox_maki_icons,Mapbox Maki,residential community,icon_data/normalized_256/03_mapbox_maki_icons/residential_community__1462e859151f.png,icon_data/analysis/feature_v2_mask_overlays/1462e859151ffce5.png,horizontal_symmetry_v2,0.5253741613624634,1,opaque_border_lab,0.4434967041015625,0.0,1.0,false,0.0,0.0,0.3237132129822754,,,,,,,
symmetry-004,symmetry,calibration,ordinal_1_to_5,495856f0adb912a6,04_ocha_humanitarian_icons,OCHA Humanitarian Icons,trending,icon_data/normalized_256/04_ocha_humanitarian_icons/trending__495856f0adb9.png,icon_data/analysis/feature_v2_mask_overlays/495856f0adb912a6.png,horizontal_symmetry_v2,0.27645429362880886,1,opaque_border_lab,0.33050537109375,0.07254901960784314,0.9774509803921568,false,0.0,0.0,0.8309460327240572,,,,,,,
symmetry-005,symmetry,calibration,ordinal_1_to_5,647a1b6e84f2ac0e,05_mulberry_symbols,Mulberry Symbols,baking tray,icon_data/normalized_256/05_mulberry_symbols/baking_tray__647a1b6e84f2.png,icon_data/analysis/feature_v2_mask_overlays/647a1b6e84f2ac0e.png,horizontal_symmetry_v2,0.4852403600487402,1,opaque_border_lab,0.3881988525390625,0.0,1.0,false,0.0,0.0,0.5614235222563262,,,,,,,
symmetry-006,symmetry,calibration,ordinal_1_to_5,0058ac437a9db12b,05_mulberry_symbols,Mulberry Symbols,IT assistant 2b,icon_data/normalized_256/05_mulberry_symbols/it_assistant_2b__0058ac437a9d.png,icon_data/analysis/feature_v2_mask_overlays/0058ac437a9db12b.png,horizontal_symmetry_v2,0.49648117839607203,1,opaque_border_lab,0.3729248046875,0.0,1.0,false,0.0,0.0,0.42216962671604524,,,,,,,
symmetry-007,symmetry,calibration,ordinal_1_to_5,003a535e197e3cf3,06_blissymbolics,Blissymbolics,bread sliced,icon_data/normalized_256/06_blissymbolics/bread_sliced_2d1c3858469d__003a535e197e.png,icon_data/analysis/feature_v2_mask_overlays/003a535e197e3cf3.png,horizontal_symmetry_v2,0.37664851784634,1,opaque_border_lab,0.1261138916015625,0.0,1.0,false,0.0,0.0,0.8314753338481715,,,,,,,
symmetry-008,symmetry,calibration,ordinal_1_to_5,000414e17a0a41d0,07_arasaac_pictograms,ARASAAC Pictograms,handstand,icon_data/normalized_256/07_arasaac_pictograms/39193__000414e17a0a.png,icon_data/analysis/feature_v2_mask_overlays/000414e17a0a41d0.png,horizontal_symmetry_v2,0.3450027085590466,1,alpha,0.225341796875,0.0,1.0,false,0.0,0.0,0.7052986330597739,,,,,,,
symmetry-009,symmetry,calibration,ordinal_1_to_5,0001562427eb35de,07_arasaac_pictograms,ARASAAC Pictograms,garlic,icon_data/normalized_256/07_arasaac_pictograms/2641__0001562427eb.png,icon_data/analysis/feature_v2_mask_overlays/0001562427eb35de.png,horizontal_symmetry_v2,0.5779500430663221,1,alpha,0.3365936279296875,0.0,1.0,false,0.0,0.0,0.3678744312206982,,,,,,,
symmetry-010,symmetry,calibration,ordinal_1_to_5,0103d975cd842ace,09_universal_symbols_healthcare_webfont,Universal Symbols Healthcare Webfont,i outpatient,icon_data/normalized_256/09_universal_symbols_healthcare_webfont/i_outpatient__0103d975cd84.png,icon_data/analysis/feature_v2_mask_overlays/0103d975cd842ace.png,horizontal_symmetry_v2,0.5473657386761802,1,opaque_border_lab,0.2395172119140625,0.010784313725490196,1.0,false,0.0,0.0,0.6181590472113957,,,,,,,
symmetry-011,symmetry,calibration,ordinal_1_to_5,1c1aa60214ea9790,02_aiga_dot_symbol_signs,AIGA/DOT Symbol Signs,Aiga ticketpurchase,icon_data/normalized_256/02_aiga_dot_symbol_signs/aiga_ticketpurchase__1c1aa60214ea.png,icon_data/analysis/feature_v2_mask_overlays/1c1aa60214ea9790.png,horizontal_symmetry_v2,0.7287673496364838,2,alpha,0.369384765625,0.0,1.0,false,0.0,0.0,0.3684257916414179,,,,,,,
symmetry-012,symmetry,calibration,ordinal_1_to_5,07b79b537bc9267b,03_mapbox_maki_icons,Mapbox Maki,police,icon_data/normalized_256/03_mapbox_maki_icons/police__07b79b537bc9.png,icon_data/analysis/feature_v2_mask_overlays/07b79b537bc9267b.png,horizontal_symmetry_v2,0.6668666926700471,2,opaque_border_lab,0.5085601806640625,0.0,1.0,false,0.0,0.0,0.1930022103904682,,,,,,,
symmetry-013,symmetry,calibration,ordinal_1_to_5,4f78ac391bcce711,04_ocha_humanitarian_icons,OCHA Humanitarian Icons,cyclone,icon_data/normalized_256/04_ocha_humanitarian_icons/cyclone__4f78ac391bcc.png,icon_data/analysis/feature_v2_mask_overlays/4f78ac391bcce711.png,horizontal_symmetry_v2,0.8059732305680762,2,opaque_border_lab,0.4434661865234375,0.06666666666666667,0.9833333333333334,false,0.0,0.0,0.00016631279609621998,,,,,,,
symmetry-014,symmetry,calibration,ordinal_1_to_5,0bd5afa5ff2d5123,05_mulberry_symbols,Mulberry Symbols,garlic crusher,icon_data/normalized_256/05_mulberry_symbols/garlic_crusher__0bd5afa5ff2d.png,icon_data/analysis/feature_v2_mask_overlays/0bd5afa5ff2d5123.png,horizontal_symmetry_v2,0.6304508499630451,2,opaque_border_lab,0.1445159912109375,0.0,1.0,false,0.0,0.0,0.9097186382749465,,,,,,,
symmetry-015,symmetry,calibration,ordinal_1_to_5,00a92cd1190332cb,05_mulberry_symbols,Mulberry Symbols,salami sausage,icon_data/normalized_256/05_mulberry_symbols/salami_sausage__00a92cd11903.png,icon_data/analysis/feature_v2_mask_overlays/00a92cd1190332cb.png,horizontal_symmetry_v2,0.7307524589369641,2,opaque_border_lab,0.3149261474609375,0.0,1.0,false,0.22098938902078588,0.0,0.4703720896528269,,,,,,,
symmetry-016,symmetry,calibration,ordinal_1_to_5,00df0d27aa3ae962,06_blissymbolics,Blissymbolics,chipmunk,icon_data/normalized_256/06_blissymbolics/chipmunk_51455fcda58a__00df0d27aa3a.png,icon_data/analysis/feature_v2_mask_overlays/00df0d27aa3ae962.png,horizontal_symmetry_v2,0.7516882386043894,2,opaque_border_lab,0.10845947265625,0.0,1.0,false,0.0,0.0,0.8965172832523306,,,,,,,
symmetry-017,symmetry,calibration,ordinal_1_to_5,009aa70e5a10cd66,07_arasaac_pictograms,ARASAAC Pictograms,praxia,icon_data/normalized_256/07_arasaac_pictograms/15385__009aa70e5a10.png,icon_data/analysis/feature_v2_mask_overlays/009aa70e5a10cd66.png,horizontal_symmetry_v2,0.8042144571885836,2,alpha,0.1716156005859375,0.0029411764705882353,1.0,false,0.0,0.0,0.09117317097929614,,,,,,,
symmetry-018,symmetry,calibration,ordinal_1_to_5,9d0c81d4c6e02fe6,07_arasaac_pictograms,ARASAAC Pictograms,cause,icon_data/normalized_256/07_arasaac_pictograms/12295__9d0c81d4c6e0.png,icon_data/analysis/feature_v2_mask_overlays/9d0c81d4c6e02fe6.png,horizontal_symmetry_v2,0.6092408798283262,2,alpha,0.2275390625,0.0,1.0,false,1.0,1.0,0.13353846803975758,,,,,,,
symmetry-019,symmetry,calibration,ordinal_1_to_5,0024f092ee792749,07_arasaac_pictograms,ARASAAC Pictograms,snore,icon_data/normalized_256/07_arasaac_pictograms/22094__0024f092ee79.png,icon_data/analysis/feature_v2_mask_overlays/0024f092ee792749.png,horizontal_symmetry_v2,0.63589454513919,2,alpha,0.351898193359375,0.0,1.0,false,0.0,0.0,0.07510598046223974,,,,,,,
symmetry-020,symmetry,calibration,ordinal_1_to_5,31f94ec85b9130e2,09_universal_symbols_healthcare_webfont,Universal Symbols Healthcare Webfont,i genetics,icon_data/normalized_256/09_universal_symbols_healthcare_webfont/i_genetics__31f94ec85b91.png,icon_data/analysis/feature_v2_mask_overlays/31f94ec85b9130e2.png,horizontal_symmetry_v2,0.7803211374639946,2,opaque_border_lab,0.497955322265625,0.021568627450980392,1.0,false,0.0,0.0,0.17365684252039534,,,,,,,
symmetry-021,symmetry,calibration,ordinal_1_to_5,082c5e659f3a2ac9,03_mapbox_maki_icons,Mapbox Maki,college,icon_data/normalized_256/03_mapbox_maki_icons/college__082c5e659f3a.png,icon_data/analysis/feature_v2_mask_overlays/082c5e659f3a2ac9.png,horizontal_symmetry_v2,0.8825776331612082,3,opaque_border_lab,0.6471405029296875,0.047058823529411764,1.0,false,0.0,0.0,0.17808090566516138,,,,,,,
symmetry-022,symmetry,calibration,ordinal_1_to_5,045493f44b51c4e9,04_ocha_humanitarian_icons,OCHA Humanitarian Icons,table,icon_data/normalized_256/04_ocha_humanitarian_icons/table__045493f44b51.png,icon_data/analysis/feature_v2_mask_overlays/045493f44b51c4e9.png,horizontal_symmetry_v2,0.9419797855103773,3,opaque_border_lab,0.395538330078125,0.08235294117647059,0.9499601033154657,false,0.0,0.0,0.2531432283800894,,,,,,,
symmetry-023,symmetry,calibration,ordinal_1_to_5,060ec22dfb458e40,05_mulberry_symbols,Mulberry Symbols,toaster,icon_data/normalized_256/05_mulberry_symbols/toaster__060ec22dfb45.png,icon_data/analysis/feature_v2_mask_overlays/060ec22dfb458e40.png,horizontal_symmetry_v2,0.9726531768260063,3,opaque_border_lab,0.4848785400390625,0.0,1.0,false,0.0,0.0,0.3152483049486323,,,,,,,
symmetry-024,symmetry,calibration,ordinal_1_to_5,00009523a1485434,05_mulberry_symbols,Mulberry Symbols,goldfish,icon_data/normalized_256/05_mulberry_symbols/goldfish__00009523a148.png,icon_data/analysis/feature_v2_mask_overlays/00009523a1485434.png,horizontal_symmetry_v2,0.8520626841682293,3,opaque_border_lab,0.22784423828125,0.0,1.0,false,0.43376640771497454,0.0,0.6737637126570413,,,,,,,
symmetry-025,symmetry,calibration,ordinal_1_to_5,04d90fd12c83d243,06_blissymbolics,Blissymbolics,family traditional,icon_data/normalized_256/06_blissymbolics/family_traditional_5781de51ca39__04d90fd12c83.png,icon_data/analysis/feature_v2_mask_overlays/04d90fd12c83d243.png,horizontal_symmetry_v2,0.8546399691952252,3,opaque_border_lab,0.079254150390625,0.0,1.0,false,0.0,0.0,0.7665706707321458,,,,,,,
symmetry-026,symmetry,calibration,ordinal_1_to_5,009385f7db26b2a7,07_arasaac_pictograms,ARASAAC Pictograms,ticket,icon_data/normalized_256/07_arasaac_pictograms/11255__009385f7db26.png,icon_data/analysis/feature_v2_mask_overlays/009385f7db26b2a7.png,horizontal_symmetry_v2,0.950546822689156,3,alpha,0.4785614013671875,0.0,1.0,false,0.0,0.0,0.4947081955818525,,,,,,,
symmetry-027,symmetry,calibration,ordinal_1_to_5,68f05f05367e8b6d,07_arasaac_pictograms,ARASAAC Pictograms,red,icon_data/normalized_256/07_arasaac_pictograms/2808__68f05f05367e.png,icon_data/analysis/feature_v2_mask_overlays/68f05f05367e8b6d.png,horizontal_symmetry_v2,0.8520269119400443,3,alpha,0.35833740234375,0.0,1.0,false,1.0,1.0,0.2448491905856213,,,,,,,
symmetry-028,symmetry,calibration,ordinal_1_to_5,000b2636bf639565,07_arasaac_pictograms,ARASAAC Pictograms,IWB,icon_data/normalized_256/07_arasaac_pictograms/9162__000b2636bf63.png,icon_data/analysis/feature_v2_mask_overlays/000b2636bf639565.png,horizontal_symmetry_v2,0.9369421626779934,3,alpha,0.8154754638671875,0.0,1.0,false,0.18017326871620232,0.0,0.17151892532989216,,,,,,,
symmetry-029,symmetry,calibration,ordinal_1_to_5,6bfd058b52069703,08_ghs_hazard_pictograms,GHS Hazard Pictograms,corrosion,icon_data/normalized_256/08_ghs_hazard_pictograms/corrosion__6bfd058b5206.png,icon_data/analysis/feature_v2_mask_overlays/6bfd058b52069703.png,horizontal_symmetry_v2,0.9443063152660368,3,alpha,0.2147979736328125,0.00980392156862745,1.0,false,0.734673581018683,0.0,0.04905621275280675,,,,,,,
symmetry-030,symmetry,calibration,ordinal_1_to_5,01b3d2f16631c2ed,09_universal_symbols_healthcare_webfont,Universal Symbols Healthcare Webfont,i coffee shop,icon_data/normalized_256/09_universal_symbols_healthcare_webfont/i_coffee_shop__01b3d2f16631.png,icon_data/analysis/feature_v2_mask_overlays/01b3d2f16631c2ed.png,horizontal_symmetry_v2,0.8858420372375729,3,opaque_border_lab,0.4368133544921875,0.0,1.0,false,0.0,0.0,0.2520033971763648,,,,,,,
symmetry-031,symmetry,held_out,ordinal_1_to_5,017f18f80c2b6bb0,11_iso_7010_safety_signs,ISO 7010 Safety Signs,ISO 7010 W003,icon_data/normalized_256/11_iso_7010_safety_signs/iso_7010_w003__017f18f80c2b.png,icon_data/analysis/feature_v2_mask_overlays/017f18f80c2b6bb0.png,horizontal_symmetry_v2,1.0,4,alpha,0.875,0.4392156862745098,1.0,false,0.0,0.0,0.13274565724656476,,,,,,,
symmetry-032,symmetry,held_out,ordinal_1_to_5,0368ddb907e94299,12_iso_15223_medical_device_symbols,ISO 15223 Medical Device Symbols,sterilized using aseptic processing techniques,icon_data/normalized_256/12_iso_15223_medical_device_symbols/sterilized_using_aseptic_processing_techniques__0368ddb907e9.png,icon_data/analysis/feature_v2_mask_overlays/0368ddb907e94299.png,horizontal_symmetry_v2,1.0,4,opaque_border_lab,0.337188720703125,0.0,0.9654668172200521,false,0.0,0.0,0.7900198382420265,,,,,,,
symmetry-033,symmetry,held_out,ordinal_1_to_5,09f287549c50a508,13_usp_pictograms_manual,USP Pictograms,06,icon_data/normalized_256/13_usp_pictograms_manual/06__09f287549c50.png,icon_data/analysis/feature_v2_mask_overlays/09f287549c50a508.png,horizontal_symmetry_v2,1.0,4,alpha,0.7109375,0.3568627450980392,1.0,false,0.0,0.0,0.32852885726448944,,,,,,,
symmetry-034,symmetry,held_out,ordinal_1_to_5,0002b35721d50db7,06_blissymbolics,Blissymbolics,yogurt,icon_data/normalized_256/06_blissymbolics/yogurt_ffb139dafbf9__0002b35721d5.png,icon_data/analysis/feature_v2_mask_overlays/0002b35721d50db7.png,horizontal_symmetry_v2,1.0,4,alpha,0.6015625,0.30196078431372547,1.0,false,0.0,0.0,0.4685714285714285,,,,,,,
symmetry-035,symmetry,held_out,ordinal_1_to_5,00d8ed8965f3b3bc,07_arasaac_pictograms,ARASAAC Pictograms,video tape,icon_data/normalized_256/07_arasaac_pictograms/25950__00d8ed8965f3.png,icon_data/analysis/feature_v2_mask_overlays/00d8ed8965f3b3bc.png,horizontal_symmetry_v2,1.0,4,alpha,0.49188232421875,0.0,1.0,false,0.0,0.0,0.527177293006381,,,,,,,
symmetry-036,symmetry,held_out,ordinal_1_to_5,3f2223166838f956,07_arasaac_pictograms,ARASAAC Pictograms,circumference,icon_data/normalized_256/07_arasaac_pictograms/20099__3f2223166838.png,icon_data/analysis/feature_v2_mask_overlays/3f2223166838f956.png,horizontal_symmetry_v2,1.0,4,alpha,0.1409149169921875,0.0,1.0,false,1.0,1.0,0.00045043526430391107,,,,,,,
symmetry-037,symmetry,held_out,ordinal_1_to_5,001b9084a65ddf11,07_arasaac_pictograms,ARASAAC Pictograms,grandmother,icon_data/normalized_256/07_arasaac_pictograms/23710__001b9084a65d.png,icon_data/analysis/feature_v2_mask_overlays/001b9084a65ddf11.png,horizontal_symmetry_v2,0.9963981182005293,4,alpha,0.20758056640625,0.0,1.0,false,0.0,0.0,0.8327769057148039,,,,,,,
symmetry-038,symmetry,held_out,ordinal_1_to_5,4de8ea4a98e350d2,08_ghs_hazard_pictograms,GHS Hazard Pictograms,skull and crossbones,icon_data/normalized_256/08_ghs_hazard_pictograms/skull_and_crossbones__4de8ea4a98e3.png,icon_data/analysis/feature_v2_mask_overlays/4de8ea4a98e350d2.png,horizontal_symmetry_v2,0.9951160768047099,4,alpha,0.2280731201171875,0.00980392156862745,1.0,false,0.6919114203519101,0.0,0.01859247468212609,,,,,,,
symmetry-039,symmetry,held_out,ordinal_1_to_5,281ec3744536ddf8,09_universal_symbols_healthcare_webfont,Universal Symbols Healthcare Webfont,i emergency,icon_data/normalized_256/09_universal_symbols_healthcare_webfont/i_emergency__281ec3744536.png,icon_data/analysis/feature_v2_mask_overlays/281ec3744536ddf8.png,horizontal_symmetry_v2,1.0,4,opaque_border_lab,0.5548858642578125,0.0784313725490196,0.9715686274509804,false,0.0,0.0,0.01349162729531932,,,,,,,
symmetry-040,symmetry,held_out,ordinal_1_to_5,0125e5eaa978b2be,10_openmoji,OpenMoji,circled cc,icon_data/normalized_256/10_openmoji/1f16d__0125e5eaa978.png,icon_data/analysis/feature_v2_mask_overlays/0125e5eaa978b2be.png,horizontal_symmetry_v2,1.0,4,opaque_border_lab,0.531097412109375,0.0,1.0,false,0.0,0.0,5.488526663357656e-08,,,,,,,
symmetry-041,symmetry,held_out,ordinal_1_to_5,96387023568442cf,05_mulberry_symbols,Mulberry Symbols,tea spoon,icon_data/normalized_256/05_mulberry_symbols/tea_spoon__963870235684.png,icon_data/analysis/feature_v2_mask_overlays/96387023568442cf.png,horizontal_symmetry_v2,1.0,5,opaque_border_lab,0.0445098876953125,0.0,1.0,false,0.0,0.0,0.92739944837552,,,,,,,
symmetry-042,symmetry,held_out,ordinal_1_to_5,6d1227acdcfe936f,05_mulberry_symbols,Mulberry Symbols,chinese cabbage,icon_data/normalized_256/05_mulberry_symbols/chinese_cabbage__6d1227acdcfe.png,icon_data/analysis/feature_v2_mask_overlays/6d1227acdcfe936f.png,horizontal_symmetry_v2,1.0,5,opaque_border_lab,0.267974853515625,0.0,1.0,false,0.0,0.0,0.6014300252252258,,,,,,,
symmetry-043,symmetry,held_out,ordinal_1_to_5,6ce12af44ca7a88e,06_blissymbolics,Blissymbolics,toffle,icon_data/normalized_256/06_blissymbolics/toffle_1f6b0e998f87__6ce12af44ca7.png,icon_data/analysis/feature_v2_mask_overlays/6ce12af44ca7a88e.png,horizontal_symmetry_v2,1.0,5,alpha,0.83984375,0.4215686274509804,1.0,false,0.0,0.0,0.17279145303733923,,,,,,,
symmetry-044,symmetry,held_out,ordinal_1_to_5,6d2cc038ec58bf9f,07_arasaac_pictograms,ARASAAC Pictograms,table,icon_data/normalized_256/07_arasaac_pictograms/6562__6d2cc038ec58.png,icon_data/analysis/feature_v2_mask_overlays/6d2cc038ec58bf9f.png,horizontal_symmetry_v2,1.0,5,alpha,0.210968017578125,0.0,1.0,false,0.0,0.0,0.29685650539380165,,,,,,,
symmetry-045,symmetry,held_out,ordinal_1_to_5,a9af13d264f213d9,07_arasaac_pictograms,ARASAAC Pictograms,China,icon_data/normalized_256/07_arasaac_pictograms/8074__a9af13d264f2.png,icon_data/analysis/feature_v2_mask_overlays/a9af13d264f213d9.png,horizontal_symmetry_v2,1.0,5,alpha,0.606842041015625,0.0,1.0,false,0.9159416645712849,1.0,0.3828783889632479,,,,,,,
symmetry-046,symmetry,held_out,ordinal_1_to_5,6cda2baeb4a8b447,07_arasaac_pictograms,ARASAAC Pictograms,get dark,icon_data/normalized_256/07_arasaac_pictograms/3176__6cda2baeb4a8.png,icon_data/analysis/feature_v2_mask_overlays/6cda2baeb4a8b447.png,horizontal_symmetry_v2,1.0,5,alpha,0.919464111328125,0.0,1.0,false,0.0,0.0,0.028528315110555622,,,,,,,
symmetry-047,symmetry,held_out,ordinal_1_to_5,cddd255cbebb9d8e,08_ghs_hazard_pictograms,GHS Hazard Pictograms,environment,icon_data/normalized_256/08_ghs_hazard_pictograms/environment__cddd255cbebb.png,icon_data/analysis/feature_v2_mask_overlays/cddd255cbebb9d8e.png,horizontal_symmetry_v2,1.0,5,alpha,0.5058441162109375,0.00980392156862745,1.0,false,0.30282646074024916,0.0,0.003883533324398385,,,,,,,
symmetry-048,symmetry,held_out,ordinal_1_to_5,7f001a99a73e35ed,09_universal_symbols_healthcare_webfont,Universal Symbols Healthcare Webfont,i pediatrics,icon_data/normalized_256/09_universal_symbols_healthcare_webfont/i_pediatrics__7f001a99a73e.png,icon_data/analysis/feature_v2_mask_overlays/7f001a99a73e35ed.png,horizontal_symmetry_v2,1.0,5,opaque_border_lab,0.3895416259765625,0.006862745098039216,1.0,false,0.0,0.0,0.4601275860907747,,,,,,,
symmetry-049,symmetry,held_out,ordinal_1_to_5,6f8e8d450334b31b,10_openmoji,OpenMoji,registered,icon_data/normalized_256/10_openmoji/00ae__6f8e8d450334.png,icon_data/analysis/feature_v2_mask_overlays/6f8e8d450334b31b.png,horizontal_symmetry_v2,1.0,5,opaque_border_lab,0.531097412109375,0.0,1.0,false,0.0,0.0,5.488526663357656e-08,,,,,,,
symmetry-050,symmetry,held_out,ordinal_1_to_5,6d014c93197b940a,10_openmoji,OpenMoji,"women holding hands: medium-dark skin tone, medium skin tone",icon_data/normalized_256/10_openmoji/1f469_1f3fe_200d_1f91d_200d_1f469_1f3fd__6d014c93197b.png,icon_data/analysis/feature_v2_mask_overlays/6d014c93197b940a.png,horizontal_symmetry_v2,1.0,5,opaque_border_lab,0.3415374755859375,0.0,1.0,false,0.0,0.0,0.16627082477525612,,,,,,,
saturation-001,saturation,calibration,ordinal_1_to_5,09f287549c50a508,13_usp_pictograms_manual,USP Pictograms,06,icon_data/normalized_256/13_usp_pictograms_manual/06__09f287549c50.png,icon_data/analysis/feature_v2_mask_overlays/09f287549c50a508.png,mean_saturation_v2,0.0,1,alpha,0.7109375,0.3568627450980392,1.0,false,0.0,0.0,0.32852885726448944,,,,,,,
saturation-002,saturation,calibration,ordinal_1_to_5,0050c13101710bb3,03_mapbox_maki_icons,Mapbox Maki,construction,icon_data/normalized_256/03_mapbox_maki_icons/construction__0050c1310171.png,icon_data/analysis/feature_v2_mask_overlays/0050c13101710bb3.png,mean_saturation_v2,0.0,1,opaque_border_lab,0.446807861328125,0.0392156862745098,1.0,false,0.0,0.0,0.21909229002224265,,,,,,,
saturation-003,saturation,calibration,ordinal_1_to_5,045493f44b51c4e9,04_ocha_humanitarian_icons,OCHA Humanitarian Icons,table,icon_data/normalized_256/04_ocha_humanitarian_icons/table__045493f44b51.png,icon_data/analysis/feature_v2_mask_overlays/045493f44b51c4e9.png,mean_saturation_v2,0.0,1,opaque_border_lab,0.395538330078125,0.08235294117647059,0.9499601033154657,false,0.0,0.0,0.2531432283800894,,,,,,,
saturation-004,saturation,calibration,ordinal_1_to_5,045422495cee8bdd,05_mulberry_symbols,Mulberry Symbols,bolt,icon_data/normalized_256/05_mulberry_symbols/bolt__045422495cee.png,icon_data/analysis/feature_v2_mask_overlays/045422495cee8bdd.png,mean_saturation_v2,0.0,1,opaque_border_lab,0.1954803466796875,0.0,1.0,false,0.0,0.0,0.8262489092787226,,,,,,,
saturation-005,saturation,calibration,ordinal_1_to_5,0002b35721d50db7,06_blissymbolics,Blissymbolics,yogurt,icon_data/normalized_256/06_blissymbolics/yogurt_ffb139dafbf9__0002b35721d5.png,icon_data/analysis/feature_v2_mask_overlays/0002b35721d50db7.png,mean_saturation_v2,0.0,1,alpha,0.6015625,0.30196078431372547,1.0,false,0.0,0.0,0.4685714285714285,,,,,,,
saturation-006,saturation,calibration,ordinal_1_to_5,0070eb1bbd9f4984,07_arasaac_pictograms,ARASAAC Pictograms,go down escalator,icon_data/normalized_256/07_arasaac_pictograms/38148__0070eb1bbd9f.png,icon_data/analysis/feature_v2_mask_overlays/0070eb1bbd9f4984.png,mean_saturation_v2,0.0,1,alpha,0.201324462890625,0.0,1.0,false,0.0,0.0,0.4039045768866485,,,,,,,
saturation-007,saturation,calibration,ordinal_1_to_5,0103d975cd842ace,09_universal_symbols_healthcare_webfont,Universal Symbols Healthcare Webfont,i outpatient,icon_data/normalized_256/09_universal_symbols_healthcare_webfont/i_outpatient__0103d975cd84.png,icon_data/analysis/feature_v2_mask_overlays/0103d975cd842ace.png,mean_saturation_v2,0.0,1,opaque_border_lab,0.2395172119140625,0.010784313725490196,1.0,false,0.0,0.0,0.6181590472113957,,,,,,,
saturation-008,saturation,calibration,ordinal_1_to_5,00e6e59f4d92bf7f,10_openmoji,OpenMoji,stick figure,icon_data/normalized_256/10_openmoji/1fbc5__00e6e59f4d92.png,icon_data/analysis/feature_v2_mask_overlays/00e6e59f4d92bf7f.png,mean_saturation_v2,0.0,1,opaque_border_lab,0.1132049560546875,0.0,1.0,false,0.0,0.0,0.8165424107440924,,,,,,,
saturation-009,saturation,calibration,ordinal_1_to_5,017f18f80c2b6bb0,11_iso_7010_safety_signs,ISO 7010 Safety Signs,ISO 7010 W003,icon_data/normalized_256/11_iso_7010_safety_signs/iso_7010_w003__017f18f80c2b.png,icon_data/analysis/feature_v2_mask_overlays/017f18f80c2b6bb0.png,mean_saturation_v2,0.0,1,alpha,0.875,0.4392156862745098,1.0,false,0.0,0.0,0.13274565724656476,,,,,,,
saturation-010,saturation,calibration,ordinal_1_to_5,0368ddb907e94299,12_iso_15223_medical_device_symbols,ISO 15223 Medical Device Symbols,sterilized using aseptic processing techniques,icon_data/normalized_256/12_iso_15223_medical_device_symbols/sterilized_using_aseptic_processing_techniques__0368ddb907e9.png,icon_data/analysis/feature_v2_mask_overlays/0368ddb907e94299.png,mean_saturation_v2,0.0,1,opaque_border_lab,0.337188720703125,0.0,0.9654668172200521,false,0.0,0.0,0.7900198382420265,,,,,,,
saturation-011,saturation,calibration,ordinal_1_to_5,39344638f6049ace,02_aiga_dot_symbol_signs,AIGA/DOT Symbol Signs,Aiga elevator,icon_data/normalized_256/02_aiga_dot_symbol_signs/aiga_elevator__39344638f604.png,icon_data/analysis/feature_v2_mask_overlays/39344638f6049ace.png,mean_saturation_v2,0.02568782866001129,2,alpha,0.342742919921875,0.0,1.0,false,0.0,0.0,0.4056795010394477,,,,,,,
saturation-012,saturation,calibration,ordinal_1_to_5,af4527e3a8ea83a5,03_mapbox_maki_icons,Mapbox Maki,post,icon_data/normalized_256/03_mapbox_maki_icons/post__af4527e3a8ea.png,icon_data/analysis/feature_v2_mask_overlays/af4527e3a8ea83a5.png,mean_saturation_v2,0.0,2,opaque_border_lab,0.5645904541015625,0.0,1.0,false,0.0,0.0,0.28192850914015744,,,,,,,
saturation-013,saturation,calibration,ordinal_1_to_5,af923affad8d277c,04_ocha_humanitarian_icons,OCHA Humanitarian Icons,fund,icon_data/normalized_256/04_ocha_humanitarian_icons/fund__af923affad8d.png,icon_data/analysis/feature_v2_mask_overlays/af923affad8d277c.png,mean_saturation_v2,0.0,2,alpha,0.75,0.3764705882352941,1.0,false,0.0,0.0,0.28000546885681366,,,,,,,
saturation-014,saturation,calibration,ordinal_1_to_5,1e664a821622cdac,05_mulberry_symbols,Mulberry Symbols,hairdryer,icon_data/normalized_256/05_mulberry_symbols/hairdryer__1e664a821622.png,icon_data/analysis/feature_v2_mask_overlays/1e664a821622cdac.png,mean_saturation_v2,0.001300301169976592,2,opaque_border_lab,0.22296142578125,0.0,1.0,false,0.0006159321105940323,0.0,0.16005766697661877,,,,,,,
saturation-015,saturation,calibration,ordinal_1_to_5,00f2c8079b5dd94f,05_mulberry_symbols,Mulberry Symbols,eyelash curler,icon_data/normalized_256/05_mulberry_symbols/eyelash_curler__00f2c8079b5d.png,icon_data/analysis/feature_v2_mask_overlays/00f2c8079b5dd94f.png,mean_saturation_v2,0.06988001614809036,2,opaque_border_lab,0.15301513671875,0.0,1.0,false,0.0,0.0,0.5880646001159124,,,,,,,
saturation-016,saturation,calibration,ordinal_1_to_5,aede688b71223398,06_blissymbolics,Blissymbolics,sleipnir,icon_data/normalized_256/06_blissymbolics/sleipnir_aaa5d08647b1__aede688b7122.png,icon_data/analysis/feature_v2_mask_overlays/aede688b71223398.png,mean_saturation_v2,0.0,2,alpha,0.6015625,0.30196078431372547,1.0,false,0.0,0.0,0.4685714285714285,,,,,,,
saturation-017,saturation,calibration,ordinal_1_to_5,000414e17a0a41d0,07_arasaac_pictograms,ARASAAC Pictograms,handstand,icon_data/normalized_256/07_arasaac_pictograms/39193__000414e17a0a.png,icon_data/analysis/feature_v2_mask_overlays/000414e17a0a41d0.png,mean_saturation_v2,0.02431473508477211,2,alpha,0.225341796875,0.0,1.0,false,0.0,0.0,0.7052986330597739,,,,,,,
saturation-018,saturation,calibration,ordinal_1_to_5,00252cfed00be340,07_arasaac_pictograms,ARASAAC Pictograms,suck,icon_data/normalized_256/07_arasaac_pictograms/6449__00252cfed00b.png,icon_data/analysis/feature_v2_mask_overlays/00252cfed00be340.png,mean_saturation_v2,0.016920672729611397,2,alpha,0.377410888671875,0.0,1.0,false,0.012169483302336864,0.0,0.5179603262946018,,,,,,,
saturation-019,saturation,calibration,ordinal_1_to_5,b0850ebb310e8c1f,09_universal_symbols_healthcare_webfont,Universal Symbols Healthcare Webfont,i volume control,icon_data/normalized_256/09_universal_symbols_healthcare_webfont/i_volume_control__b0850ebb310e.png,icon_data/analysis/feature_v2_mask_overlays/b0850ebb310e8c1f.png,mean_saturation_v2,0.0,2,opaque_border_lab,0.2664642333984375,0.0,1.0,false,0.0,0.0,0.5886030172559933,,,,,,,
saturation-020,saturation,calibration,ordinal_1_to_5,02686c6ed08679df,10_openmoji,OpenMoji,mechanical arm,icon_data/normalized_256/10_openmoji/1f9be__02686c6ed086.png,icon_data/analysis/feature_v2_mask_overlays/02686c6ed08679df.png,mean_saturation_v2,0.0076470752246677876,2,opaque_border_lab,0.2054290771484375,0.0,1.0,false,0.0,0.0,0.7254708271775043,,,,,,,
saturation-021,saturation,calibration,ordinal_1_to_5,0019b2d808c4e112,05_mulberry_symbols,Mulberry Symbols,hand mixer,icon_data/normalized_256/05_mulberry_symbols/hand_mixer__0019b2d808c4.png,icon_data/analysis/feature_v2_mask_overlays/0019b2d808c4e112.png,mean_saturation_v2,0.2698094844818115,3,opaque_border_lab,0.1155548095703125,0.0,1.0,false,0.0,0.0,0.947759494126164,,,,,,,
saturation-022,saturation,calibration,ordinal_1_to_5,0001562427eb35de,07_arasaac_pictograms,ARASAAC Pictograms,garlic,icon_data/normalized_256/07_arasaac_pictograms/2641__0001562427eb.png,icon_data/analysis/feature_v2_mask_overlays/0001562427eb35de.png,mean_saturation_v2,0.13934727013111115,3,alpha,0.3365936279296875,0.0,1.0,false,0.0,0.0,0.3678744312206982,,,,,,,
saturation-023,saturation,calibration,ordinal_1_to_5,cddd255cbebb9d8e,08_ghs_hazard_pictograms,GHS Hazard Pictograms,environment,icon_data/normalized_256/08_ghs_hazard_pictograms/environment__cddd255cbebb.png,icon_data/analysis/feature_v2_mask_overlays/cddd255cbebb9d8e.png,mean_saturation_v2,0.23300258815288544,3,alpha,0.5058441162109375,0.00980392156862745,1.0,false,0.30282646074024916,0.0,0.003883533324398385,,,,,,,
saturation-024,saturation,calibration,ordinal_1_to_5,0014124c35ea0e7f,10_openmoji,OpenMoji,woman pilot: dark skin tone,icon_data/normalized_256/10_openmoji/1f469_1f3ff_200d_2708_fe0f__0014124c35ea.png,icon_data/analysis/feature_v2_mask_overlays/0014124c35ea0e7f.png,mean_saturation_v2,0.14898423850536346,3,opaque_border_lab,0.2966156005859375,0.0,1.0,false,0.0,0.0,0.2905758310189985,,,,,,,
saturation-025,saturation,calibration,ordinal_1_to_5,047d780b30f8967f,01_mcdougall_symbol_icon_set,McDougall Symbol/Icon Set,No entry,icon_data/normalized_256/01_mcdougall_symbol_icon_set/mcdougall_156__047d780b30f8.png,icon_data/analysis/feature_v2_mask_overlays/047d780b30f8967f.png,mean_saturation_v2,0.10963194817304611,3,opaque_border_lab,0.092987060546875,0.0,1.0,false,0.0,0.0,0.5763943277406729,,,,,,,
saturation-026,saturation,calibration,ordinal_1_to_5,002c3410a8bf6f95,05_mulberry_symbols,Mulberry Symbols,cot,icon_data/normalized_256/05_mulberry_symbols/cot__002c3410a8bf.png,icon_data/analysis/feature_v2_mask_overlays/002c3410a8bf6f95.png,mean_saturation_v2,0.2241017073392868,3,opaque_border_lab,0.3899383544921875,0.0,1.0,false,0.0,0.0,0.41323387697270786,,,,,,,
saturation-027,saturation,calibration,ordinal_1_to_5,000b2636bf639565,07_arasaac_pictograms,ARASAAC Pictograms,IWB,icon_data/normalized_256/07_arasaac_pictograms/9162__000b2636bf63.png,icon_data/analysis/feature_v2_mask_overlays/000b2636bf639565.png,mean_saturation_v2,0.25975751876831055,3,alpha,0.8154754638671875,0.0,1.0,false,0.18017326871620232,0.0,0.17151892532989216,,,,,,,
saturation-028,saturation,calibration,ordinal_1_to_5,00437ce612e4c7ef,10_openmoji,OpenMoji,joker,icon_data/normalized_256/10_openmoji/1f0cf__00437ce612e4.png,icon_data/analysis/feature_v2_mask_overlays/00437ce612e4c7ef.png,mean_saturation_v2,0.18793967366218567,3,opaque_border_lab,0.54150390625,0.0,1.0,false,0.09050946798917944,0.0,0.40647151256380204,,,,,,,
saturation-029,saturation,calibration,ordinal_1_to_5,0c489499364650eb,01_mcdougall_symbol_icon_set,McDougall Symbol/Icon Set,Plasticizing cylinder with plunger,icon_data/normalized_256/01_mcdougall_symbol_icon_set/mcdougall_173__0c4894993646.png,icon_data/analysis/feature_v2_mask_overlays/0c489499364650eb.png,mean_saturation_v2,0.09085884690284729,3,opaque_border_lab,0.031768798828125,0.0,1.0,false,0.0,0.0,0.17955770606422783,,,,,,,
saturation-030,saturation,calibration,ordinal_1_to_5,002c8c812c8d5f22,05_mulberry_symbols,Mulberry Symbols,wall,icon_data/normalized_256/05_mulberry_symbols/wall__002c8c812c8d.png,icon_data/analysis/feature_v2_mask_overlays/002c8c812c8d5f22.png,mean_saturation_v2,0.2795049250125885,3,opaque_border_lab,0.6505584716796875,0.0,1.0,false,0.0,0.0,0.024210186457916432,,,,,,,
saturation-031,saturation,held_out,ordinal_1_to_5,003df19821954ee9,05_mulberry_symbols,Mulberry Symbols,flag Brazil,icon_data/normalized_256/05_mulberry_symbols/flag_brazil__003df1982195.png,icon_data/analysis/feature_v2_mask_overlays/003df19821954ee9.png,mean_saturation_v2,0.4606824517250061,4,opaque_border_lab,0.366607666015625,0.0,1.0,false,0.0,0.0,0.34166103913451207,,,,,,,
saturation-032,saturation,held_out,ordinal_1_to_5,004265c2938f91a9,07_arasaac_pictograms,ARASAAC Pictograms,stable,icon_data/normalized_256/07_arasaac_pictograms/26712__004265c2938f.png,icon_data/analysis/feature_v2_mask_overlays/004265c2938f91a9.png,mean_saturation_v2,0.3641524612903595,4,alpha,0.371673583984375,0.0,1.0,false,0.0,0.0,0.24677908704450874,,,,,,,
saturation-033,saturation,held_out,ordinal_1_to_5,001e29f2c023cae1,10_openmoji,OpenMoji,man detective: light skin tone,icon_data/normalized_256/10_openmoji/1f575_1f3fb_200d_2642_fe0f__001e29f2c023.png,icon_data/analysis/feature_v2_mask_overlays/001e29f2c023cae1.png,mean_saturation_v2,0.315735399723053,4,opaque_border_lab,0.285614013671875,0.0,1.0,false,0.0,0.0,0.3865237606407957,,,,,,,
saturation-034,saturation,held_out,ordinal_1_to_5,0057cc5adfa85f89,05_mulberry_symbols,Mulberry Symbols,takeaway burger and chips,icon_data/normalized_256/05_mulberry_symbols/takeaway_burger_and_chips__0057cc5adfa8.png,icon_data/analysis/feature_v2_mask_overlays/0057cc5adfa85f89.png,mean_saturation_v2,0.3702782094478607,4,opaque_border_lab,0.4411773681640625,0.0,1.0,false,0.09227683049147442,0.0,0.287334262556773,,,,,,,
saturation-035,saturation,held_out,ordinal_1_to_5,0048aa169eb7c80e,07_arasaac_pictograms,ARASAAC Pictograms,cream,icon_data/normalized_256/07_arasaac_pictograms/13376__0048aa169eb7.png,icon_data/analysis/feature_v2_mask_overlays/0048aa169eb7c80e.png,mean_saturation_v2,0.3002161681652069,4,alpha,0.588775634765625,0.0,1.0,false,0.16620017622972064,0.0,0.24546650685915997,,,,,,,
saturation-036,saturation,held_out,ordinal_1_to_5,001f166bc321b01b,10_openmoji,OpenMoji,flag: Bulgaria,icon_data/normalized_256/10_openmoji/1f1e7_1f1ec__001f166bc321.png,icon_data/analysis/feature_v2_mask_overlays/001f166bc321b01b.png,mean_saturation_v2,0.4268110394477844,4,opaque_border_lab,0.51202392578125,0.0,1.0,false,0.27649302658242936,0.0,0.42559682091181944,,,,,,,
saturation-037,saturation,held_out,ordinal_1_to_5,00a92cd1190332cb,05_mulberry_symbols,Mulberry Symbols,salami sausage,icon_data/normalized_256/05_mulberry_symbols/salami_sausage__00a92cd11903.png,icon_data/analysis/feature_v2_mask_overlays/00a92cd1190332cb.png,mean_saturation_v2,0.44017526507377625,4,opaque_border_lab,0.3149261474609375,0.0,1.0,false,0.22098938902078588,0.0,0.4703720896528269,,,,,,,
saturation-038,saturation,held_out,ordinal_1_to_5,00ba131d5c182de1,07_arasaac_pictograms,ARASAAC Pictograms,winter tree,icon_data/normalized_256/07_arasaac_pictograms/5062__00ba131d5c18.png,icon_data/analysis/feature_v2_mask_overlays/00ba131d5c182de1.png,mean_saturation_v2,0.3924347162246704,4,alpha,0.1740570068359375,0.0,1.0,false,0.0,0.0,0.2374197199238039,,,,,,,
saturation-039,saturation,held_out,ordinal_1_to_5,00dafd23615a9a15,10_openmoji,OpenMoji,red exclamation mark,icon_data/normalized_256/10_openmoji/2757__00dafd23615a.png,icon_data/analysis/feature_v2_mask_overlays/00dafd23615a9a15.png,mean_saturation_v2,0.46084725856781006,4,opaque_border_lab,0.0795135498046875,0.0,1.0,false,0.3985799270773364,0.0,0.9539234777057608,,,,,,,
saturation-040,saturation,held_out,ordinal_1_to_5,00bb34df75e5a3c5,05_mulberry_symbols,Mulberry Symbols,a lower case,icon_data/normalized_256/05_mulberry_symbols/a_lower_case__00bb34df75e5.png,icon_data/analysis/feature_v2_mask_overlays/00bb34df75e5a3c5.png,mean_saturation_v2,0.2916507422924042,4,opaque_border_lab,0.1937713623046875,0.0,1.0,false,0.0,0.0,0.15148573317899108,,,,,,,
saturation-041,saturation,held_out,ordinal_1_to_5,00009523a1485434,05_mulberry_symbols,Mulberry Symbols,goldfish,icon_data/normalized_256/05_mulberry_symbols/goldfish__00009523a148.png,icon_data/analysis/feature_v2_mask_overlays/00009523a1485434.png,mean_saturation_v2,0.6869639754295349,5,opaque_border_lab,0.22784423828125,0.0,1.0,false,0.43376640771497454,0.0,0.6737637126570413,,,,,,,
saturation-042,saturation,held_out,ordinal_1_to_5,3f2223166838f956,07_arasaac_pictograms,ARASAAC Pictograms,circumference,icon_data/normalized_256/07_arasaac_pictograms/20099__3f2223166838.png,icon_data/analysis/feature_v2_mask_overlays/3f2223166838f956.png,mean_saturation_v2,0.9705970883369446,5,alpha,0.1409149169921875,0.0,1.0,false,1.0,1.0,0.00045043526430391107,,,,,,,
saturation-043,saturation,held_out,ordinal_1_to_5,0016a33ed6613f22,07_arasaac_pictograms,ARASAAC Pictograms,circle time,icon_data/normalized_256/07_arasaac_pictograms/27575__0016a33ed661.png,icon_data/analysis/feature_v2_mask_overlays/0016a33ed6613f22.png,mean_saturation_v2,0.5511534810066223,5,alpha,0.406158447265625,0.0,1.0,false,0.14249755804342926,0.0,0.18790969760523907,,,,,,,
saturation-044,saturation,held_out,ordinal_1_to_5,4de8ea4a98e350d2,08_ghs_hazard_pictograms,GHS Hazard Pictograms,skull and crossbones,icon_data/normalized_256/08_ghs_hazard_pictograms/skull_and_crossbones__4de8ea4a98e3.png,icon_data/analysis/feature_v2_mask_overlays/4de8ea4a98e350d2.png,mean_saturation_v2,0.6511130928993225,5,alpha,0.2280731201171875,0.00980392156862745,1.0,false,0.6919114203519101,0.0,0.01859247468212609,,,,,,,
saturation-045,saturation,held_out,ordinal_1_to_5,0011c213c281faae,10_openmoji,OpenMoji,flag: Vanuatu,icon_data/normalized_256/10_openmoji/1f1fb_1f1fa__0011c213c281.png,icon_data/analysis/feature_v2_mask_overlays/0011c213c281faae.png,mean_saturation_v2,0.5971315503120422,5,opaque_border_lab,0.5120849609375,0.0,1.0,false,0.29007747318235994,0.0,0.42558877957596425,,,,,,,
saturation-046,saturation,held_out,ordinal_1_to_5,15f1b4324f271e4f,02_aiga_dot_symbol_signs,AIGA/DOT Symbol Signs,Aiga FirstAid Red,icon_data/normalized_256/02_aiga_dot_symbol_signs/aiga_firstaid_red__15f1b4324f27.png,icon_data/analysis/feature_v2_mask_overlays/15f1b4324f271e4f.png,mean_saturation_v2,0.7866089940071106,5,alpha,0.5807952880859375,0.353921568627451,1.0,false,1.0,1.0,0.003003970755309303,,,,,,,
saturation-047,saturation,held_out,ordinal_1_to_5,377b58bad9dc2a21,02_aiga_dot_symbol_signs,AIGA/DOT Symbol Signs,Aiga No Smoking Red,icon_data/normalized_256/02_aiga_dot_symbol_signs/aiga_no_smoking_red__377b58bad9dc.png,icon_data/analysis/feature_v2_mask_overlays/377b58bad9dc2a21.png,mean_saturation_v2,0.642081081867218,5,alpha,0.5070953369140625,0.13725490196078433,1.0,false,0.8158456955435862,0.0,0.04464641077398943,,,,,,,
saturation-048,saturation,held_out,ordinal_1_to_5,003f37a6a4c66949,05_mulberry_symbols,Mulberry Symbols,peach,icon_data/normalized_256/05_mulberry_symbols/peach__003f37a6a4c6.png,icon_data/analysis/feature_v2_mask_overlays/003f37a6a4c66949.png,mean_saturation_v2,0.7419527173042297,5,opaque_border_lab,0.5095672607421875,0.0,1.0,false,0.0,0.0,0.03837099414362385,,,,,,,
saturation-049,saturation,held_out,ordinal_1_to_5,68f05f05367e8b6d,07_arasaac_pictograms,ARASAAC Pictograms,red,icon_data/normalized_256/07_arasaac_pictograms/2808__68f05f05367e.png,icon_data/analysis/feature_v2_mask_overlays/68f05f05367e8b6d.png,mean_saturation_v2,0.9733276963233948,5,alpha,0.35833740234375,0.0,1.0,false,1.0,1.0,0.2448491905856213,,,,,,,
saturation-050,saturation,held_out,ordinal_1_to_5,001aae9b8a1ae0c6,07_arasaac_pictograms,ARASAAC Pictograms,mittens,icon_data/normalized_256/07_arasaac_pictograms/2927__001aae9b8a1a.png,icon_data/analysis/feature_v2_mask_overlays/001aae9b8a1ae0c6.png,mean_saturation_v2,0.7588867545127869,5,alpha,0.5219573974609375,0.0,1.0,false,0.0,0.0,0.339368851268273,,,,,,,
texture-001,texture,calibration,ordinal_1_to_5,03a2b61645ccb834,01_mcdougall_symbol_icon_set,McDougall Symbol/Icon Set,Adjust contrast,icon_data/normalized_256/01_mcdougall_symbol_icon_set/mcdougall_003__03a2b61645cc.png,icon_data/analysis/feature_v2_mask_overlays/03a2b61645ccb834.png,local_texture_variation_v2,0.12448059767484665,1,opaque_border_lab,0.2153472900390625,0.0,1.0,false,0.0,0.0,0.3203995267715286,,,,,,,
texture-002,texture,calibration,ordinal_1_to_5,0b5e70af0684900a,02_aiga_dot_symbol_signs,AIGA/DOT Symbol Signs,Aiga coatcheck,icon_data/normalized_256/02_aiga_dot_symbol_signs/aiga_coatcheck__0b5e70af0684.png,icon_data/analysis/feature_v2_mask_overlays/0b5e70af0684900a.png,local_texture_variation_v2,0.08282219618558884,1,alpha,0.196746826171875,0.03137254901960784,1.0,false,0.0,0.0,0.21790473444704606,,,,,,,
texture-003,texture,calibration,ordinal_1_to_5,15f1b4324f271e4f,02_aiga_dot_symbol_signs,AIGA/DOT Symbol Signs,Aiga FirstAid Red,icon_data/normalized_256/02_aiga_dot_symbol_signs/aiga_firstaid_red__15f1b4324f27.png,icon_data/analysis/feature_v2_mask_overlays/15f1b4324f271e4f.png,local_texture_variation_v2,0.007937501184642315,1,alpha,0.5807952880859375,0.353921568627451,1.0,false,1.0,1.0,0.003003970755309303,,,,,,,
texture-004,texture,calibration,ordinal_1_to_5,377b58bad9dc2a21,02_aiga_dot_symbol_signs,AIGA/DOT Symbol Signs,Aiga No Smoking Red,icon_data/normalized_256/02_aiga_dot_symbol_signs/aiga_no_smoking_red__377b58bad9dc.png,icon_data/analysis/feature_v2_mask_overlays/377b58bad9dc2a21.png,local_texture_variation_v2,0.05972230061888695,1,alpha,0.5070953369140625,0.13725490196078433,1.0,false,0.8158456955435862,0.0,0.04464641077398943,,,,,,,
texture-005,texture,calibration,ordinal_1_to_5,0050c13101710bb3,03_mapbox_maki_icons,Mapbox Maki,construction,icon_data/normalized_256/03_mapbox_maki_icons/construction__0050c1310171.png,icon_data/analysis/feature_v2_mask_overlays/0050c13101710bb3.png,local_texture_variation_v2,0.1149560809135437,1,opaque_border_lab,0.446807861328125,0.0392156862745098,1.0,false,0.0,0.0,0.21909229002224265,,,,,,,
texture-006,texture,calibration,ordinal_1_to_5,09846ffa63d2ccca,04_ocha_humanitarian_icons,OCHA Humanitarian Icons,storm,icon_data/normalized_256/04_ocha_humanitarian_icons/storm__09846ffa63d2.png,icon_data/analysis/feature_v2_mask_overlays/09846ffa63d2ccca.png,local_texture_variation_v2,0.05745130404829979,1,opaque_border_lab,0.45159912109375,0.09117647058823529,0.9477948252360027,false,0.0,0.0,0.17822470676074173,,,,,,,
texture-007,texture,calibration,ordinal_1_to_5,889dd744358e38c4,05_mulberry_symbols,Mulberry Symbols,sunglasses,icon_data/normalized_256/05_mulberry_symbols/sunglasses__889dd744358e.png,icon_data/analysis/feature_v2_mask_overlays/889dd744358e38c4.png,local_texture_variation_v2,0.09239587932825089,1,opaque_border_lab,0.1363067626953125,0.0,1.0,false,0.0,0.0,0.7154598080299985,,,,,,,
texture-008,texture,calibration,ordinal_1_to_5,00bb34df75e5a3c5,05_mulberry_symbols,Mulberry Symbols,a lower case,icon_data/normalized_256/05_mulberry_symbols/a_lower_case__00bb34df75e5.png,icon_data/analysis/feature_v2_mask_overlays/00bb34df75e5a3c5.png,local_texture_variation_v2,0.12064946442842484,1,opaque_border_lab,0.1937713623046875,0.0,1.0,false,0.0,0.0,0.15148573317899108,,,,,,,
texture-009,texture,calibration,ordinal_1_to_5,001c4aa4d8952d07,06_blissymbolics,Blissymbolics,trust,icon_data/normalized_256/06_blissymbolics/trust_c1ebff209366__001c4aa4d895.png,icon_data/analysis/feature_v2_mask_overlays/001c4aa4d8952d07.png,local_texture_variation_v2,0.11012057214975357,1,alpha,0.83984375,0.4215686274509804,1.0,false,0.0,0.0,0.17279145303733923,,,,,,,
texture-010,texture,calibration,ordinal_1_to_5,00d83fd2bb2c2a24,07_arasaac_pictograms,ARASAAC Pictograms,quaver,icon_data/normalized_256/07_arasaac_pictograms/39474__00d83fd2bb2c.png,icon_data/analysis/feature_v2_mask_overlays/00d83fd2bb2c2a24.png,local_texture_variation_v2,0.09053829312324524,1,alpha,0.090179443359375,0.0,1.0,false,0.0,0.0,0.8493630921140041,,,,,,,
texture-011,texture,calibration,ordinal_1_to_5,0d671d32bec85d0c,02_aiga_dot_symbol_signs,AIGA/DOT Symbol Signs,Aiga BarberShop,icon_data/normalized_256/02_aiga_dot_symbol_signs/aiga_barbershop__0d671d32bec8.png,icon_data/analysis/feature_v2_mask_overlays/0d671d32bec85d0c.png,local_texture_variation_v2,0.13185983896255493,2,alpha,0.4034423828125,0.0696078431372549,1.0,false,0.0,0.0,0.4027498524112468,,,,,,,
texture-012,texture,calibration,ordinal_1_to_5,005bcfe142158bf0,03_mapbox_maki_icons,Mapbox Maki,cemetery JP,icon_data/normalized_256/03_mapbox_maki_icons/cemetery_jp__005bcfe14215.png,icon_data/analysis/feature_v2_mask_overlays/005bcfe142158bf0.png,local_texture_variation_v2,0.1261133998632431,2,opaque_border_lab,0.27581787109375,0.0,1.0,false,0.0,0.0,0.4453191481606356,,,,,,,
texture-013,texture,calibration,ordinal_1_to_5,045493f44b51c4e9,04_ocha_humanitarian_icons,OCHA Humanitarian Icons,table,icon_data/normalized_256/04_ocha_humanitarian_icons/table__045493f44b51.png,icon_data/analysis/feature_v2_mask_overlays/045493f44b51c4e9.png,local_texture_variation_v2,0.1260414570569992,2,opaque_border_lab,0.395538330078125,0.08235294117647059,0.9499601033154657,false,0.0,0.0,0.2531432283800894,,,,,,,
texture-014,texture,calibration,ordinal_1_to_5,509d422599851040,05_mulberry_symbols,Mulberry Symbols,wheelie bin,icon_data/normalized_256/05_mulberry_symbols/wheelie_bin__509d42259985.png,icon_data/analysis/feature_v2_mask_overlays/509d422599851040.png,local_texture_variation_v2,0.17713771760463715,2,opaque_border_lab,0.259185791015625,0.0,1.0,false,0.0,0.0,0.646453587188534,,,,,,,
texture-015,texture,calibration,ordinal_1_to_5,00009523a1485434,05_mulberry_symbols,Mulberry Symbols,goldfish,icon_data/normalized_256/05_mulberry_symbols/goldfish__00009523a148.png,icon_data/analysis/feature_v2_mask_overlays/00009523a1485434.png,local_texture_variation_v2,0.1821896731853485,2,opaque_border_lab,0.22784423828125,0.0,1.0,false,0.43376640771497454,0.0,0.6737637126570413,,,,,,,
texture-016,texture,calibration,ordinal_1_to_5,0002b35721d50db7,06_blissymbolics,Blissymbolics,yogurt,icon_data/normalized_256/06_blissymbolics/yogurt_ffb139dafbf9__0002b35721d5.png,icon_data/analysis/feature_v2_mask_overlays/0002b35721d50db7.png,local_texture_variation_v2,0.1524745523929596,2,alpha,0.6015625,0.30196078431372547,1.0,false,0.0,0.0,0.4685714285714285,,,,,,,
texture-017,texture,calibration,ordinal_1_to_5,0105b5202d1d2870,07_arasaac_pictograms,ARASAAC Pictograms,us,icon_data/normalized_256/07_arasaac_pictograms/32306__0105b5202d1d.png,icon_data/analysis/feature_v2_mask_overlays/0105b5202d1d2870.png,local_texture_variation_v2,0.19061195850372314,2,alpha,0.5627593994140625,0.0,1.0,false,0.0,0.0,0.04027880735869508,,,,,,,
texture-018,texture,calibration,ordinal_1_to_5,0027d96e4412061b,07_arasaac_pictograms,ARASAAC Pictograms,tennis player,icon_data/normalized_256/07_arasaac_pictograms/3222__0027d96e4412.png,icon_data/analysis/feature_v2_mask_overlays/0027d96e4412061b.png,local_texture_variation_v2,0.18462862074375153,2,alpha,0.498809814453125,0.0,1.0,false,0.004160293667788315,0.0,0.05522735961759199,,,,,,,
texture-019,texture,calibration,ordinal_1_to_5,1011e0d2bd4a96a6,09_universal_symbols_healthcare_webfont,Universal Symbols Healthcare Webfont,i respiratory,icon_data/normalized_256/09_universal_symbols_healthcare_webfont/i_respiratory__1011e0d2bd4a.png,icon_data/analysis/feature_v2_mask_overlays/1011e0d2bd4a96a6.png,local_texture_variation_v2,0.18054229021072388,2,opaque_border_lab,0.597900390625,0.018627450980392157,0.9654668172200521,false,0.0,0.0,0.15324538429437046,,,,,,,
texture-020,texture,calibration,ordinal_1_to_5,034a4f8b26cecbab,10_openmoji,OpenMoji,five-thirty,icon_data/normalized_256/10_openmoji/1f560__034a4f8b26ce.png,icon_data/analysis/feature_v2_mask_overlays/034a4f8b26cecbab.png,local_texture_variation_v2,0.16136443614959717,2,opaque_border_lab,0.3660430908203125,0.0,1.0,false,0.0,0.0,0.00044301650273811553,,,,,,,
texture-021,texture,calibration,ordinal_1_to_5,9717e25f4ef2d9d3,04_ocha_humanitarian_icons,OCHA Humanitarian Icons,bacteria,icon_data/normalized_256/04_ocha_humanitarian_icons/bacteria__9717e25f4ef2.png,icon_data/analysis/feature_v2_mask_overlays/9717e25f4ef2d9d3.png,local_texture_variation_v2,0.21014897525310516,3,opaque_border_lab,0.586517333984375,0.05392156862745098,0.996078431372549,false,0.0,0.0,0.259379734857968,,,,,,,
texture-022,texture,calibration,ordinal_1_to_5,07dbb4b04d914e48,05_mulberry_symbols,Mulberry Symbols,flatscreen tv,icon_data/normalized_256/05_mulberry_symbols/flatscreen_tv__07dbb4b04d91.png,icon_data/analysis/feature_v2_mask_overlays/07dbb4b04d914e48.png,local_texture_variation_v2,0.2097318023443222,3,opaque_border_lab,0.555267333984375,0.0,1.0,false,0.0,0.0,0.12779595434433855,,,,,,,
texture-023,texture,calibration,ordinal_1_to_5,003df19821954ee9,05_mulberry_symbols,Mulberry Symbols,flag Brazil,icon_data/normalized_256/05_mulberry_symbols/flag_brazil__003df1982195.png,icon_data/analysis/feature_v2_mask_overlays/003df19821954ee9.png,local_texture_variation_v2,0.2416955530643463,3,opaque_border_lab,0.366607666015625,0.0,1.0,false,0.0,0.0,0.34166103913451207,,,,,,,
texture-024,texture,calibration,ordinal_1_to_5,02ed66523da83284,06_blissymbolics,Blissymbolics,religion god based,icon_data/normalized_256/06_blissymbolics/religion_god_based_01b669409b66__02ed66523da8.png,icon_data/analysis/feature_v2_mask_overlays/02ed66523da83284.png,local_texture_variation_v2,0.2512989640235901,3,alpha,0.4296875,0.21568627450980393,1.0,false,0.0,0.0,0.6883066697580957,,,,,,,
texture-025,texture,calibration,ordinal_1_to_5,000414e17a0a41d0,07_arasaac_pictograms,ARASAAC Pictograms,handstand,icon_data/normalized_256/07_arasaac_pictograms/39193__000414e17a0a.png,icon_data/analysis/feature_v2_mask_overlays/000414e17a0a41d0.png,local_texture_variation_v2,0.21473746001720428,3,alpha,0.225341796875,0.0,1.0,false,0.0,0.0,0.7052986330597739,,,,,,,
texture-026,texture,calibration,ordinal_1_to_5,000b2636bf639565,07_arasaac_pictograms,ARASAAC Pictograms,IWB,icon_data/normalized_256/07_arasaac_pictograms/9162__000b2636bf63.png,icon_data/analysis/feature_v2_mask_overlays/000b2636bf639565.png,local_texture_variation_v2,0.2291320562362671,3,alpha,0.8154754638671875,0.0,1.0,false,0.18017326871620232,0.0,0.17151892532989216,,,,,,,
texture-027,texture,calibration,ordinal_1_to_5,cddd255cbebb9d8e,08_ghs_hazard_pictograms,GHS Hazard Pictograms,environment,icon_data/normalized_256/08_ghs_hazard_pictograms/environment__cddd255cbebb.png,icon_data/analysis/feature_v2_mask_overlays/cddd255cbebb9d8e.png,local_texture_variation_v2,0.1960499882698059,3,alpha,0.5058441162109375,0.00980392156862745,1.0,false,0.30282646074024916,0.0,0.003883533324398385,,,,,,,
texture-028,texture,calibration,ordinal_1_to_5,0103d975cd842ace,09_universal_symbols_healthcare_webfont,Universal Symbols Healthcare Webfont,i outpatient,icon_data/normalized_256/09_universal_symbols_healthcare_webfont/i_outpatient__0103d975cd84.png,icon_data/analysis/feature_v2_mask_overlays/0103d975cd842ace.png,local_texture_variation_v2,0.19869063794612885,3,opaque_border_lab,0.2395172119140625,0.010784313725490196,1.0,false,0.0,0.0,0.6181590472113957,,,,,,,
texture-029,texture,calibration,ordinal_1_to_5,0125e5eaa978b2be,10_openmoji,OpenMoji,circled cc,icon_data/normalized_256/10_openmoji/1f16d__0125e5eaa978.png,icon_data/analysis/feature_v2_mask_overlays/0125e5eaa978b2be.png,local_texture_variation_v2,0.20117312669754028,3,opaque_border_lab,0.531097412109375,0.0,1.0,false,0.0,0.0,5.488526663357656e-08,,,,,,,
texture-030,texture,calibration,ordinal_1_to_5,0034afd6e2e1b1ce,10_openmoji,OpenMoji,woman fairy: medium skin tone,icon_data/normalized_256/10_openmoji/1f9da_1f3fd_200d_2640_fe0f__0034afd6e2e1.png,icon_data/analysis/feature_v2_mask_overlays/0034afd6e2e1b1ce.png,local_texture_variation_v2,0.20361295342445374,3,opaque_border_lab,0.4420166015625,0.0,1.0,false,0.0,0.0,0.0913533052733909,,,,,,,
texture-031,texture,held_out,ordinal_1_to_5,05886f5393fc8972,05_mulberry_symbols,Mulberry Symbols,bowl,icon_data/normalized_256/05_mulberry_symbols/bowl__05886f5393fc.png,icon_data/analysis/feature_v2_mask_overlays/05886f5393fc8972.png,local_texture_variation_v2,0.26569342613220215,4,opaque_border_lab,0.403289794921875,0.0,1.0,false,0.0,0.0,0.27240545538067,,,,,,,
texture-032,texture,held_out,ordinal_1_to_5,002c8c812c8d5f22,05_mulberry_symbols,Mulberry Symbols,wall,icon_data/normalized_256/05_mulberry_symbols/wall__002c8c812c8d.png,icon_data/analysis/feature_v2_mask_overlays/002c8c812c8d5f22.png,local_texture_variation_v2,0.27216535806655884,4,opaque_border_lab,0.6505584716796875,0.0,1.0,false,0.0,0.0,0.024210186457916432,,,,,,,
texture-033,texture,held_out,ordinal_1_to_5,003a535e197e3cf3,06_blissymbolics,Blissymbolics,bread sliced,icon_data/normalized_256/06_blissymbolics/bread_sliced_2d1c3858469d__003a535e197e.png,icon_data/analysis/feature_v2_mask_overlays/003a535e197e3cf3.png,local_texture_variation_v2,0.29731661081314087,4,opaque_border_lab,0.1261138916015625,0.0,1.0,false,0.0,0.0,0.8314753338481715,,,,,,,
texture-034,texture,held_out,ordinal_1_to_5,00f994d63b464256,07_arasaac_pictograms,ARASAAC Pictograms,gears,icon_data/normalized_256/07_arasaac_pictograms/9172__00f994d63b46.png,icon_data/analysis/feature_v2_mask_overlays/00f994d63b464256.png,local_texture_variation_v2,0.26137372851371765,4,alpha,0.36822509765625,0.0,1.0,false,0.0,0.0,0.6182359569135272,,,,,,,
texture-035,texture,held_out,ordinal_1_to_5,0016a33ed6613f22,07_arasaac_pictograms,ARASAAC Pictograms,circle time,icon_data/normalized_256/07_arasaac_pictograms/27575__0016a33ed661.png,icon_data/analysis/feature_v2_mask_overlays/0016a33ed6613f22.png,local_texture_variation_v2,0.3223777115345001,4,alpha,0.406158447265625,0.0,1.0,false,0.14249755804342926,0.0,0.18790969760523907,,,,,,,
texture-036,texture,held_out,ordinal_1_to_5,31f94ec85b9130e2,09_universal_symbols_healthcare_webfont,Universal Symbols Healthcare Webfont,i genetics,icon_data/normalized_256/09_universal_symbols_healthcare_webfont/i_genetics__31f94ec85b91.png,icon_data/analysis/feature_v2_mask_overlays/31f94ec85b9130e2.png,local_texture_variation_v2,0.29918742179870605,4,opaque_border_lab,0.497955322265625,0.021568627450980392,1.0,false,0.0,0.0,0.17365684252039534,,,,,,,
texture-037,texture,held_out,ordinal_1_to_5,02686c6ed08679df,10_openmoji,OpenMoji,mechanical arm,icon_data/normalized_256/10_openmoji/1f9be__02686c6ed086.png,icon_data/analysis/feature_v2_mask_overlays/02686c6ed08679df.png,local_texture_variation_v2,0.2767349183559418,4,opaque_border_lab,0.2054290771484375,0.0,1.0,false,0.0,0.0,0.7254708271775043,,,,,,,
texture-038,texture,held_out,ordinal_1_to_5,001e29f2c023cae1,10_openmoji,OpenMoji,man detective: light skin tone,icon_data/normalized_256/10_openmoji/1f575_1f3fb_200d_2642_fe0f__001e29f2c023.png,icon_data/analysis/feature_v2_mask_overlays/001e29f2c023cae1.png,local_texture_variation_v2,0.28156015276908875,4,opaque_border_lab,0.285614013671875,0.0,1.0,false,0.0,0.0,0.3865237606407957,,,,,,,
texture-039,texture,held_out,ordinal_1_to_5,9d2b879b70f65e10,11_iso_7010_safety_signs,ISO 7010 Safety Signs,ISO 7010 W002,icon_data/normalized_256/11_iso_7010_safety_signs/iso_7010_w002__9d2b879b70f6.png,icon_data/analysis/feature_v2_mask_overlays/9d2b879b70f65e10.png,local_texture_variation_v2,0.2684432864189148,4,alpha,0.875,0.4392156862745098,1.0,false,0.0,0.0,0.13274565724656476,,,,,,,
texture-040,texture,held_out,ordinal_1_to_5,0db27129c0b71a97,12_iso_15223_medical_device_symbols,ISO 15223 Medical Device Symbols,do not re use,icon_data/normalized_256/12_iso_15223_medical_device_symbols/do_not_re_use__0db27129c0b7.png,icon_data/analysis/feature_v2_mask_overlays/0db27129c0b71a97.png,local_texture_variation_v2,0.26805275678634644,4,opaque_border_lab,0.434906005859375,0.0,1.0,false,0.0,0.0,0.0006846155130886239,,,,,,,
texture-041,texture,held_out,ordinal_1_to_5,045422495cee8bdd,05_mulberry_symbols,Mulberry Symbols,bolt,icon_data/normalized_256/05_mulberry_symbols/bolt__045422495cee.png,icon_data/analysis/feature_v2_mask_overlays/045422495cee8bdd.png,local_texture_variation_v2,0.37486815452575684,5,opaque_border_lab,0.1954803466796875,0.0,1.0,false,0.0,0.0,0.8262489092787226,,,,,,,
texture-042,texture,held_out,ordinal_1_to_5,0019b2d808c4e112,05_mulberry_symbols,Mulberry Symbols,hand mixer,icon_data/normalized_256/05_mulberry_symbols/hand_mixer__0019b2d808c4.png,icon_data/analysis/feature_v2_mask_overlays/0019b2d808c4e112.png,local_texture_variation_v2,0.37235361337661743,5,opaque_border_lab,0.1155548095703125,0.0,1.0,false,0.0,0.0,0.947759494126164,,,,,,,
texture-043,texture,held_out,ordinal_1_to_5,007b32c4b974edd4,06_blissymbolics,Blissymbolics,ghost old,icon_data/normalized_256/06_blissymbolics/ghost_old_6fe276ab21b7__007b32c4b974.png,icon_data/analysis/feature_v2_mask_overlays/007b32c4b974edd4.png,local_texture_variation_v2,0.5200048685073853,5,opaque_border_lab,0.0817718505859375,0.0,1.0,false,0.0,0.0,0.8193602135675397,,,,,,,
texture-044,texture,held_out,ordinal_1_to_5,009385f7db26b2a7,07_arasaac_pictograms,ARASAAC Pictograms,ticket,icon_data/normalized_256/07_arasaac_pictograms/11255__009385f7db26.png,icon_data/analysis/feature_v2_mask_overlays/009385f7db26b2a7.png,local_texture_variation_v2,0.37772461771965027,5,alpha,0.4785614013671875,0.0,1.0,false,0.0,0.0,0.4947081955818525,,,,,,,
texture-045,texture,held_out,ordinal_1_to_5,0001562427eb35de,07_arasaac_pictograms,ARASAAC Pictograms,garlic,icon_data/normalized_256/07_arasaac_pictograms/2641__0001562427eb.png,icon_data/analysis/feature_v2_mask_overlays/0001562427eb35de.png,local_texture_variation_v2,0.45633968710899353,5,alpha,0.3365936279296875,0.0,1.0,false,0.0,0.0,0.3678744312206982,,,,,,,
texture-046,texture,held_out,ordinal_1_to_5,00e6e59f4d92bf7f,10_openmoji,OpenMoji,stick figure,icon_data/normalized_256/10_openmoji/1fbc5__00e6e59f4d92.png,icon_data/analysis/feature_v2_mask_overlays/00e6e59f4d92bf7f.png,local_texture_variation_v2,0.42656439542770386,5,opaque_border_lab,0.1132049560546875,0.0,1.0,false,0.0,0.0,0.8165424107440924,,,,,,,
texture-047,texture,held_out,ordinal_1_to_5,01bb817638bab466,10_openmoji,OpenMoji,man dancing: light skin tone,icon_data/normalized_256/10_openmoji/1f57a_1f3fb__01bb817638ba.png,icon_data/analysis/feature_v2_mask_overlays/01bb817638bab466.png,local_texture_variation_v2,0.36286303400993347,5,opaque_border_lab,0.19281005859375,0.0,1.0,false,0.0,0.0,0.6042063846787427,,,,,,,
texture-048,texture,held_out,ordinal_1_to_5,0368ddb907e94299,12_iso_15223_medical_device_symbols,ISO 15223 Medical Device Symbols,sterilized using aseptic processing techniques,icon_data/normalized_256/12_iso_15223_medical_device_symbols/sterilized_using_aseptic_processing_techniques__0368ddb907e9.png,icon_data/analysis/feature_v2_mask_overlays/0368ddb907e94299.png,local_texture_variation_v2,0.39298170804977417,5,opaque_border_lab,0.337188720703125,0.0,0.9654668172200521,false,0.0,0.0,0.7900198382420265,,,,,,,
texture-049,texture,held_out,ordinal_1_to_5,09f287549c50a508,13_usp_pictograms_manual,USP Pictograms,06,icon_data/normalized_256/13_usp_pictograms_manual/06__09f287549c50.png,icon_data/analysis/feature_v2_mask_overlays/09f287549c50a508.png,local_texture_variation_v2,0.36957570910453796,5,alpha,0.7109375,0.3568627450980392,1.0,false,0.0,0.0,0.32852885726448944,,,,,,,
texture-050,texture,held_out,ordinal_1_to_5,7b8ca685b652fefd,01_mcdougall_symbol_icon_set,McDougall Symbol/Icon Set,Magnify,icon_data/normalized_256/01_mcdougall_symbol_icon_set/mcdougall_141__7b8ca685b652.png,icon_data/analysis/feature_v2_mask_overlays/7b8ca685b652fefd.png,local_texture_variation_v2,0.55825275182724,5,opaque_border_lab,0.19921875,0.0,1.0,false,0.0,0.0,0.3348971490436666,,,,,,,
strict_red-001,strict_red,calibration,red_or_not_red,15f1b4324f271e4f,02_aiga_dot_symbol_signs,AIGA/DOT Symbol Signs,Aiga FirstAid Red,icon_data/normalized_256/02_aiga_dot_symbol_signs/aiga_firstaid_red__15f1b4324f27.png,icon_data/analysis/feature_v2_mask_overlays/15f1b4324f271e4f.png,red_pixel_ratio_v2,1.0,1,alpha,0.5807952880859375,0.353921568627451,1.0,false,1.0,1.0,0.003003970755309303,,,,,,,
strict_red-002,strict_red,calibration,red_or_not_red,3f2223166838f956,07_arasaac_pictograms,ARASAAC Pictograms,circumference,icon_data/normalized_256/07_arasaac_pictograms/20099__3f2223166838.png,icon_data/analysis/feature_v2_mask_overlays/3f2223166838f956.png,red_pixel_ratio_v2,1.0,5,alpha,0.1409149169921875,0.0,1.0,false,1.0,1.0,0.00045043526430391107,,,,,,,
strict_red-003,strict_red,calibration,red_or_not_red,68f05f05367e8b6d,07_arasaac_pictograms,ARASAAC Pictograms,red,icon_data/normalized_256/07_arasaac_pictograms/2808__68f05f05367e.png,icon_data/analysis/feature_v2_mask_overlays/68f05f05367e8b6d.png,red_pixel_ratio_v2,1.0,5,alpha,0.35833740234375,0.0,1.0,false,1.0,1.0,0.2448491905856213,,,,,,,
strict_red-004,strict_red,calibration,red_or_not_red,8bb99f096e33f650,07_arasaac_pictograms,ARASAAC Pictograms,prohibition,icon_data/normalized_256/07_arasaac_pictograms/15527__8bb99f096e33.png,icon_data/analysis/feature_v2_mask_overlays/8bb99f096e33f650.png,red_pixel_ratio_v2,1.0,2,alpha,0.3238677978515625,0.0,1.0,false,1.0,1.0,0.05281508789094947,,,,,,,
strict_red-005,strict_red,calibration,red_or_not_red,9d0c81d4c6e02fe6,07_arasaac_pictograms,ARASAAC Pictograms,cause,icon_data/normalized_256/07_arasaac_pictograms/12295__9d0c81d4c6e0.png,icon_data/analysis/feature_v2_mask_overlays/9d0c81d4c6e02fe6.png,red_pixel_ratio_v2,1.0,2,alpha,0.2275390625,0.0,1.0,false,1.0,1.0,0.13353846803975758,,,,,,,
strict_red-006,strict_red,calibration,red_or_not_red,a7ade4a865fe3f27,07_arasaac_pictograms,ARASAAC Pictograms,forbid,icon_data/normalized_256/07_arasaac_pictograms/32366__a7ade4a865fe.png,icon_data/analysis/feature_v2_mask_overlays/a7ade4a865fe3f27.png,red_pixel_ratio_v2,1.0,,alpha,0.3256072998046875,0.0,1.0,false,1.0,1.0,0.053469895113418715,,,,,,,
strict_red-007,strict_red,calibration,red_or_not_red,f9b10ba9660e1c79,07_arasaac_pictograms,ARASAAC Pictograms,maroon,icon_data/normalized_256/07_arasaac_pictograms/9095__f9b10ba9660e.png,icon_data/analysis/feature_v2_mask_overlays/f9b10ba9660e1c79.png,red_pixel_ratio_v2,1.0,,alpha,0.358428955078125,0.0,1.0,false,1.0,1.0,0.24499050885877066,,,,,,,
strict_red-008,strict_red,calibration,red_or_not_red,a9af13d264f213d9,07_arasaac_pictograms,ARASAAC Pictograms,China,icon_data/normalized_256/07_arasaac_pictograms/8074__a9af13d264f2.png,icon_data/analysis/feature_v2_mask_overlays/a9af13d264f213d9.png,red_pixel_ratio_v2,0.9159416645712849,5,alpha,0.606842041015625,0.0,1.0,false,0.9159416645712849,1.0,0.3828783889632479,,,,,,,
strict_red-009,strict_red,calibration,red_or_not_red,69ce70385fe9a802,07_arasaac_pictograms,ARASAAC Pictograms,sphere,icon_data/normalized_256/07_arasaac_pictograms/9113__69ce70385fe9.png,icon_data/analysis/feature_v2_mask_overlays/69ce70385fe9a802.png,red_pixel_ratio_v2,0.9098995768975888,4,alpha,0.598663330078125,0.0,1.0,false,0.9098995768975888,1.0,0.0006522022239225092,,,,,,,
strict_red-010,strict_red,calibration,red_or_not_red,984c17dc927d2a2a,07_arasaac_pictograms,ARASAAC Pictograms,hood,icon_data/normalized_256/07_arasaac_pictograms/7050__984c17dc927d.png,icon_data/analysis/feature_v2_mask_overlays/984c17dc927d2a2a.png,red_pixel_ratio_v2,0.9072125550941377,3,alpha,0.5989227294921875,0.0,1.0,false,0.9072125550941377,1.0,0.2270808797581718,,,,,,,
strict_red-011,strict_red,calibration,red_or_not_red,152a0b85188088fd,07_arasaac_pictograms,ARASAAC Pictograms,hamburger,icon_data/normalized_256/07_arasaac_pictograms/26122__152a0b851880.png,icon_data/analysis/feature_v2_mask_overlays/152a0b85188088fd.png,red_pixel_ratio_v2,0.8984021515582977,,alpha,0.4822540283203125,0.0,1.0,false,0.8984021515582977,0.0,0.26544722650290786,,,,,,,
strict_red-012,strict_red,calibration,red_or_not_red,88b06888ddd2f8b2,07_arasaac_pictograms,ARASAAC Pictograms,Navarre,icon_data/normalized_256/07_arasaac_pictograms/8177__88b06888ddd2.png,icon_data/analysis/feature_v2_mask_overlays/88b06888ddd2f8b2.png,red_pixel_ratio_v2,0.8982147347246668,,alpha,0.606842041015625,0.0,1.0,false,0.8982147347246668,0.0,0.3828783889632479,,,,,,,
strict_red-013,strict_red,calibration,red_or_not_red,1163290d7e99a28f,07_arasaac_pictograms,ARASAAC Pictograms,Morocco,icon_data/normalized_256/07_arasaac_pictograms/8159__1163290d7e99.png,icon_data/analysis/feature_v2_mask_overlays/1163290d7e99a28f.png,red_pixel_ratio_v2,0.8924817701785265,,alpha,0.606842041015625,0.0,1.0,false,0.8924817701785265,0.0,0.3828783889632479,,,,,,,
strict_red-014,strict_red,calibration,red_or_not_red,363093a2864af321,07_arasaac_pictograms,ARASAAC Pictograms,climbing pyramid,icon_data/normalized_256/07_arasaac_pictograms/37266__363093a2864a.png,icon_data/analysis/feature_v2_mask_overlays/363093a2864af321.png,red_pixel_ratio_v2,0.8894819466248037,,alpha,0.1457977294921875,0.0,1.0,false,0.8894819466248037,0.0,0.10202967529377827,,,,,,,
strict_red-015,strict_red,calibration,red_or_not_red,e772e7e207458f48,07_arasaac_pictograms,ARASAAC Pictograms,Murcia,icon_data/normalized_256/07_arasaac_pictograms/8636__e772e7e20745.png,icon_data/analysis/feature_v2_mask_overlays/e772e7e207458f48.png,red_pixel_ratio_v2,0.8860733556451063,,alpha,0.446807861328125,0.0,1.0,false,0.8860733556451063,0.0,0.11920240425696911,,,,,,,
strict_red-016,strict_red,calibration,red_or_not_red,42161dd65a593310,07_arasaac_pictograms,ARASAAC Pictograms,Extremadura,icon_data/normalized_256/07_arasaac_pictograms/8580__42161dd65a59.png,icon_data/analysis/feature_v2_mask_overlays/42161dd65a593310.png,red_pixel_ratio_v2,0.8830534162259132,,alpha,0.4933319091796875,0.0,1.0,false,0.8830534162259132,0.0,0.21796813699772769,,,,,,,
strict_red-017,strict_red,calibration,red_or_not_red,96482d78e7de1b31,07_arasaac_pictograms,ARASAAC Pictograms,Murcia,icon_data/normalized_256/07_arasaac_pictograms/8174__96482d78e7de.png,icon_data/analysis/feature_v2_mask_overlays/96482d78e7de1b31.png,red_pixel_ratio_v2,0.8781745033945185,,alpha,0.606842041015625,0.0,1.0,false,0.8781745033945185,0.0,0.3828783889632479,,,,,,,
strict_red-018,strict_red,calibration,red_or_not_red,ef7d85cef93e7ced,07_arasaac_pictograms,ARASAAC Pictograms,cylinder,icon_data/normalized_256/07_arasaac_pictograms/9111__ef7d85cef93e.png,icon_data/analysis/feature_v2_mask_overlays/ef7d85cef93e7ced.png,red_pixel_ratio_v2,0.8774529435322387,,alpha,0.533416748046875,0.0,1.0,false,0.8774529435322387,0.0,0.3539919527769221,,,,,,,
strict_red-019,strict_red,calibration,red_or_not_red,879d75a4c2d6241a,07_arasaac_pictograms,ARASAAC Pictograms,butane,icon_data/normalized_256/07_arasaac_pictograms/8048__879d75a4c2d6.png,icon_data/analysis/feature_v2_mask_overlays/879d75a4c2d6241a.png,red_pixel_ratio_v2,0.8767315511099917,,alpha,0.4240875244140625,0.0,1.0,false,0.8767315511099917,0.0,0.5075719965283974,,,,,,,
strict_red-020,strict_red,calibration,red_or_not_red,b896c5f4dabeb4c7,07_arasaac_pictograms,ARASAAC Pictograms,Türkiye,icon_data/normalized_256/07_arasaac_pictograms/22161__b896c5f4dabe.png,icon_data/analysis/feature_v2_mask_overlays/b896c5f4dabeb4c7.png,red_pixel_ratio_v2,0.8755680742283658,,alpha,0.6446533203125,0.0,1.0,false,0.8755680742283658,0.0,0.3727141646618548,,,,,,,
strict_red-021,strict_red,calibration,red_or_not_red,221889053f67c419,07_arasaac_pictograms,ARASAAC Pictograms,Vietnam,icon_data/normalized_256/07_arasaac_pictograms/28071__221889053f67.png,icon_data/analysis/feature_v2_mask_overlays/221889053f67c419.png,red_pixel_ratio_v2,0.8751656883166067,,alpha,0.6446533203125,0.0,1.0,false,0.8751656883166067,0.0,0.3727141646618548,,,,,,,
strict_red-022,strict_red,calibration,red_or_not_red,5df688762ba54f79,07_arasaac_pictograms,ARASAAC Pictograms,cube,icon_data/normalized_256/07_arasaac_pictograms/9115__5df688762ba5.png,icon_data/analysis/feature_v2_mask_overlays/5df688762ba54f79.png,red_pixel_ratio_v2,0.8750031211765588,,alpha,0.6110992431640625,0.0,1.0,false,0.8750031211765588,0.0,0.13009704828457713,,,,,,,
strict_red-023,strict_red,calibration,red_or_not_red,841857065ba8fcfe,07_arasaac_pictograms,ARASAAC Pictograms,cone,icon_data/normalized_256/07_arasaac_pictograms/9112__841857065ba8.png,icon_data/analysis/feature_v2_mask_overlays/841857065ba8fcfe.png,red_pixel_ratio_v2,0.8680153752781712,,alpha,0.3771209716796875,0.0,1.0,false,0.8680153752781712,0.0,0.3141699204362107,,,,,,,
strict_red-024,strict_red,calibration,red_or_not_red,af26fd36c07d5b33,07_arasaac_pictograms,ARASAAC Pictograms,prism,icon_data/normalized_256/07_arasaac_pictograms/9114__af26fd36c07d.png,icon_data/analysis/feature_v2_mask_overlays/af26fd36c07d5b33.png,red_pixel_ratio_v2,0.8679854350127831,,alpha,0.5908660888671875,0.0,1.0,false,0.8679854350127831,0.0,0.06489319828788101,,,,,,,
strict_red-025,strict_red,calibration,red_or_not_red,9ad0523fe10fc455,07_arasaac_pictograms,ARASAAC Pictograms,Madrid Region,icon_data/normalized_256/07_arasaac_pictograms/8156__9ad0523fe10f.png,icon_data/analysis/feature_v2_mask_overlays/9ad0523fe10fc455.png,red_pixel_ratio_v2,0.8664353423348671,,alpha,0.6068572998046875,0.0,1.0,false,0.8664353423348671,0.0,0.38287852177431875,,,,,,,
strict_red-026,strict_red,calibration,red_or_not_red,25a73f63c2bcdb87,07_arasaac_pictograms,ARASAAC Pictograms,Navarre,icon_data/normalized_256/07_arasaac_pictograms/8639__25a73f63c2bc.png,icon_data/analysis/feature_v2_mask_overlays/25a73f63c2bcdb87.png,red_pixel_ratio_v2,0.8650204081632653,,alpha,0.37384033203125,0.0,1.0,false,0.8650204081632653,0.0,0.2413683342881758,,,,,,,
strict_red-027,strict_red,calibration,red_or_not_red,ecc5b8ee2c826ca0,07_arasaac_pictograms,ARASAAC Pictograms,Madrid Region,icon_data/normalized_256/07_arasaac_pictograms/8622__ecc5b8ee2c82.png,icon_data/analysis/feature_v2_mask_overlays/ecc5b8ee2c826ca0.png,red_pixel_ratio_v2,0.8626519603896626,,alpha,0.379058837890625,0.0,1.0,false,0.8626519603896626,0.0,0.06935379656986392,,,,,,,
strict_red-028,strict_red,calibration,red_or_not_red,70b12b96f0be068f,07_arasaac_pictograms,ARASAAC Pictograms,La Rioja,icon_data/normalized_256/07_arasaac_pictograms/8613__70b12b96f0be.png,icon_data/analysis/feature_v2_mask_overlays/70b12b96f0be068f.png,red_pixel_ratio_v2,0.8571362820453813,,alpha,0.3315277099609375,0.0,1.0,false,0.8571362820453813,0.0,0.624636680201565,,,,,,,
strict_red-029,strict_red,calibration,red_or_not_red,a9b87fe58838af51,07_arasaac_pictograms,ARASAAC Pictograms,boxing glove,icon_data/normalized_256/07_arasaac_pictograms/34067__a9b87fe58838.png,icon_data/analysis/feature_v2_mask_overlays/a9b87fe58838af51.png,red_pixel_ratio_v2,0.8560098346353651,,alpha,0.3847808837890625,0.0,1.0,false,0.8560098346353651,0.0,0.49593693689340296,,,,,,,
strict_red-030,strict_red,calibration,red_or_not_red,ab1f8a1f769a70de,10_openmoji,OpenMoji,red circle,icon_data/normalized_256/10_openmoji/1f534__ab1f8a1f769a.png,icon_data/analysis/feature_v2_mask_overlays/ab1f8a1f769a70de.png,red_pixel_ratio_v2,0.8556766418728017,,opaque_border_lab,0.529266357421875,0.0,1.0,false,0.8556766418728017,0.0,9.327966351909287e-05,,,,,,,
strict_red-031,strict_red,held_out,red_or_not_red,7322d91b1edc8752,07_arasaac_pictograms,ARASAAC Pictograms,Galicia,icon_data/normalized_256/07_arasaac_pictograms/8588__7322d91b1edc.png,icon_data/analysis/feature_v2_mask_overlays/7322d91b1edc8752.png,red_pixel_ratio_v2,0.855641895589362,,alpha,0.55767822265625,0.0,1.0,false,0.855641895589362,0.0,0.09452636154654416,,,,,,,
strict_red-032,strict_red,held_out,red_or_not_red,da46b0e9366bab7b,07_arasaac_pictograms,ARASAAC Pictograms,boxing gloves,icon_data/normalized_256/07_arasaac_pictograms/9147__da46b0e9366b.png,icon_data/analysis/feature_v2_mask_overlays/da46b0e9366bab7b.png,red_pixel_ratio_v2,0.8555011189741729,,alpha,0.504547119140625,0.0,1.0,false,0.8555011189741729,0.0,0.33286543675887076,,,,,,,
strict_red-033,strict_red,held_out,red_or_not_red,dba69bae0f279b6c,07_arasaac_pictograms,ARASAAC Pictograms,Hong Kong,icon_data/normalized_256/07_arasaac_pictograms/39462__dba69bae0f27.png,icon_data/analysis/feature_v2_mask_overlays/dba69bae0f279b6c.png,red_pixel_ratio_v2,0.8518264492201392,,alpha,0.600677490234375,0.0,1.0,false,0.8518264492201392,0.0,0.38462440351268007,,,,,,,
strict_red-034,strict_red,held_out,red_or_not_red,fa57948d426cc930,07_arasaac_pictograms,ARASAAC Pictograms,Tunisia,icon_data/normalized_256/07_arasaac_pictograms/39168__fa57948d426c.png,icon_data/analysis/feature_v2_mask_overlays/fa57948d426cc930.png,red_pixel_ratio_v2,0.8511426659017021,,alpha,0.6383056640625,0.0,1.0,false,0.8511426659017021,0.0,0.3743723884153708,,,,,,,
strict_red-035,strict_red,held_out,red_or_not_red,116c0a8ca6fed110,07_arasaac_pictograms,ARASAAC Pictograms,cap,icon_data/normalized_256/07_arasaac_pictograms/2411__116c0a8ca6fe.png,icon_data/analysis/feature_v2_mask_overlays/116c0a8ca6fed110.png,red_pixel_ratio_v2,0.8511306167528919,,alpha,0.2624969482421875,0.0,1.0,false,0.8511306167528919,0.0,0.503624983205698,,,,,,,
strict_red-036,strict_red,held_out,red_or_not_red,eeeb489915fab3a3,07_arasaac_pictograms,ARASAAC Pictograms,Catalonia,icon_data/normalized_256/07_arasaac_pictograms/8532__eeeb489915fa.png,icon_data/analysis/feature_v2_mask_overlays/eeeb489915fab3a3.png,red_pixel_ratio_v2,0.8506998444790047,,alpha,0.451324462890625,0.0,1.0,false,0.8506998444790047,0.0,0.43217195189795227,,,,,,,
strict_red-037,strict_red,held_out,red_or_not_red,0b76752a10c00087,07_arasaac_pictograms,ARASAAC Pictograms,Aragon,icon_data/normalized_256/07_arasaac_pictograms/5383__0b76752a10c0.png,icon_data/analysis/feature_v2_mask_overlays/0b76752a10c00087.png,red_pixel_ratio_v2,0.8506103286384976,,alpha,0.32501220703125,0.0,1.0,false,0.8506103286384976,0.0,0.5699658707288762,,,,,,,
strict_red-038,strict_red,held_out,red_or_not_red,58e44add304e817a,10_openmoji,OpenMoji,red square,icon_data/normalized_256/10_openmoji/1f7e5__58e44add304e.png,icon_data/analysis/feature_v2_mask_overlays/58e44add304e817a.png,red_pixel_ratio_v2,0.8502284232621311,,opaque_border_lab,0.49432373046875,0.0,1.0,false,0.8502284232621311,0.0,0.0,,,,,,,
strict_red-039,strict_red,held_out,red_or_not_red,fb7ad786600e9c0e,07_arasaac_pictograms,ARASAAC Pictograms,pyramid,icon_data/normalized_256/07_arasaac_pictograms/9110__fb7ad786600e.png,icon_data/analysis/feature_v2_mask_overlays/fb7ad786600e9c0e.png,red_pixel_ratio_v2,0.8492264987644291,,alpha,0.4507598876953125,0.0,1.0,false,0.8492264987644291,0.0,0.0342255515096462,,,,,,,
strict_red-040,strict_red,held_out,red_or_not_red,76d18d99b962c429,07_arasaac_pictograms,ARASAAC Pictograms,red card,icon_data/normalized_256/07_arasaac_pictograms/8371__76d18d99b962.png,icon_data/analysis/feature_v2_mask_overlays/76d18d99b962c429.png,red_pixel_ratio_v2,0.8485743779589221,,alpha,0.4286651611328125,0.0,1.0,false,0.8485743779589221,0.0,0.31281166732214655,,,,,,,
strict_red-041,strict_red,held_out,red_or_not_red,37792de0f2f49cc8,07_arasaac_pictograms,ARASAAC Pictograms,complete,icon_data/normalized_256/07_arasaac_pictograms/5455__37792de0f2f4.png,icon_data/analysis/feature_v2_mask_overlays/37792de0f2f49cc8.png,red_pixel_ratio_v2,0.8474429517079575,,alpha,0.5463104248046875,0.0,1.0,false,0.8474429517079575,0.0,0.00017700524809183195,,,,,,,
strict_red-042,strict_red,held_out,red_or_not_red,abf3f6d5168de2ef,07_arasaac_pictograms,ARASAAC Pictograms,geometric shapes,icon_data/normalized_256/07_arasaac_pictograms/9109__abf3f6d5168d.png,icon_data/analysis/feature_v2_mask_overlays/abf3f6d5168de2ef.png,red_pixel_ratio_v2,0.8441774566708609,,alpha,0.3759307861328125,0.0,1.0,false,0.8441774566708609,0.0,0.09981793757215855,,,,,,,
strict_red-043,strict_red,held_out,red_or_not_red,8fb79c3f5c69c8ed,07_arasaac_pictograms,ARASAAC Pictograms,Kyrgyzstan,icon_data/normalized_256/07_arasaac_pictograms/27859__8fb79c3f5c69.png,icon_data/analysis/feature_v2_mask_overlays/8fb79c3f5c69c8ed.png,red_pixel_ratio_v2,0.8425051480508414,,alpha,0.6446685791015625,0.0,1.0,false,0.8425051480508414,0.0,0.3727142835989213,,,,,,,
strict_red-044,strict_red,held_out,red_or_not_red,3684002ed3f556e7,07_arasaac_pictograms,ARASAAC Pictograms,Castille-La Mancha,icon_data/normalized_256/07_arasaac_pictograms/8529__3684002ed3f5.png,icon_data/analysis/feature_v2_mask_overlays/3684002ed3f556e7.png,red_pixel_ratio_v2,0.8416575192096597,,alpha,0.50042724609375,0.0,1.0,false,0.8416575192096597,0.0,0.12208358770469548,,,,,,,
strict_red-045,strict_red,held_out,red_or_not_red,137382e71f1567f2,07_arasaac_pictograms,ARASAAC Pictograms,No disturbing,icon_data/normalized_256/07_arasaac_pictograms/25718__137382e71f15.png,icon_data/analysis/feature_v2_mask_overlays/137382e71f1567f2.png,red_pixel_ratio_v2,0.8412397696271597,,alpha,0.4027099609375,0.0,1.0,false,0.8412397696271597,0.0,0.03599714327178463,,,,,,,
strict_red-046,strict_red,held_out,red_or_not_red,eeed90d77e32e936,07_arasaac_pictograms,ARASAAC Pictograms,Albania,icon_data/normalized_256/07_arasaac_pictograms/29585__eeed90d77e32.png,icon_data/analysis/feature_v2_mask_overlays/eeed90d77e32e936.png,red_pixel_ratio_v2,0.8405582097058084,,alpha,0.606842041015625,0.0,1.0,false,0.8405582097058084,0.0,0.3828783889632479,,,,,,,
strict_red-047,strict_red,held_out,red_or_not_red,43b7f10eefb40c36,10_openmoji,OpenMoji,red hexagon,icon_data/normalized_256/10_openmoji/2b21_fe0f_200d_1f7e5__43b7f10eefb4.png,icon_data/analysis/feature_v2_mask_overlays/43b7f10eefb40c36.png,red_pixel_ratio_v2,0.8389739457426806,,opaque_border_lab,0.4544677734375,0.0,1.0,false,0.8389739457426806,0.0,0.002838392451222424,,,,,,,
strict_red-048,strict_red,held_out,red_or_not_red,96811fbbbcb85c95,07_arasaac_pictograms,ARASAAC Pictograms,hot-water bag,icon_data/normalized_256/07_arasaac_pictograms/30729__96811fbbbcb8.png,icon_data/analysis/feature_v2_mask_overlays/96811fbbbcb85c95.png,red_pixel_ratio_v2,0.8381410256410257,,alpha,0.447509765625,0.0,1.0,false,0.8381410256410257,0.0,0.5311719669849658,,,,,,,
strict_red-049,strict_red,held_out,red_or_not_red,bfa844427f91d9f4,07_arasaac_pictograms,ARASAAC Pictograms,pear tomato,icon_data/normalized_256/07_arasaac_pictograms/35151__bfa844427f91.png,icon_data/analysis/feature_v2_mask_overlays/bfa844427f91d9f4.png,red_pixel_ratio_v2,0.8366898849182314,,alpha,0.403076171875,0.0,1.0,false,0.8366898849182314,0.0,0.36461722498628163,,,,,,,
strict_red-050,strict_red,held_out,red_or_not_red,4d4729574d226bef,10_openmoji,OpenMoji,red flag,icon_data/normalized_256/10_openmoji/1f3f3_fe0f_200d_1f7e5__4d4729574d22.png,icon_data/analysis/feature_v2_mask_overlays/4d4729574d226bef.png,red_pixel_ratio_v2,0.8364524973179163,,opaque_border_lab,0.51202392578125,0.0,1.0,false,0.8364524973179163,0.0,0.42559682091181944,,,,,,,
strict_red-051,strict_red,held_out,red_or_not_red,3f72b45dd72525ee,10_openmoji,OpenMoji,deep red flag,icon_data/normalized_256/10_openmoji/1f3f4_fe0f_200d_1f7e5__3f72b45dd725.png,icon_data/analysis/feature_v2_mask_overlays/3f72b45dd72525ee.png,red_pixel_ratio_v2,0.8363332935987603,,opaque_border_lab,0.51202392578125,0.0,1.0,false,0.8363332935987603,0.0,0.42559682091181944,,,,,,,
strict_red-052,strict_red,held_out,red_or_not_red,49a93a50382400cb,07_arasaac_pictograms,ARASAAC Pictograms,Cantabria,icon_data/normalized_256/07_arasaac_pictograms/8527__49a93a503824.png,icon_data/analysis/feature_v2_mask_overlays/49a93a50382400cb.png,red_pixel_ratio_v2,0.8358935931060322,,alpha,0.244354248046875,0.0,1.0,false,0.8358935931060322,0.0,0.5223249913377354,,,,,,,
strict_red-053,strict_red,held_out,red_or_not_red,45c604db3ae3df13,07_arasaac_pictograms,ARASAAC Pictograms,traffic cone,icon_data/normalized_256/07_arasaac_pictograms/4928__45c604db3ae3.png,icon_data/analysis/feature_v2_mask_overlays/45c604db3ae3df13.png,red_pixel_ratio_v2,0.8347315014818908,,alpha,0.3037567138671875,0.0,1.0,false,0.8347315014818908,0.0,0.3409439939233866,,,,,,,
strict_red-054,strict_red,held_out,red_or_not_red,7d6fc223fc96c575,07_arasaac_pictograms,ARASAAC Pictograms,Proa valdearinnoensis,icon_data/normalized_256/07_arasaac_pictograms/34587__7d6fc223fc96.png,icon_data/analysis/feature_v2_mask_overlays/7d6fc223fc96c575.png,red_pixel_ratio_v2,0.8327909118821001,,alpha,0.2484893798828125,0.0,1.0,false,0.8327909118821001,0.0,0.5360960107116562,,,,,,,
strict_red-055,strict_red,held_out,red_or_not_red,7abd603477625b0b,02_aiga_dot_symbol_signs,AIGA/DOT Symbol Signs,Aiga No Entry Red,icon_data/normalized_256/02_aiga_dot_symbol_signs/aiga_no_entry_red__7abd60347762.png,icon_data/analysis/feature_v2_mask_overlays/7abd603477625b0b.png,red_pixel_ratio_v2,0.8326789838337183,1,alpha,0.7928466796875,0.13725490196078433,1.0,false,0.8326789838337183,0.0,2.1677831928936714e-09,,,,,,,
strict_red-056,strict_red,held_out,red_or_not_red,ce0fe23b01fadfad,07_arasaac_pictograms,ARASAAC Pictograms,tomato,icon_data/normalized_256/07_arasaac_pictograms/2594__ce0fe23b01fa.png,icon_data/analysis/feature_v2_mask_overlays/ce0fe23b01fadfad.png,red_pixel_ratio_v2,0.832141154029566,,alpha,0.3519744873046875,0.0,1.0,false,0.832141154029566,0.0,0.06612296218663849,,,,,,,
strict_red-057,strict_red,held_out,red_or_not_red,38ea0e9924e8c405,07_arasaac_pictograms,ARASAAC Pictograms,gumdrop,icon_data/normalized_256/07_arasaac_pictograms/8352__38ea0e9924e8.png,icon_data/analysis/feature_v2_mask_overlays/38ea0e9924e8c405.png,red_pixel_ratio_v2,0.8308783415166394,,alpha,0.4195404052734375,0.0,1.0,false,0.8308783415166394,0.0,0.059573520734283125,,,,,,,
strict_red-058,strict_red,held_out,red_or_not_red,e94db38641727e0b,05_mulberry_symbols,Mulberry Symbols,cricket ball,icon_data/normalized_256/05_mulberry_symbols/cricket_ball__e94db3864172.png,icon_data/analysis/feature_v2_mask_overlays/e94db38641727e0b.png,red_pixel_ratio_v2,0.8306321572057176,,opaque_border_lab,0.5583038330078125,0.0,1.0,false,0.8306321572057176,0.0,0.0002447065283766075,,,,,,,
strict_red-059,strict_red,held_out,red_or_not_red,26217492f4181da8,07_arasaac_pictograms,ARASAAC Pictograms,mold,icon_data/normalized_256/07_arasaac_pictograms/26929__26217492f418.png,icon_data/analysis/feature_v2_mask_overlays/26217492f4181da8.png,red_pixel_ratio_v2,0.8284639105210893,,alpha,0.2919464111328125,0.0,1.0,false,0.8284639105210893,0.0,0.5985871213958872,,,,,,,
strict_red-060,strict_red,held_out,red_or_not_red,c8b2c918f5546826,10_openmoji,OpenMoji,no stencil,icon_data/normalized_256/10_openmoji/e0a4__c8b2c918f554.png,icon_data/analysis/feature_v2_mask_overlays/c8b2c918f5546826.png,red_pixel_ratio_v2,0.8272581243049549,,opaque_border_lab,0.49395751953125,0.0,1.0,false,0.8272581243049549,0.0,0.00035489453333719523,,,,,,,
strict_red-061,strict_red,held_out,red_or_not_red,bc08d55a262c001a,07_arasaac_pictograms,ARASAAC Pictograms,christmas ball,icon_data/normalized_256/07_arasaac_pictograms/8296__bc08d55a262c.png,icon_data/analysis/feature_v2_mask_overlays/bc08d55a262c001a.png,red_pixel_ratio_v2,0.8270345129195671,,alpha,0.4186859130859375,0.0,1.0,false,0.8270345129195671,0.0,0.16244855652808016,,,,,,,
strict_red-062,strict_red,held_out,red_or_not_red,9fc22957c2a0a4ec,07_arasaac_pictograms,ARASAAC Pictograms,cube,icon_data/normalized_256/07_arasaac_pictograms/8308__9fc22957c2a0.png,icon_data/analysis/feature_v2_mask_overlays/9fc22957c2a0a4ec.png,red_pixel_ratio_v2,0.8239661069651741,,alpha,0.392578125,0.0,1.0,false,0.8239661069651741,0.0,0.20620528162789287,,,,,,,
strict_red-063,strict_red,held_out,red_or_not_red,9df4a1aac68315b5,07_arasaac_pictograms,ARASAAC Pictograms,Asturias,icon_data/normalized_256/07_arasaac_pictograms/8494__9df4a1aac683.png,icon_data/analysis/feature_v2_mask_overlays/9df4a1aac68315b5.png,red_pixel_ratio_v2,0.8194557823129252,,alpha,0.22430419921875,0.0,1.0,false,0.8194557823129252,0.0,0.7927090612334016,,,,,,,
strict_red-064,strict_red,held_out,red_or_not_red,19cc67c86f0d5e19,05_mulberry_symbols,Mulberry Symbols,rugby ball,icon_data/normalized_256/05_mulberry_symbols/rugby_ball__19cc67c86f0d.png,icon_data/analysis/feature_v2_mask_overlays/19cc67c86f0d5e19.png,red_pixel_ratio_v2,0.819369660420705,,opaque_border_lab,0.425079345703125,0.0,1.0,false,0.819369660420705,0.0,0.31536949394381186,,,,,,,
strict_red-065,strict_red,held_out,red_or_not_red,df622bb7e923db4f,10_openmoji,OpenMoji,drop of blood,icon_data/normalized_256/10_openmoji/1fa78__df622bb7e923.png,icon_data/analysis/feature_v2_mask_overlays/df622bb7e923db4f.png,red_pixel_ratio_v2,0.8190137264870361,,opaque_border_lab,0.3901824951171875,0.0,1.0,false,0.8190137264870361,0.0,0.426025733539517,,,,,,,
strict_red-066,strict_red,held_out,red_or_not_red,e2ed5c7b86799494,07_arasaac_pictograms,ARASAAC Pictograms,equal,icon_data/normalized_256/07_arasaac_pictograms/32392__e2ed5c7b8679.png,icon_data/analysis/feature_v2_mask_overlays/e2ed5c7b86799494.png,red_pixel_ratio_v2,0.8189634583233819,,alpha,0.3194427490234375,0.0,1.0,false,0.8189634583233819,0.0,0.7216888882641496,,,,,,,
strict_red-067,strict_red,held_out,red_or_not_red,7adeb16f32bd185d,07_arasaac_pictograms,ARASAAC Pictograms,be,icon_data/normalized_256/07_arasaac_pictograms/5466__7adeb16f32bd.png,icon_data/analysis/feature_v2_mask_overlays/7adeb16f32bd185d.png,red_pixel_ratio_v2,0.8189122934447067,,alpha,0.33612060546875,0.0,1.0,false,0.8189122934447067,0.0,0.054858486729102075,,,,,,,
strict_red-068,strict_red,held_out,red_or_not_red,42febe4734f2bb84,07_arasaac_pictograms,ARASAAC Pictograms,Castile-Leon,icon_data/normalized_256/07_arasaac_pictograms/8530__42febe4734f2.png,icon_data/analysis/feature_v2_mask_overlays/42febe4734f2bb84.png,red_pixel_ratio_v2,0.8173885350318472,,alpha,0.4791259765625,0.0,1.0,false,0.8173885350318472,0.0,0.27400464319649304,,,,,,,
strict_red-069,strict_red,held_out,red_or_not_red,3852c462b1307f55,07_arasaac_pictograms,ARASAAC Pictograms,platter,icon_data/normalized_256/07_arasaac_pictograms/26678__3852c462b130.png,icon_data/analysis/feature_v2_mask_overlays/3852c462b1307f55.png,red_pixel_ratio_v2,0.8163516844700082,,alpha,0.297119140625,0.0,1.0,false,0.8163516844700082,0.0,0.7169423547251015,,,,,,,
strict_red-070,strict_red,held_out,red_or_not_red,377b58bad9dc2a21,02_aiga_dot_symbol_signs,AIGA/DOT Symbol Signs,Aiga No Smoking Red,icon_data/normalized_256/02_aiga_dot_symbol_signs/aiga_no_smoking_red__377b58bad9dc.png,icon_data/analysis/feature_v2_mask_overlays/377b58bad9dc2a21.png,red_pixel_ratio_v2,0.8158456955435862,1,alpha,0.5070953369140625,0.13725490196078433,1.0,false,0.8158456955435862,0.0,0.04464641077398943,,,,,,,
strict_red-071,strict_red,held_out,red_or_not_red,f5193c504032e86c,07_arasaac_pictograms,ARASAAC Pictograms,color light,icon_data/normalized_256/07_arasaac_pictograms/8376__f5193c504032.png,icon_data/analysis/feature_v2_mask_overlays/f5193c504032e86c.png,red_pixel_ratio_v2,0.8157323332017371,,opaque_border_lab,0.15460205078125,0.0,1.0,false,0.8157323332017371,0.0,0.5604795874835247,,,,,,,
strict_red-072,strict_red,held_out,red_or_not_red,b104c9d2e18a0a2b,07_arasaac_pictograms,ARASAAC Pictograms,armchair,icon_data/normalized_256/07_arasaac_pictograms/2570__b104c9d2e18a.png,icon_data/analysis/feature_v2_mask_overlays/b104c9d2e18a0a2b.png,red_pixel_ratio_v2,0.8157208911307272,,alpha,0.5445098876953125,0.0,1.0,false,0.8157208911307272,0.0,0.24635891223805742,,,,,,,
strict_red-073,strict_red,held_out,red_or_not_red,4a5dd03e0f80f940,07_arasaac_pictograms,ARASAAC Pictograms,clown shoe,icon_data/normalized_256/07_arasaac_pictograms/8720__4a5dd03e0f80.png,icon_data/analysis/feature_v2_mask_overlays/4a5dd03e0f80f940.png,red_pixel_ratio_v2,0.8140073470691582,,alpha,0.38214111328125,0.0,1.0,false,0.8140073470691582,0.0,0.7707590260393486,,,,,,,
strict_red-074,strict_red,held_out,red_or_not_red,8471ad114fff3ccc,05_mulberry_symbols,Mulberry Symbols,ball,icon_data/normalized_256/05_mulberry_symbols/ball__8471ad114fff.png,icon_data/analysis/feature_v2_mask_overlays/8471ad114fff3ccc.png,red_pixel_ratio_v2,0.8127776087617888,,opaque_border_lab,0.501556396484375,0.0,1.0,false,0.8127776087617888,0.0,0.038557688222892225,,,,,,,
strict_red-075,strict_red,held_out,red_or_not_red,d61274c9649a99c7,07_arasaac_pictograms,ARASAAC Pictograms,No looking,icon_data/normalized_256/07_arasaac_pictograms/25716__d61274c9649a.png,icon_data/analysis/feature_v2_mask_overlays/d61274c9649a99c7.png,red_pixel_ratio_v2,0.8109532874505784,,alpha,0.41680908203125,0.0,1.0,false,0.8109532874505784,0.0,0.05540478420713314,,,,,,,
strict_red-076,strict_red,held_out,red_or_not_red,983679bcf1ea82ca,07_arasaac_pictograms,ARASAAC Pictograms,armchair,icon_data/normalized_256/07_arasaac_pictograms/25475__983679bcf1ea.png,icon_data/analysis/feature_v2_mask_overlays/983679bcf1ea82ca.png,red_pixel_ratio_v2,0.8093976466921219,,alpha,0.5874481201171875,0.0,1.0,false,0.8093976466921219,0.0,0.015036018135854113,,,,,,,
strict_red-077,strict_red,held_out,red_or_not_red,eaf6d3d695b41d38,07_arasaac_pictograms,ARASAAC Pictograms,Switzerland,icon_data/normalized_256/07_arasaac_pictograms/22114__eaf6d3d695b4.png,icon_data/analysis/feature_v2_mask_overlays/eaf6d3d695b41d38.png,red_pixel_ratio_v2,0.8092927475856845,,alpha,0.6446533203125,0.0,1.0,false,0.8092927475856845,0.0,0.3727141646618548,,,,,,,
strict_red-078,strict_red,held_out,red_or_not_red,f731377d8226fd66,10_openmoji,OpenMoji,flag: Albania,icon_data/normalized_256/10_openmoji/1f1e6_1f1f1__f731377d8226.png,icon_data/analysis/feature_v2_mask_overlays/f731377d8226fd66.png,red_pixel_ratio_v2,0.8055787340565026,,opaque_border_lab,0.51202392578125,0.0,1.0,false,0.8055787340565026,0.0,0.42559682091181944,,,,,,,
strict_red-079,strict_red,held_out,red_or_not_red,f54131811a15a5cc,05_mulberry_symbols,Mulberry Symbols,plum tomato,icon_data/normalized_256/05_mulberry_symbols/plum_tomato__f54131811a15.png,icon_data/analysis/feature_v2_mask_overlays/f54131811a15a5cc.png,red_pixel_ratio_v2,0.804869297796002,,opaque_border_lab,0.297698974609375,0.0,1.0,false,0.804869297796002,0.0,0.5445814526153256,,,,,,,
strict_red-080,strict_red,held_out,red_or_not_red,6d1b14fdd5666bc8,05_mulberry_symbols,Mulberry Symbols,purse,icon_data/normalized_256/05_mulberry_symbols/purse__6d1b14fdd566.png,icon_data/analysis/feature_v2_mask_overlays/6d1b14fdd5666bc8.png,red_pixel_ratio_v2,0.8041593280043354,,opaque_border_lab,0.45050048828125,0.0,1.0,false,0.8041593280043354,0.0,0.30853556779921243,,,,,,,
strict_red-081,strict_red,held_out,red_or_not_red,89bbdd88d971d977,07_arasaac_pictograms,ARASAAC Pictograms,watering can,icon_data/normalized_256/07_arasaac_pictograms/2817__89bbdd88d971.png,icon_data/analysis/feature_v2_mask_overlays/89bbdd88d971d977.png,red_pixel_ratio_v2,0.8036553988111081,,alpha,0.343963623046875,0.0,1.0,false,0.8036553988111081,0.0,0.1992341717010352,,,,,,,
strict_red-082,strict_red,held_out,red_or_not_red,16adcaf7e00e9174,07_arasaac_pictograms,ARASAAC Pictograms,shopping basket,icon_data/normalized_256/07_arasaac_pictograms/26748__16adcaf7e00e.png,icon_data/analysis/feature_v2_mask_overlays/16adcaf7e00e9174.png,red_pixel_ratio_v2,0.8021029448332209,,alpha,0.4295501708984375,0.0,1.0,false,0.8021029448332209,0.0,0.2254458227019058,,,,,,,
strict_red-083,strict_red,held_out,red_or_not_red,8a99221cce5611a1,07_arasaac_pictograms,ARASAAC Pictograms,ruby,icon_data/normalized_256/07_arasaac_pictograms/25397__8a99221cce56.png,icon_data/analysis/feature_v2_mask_overlays/8a99221cce5611a1.png,red_pixel_ratio_v2,0.8018440088452456,,alpha,0.4071197509765625,0.0,1.0,false,0.8018440088452456,0.0,0.28155008460983705,,,,,,,
strict_red-084,strict_red,held_out,red_or_not_red,28a66a7614086020,10_openmoji,OpenMoji,heart suit,icon_data/normalized_256/10_openmoji/2665__28a66a761408.png,icon_data/analysis/feature_v2_mask_overlays/28a66a7614086020.png,red_pixel_ratio_v2,0.8003426046972907,,opaque_border_lab,0.3384857177734375,0.0,1.0,false,0.8003426046972907,0.0,0.06788569574192307,,,,,,,
strict_red-085,strict_red,held_out,red_or_not_red,171244f20dc470f3,07_arasaac_pictograms,ARASAAC Pictograms,Andalusia,icon_data/normalized_256/07_arasaac_pictograms/8489__171244f20dc4.png,icon_data/analysis/feature_v2_mask_overlays/171244f20dc470f3.png,red_pixel_ratio_v2,0.8000885652430624,,alpha,0.31011962890625,0.0,1.0,false,0.8000885652430624,0.0,0.626859115811282,,,,,,,
strict_red-086,strict_red,held_out,red_or_not_red,289aab1d65d8cc58,10_openmoji,OpenMoji,flag: China,icon_data/normalized_256/10_openmoji/1f1e8_1f1f3__289aab1d65d8.png,icon_data/analysis/feature_v2_mask_overlays/289aab1d65d8cc58.png,red_pixel_ratio_v2,0.7984563118369293,,opaque_border_lab,0.51202392578125,0.0,1.0,false,0.7984563118369293,0.0,0.42559682091181944,,,,,,,
strict_red-087,strict_red,held_out,red_or_not_red,d0748e0816e13f07,07_arasaac_pictograms,ARASAAC Pictograms,Murcia,icon_data/normalized_256/07_arasaac_pictograms/14841__d0748e0816e1.png,icon_data/analysis/feature_v2_mask_overlays/d0748e0816e13f07.png,red_pixel_ratio_v2,0.797952948365414,,alpha,0.499420166015625,0.0,1.0,false,0.797952948365414,0.0,0.4313864152032021,,,,,,,
strict_red-088,strict_red,held_out,red_or_not_red,e1e9ed50b7138dd6,07_arasaac_pictograms,ARASAAC Pictograms,Basque Country,icon_data/normalized_256/07_arasaac_pictograms/8576__e1e9ed50b713.png,icon_data/analysis/feature_v2_mask_overlays/e1e9ed50b7138dd6.png,red_pixel_ratio_v2,0.7976945759985703,,alpha,0.341522216796875,0.0,1.0,false,0.7976945759985703,0.0,0.16257960113659425,,,,,,,
strict_red-089,strict_red,held_out,red_or_not_red,6576dc4d7538a83b,07_arasaac_pictograms,ARASAAC Pictograms,hot,icon_data/normalized_256/07_arasaac_pictograms/26716__6576dc4d7538.png,icon_data/analysis/feature_v2_mask_overlays/6576dc4d7538a83b.png,red_pixel_ratio_v2,0.7968833549767016,,alpha,0.5992584228515625,0.0,1.0,false,0.7968833549767016,0.0,0.00012002019898625553,,,,,,,
strict_red-090,strict_red,held_out,red_or_not_red,9f757377624df5b6,07_arasaac_pictograms,ARASAAC Pictograms,heat,icon_data/normalized_256/07_arasaac_pictograms/35597__9f757377624d.png,icon_data/analysis/feature_v2_mask_overlays/9f757377624df5b6.png,red_pixel_ratio_v2,0.7966835819365421,,alpha,0.595367431640625,0.0,1.0,false,0.7966835819365421,0.0,0.00033789204793481693,,,,,,,
strict_red-091,strict_red,held_out,red_or_not_red,c3b9fadc0c1fc87e,07_arasaac_pictograms,ARASAAC Pictograms,three-quarters,icon_data/normalized_256/07_arasaac_pictograms/9047__c3b9fadc0c1f.png,icon_data/analysis/feature_v2_mask_overlays/c3b9fadc0c1fc87e.png,red_pixel_ratio_v2,0.796526661541687,,alpha,0.436676025390625,0.0,1.0,false,0.796526661541687,0.0,0.19611058624448838,,,,,,,
strict_red-092,strict_red,held_out,red_or_not_red,e75e9f48e23c4d57,07_arasaac_pictograms,ARASAAC Pictograms,very,icon_data/normalized_256/07_arasaac_pictograms/25708__e75e9f48e23c.png,icon_data/analysis/feature_v2_mask_overlays/e75e9f48e23c4d57.png,red_pixel_ratio_v2,0.7955273426125444,,alpha,0.2620086669921875,0.0,1.0,false,0.7955273426125444,0.0,0.19125295578962442,,,,,,,
strict_red-093,strict_red,held_out,red_or_not_red,d0f52112b85bf444,07_arasaac_pictograms,ARASAAC Pictograms,passport,icon_data/normalized_256/07_arasaac_pictograms/6171__d0f52112b85b.png,icon_data/analysis/feature_v2_mask_overlays/d0f52112b85bf444.png,red_pixel_ratio_v2,0.7952464397660242,,alpha,0.6182403564453125,0.0,1.0,false,0.7952464397660242,0.0,0.3160863876292278,,,,,,,
strict_red-094,strict_red,held_out,red_or_not_red,283d124d6a37dfab,07_arasaac_pictograms,ARASAAC Pictograms,black pudding,icon_data/normalized_256/07_arasaac_pictograms/3284__283d124d6a37.png,icon_data/analysis/feature_v2_mask_overlays/283d124d6a37dfab.png,red_pixel_ratio_v2,0.7934184643083386,,alpha,0.4576568603515625,0.0,1.0,false,0.7934184643083386,0.0,0.08451481625777456,,,,,,,
strict_red-095,strict_red,held_out,red_or_not_red,6ac1a8c70a314bbb,05_mulberry_symbols,Mulberry Symbols,swimming costume,icon_data/normalized_256/05_mulberry_symbols/swimming_costume__6ac1a8c70a31.png,icon_data/analysis/feature_v2_mask_overlays/6ac1a8c70a314bbb.png,red_pixel_ratio_v2,0.792264631043257,,opaque_border_lab,0.299835205078125,0.0,1.0,false,0.792264631043257,0.0,0.5547809271393079,,,,,,,
strict_red-096,strict_red,held_out,red_or_not_red,0ec377d5fc23528d,07_arasaac_pictograms,ARASAAC Pictograms,saucepan,icon_data/normalized_256/07_arasaac_pictograms/3231__0ec377d5fc23.png,icon_data/analysis/feature_v2_mask_overlays/0ec377d5fc23528d.png,red_pixel_ratio_v2,0.7922308633689945,,alpha,0.3865203857421875,0.0,1.0,false,0.7922308633689945,0.0,0.3920260867803271,,,,,,,
strict_red-097,strict_red,held_out,red_or_not_red,315cea828969e404,07_arasaac_pictograms,ARASAAC Pictograms,in front,icon_data/normalized_256/07_arasaac_pictograms/5438__315cea828969.png,icon_data/analysis/feature_v2_mask_overlays/315cea828969e404.png,red_pixel_ratio_v2,0.7919885945548197,,alpha,0.331787109375,0.0,1.0,false,0.7919885945548197,0.0,0.16842262524510282,,,,,,,
strict_red-098,strict_red,held_out,red_or_not_red,fe19be9854705a4d,07_arasaac_pictograms,ARASAAC Pictograms,lips,icon_data/normalized_256/07_arasaac_pictograms/2953__fe19be985470.png,icon_data/analysis/feature_v2_mask_overlays/fe19be9854705a4d.png,red_pixel_ratio_v2,0.7917541812524309,,alpha,0.1961517333984375,0.0,1.0,false,0.7917541812524309,0.0,0.7939157130606944,,,,,,,
strict_red-099,strict_red,held_out,red_or_not_red,fe207abc4835fb6a,07_arasaac_pictograms,ARASAAC Pictograms,dress,icon_data/normalized_256/07_arasaac_pictograms/2613__fe207abc4835.png,icon_data/analysis/feature_v2_mask_overlays/fe207abc4835fb6a.png,red_pixel_ratio_v2,0.7896290520218335,,alpha,0.273956298828125,0.0,1.0,false,0.7896290520218335,0.0,0.6560073203541394,,,,,,,
strict_red-100,strict_red,held_out,red_or_not_red,e63555cb6375bb19,07_arasaac_pictograms,ARASAAC Pictograms,logbook,icon_data/normalized_256/07_arasaac_pictograms/2359__e63555cb6375.png,icon_data/analysis/feature_v2_mask_overlays/e63555cb6375bb19.png,red_pixel_ratio_v2,0.7895452593405544,,alpha,0.639556884765625,0.0,1.0,false,0.7895452593405544,0.0,0.23341078966629272,,,,,,,
