icon_id,set_id,set_name,label,category,normalized_path,foreground_area_ratio,canny_edge_density,connected_components,quadtree_leaf_count,quadtree_structural_variability,quadtree_mean_leaf_size,bounding_box_occupancy,bounding_box_aspect_ratio,solidity,centroid_distance_from_center,horizontal_symmetry,vertical_symmetry,perimeter_area_ratio,filled_vs_outline_proxy,contour_count,holes_count,closed_contour_ratio,line_orientation_0,line_orientation_45,line_orientation_90,line_orientation_135,is_monochrome,color_count,mean_saturation,colorfulness,foreground_background_contrast,grid_foreground_0_0,grid_foreground_0_1,grid_foreground_0_2,grid_foreground_0_3,grid_foreground_1_0,grid_foreground_1_1,grid_foreground_1_2,grid_foreground_1_3,grid_foreground_2_0,grid_foreground_2_1,grid_foreground_2_2,grid_foreground_2_3,grid_foreground_3_0,grid_foreground_3_1,grid_foreground_3_2,grid_foreground_3_3
001f166bc321b01b,10_openmoji,OpenMoji,flag: Bulgaria,flags / country-flag,icon_data/normalized_256/10_openmoji/1f1e7_1f1ec__001f166bc321.png,0.391632080078125,0.024871826171875,1.0,874.0,0.21337890625,74.98398169336384,0.7577350023618328,1.5890410958904109,0.7664924593101389,0.07521240211327342,1.0,0.5161862003780718,0.048858411906802776,0.9534175334323923,1.0,1.0,1.0,0.639844536781311,0.00759117491543293,0.34497320652008057,0.007591174449771643,0.0,34.0,0.5579856634140015,0.48680033998504735,0.5988702476024628,0.11328125,0.140625,0.140625,0.11328125,0.422119140625,0.390625,0.390625,0.422119140625,0.8125,1.0,1.0,0.8125,0.11328125,0.140625,0.140625,0.11328125
00437ce612e4c7ef,10_openmoji,OpenMoji,joker,activities / game,icon_data/normalized_256/10_openmoji/1f0cf__00437ce612e4.png,0.54644775390625,0.0410308837890625,1.0,556.0,0.1357421875,117.87050359712231,0.9983273862622658,0.6440677966101694,1.0,0.0,1.0,1.0,0.02166871439740869,0.9787908603913852,1.0,0.0,0.8522608281770585,0.4106302559375763,0.09155832231044769,0.42236655950546265,0.07544483989477158,0.0,70.0,0.1862393468618393,0.2886178497683905,0.43663156032562256,0.154541015625,0.84375,0.84375,0.154541015625,0.1875,1.0,1.0,0.1875,0.1875,1.0,1.0,0.1875,0.154541015625,0.84375,0.84375,0.154541015625
0050c13101710bb3,03_mapbox_maki_icons,Mapbox Maki,construction,cartography / point of interest,icon_data/normalized_256/03_mapbox_maki_icons/construction__0050c1310171.png,0.469970703125,0.008636474609375,1.0,556.0,0.1357421875,117.87050359712231,0.5555555555555556,1.0389610389610389,0.8300991806813282,0.09232164926214484,0.9988318515153481,0.44059869036482696,0.03577922077922078,0.9654567111779826,1.0,2.0,1.0,0.6434264183044434,0.048486415296792984,0.256009578704834,0.05207759141921997,1.0,7.0,0.0,0.0,0.6210397183895111,0.0,0.544189453125,0.544189453125,0.0,0.0087890625,0.8671875,0.865234375,0.008544921875,0.298828125,0.913818359375,0.913330078125,0.298583984375,0.51904296875,0.609375,0.609375,0.51904296875
0058ac437a9db12b,05_mulberry_symbols,Mulberry Symbols,IT assistant 2b,iconsets,icon_data/normalized_256/05_mulberry_symbols/it_assistant_2b__0058ac437a9d.png,0.3642578125,0.030303955078125,2.0,829.0,0.202392578125,79.05428226779252,0.49119341563786006,0.96,0.6829938200961319,0.07837001416695663,0.27856033420813026,0.4595255563707508,0.0719671581769437,0.9328644001563111,2.0,2.0,1.0,0.29406827688217163,0.12042731046676636,0.4748290181159973,0.11067540943622589,0.0,39.0,0.204586923122406,0.19827181617254844,0.5433396995067596,0.0,0.56494140625,0.1767578125,0.185791015625,0.240966796875,0.94287109375,0.565673828125,0.445556640625,0.45849609375,1.0,0.36962890625,0.0,0.112548828125,0.700439453125,0.064453125,0.0
005bcfe142158bf0,03_mapbox_maki_icons,Mapbox Maki,cemetery JP,cartography / point of interest,icon_data/normalized_256/03_mapbox_maki_icons/cemetery_jp__005bcfe14215.png,0.3123626708984375,0.00494384765625,1.0,526.0,0.12841796875,124.59315589353612,0.4631447963800905,0.9049773755656109,0.70857202194493,0.12358290214567323,0.9987307166569029,0.4846968378299971,0.04152215329002003,0.9601332020074105,1.0,0.0,0.7506508745553886,0.7850019931793213,0.07831205427646637,0.05693194270133972,0.07975401729345322,1.0,7.0,0.0,0.0,0.5363708138465881,0.0,0.3623046875,0.361083984375,0.0,0.0,0.515625,0.515625,0.0,0.087890625,0.612060546875,0.612060546875,0.087890625,0.3115234375,0.609375,0.609375,0.31298828125
00bb34df75e5a3c5,05_mulberry_symbols,Mulberry Symbols,a lower case,iconsets,icon_data/normalized_256/05_mulberry_symbols/a_lower_case__00bb34df75e5.png,0.117095947265625,0.0126495361328125,1.0,439.0,0.107177734375,149.28473804100227,0.4650909090909091,0.946969696969697,0.5540594202375365,0.013145869340362881,0.5332667332667332,0.842054728756601,0.11675788376335679,0.8954492415402567,1.0,1.0,1.0,0.24603377282619476,0.16879954934120178,0.39849522709846497,0.1866714507341385,0.0,16.0,0.48271697759628296,0.08317442405760812,0.7389071583747864,0.0,0.00244140625,0.0,0.0,0.0,0.436279296875,0.4697265625,0.0,0.0,0.433349609375,0.51025390625,0.003173828125,0.0,0.013427734375,0.0048828125,0.0
0103d975cd842ace,09_universal_symbols_healthcare_webfont,Universal Symbols Healthcare Webfont,i outpatient,healthcare wayfinding,icon_data/normalized_256/09_universal_symbols_healthcare_webfont/i_outpatient__0103d975cd84.png,0.2559661865234375,0.022552490234375,1.0,763.0,0.186279296875,85.89252948885976,0.4586340769903762,0.5669291338582677,0.602204192992533,0.044803179612171146,0.39280969777482566,0.3328301287144446,0.08858420268256334,0.9186243907781612,1.0,0.0,0.5852492760701951,0.11209388077259064,0.20620903372764587,0.4500086307525635,0.2316884547472,1.0,7.0,0.0,0.0,0.7520205676555634,0.0,0.4677734375,0.237060546875,0.0,0.01708984375,0.52685546875,0.685546875,0.025634765625,0.0,0.606201171875,0.50927734375,0.027099609375,0.03173828125,0.4765625,0.484619140625,0.0
0117443b502ff216,03_mapbox_maki_icons,Mapbox Maki,fast food,cartography / point of interest,icon_data/normalized_256/03_mapbox_maki_icons/fast_food__0117443b502f.png,0.644744873046875,0.0154876708984375,1.0,550.0,0.13427734375,119.15636363636364,0.8546521035598705,1.1650485436893203,0.9698625106158331,0.005686991318725616,0.999432167699806,0.9367465737727461,0.022246414540635206,0.9782377182016021,1.0,0.0,0.8489171053160285,0.893329381942749,0.012841548770666122,0.08099653571844101,0.012832568027079105,1.0,7.0,0.0,0.0,0.6341480910778046,0.319580078125,0.609375,0.609375,0.31787109375,0.6533203125,1.0,1.0,0.65283203125,0.720458984375,1.0,1.0,0.72021484375,0.24951171875,0.607177734375,0.607177734375,0.2490234375
0124a331b801ac98,06_blissymbolics,Blissymbolics,action,Blissymbolics char,icon_data/normalized_256/06_blissymbolics/action_0a1d3130652a__0124a331b801.png,0.4296875,0.009063720703125,1.0,376.0,0.091796875,174.29787234042553,1.0,0.4296875,1.0,0.0,1.0,1.0,0.02599431818181818,0.9746642669251003,1.0,0.0,0.8278457196613358,0.016591278836131096,0.4845952093601227,0.014215975068509579,0.4845975637435913,1.0,8.0,0.0,0.0,0.04809755086898804,0.0,0.859375,0.859375,0.0,0.0,0.859375,0.859375,0.0,0.0,0.859375,0.859375,0.0,0.0,0.859375,0.859375,0.0
0125e5eaa978b2be,10_openmoji,OpenMoji,circled cc,extras-unicode / symbol-other,icon_data/normalized_256/10_openmoji/1f16d__0125e5eaa978.png,0.3331298828125,0.033905029296875,3.0,1279.0,0.312255859375,51.24003127443315,0.49505668934240366,1.0,0.6187857831188708,0.007008380497693772,0.7660572722860378,0.9548710601719198,0.11057163796262368,0.9004371855151365,3.0,1.0,0.5306241493291853,0.27154332399368286,0.23094481229782104,0.2667919397354126,0.23071998357772827,1.0,7.0,0.0,0.0,0.7538411021232605,0.056884765625,0.3720703125,0.371826171875,0.056396484375,0.418212890625,0.478515625,0.509765625,0.4013671875,0.422607421875,0.490966796875,0.4931640625,0.4013671875,0.056396484375,0.3720703125,0.3720703125,0.056396484375
017f18f80c2b6bb0,11_iso_7010_safety_signs,ISO 7010 Safety Signs,ISO 7010 W003,iconsets,icon_data/normalized_256/11_iso_7010_safety_signs/iso_7010_w003__017f18f80c2b.png,0.875,0.0364990234375,1.0,88.0,0.021484375,744.7272727272727,1.0,1.1428571428571428,1.0,0.0,1.0,1.0,0.016741071428571428,0.9835345773874863,1.0,0.0,0.8818897637795275,0.2803195118904114,0.3374255895614624,0.04475730285048485,0.3374975919723511,1.0,8.0,0.0,0.0,0.26244693994522095,0.75,0.75,0.75,0.75,1.0,1.0,1.0,1.0,1.0,1.0,1.0,1.0,0.75,0.75,0.75,0.75
01b3d2f16631c2ed,09_universal_symbols_healthcare_webfont,Universal Symbols Healthcare Webfont,i coffee shop,healthcare wayfinding,icon_data/normalized_256/09_universal_symbols_healthcare_webfont/i_coffee_shop__01b3d2f16631.png,0.4340362548828125,0.0082244873046875,1.0,667.0,0.162841796875,98.25487256371814,0.7235704110704111,1.6153846153846154,0.8270939040169809,0.06541471302631255,0.8262069851052902,0.6915437678401523,0.03944454209878713,0.9620522880238104,1.0,1.0,1.0,0.6157010793685913,0.09529884904623032,0.2026481181383133,0.08635205030441284,1.0,7.0,0.0,0.0,0.8632137030363083,0.020751953125,0.15625,0.15625,0.06689453125,0.15625,1.0,1.0,0.625,0.296630859375,0.9931640625,0.995849609375,0.43701171875,0.237548828125,0.28125,0.28125,0.240478515625
01c52e5bedc2e3f2,10_openmoji,OpenMoji,flag: Anguilla,flags / country-flag,icon_data/normalized_256/10_openmoji/1f1e6_1f1ee__01c52e5bedc2.png,0.48388671875,0.0308837890625,1.0,1039.0,0.253662109375,63.07603464870068,0.9362305148795466,1.5890410958904109,0.9470509183216366,0.009509851276602607,0.8823529411764706,0.8946110646433265,0.06502270433905147,0.9389471190856872,1.0,9.0,1.0,0.497352659702301,0.07696202397346497,0.3436683416366577,0.08201704919338226,0.0,123.0,0.5873576998710632,0.42214597387347996,0.6153232157230377,0.11328125,0.140625,0.140625,0.11328125,0.695068359375,0.787109375,0.92138671875,0.77783203125,0.8125,1.0,0.934326171875,0.79833984375,0.11328125,0.140625,0.140625,0.11328125
0206ebb092b35aaf,10_openmoji,OpenMoji,flag: Cook Islands,flags / country-flag,icon_data/normalized_256/10_openmoji/1f1e8_1f1f0__0206ebb092b3.png,0.4910125732421875,0.034942626953125,1.0,1015.0,0.247802734375,64.56748768472906,0.9500177137458667,1.5890410958904109,0.9609974615499477,0.011634321496689115,0.9017197565155723,0.9009333648393195,0.06010130830665962,0.9433060709993257,1.0,18.0,1.0,0.46808722615242004,0.1012301966547966,0.32667431235313416,0.10400821268558502,0.0,89.0,0.5963070392608643,0.37540960912299604,0.6529131829738617,0.11328125,0.140625,0.140625,0.11328125,0.695068359375,0.787109375,0.978759765625,0.79833984375,0.8125,1.0,0.975341796875,0.79345703125,0.11328125,0.140625,0.140625,0.11328125
0224db970f4a8709,07_arasaac_pictograms,ARASAAC Pictograms,tennis,sport modality,icon_data/normalized_256/07_arasaac_pictograms/10158__0224db970f4a.png,0.9465484619140625,0.065582275390625,1.0,688.0,0.16796875,95.25581395348837,0.9807588932806324,0.9881422924901185,0.9967862709494962,0.003737843004855726,0.9920680796403339,0.9914285714285714,0.01647510196185901,0.9837919276821823,1.0,0.0,0.8835476933156718,0.3716435730457306,0.1316489428281784,0.3595317006111145,0.1371757984161377,0.0,88.0,0.7694812417030334,0.4416582379056292,0.5077396929264069,0.893798828125,0.9375,0.939453125,0.87890625,0.953125,1.0,1.0,0.9404296875,0.953125,1.0,1.0,0.938720703125,0.908447265625,0.95458984375,0.953125,0.8935546875
0255276c95128bcd,09_universal_symbols_healthcare_webfont,Universal Symbols Healthcare Webfont,i laboratory,healthcare wayfinding,icon_data/normalized_256/09_universal_symbols_healthcare_webfont/i_laboratory__0255276c9512.png,0.4271697998046875,0.0354461669921875,3.0,1450.0,0.35400390625,45.19724137931034,0.4356384799726121,1.0039525691699605,0.5084822725951759,0.05571709414391973,0.3017297498372547,0.19733972028570207,0.09551705661725308,0.9128109817731259,3.0,1.0,0.5668495757992994,0.3087558448314667,0.17977024614810944,0.3854246437549591,0.12604928016662598,1.0,7.0,0.0,0.0,0.7464932501316071,0.6513671875,0.433837890625,0.125732421875,0.4814453125,0.661865234375,0.490234375,0.62451171875,0.440185546875,0.108154296875,0.283203125,0.404052734375,0.512939453125,0.0,0.259521484375,0.618408203125,0.7392578125
025891c6ad0085b0,05_mulberry_symbols,Mulberry Symbols,O,iconsets,icon_data/normalized_256/05_mulberry_symbols/o__025891c6ad00.png,0.2616424560546875,0.01641845703125,1.0,625.0,0.152587890625,104.8576,0.5182241295938105,0.9361702127659575,0.6350623136608581,0.021440210577426635,0.9940690777997442,0.7688260779863834,0.068466787193095,0.9359205283554392,1.0,1.0,1.0,0.252074658870697,0.20483510196208954,0.33671021461486816,0.2063799351453781,0.0,15.0,0.4996819794178009,0.0781898398202307,0.7567022144794464,0.009521484375,0.42138671875,0.417236328125,0.009521484375,0.30908203125,0.34521484375,0.341064453125,0.308837890625,0.273193359375,0.44287109375,0.440673828125,0.272705078125,0.000244140625,0.296875,0.297607421875,0.000244140625
02ef8502ede43852,06_blissymbolics,Blissymbolics,animal,Blissymbolics char,icon_data/normalized_256/06_blissymbolics/animal_0d5743d73d7e__02ef8502ede4.png,0.4296875,0.01092529296875,1.0,376.0,0.091796875,174.29787234042553,1.0,0.4296875,1.0,0.0,1.0,1.0,0.02599431818181818,0.9746642669251003,1.0,0.0,0.8278457196613358,0.3119761645793915,0.32914313673973083,0.02972474880516529,0.32915595173835754,1.0,8.0,0.0,0.0,0.06681638956069946,0.0,0.859375,0.859375,0.0,0.0,0.859375,0.859375,0.0,0.0,0.859375,0.859375,0.0,0.0,0.859375,0.859375,0.0
0305d2fb6ed4af2b,07_arasaac_pictograms,ARASAAC Pictograms,roast,verb; meat; cookery,icon_data/normalized_256/07_arasaac_pictograms/10140__0305d2fb6ed4.png,0.320037841796875,0.0473480224609375,2.0,583.0,0.142333984375,112.41166380789022,0.5351056230227574,1.4573170731707317,0.7388853660255056,0.0734565159042358,0.7248355263157895,0.5819882335193846,0.0818155811957662,0.9243719700308506,2.0,3.0,1.0,0.40711966156959534,0.18075017631053925,0.10010483860969543,0.3120253086090088,0.0,85.0,0.6138502955436707,0.43152469860457704,0.7445513010025024,0.0,0.0,0.0,0.0,0.2734375,0.578125,0.758056640625,0.280517578125,0.60498046875,1.0,0.904541015625,0.4248046875,0.019287109375,0.173828125,0.01123046875,0.091796875
0368ddb907e94299,12_iso_15223_medical_device_symbols,ISO 15223 Medical Device Symbols,sterilized using aseptic processing techniques,medical device label,icon_data/normalized_256/12_iso_15223_medical_device_symbols/sterilized_using_aseptic_processing_techniques__0368ddb907e9.png,0.128265380859375,0.0308685302734375,9.0,1225.0,0.299072265625,53.498775510204084,0.3803964159652457,2.9195402298850577,0.38634065631032266,0.040363896352793555,0.5935545023696682,0.6335017489312087,0.32786105162978824,0.7530908439347788,9.0,4.0,0.4444444444444444,0.4417429268360138,0.01929585263133049,0.5015202164649963,0.03744104877114296,1.0,7.0,0.0,0.0,0.7207363545894623,0.0,0.0,0.0,0.0,0.289306640625,0.29541015625,0.24853515625,0.185302734375,0.255859375,0.274658203125,0.28076171875,0.222412109375,0.0,0.0,0.0,0.0
03a2b61645ccb834,01_mcdougall_symbol_icon_set,McDougall Symbol/Icon Set,Adjust contrast,,icon_data/normalized_256/01_mcdougall_symbol_icon_set/mcdougall_003__03a2b61645cc.png,0.124847412109375,0.0134429931640625,1.0,442.0,0.10791015625,148.2714932126697,0.45030269675288936,0.7278481012658228,0.5782127840005653,0.08728988218931091,0.14529675251959687,0.9758512436609514,0.11659740894646786,0.8955779334500875,1.0,1.0,1.0,0.13386300206184387,0.19292545318603516,0.47346600890159607,0.19974565505981445,0.0,4.0,0.11108040064573288,0.006218565902346059,0.8592125624418259,0.0,0.0498046875,0.08251953125,0.0,0.0,0.097412109375,0.767822265625,0.0,0.0,0.097900390625,0.770751953125,0.0,0.0,0.05029296875,0.0810546875,0.0
03b011bfc27494cd,07_arasaac_pictograms,ARASAAC Pictograms,throw away,verb; hygiene product; routine,icon_data/normalized_256/07_arasaac_pictograms/10183__03b011bfc274.png,0.488861083984375,0.070892333984375,2.0,769.0,0.187744140625,85.222366710013,0.589584100110416,1.1227272727272728,0.7285668804293446,0.1291710957431594,0.45773045773045773,0.5371107805978026,0.04332355328047943,0.9584754382815772,2.0,0.0,0.7426174029947615,0.3740241527557373,0.19749343395233154,0.3245185315608978,0.1039639338850975,0.0,24.0,0.007938488386571407,0.02159594069156333,0.2085917592048645,0.07470703125,0.206298828125,0.261474609375,0.285400390625,0.8662109375,0.91259765625,0.438232421875,0.05078125,0.65380859375,0.985595703125,0.6484375,0.173095703125,0.04296875,0.90625,0.90625,0.40966796875
03cb65187e88cba6,09_universal_symbols_healthcare_webfont,Universal Symbols Healthcare Webfont,care staff area,healthcare wayfinding,icon_data/normalized_256/09_universal_symbols_healthcare_webfont/care_staff_area__03cb65187e88.png,0.8416748046875,0.02435302734375,1.0,838.0,0.20458984375,78.20525059665871,0.8416748046875,1.0,0.8579605549679586,0.0185912376990126,0.98638769851273,0.8024965688517091,0.04278462654097172,0.958970792767733,1.0,5.0,1.0,0.48229819536209106,0.12627433240413666,0.2637844681739807,0.12764298915863037,1.0,7.0,0.0,0.0,0.8830161765217781,0.947265625,0.883544921875,0.88037109375,0.93896484375,1.0,0.8046875,0.8193359375,1.0,1.0,0.351806640625,0.37158203125,1.0,0.894287109375,0.84375,0.84375,0.887451171875
05378ff1c8e8def6,09_universal_symbols_healthcare_webfont,Universal Symbols Healthcare Webfont,fire extinguisher,healthcare wayfinding,icon_data/normalized_256/09_universal_symbols_healthcare_webfont/fire_extinguisher__05378ff1c8e8.png,0.984375,0.01116943359375,1.0,1.0,0.000244140625,65536.0,1.0,0.984375,1.0,0.0,1.0,1.0,0.015749007936507936,0.9844951776339885,1.0,0.0,0.8881057268722466,0.358389288187027,0.11432317644357681,0.4422914981842041,0.08499603718519211,1.0,8.0,0.0,0.0,0.72833651304245,0.96875,1.0,1.0,0.96875,0.96875,1.0,1.0,0.96875,0.96875,1.0,1.0,0.96875,0.96875,1.0,1.0,0.96875
053d4c255779f3da,03_mapbox_maki_icons,Mapbox Maki,bicycle,cartography / point of interest,icon_data/normalized_256/03_mapbox_maki_icons/bicycle__053d4c255779.png,0.578582763671875,0.0272369384765625,1.0,784.0,0.19140625,83.59183673469387,0.7190154733009708,1.2427184466019416,0.8534803893984582,0.07233169654797232,0.8865615204736554,0.5458436952179053,0.04356769871828683,0.9582512004043467,1.0,3.0,1.0,0.41247743368148804,0.1184924989938736,0.3302796185016632,0.13875052332878113,1.0,7.0,0.0,0.0,0.44706666469573975,0.1005859375,0.358154296875,0.462646484375,0.0,0.5126953125,0.913330078125,0.92724609375,0.453125,0.8466796875,0.971923828125,0.927978515625,0.85400390625,0.516357421875,0.447509765625,0.449462890625,0.515625
05760907519c6ff8,06_blissymbolics,Blissymbolics,belongs to,Blissymbolics char,icon_data/normalized_256/06_blissymbolics/belongs_to_4cee92c10dcc__05760907519c.png,0.23828125,0.00323486328125,1.0,376.0,0.091796875,174.29787234042553,1.0,0.23828125,1.0,0.002772967769359,0.967741935483871,1.0,0.04059938524590164,0.9609846153846154,1.0,0.0,0.7548337200309357,0.4378296732902527,0.06300627440214157,0.43615785241127014,0.06300627440214157,1.0,8.0,0.0,0.0,0.039446234703063965,0.0,0.484375,0.46875,0.0,0.0,0.484375,0.46875,0.0,0.0,0.484375,0.46875,0.0,0.0,0.484375,0.46875,0.0
059bf0b262c52022,05_mulberry_symbols,Mulberry Symbols,E,iconsets,icon_data/normalized_256/05_mulberry_symbols/e__059bf0b262c5.png,0.246063232421875,0.0153961181640625,1.0,508.0,0.1240234375,129.00787401574803,0.6374416949956518,0.7637362637362637,0.6535227249701121,0.056687584838746294,0.6311956301840987,0.6896479463537301,0.06337591467195833,0.9404012129694425,1.0,0.0,0.6635667846267796,0.6407157778739929,0.010252509266138077,0.34021055698394775,0.008821186609566212,0.0,13.0,0.4966699182987213,0.07889202458876718,0.7537330389022827,0.02197265625,0.46875,0.46875,0.029296875,0.046875,0.73046875,0.388671875,0.001708984375,0.046875,0.659912109375,0.244140625,0.015380859375,0.017578125,0.375,0.375,0.046630859375
061b8ab92d29d52e,07_arasaac_pictograms,ARASAAC Pictograms,grandmother,elderly; family,icon_data/normalized_256/07_arasaac_pictograms/10194__061b8ab92d29.png,0.2862701416015625,0.0164794921875,1.0,613.0,0.149658203125,106.91027732463296,0.6491920135644832,0.47368421052631576,0.8166543333478431,0.02488486015352747,0.7245151208750804,0.7092747813411079,0.06193699696178242,0.9416754504843649,1.0,0.0,0.6686744840859679,0.21584627032279968,0.20653635263442993,0.3957344591617584,0.18188291788101196,0.0,26.0,0.18352670967578888,0.1228321169710961,0.6462719142436981,0.0,0.29345703125,0.468017578125,0.0,0.0,0.688720703125,0.798583984375,0.0,0.0,0.624267578125,0.786376953125,0.0,0.0,0.446533203125,0.474365234375,0.0
062a59bf2ff18bf1,06_blissymbolics,Blissymbolics,bliss name,Blissymbolics char,icon_data/normalized_256/06_blissymbolics/bliss_name_38ace51b8db1__062a59bf2ff1.png,0.4296875,0.0121917724609375,1.0,376.0,0.091796875,174.29787234042553,1.0,0.4296875,1.0,0.0,1.0,1.0,0.02599431818181818,0.9746642669251003,1.0,0.0,0.8278457196613358,0.5077455043792725,0.056964412331581116,0.10320016741752625,0.33208993077278137,1.0,8.0,0.0,0.0,0.10299056768417358,0.0,0.859375,0.859375,0.0,0.0,0.859375,0.859375,0.0,0.0,0.859375,0.859375,0.0,0.0,0.859375,0.859375,0.0
082c5e659f3a2ac9,03_mapbox_maki_icons,Mapbox Maki,college,cartography / point of interest,icon_data/normalized_256/03_mapbox_maki_icons/college__082c5e659f3a.png,0.6905517578125,0.01727294921875,1.0,592.0,0.14453125,110.70270270270271,0.7365885416666667,1.0666666666666667,0.9255752121893854,0.06452247589069775,0.7739103167137034,0.7841204762280217,0.024924871840197985,0.9756812694032425,1.0,1.0,1.0,0.39123302698135376,0.1961478739976883,0.25961634516716003,0.1530027687549591,1.0,7.0,0.0,0.0,0.6485359072685242,0.259521484375,0.726318359375,0.7333984375,0.270751953125,0.844970703125,1.0,1.0,0.70654296875,0.85107421875,0.976318359375,1.0,0.33447265625,0.739013671875,0.77978515625,0.72900390625,0.09765625
08364fed95eafaf1,10_openmoji,OpenMoji,flag: Brunei,flags / country-flag,icon_data/normalized_256/10_openmoji/1f1e7_1f1f3__08364fed95ea.png,0.4798431396484375,0.0324554443359375,1.0,847.0,0.206787109375,77.37426210153482,0.9284069437883797,1.5890410958904109,0.9391369269822308,0.005341750284599209,0.8605490474500059,0.8614300935243282,0.04407415651731485,0.9577863734657205,1.0,5.0,1.0,0.5938010215759277,0.014767230488359928,0.3142547309398651,0.07717694342136383,0.0,78.0,0.6272631883621216,0.48780609817275206,0.4868118166923523,0.11328125,0.140625,0.140625,0.11328125,0.66357421875,0.829345703125,0.965087890625,0.8125,0.8125,1.0,0.914794921875,0.6640625,0.11328125,0.140625,0.140625,0.11328125
08d3da8ba9974ed7,04_ocha_humanitarian_icons,OCHA Humanitarian Icons,building closed,iconsets,icon_data/normalized_256/04_ocha_humanitarian_icons/building_closed__08d3da8ba997.png,0.611480712890625,0.03033447265625,6.0,1147.0,0.280029296875,57.13687881429817,0.611480712890625,1.0,0.7090170822975734,0.1342548443022133,0.3935389644260528,0.45957167832167833,0.07086889254878474,0.9338211306333597,6.0,3.0,0.6381819919100551,0.4514789581298828,0.10412623733282089,0.3423673212528229,0.10202740877866745,1.0,7.0,0.0,0.0,0.8870914280414581,0.716552734375,0.6416015625,0.90625,0.774658203125,0.4697265625,0.47900390625,0.556396484375,0.67431640625,0.0,0.6357421875,0.90625,0.90625,0.0,0.703125,0.413818359375,1.0
090ca3e2a89db4a0,07_arasaac_pictograms,ARASAAC Pictograms,good,qualifying adjective,icon_data/normalized_256/07_arasaac_pictograms/10197__090ca3e2a89d.png,0.422882080078125,0.03607177734375,1.0,787.0,0.192138671875,83.27318932655655,0.7165313614974921,0.7124463519313304,0.8257676206367415,0.031147493628073432,0.9584481662073352,0.6191867258705305,0.0520314642418994,0.9505419124708465,1.0,1.0,1.0,0.1611071527004242,0.2354026734828949,0.3716241419315338,0.23186610639095306,0.0,30.0,0.6354601979255676,0.5973247860103639,0.26852214336395264,0.037109375,0.373779296875,0.37744140625,0.041259765625,0.169921875,0.9189453125,0.930419921875,0.181640625,0.257568359375,1.0,1.0,0.264892578125,0.08544921875,0.524169921875,0.50341796875,0.10009765625
09bef1532d174fbb,05_mulberry_symbols,Mulberry Symbols,Pluto,iconsets,icon_data/normalized_256/05_mulberry_symbols/pluto__09bef1532d17.png,0.5966033935546875,0.03155517578125,1.0,487.0,0.118896484375,134.57084188911705,0.7862414285427014,1.0,1.0,0.008333736527944393,0.9796962025316456,0.9730029772417621,0.022813882707997647,0.9776949813708085,1.0,0.0,0.8456580512598681,0.23689895868301392,0.2711772322654724,0.2581540644168854,0.2337697297334671,0.0,30.0,0.6049195528030396,0.37160643317904973,0.30576562881469727,0.100341796875,0.6279296875,0.618896484375,0.088134765625,0.650390625,1.0,1.0,0.621826171875,0.660888671875,1.0,1.0,0.634521484375,0.115966796875,0.666259765625,0.6572265625,0.103271484375
09c29f2f131b680a,02_aiga_dot_symbol_signs,AIGA/DOT Symbol Signs,Aiga shops,,icon_data/normalized_256/02_aiga_dot_symbol_signs/aiga_shops__09c29f2f131b.png,0.95697021484375,0.0446929931640625,1.0,376.0,0.091796875,174.29787234042553,0.9999362244897959,1.0448979591836736,1.0,0.002781385567629651,0.9998724489795918,0.9917428861788617,0.01616812296702596,0.9840891260003138,1.0,2.0,1.0,0.25612902641296387,0.167790487408638,0.5068560242652893,0.06922444701194763,1.0,8.0,0.0,0.0,0.6386753618717194,0.921875,0.921875,0.92138671875,0.921875,1.0,1.0,1.0,1.0,1.0,1.0,1.0,1.0,0.906005859375,0.90625,0.90625,0.906005859375
09dd16f828b6f7f2,01_mcdougall_symbol_icon_set,McDougall Symbol/Icon Set,Air cooled condenser,,icon_data/normalized_256/01_mcdougall_symbol_icon_set/mcdougall_004__09dd16f828b6.png,0.15924072265625,0.0318145751953125,1.0,997.0,0.243408203125,65.73319959879639,0.5041545893719807,0.92,0.5500303054259889,0.059326457461240316,0.47588742752085983,0.845446507515473,0.2008432349559218,0.8327481646983722,1.0,18.0,1.0,0.2899881601333618,0.0421956405043602,0.6225584745407104,0.045257676392793655,0.0,4.0,0.10762180387973785,0.0066367036896537,0.8447114080190659,0.0,0.061767578125,0.0322265625,0.0,0.048828125,0.664794921875,0.49853515625,0.01708984375,0.047607421875,0.626953125,0.4482421875,0.011962890625,0.0,0.05908203125,0.03076171875,0.0
09f287549c50a508,13_usp_pictograms_manual,USP Pictograms,06,medication instruction,icon_data/normalized_256/13_usp_pictograms_manual/06__09f287549c50.png,0.7109375,0.0549774169921875,1.0,376.0,0.091796875,174.29787234042553,1.0,1.4065934065934067,1.0,0.0,1.0,1.0,0.018801510989010988,0.9815454622061178,1.0,0.0,0.8692537313432837,0.4211939871311188,0.13198092579841614,0.3321637809276581,0.1146613359451294,1.0,8.0,0.0,0.0,0.2512608766555786,0.421875,0.421875,0.421875,0.421875,1.0,1.0,1.0,1.0,1.0,1.0,1.0,1.0,0.421875,0.421875,0.421875,0.421875
0a90870efcfe6b1c,13_usp_pictograms_manual,USP Pictograms,66,medication instruction,icon_data/normalized_256/13_usp_pictograms_manual/66__0a90870efcfe.png,0.53125,0.0359649658203125,1.0,376.0,0.091796875,174.29787234042553,1.0,1.8823529411764706,1.0,0.0,1.0,1.0,0.022518382352941176,0.9779775280898877,1.0,0.0,0.8473520249221184,0.4597281515598297,0.10316798090934753,0.31298935413360596,0.12411454319953918,1.0,8.0,0.0,0.0,0.182880699634552,0.0625,0.0625,0.0625,0.0625,1.0,1.0,1.0,1.0,1.0,1.0,1.0,1.0,0.0625,0.0625,0.0625,0.0625
0af8f584a784df9f,10_openmoji,OpenMoji,flag: Bouvet Island,flags / country-flag,icon_data/normalized_256/10_openmoji/1f1e7_1f1fb__0af8f584a784.png,0.4892578125,0.0301513671875,1.0,964.0,0.2353515625,67.98340248962656,0.9466225791213982,1.5890410958904109,0.9575630879498283,0.0029002696829222895,0.9548835507864895,1.0,0.06125249500998004,0.9422828259080757,1.0,4.0,1.0,0.5959910750389099,0.01638815738260746,0.37123262882232666,0.01638815551996231,0.0,55.0,0.6187680959701538,0.5448064592575333,0.622072845697403,0.11328125,0.140625,0.140625,0.11328125,0.781982421875,0.88916015625,0.953125,0.781982421875,0.781982421875,0.88916015625,0.953125,0.781982421875,0.11328125,0.140625,0.140625,0.11328125
0b536ae36e8ac25f,05_mulberry_symbols,Mulberry Symbols,A,iconsets,icon_data/normalized_256/05_mulberry_symbols/a__0b536ae36e8a.png,0.2325592041015625,0.012481689453125,1.0,595.0,0.145263671875,110.14453781512606,0.4576052362937609,1.0054945054945055,0.754187594329119,0.047684968505473636,0.9757583614207933,0.30075958009729453,0.06771209238238961,0.9365820684569532,1.0,1.0,1.0,0.263259619474411,0.03291215002536774,0.6577911376953125,0.04603705555200577,0.0,16.0,0.49960482120513916,0.07773276733596188,0.7567884624004364,0.0,0.1767578125,0.17236328125,0.0,0.0,0.5732421875,0.587646484375,0.0,0.092041015625,0.750244140625,0.758544921875,0.0966796875,0.14111328125,0.11181640625,0.114501953125,0.14599609375
0b5e70af0684900a,02_aiga_dot_symbol_signs,AIGA/DOT Symbol Signs,Aiga coatcheck,,icon_data/normalized_256/02_aiga_dot_symbol_signs/aiga_coatcheck__0b5e70af0684.png,0.1689910888671875,0.0319366455078125,1.0,886.0,0.21630859375,73.96839729119638,0.23770175137362637,1.4065934065934067,0.3815610411534685,0.16430144310640787,0.8783921302578019,0.09925558312655088,0.1489841986455982,0.8703339882121808,1.0,1.0,1.0,0.3675766885280609,0.2461533099412918,0.09718958288431168,0.2890804708003998,1.0,1.0,0.0,0.0,1.0,0.0,0.12109375,0.13623046875,0.0,0.0,0.268798828125,0.181640625,0.0,0.27734375,0.197021484375,0.203125,0.285400390625,0.264404296875,0.25,0.25,0.268798828125
0b96f5910cf92e60,06_blissymbolics,Blissymbolics,bird,Blissymbolics char,icon_data/normalized_256/06_blissymbolics/bird_cd92815bf627__0b96f5910cf9.png,0.4296875,0.00738525390625,1.0,376.0,0.091796875,174.29787234042553,1.0,0.4296875,1.0,0.0,1.0,1.0,0.02599431818181818,0.9746642669251003,1.0,0.0,0.8278457196613358,0.2187267243862152,0.329580694437027,0.12085514515638351,0.33083733916282654,1.0,8.0,0.0,0.0,0.04376840591430664,0.0,0.859375,0.859375,0.0,0.0,0.859375,0.859375,0.0,0.0,0.859375,0.859375,0.0,0.0,0.859375,0.859375,0.0
0bc024cae070cc1b,04_ocha_humanitarian_icons,OCHA Humanitarian Icons,building facility destroyed,iconsets,icon_data/normalized_256/04_ocha_humanitarian_icons/building_facility_destroyed__0bc024cae070.png,0.6253662109375,0.0294647216796875,4.0,1057.0,0.258056640625,62.00189214758751,0.6253662109375,1.0,0.7251174352668501,0.1260806947796105,0.40833648328236144,0.44482831558908553,0.0668065586570369,0.9373770641782169,4.0,3.0,0.75,0.4190523624420166,0.13962051272392273,0.30534282326698303,0.13598433136940002,1.0,7.0,0.0,0.0,0.8956016227602959,0.77197265625,0.714599609375,0.90625,0.774658203125,0.529541015625,0.512939453125,0.556396484375,0.67431640625,0.0,0.6357421875,0.90625,0.90625,0.0,0.703125,0.413818359375,1.0
0bc1e8eca284bbb0,09_universal_symbols_healthcare_webfont,Universal Symbols Healthcare Webfont,i health education,healthcare wayfinding,icon_data/normalized_256/09_universal_symbols_healthcare_webfont/i_health_education__0bc1e8eca284.png,0.984375,0.0456390380859375,1.0,1.0,0.000244140625,65536.0,1.0,1.0158730158730158,1.0,0.0,1.0,1.0,0.015749007936507936,0.9844951776339885,1.0,0.0,0.8881057268722466,0.3281222879886627,0.12258809804916382,0.4171251356601715,0.13216443359851837,1.0,8.0,0.0,0.0,0.34826743602752686,0.96875,0.96875,0.96875,0.96875,1.0,1.0,1.0,1.0,1.0,1.0,1.0,1.0,0.96875,0.96875,0.96875,0.96875
0bc7b42c3a6c791e,03_mapbox_maki_icons,Mapbox Maki,circle stroked,cartography / point of interest,icon_data/normalized_256/03_mapbox_maki_icons/circle_stroked__0bc7b42c3a6c.png,0.504730224609375,0.0145263671875,1.0,808.0,0.197265625,81.10891089108911,0.5742708333333333,1.0,0.6880069886434543,0.0004213987208457525,0.9971019742800218,0.9971019742800218,0.04571013966987121,0.9562879444926279,1.0,1.0,1.0,0.3304341733455658,0.17138968408107758,0.3284496068954468,0.16972658038139343,1.0,7.0,0.0,0.0,0.5294376909732819,0.25146484375,0.813720703125,0.813720703125,0.25048828125,0.81396484375,0.140625,0.14306640625,0.811767578125,0.8134765625,0.14306640625,0.14501953125,0.811279296875,0.25048828125,0.81201171875,0.8115234375,0.25
0c2fc4eef9275cc9,11_iso_7010_safety_signs,ISO 7010 Safety Signs,ISO 7010 W029,iconsets,icon_data/normalized_256/11_iso_7010_safety_signs/iso_7010_w029__0c2fc4eef927.png,0.875,0.044830322265625,1.0,88.0,0.021484375,744.7272727272727,1.0,1.1428571428571428,1.0,0.0,1.0,1.0,0.016741071428571428,0.9835345773874863,1.0,0.0,0.8818897637795275,0.2348458170890808,0.30621036887168884,0.20098355412483215,0.25796031951904297,1.0,8.0,0.0,0.0,0.28743427991867065,0.75,0.75,0.75,0.75,1.0,1.0,1.0,1.0,1.0,1.0,1.0,1.0,0.75,0.75,0.75,0.75
0ca7c67b9607dd2a,13_usp_pictograms_manual,USP Pictograms,47,medication instruction,icon_data/normalized_256/13_usp_pictograms_manual/47__0ca7c67b9607.png,0.9453125,0.0436553955078125,1.0,376.0,0.091796875,174.29787234042553,1.0,1.0578512396694215,1.0,0.0,1.0,1.0,0.016076962809917356,0.9841774162801042,1.0,0.0,0.8860411899313501,0.3690613806247711,0.2338840216398239,0.18055710196495056,0.21649746596813202,1.0,8.0,0.0,0.0,0.1497148871421814,0.890625,0.890625,0.890625,0.890625,1.0,1.0,1.0,1.0,1.0,1.0,1.0,1.0,0.890625,0.890625,0.890625,0.890625
0d045bd3e3bf595b,07_arasaac_pictograms,ARASAAC Pictograms,ping-pong,sport modality,icon_data/normalized_256/07_arasaac_pictograms/10164__0d045bd3e3bf.png,0.558746337890625,0.050323486328125,6.0,916.0,0.2236328125,71.54585152838428,0.5906033773648812,1.0,0.7142815343652164,0.19913262194465964,0.6820395039044557,0.3114859782959063,0.045114424599923535,0.9568330284818396,6.0,2.0,0.7347995344543885,0.4874850809574127,0.1370023488998413,0.2041262686252594,0.17138634622097015,0.0,86.0,0.6402832269668579,0.6204029614107157,0.5487739741802216,0.096923828125,0.260009765625,0.602294921875,0.0,0.04150390625,0.49658203125,0.65869140625,0.2119140625,0.675048828125,0.9931640625,0.759521484375,0.585205078125,0.85009765625,0.9228515625,0.921875,0.8642578125
0d486c801bc695ee,10_openmoji,OpenMoji,keycap: 7,symbols / keycap,icon_data/normalized_256/10_openmoji/0037_fe0f_20e3__0d486c801bc6.png,0.505126953125,0.0251922607421875,1.0,520.0,0.126953125,126.03076923076924,0.9993962081874169,1.0,1.0,0.0,1.0,1.0,0.02199130014499758,0.9784819106171672,1.0,0.0,0.8503904644471845,0.45665276050567627,0.036314960569143295,0.4894584119319916,0.017573826014995575,0.0,23.0,0.33270397782325745,0.2323926156495235,0.3822307586669922,0.1767578125,0.421875,0.421875,0.1767578125,0.421875,1.0,1.0,0.421875,0.421875,1.0,1.0,0.421875,0.1767578125,0.421875,0.421875,0.1767578125
0d5b194d097b730a,07_arasaac_pictograms,ARASAAC Pictograms,beer,beverage; alcoholism,icon_data/normalized_256/07_arasaac_pictograms/10223__0d5b194d097b.png,0.5046844482421875,0.0435791015625,2.0,712.0,0.173828125,92.04494382022472,0.7177734375,1.25,0.8601073996541367,0.09571827831027309,0.5816277735271614,0.8429263943834624,0.041602418745275885,0.9600592145365882,2.0,2.0,1.0,0.3889065682888031,0.10355693846940994,0.409842848777771,0.09769358485937119,0.0,95.0,0.5168449878692627,0.5388695999140952,0.3766694664955139,0.002685546875,0.044921875,0.284912109375,0.37548828125,0.490478515625,0.978515625,0.753662109375,0.869873046875,0.6083984375,0.999267578125,0.78857421875,0.859375,0.0625,0.283447265625,0.290283203125,0.382568359375
0d671d32bec85d0c,02_aiga_dot_symbol_signs,AIGA/DOT Symbol Signs,Aiga BarberShop,,icon_data/normalized_256/02_aiga_dot_symbol_signs/aiga_barbershop__0d671d32bec8.png,0.3433837890625,0.07550048828125,4.0,1531.0,0.373779296875,42.8060091443501,0.36925096398391993,0.9372549019607843,0.48435801685266294,0.04690623561235252,0.23370429252782193,0.3340446973738811,0.1370423035904728,0.8794747537908395,4.0,0.0,0.47702221468543327,0.3218621015548706,0.09110736846923828,0.49245157837867737,0.09457889199256897,1.0,8.0,0.0,0.0,0.9490779861807823,0.094970703125,0.385498046875,0.407470703125,0.516845703125,0.203857421875,0.5302734375,0.427978515625,0.543212890625,0.3212890625,0.396728515625,0.345947265625,0.1572265625,0.3916015625,0.47314453125,0.298095703125,0.0
0db27129c0b71a97,12_iso_15223_medical_device_symbols,ISO 15223 Medical Device Symbols,do not re use,medical device label,icon_data/normalized_256/12_iso_15223_medical_device_symbols/do_not_re_use__0db27129c0b7.png,0.1343841552734375,0.0369110107421875,1.0,1171.0,0.285888671875,55.96584116140051,0.24268393496831084,0.9947643979057592,0.30854660430570885,0.0008228142506583569,0.6012727272727273,0.5046984452417563,0.28976950153287157,0.7753323355929219,1.0,2.0,1.0,0.2224617749452591,0.24370265007019043,0.17208588123321533,0.36174964904785156,1.0,7.0,0.0,0.0,0.7762109786272049,0.0068359375,0.175048828125,0.171630859375,0.0068359375,0.154541015625,0.241455078125,0.1748046875,0.14794921875,0.152099609375,0.148193359375,0.252197265625,0.146240234375,0.005126953125,0.18212890625,0.179931640625,0.005126953125
0dbe74d0ea5067c3,12_iso_15223_medical_device_symbols,ISO 15223 Medical Device Symbols,serial number,medical device label,icon_data/normalized_256/12_iso_15223_medical_device_symbols/serial_number__0dbe74d0ea50.png,0.166046142578125,0.0324554443359375,3.0,1258.0,0.30712890625,52.095389507154216,0.3643608116252595,1.5912408759124088,0.36875635377838023,0.004587752447092954,0.7115445108524693,0.7971924029727498,0.20161734975188383,0.8322116855307433,3.0,1.0,0.3827108391362454,0.5647289752960205,0.0208366047590971,0.33402127027511597,0.08041314780712128,1.0,7.0,0.0,0.0,0.8130472600460052,0.054443359375,0.078125,0.078125,0.054443359375,0.166748046875,0.36328125,0.397216796875,0.152099609375,0.175537109375,0.363037109375,0.3994140625,0.161376953125,0.0439453125,0.0625,0.0625,0.0439453125
0de655bf41d15d27,03_mapbox_maki_icons,Mapbox Maki,gaming,cartography / point of interest,icon_data/normalized_256/03_mapbox_maki_icons/gaming__0de655bf41d1.png,0.524658203125,0.010955810546875,1.0,631.0,0.154052734375,103.86053882725832,0.6988617886178862,1.170731707317073,0.8279615204016518,0.05239328181081087,0.8499946196061552,0.5808735632183908,0.03548161935784085,0.9657341871699809,1.0,2.0,1.0,0.3965347111225128,0.1664075404405594,0.2699662744998932,0.16709153354167938,1.0,7.0,0.0,0.0,0.5975428223609924,0.019775390625,0.264404296875,0.689208984375,0.177490234375,0.70458984375,0.910888671875,0.995361328125,0.70361328125,0.8681640625,0.851318359375,0.851318359375,0.86865234375,0.214599609375,0.02490234375,0.02685546875,0.223388671875
0e14f4458e64764c,02_aiga_dot_symbol_signs,AIGA/DOT Symbol Signs,Aiga noentry,,icon_data/normalized_256/02_aiga_dot_symbol_signs/aiga_noentry__0e14f4458e64.png,0.7774658203125,0.01556396484375,1.0,592.0,0.14453125,110.70270270270271,0.7774658203125,1.0,1.0,5.4250670735194244e-05,0.9999214978215646,0.9997645119510185,0.020097346522216987,0.9802985993535478,1.0,0.0,0.8614905992154741,0.5686522126197815,0.11743883043527603,0.19647011160850525,0.11743883043527603,1.0,6.0,0.0,0.0,0.8338739424943924,0.3046875,0.902587890625,0.90283203125,0.3046875,0.90283203125,1.0,1.0,0.90283203125,0.902587890625,1.0,1.0,0.902587890625,0.30419921875,0.902587890625,0.90283203125,0.30419921875
0e7fba19fbc42fe9,11_iso_7010_safety_signs,ISO 7010 Safety Signs,ISO 7010 W007,iconsets,icon_data/normalized_256/11_iso_7010_safety_signs/iso_7010_w007__0e7fba19fbc4.png,0.875,0.0374908447265625,1.0,88.0,0.021484375,744.7272727272727,1.0,1.1428571428571428,1.0,0.0,1.0,1.0,0.016741071428571428,0.9835345773874863,1.0,0.0,0.8818897637795275,0.2946305572986603,0.3468964099884033,0.05819547921419144,0.30027756094932556,1.0,8.0,0.0,0.0,0.23749035596847534,0.75,0.75,0.75,0.75,1.0,1.0,1.0,1.0,1.0,1.0,1.0,1.0,0.75,0.75,0.75,0.75
0f0ba10ef3a52533,13_usp_pictograms_manual,USP Pictograms,35,medication instruction,icon_data/normalized_256/13_usp_pictograms_manual/35__0f0ba10ef3a5.png,0.77734375,0.042266845703125,1.0,376.0,0.091796875,174.29787234042553,1.0,0.77734375,1.0,0.002772967769359,0.99,1.0,0.017862751256281405,0.9824507270413083,1.0,0.0,0.8749656499038198,0.3288452625274658,0.11856891959905624,0.42438963055610657,0.128196120262146,1.0,8.0,0.0,0.0,0.17655563354492188,0.5625,1.0,1.0,0.546875,0.5625,1.0,1.0,0.546875,0.5625,1.0,1.0,0.546875,0.5625,1.0,1.0,0.546875
0f1269028a10d1a1,09_universal_symbols_healthcare_webfont,Universal Symbols Healthcare Webfont,i restrooms,healthcare wayfinding,icon_data/normalized_256/09_universal_symbols_healthcare_webfont/i_restrooms__0f1269028a10.png,0.6201629638671875,0.0351104736328125,4.0,1252.0,0.3056640625,52.34504792332268,0.6349675040619922,0.9921259842519685,0.7241966091426637,0.0263020208055245,0.6793934134953101,0.7660887324555686,0.05604901213001009,0.9469257473031849,4.0,2.0,0.6904207790442862,0.12131623923778534,0.0701284408569336,0.7382760643959045,0.07027935236692429,1.0,7.0,0.0,0.0,0.7689363956451416,0.548583984375,0.463623046875,0.396728515625,0.41064453125,0.96875,0.859375,0.817626953125,0.83349609375,0.743896484375,0.6357421875,0.700927734375,0.713134765625,0.5751953125,0.491943359375,0.379638671875,0.38330078125
0f24268c87538a24,10_openmoji,OpenMoji,regional indicator A,extras-unicode / regional-indicator,icon_data/normalized_256/10_openmoji/1f1e6__0f24268c8753.png,0.203643798828125,0.0323486328125,2.0,1252.0,0.3056640625,52.34504792332268,0.30263038548752835,1.0,0.3794279865809973,0.01812393830593891,0.9982033238508758,0.6541893901834408,0.16724112093511165,0.8567210168185904,2.0,2.0,1.0,0.23166972398757935,0.22746193408966064,0.3143099248409271,0.22655843198299408,1.0,7.0,0.0,0.0,0.6227342784404755,0.054443359375,0.215576171875,0.215087890625,0.054443359375,0.215576171875,0.248046875,0.248291015625,0.21533203125,0.21484375,0.411376953125,0.4111328125,0.215087890625,0.054443359375,0.215087890625,0.215087890625,0.054443359375
0f3e82b2e0316a1d,09_universal_symbols_healthcare_webfont,Universal Symbols Healthcare Webfont,ear nose throat,healthcare wayfinding,icon_data/normalized_256/09_universal_symbols_healthcare_webfont/ear_nose_throat__0f3e82b2e031.png,0.7257232666015625,0.0366973876953125,3.0,940.0,0.2294921875,69.71914893617021,0.7257232666015625,1.0,0.7397539389980247,0.023584166385924487,0.8025772219063863,0.7985554379065194,0.057231765522171525,0.945866396197522,3.0,3.0,1.0,0.27399247884750366,0.20363010466098785,0.3252277076244354,0.19714975357055664,1.0,7.0,0.0,0.0,0.8595242947340012,0.9482421875,0.74755859375,0.630859375,0.943603515625,0.9765625,0.156005859375,0.17041015625,0.807373046875,0.9541015625,0.5,0.357666015625,0.96533203125,0.95361328125,0.837646484375,0.712158203125,0.950439453125
0f44c4d9a932b441,06_blissymbolics,Blissymbolics,between,Blissymbolics char,icon_data/normalized_256/06_blissymbolics/between_709634051471__0f44c4d9a932.png,0.23828125,0.0039215087890625,1.0,376.0,0.091796875,174.29787234042553,1.0,0.23828125,1.0,0.002772967769359,0.967741935483871,1.0,0.04059938524590164,0.9609846153846154,1.0,0.0,0.7548337200309357,0.03701624274253845,0.043364450335502625,0.8768630027770996,0.04275627061724663,1.0,8.0,0.0,0.0,0.08743798732757568,0.0,0.484375,0.46875,0.0,0.0,0.484375,0.46875,0.0,0.0,0.484375,0.46875,0.0,0.0,0.484375,0.46875,0.0
0f78844100b97da7,07_arasaac_pictograms,ARASAAC Pictograms,close,verb; human anatomy; visual system,icon_data/normalized_256/07_arasaac_pictograms/10146__0f78844100b9.png,0.098968505859375,0.0123443603515625,5.0,370.0,0.09033203125,177.12432432432433,0.21413007593265104,1.7923076923076924,0.28757648310720935,0.1786194353068269,0.9583333333333334,0.06677631578947368,0.15448658649398705,0.8661858974358975,5.0,0.0,0.44724865535788166,0.5128515958786011,0.17806695401668549,0.13325105607509613,0.17583045363426208,0.0,28.0,0.06499919295310974,0.0650298812521267,0.47839176654815674,0.0,0.0,0.0,0.0,0.468505859375,0.24072265625,0.235595703125,0.4736328125,0.062744140625,0.013916015625,0.013427734375,0.06298828125,0.0,0.005859375,0.006103515625,0.0
0f8cade296175730,11_iso_7010_safety_signs,ISO 7010 Safety Signs,ISO 7010 W030,iconsets,icon_data/normalized_256/11_iso_7010_safety_signs/iso_7010_w030__0f8cade29617.png,0.8671875,0.01800537109375,1.0,376.0,0.091796875,174.29787234042553,1.0,1.1531531531531531,1.0,0.0,1.0,1.0,0.01682150900900901,0.9834567730324635,1.0,0.0,0.8813895781637717,0.2503298223018646,0.31952816247940063,0.13150909543037415,0.2986329197883606,1.0,8.0,0.0,0.0,0.2595776319503784,0.734375,0.734375,0.734375,0.734375,1.0,1.0,1.0,1.0,1.0,1.0,1.0,1.0,0.734375,0.734375,0.734375,0.734375
1011e0d2bd4a96a6,09_universal_symbols_healthcare_webfont,Universal Symbols Healthcare Webfont,i respiratory,healthcare wayfinding,icon_data/normalized_256/09_universal_symbols_healthcare_webfont/i_respiratory__1011e0d2bd4a.png,0.5644683837890625,0.033477783203125,1.0,1147.0,0.280029296875,57.13687881429817,0.6173216520650814,0.9215686274509803,0.813113384840259,0.13377828497295782,0.9201183431952663,0.3100432041929315,0.0634174032925148,0.9403645237550522,1.0,10.0,1.0,0.27135032415390015,0.14971821010112762,0.438276082277298,0.14065539836883545,1.0,7.0,0.0,0.0,0.8086466789245605,0.0,0.713134765625,0.655029296875,0.0,0.023681640625,0.850341796875,0.6279296875,0.02587890625,0.725830078125,0.850341796875,0.85302734375,0.733154296875,0.749267578125,0.73828125,0.73779296875,0.747802734375
10150c64373696d7,07_arasaac_pictograms,ARASAAC Pictograms,famous,qualifying adjective; character; mass media,icon_data/normalized_256/07_arasaac_pictograms/10202__10150c643736.png,0.4057769775390625,0.0443878173828125,9.0,1288.0,0.314453125,50.88198757763975,0.4639554764646359,1.055793991416309,0.5046349447317235,0.21599263881401162,0.8376753507014028,0.19637394277487852,0.1158199526191103,0.8962019344184949,9.0,6.0,0.6666666666666666,0.21899746358394623,0.14950937032699585,0.48672375082969666,0.14476940035820007,0.0,87.0,0.6442216038703918,0.5737587637970905,0.6725376546382904,0.033203125,0.1728515625,0.157958984375,0.03564453125,0.003662109375,0.427490234375,0.4365234375,0.002197265625,0.659423828125,0.675537109375,0.69970703125,0.74658203125,0.80810546875,0.42724609375,0.386962890625,0.8193359375
10234615d20909f9,03_mapbox_maki_icons,Mapbox Maki,bbq,cartography / point of interest,icon_data/normalized_256/03_mapbox_maki_icons/bbq__10234615d209.png,0.5496826171875,0.01275634765625,1.0,856.0,0.208984375,76.5607476635514,0.7388629091804085,0.8535564853556485,0.8194442864779409,0.025698795591316798,0.7851337958374628,0.7073794966586094,0.04224961137019764,0.9594630586480584,1.0,5.0,1.0,0.5142591595649719,0.12073373049497604,0.23112604022026062,0.13388103246688843,1.0,7.0,0.0,0.0,0.4890514016151428,0.186279296875,0.780517578125,0.77978515625,0.37841796875,0.249755859375,0.998779296875,0.998779296875,0.2490234375,0.3623046875,0.90869140625,0.743896484375,0.029541015625,0.4423828125,0.80126953125,0.63037109375,0.255126953125
10635378bfac6cb2,03_mapbox_maki_icons,Mapbox Maki,car rental,cartography / point of interest,icon_data/normalized_256/03_mapbox_maki_icons/car_rental__10635378bfac.png,0.5974578857421875,0.0207672119140625,1.0,841.0,0.205322265625,77.92627824019024,0.791970064724919,0.8583333333333333,0.8254366455502735,0.03896678591453438,0.8712961192888549,0.7174752171243092,0.037747414123355895,0.9636256244924076,1.0,1.0,1.0,0.665540337562561,0.048862215131521225,0.23919212818145752,0.04640538990497589,1.0,7.0,0.0,0.0,0.5821081101894379,0.354248046875,0.609375,0.757568359375,0.51904296875,0.16455078125,0.72705078125,0.887451171875,0.339599609375,0.535888671875,0.8486328125,0.848388671875,0.535888671875,0.51904296875,0.69677734375,0.69677734375,0.51904296875
10a12861bfd41cb7,03_mapbox_maki_icons,Mapbox Maki,elevator,cartography / point of interest,icon_data/normalized_256/03_mapbox_maki_icons/elevator__10a12861bfd4.png,0.6188812255859375,0.0114593505859375,1.0,556.0,0.1357421875,117.87050359712231,0.9825339147286821,0.7166666666666667,0.9985720264913706,5.810498375157119e-05,0.9993591639554372,0.9990635319631327,0.023915777016198625,0.9766428279033929,1.0,2.0,1.0,0.34221139550209045,0.035654664039611816,0.5856970548629761,0.036436766386032104,1.0,7.0,0.0,0.0,0.7177771925926208,0.281494140625,0.875,0.875,0.281494140625,0.34375,0.975341796875,0.9736328125,0.34375,0.34375,0.976806640625,0.975341796875,0.34375,0.281494140625,0.875,0.875,0.281494140625
10c705432bcc5f90,13_usp_pictograms_manual,USP Pictograms,17,medication instruction,icon_data/normalized_256/13_usp_pictograms_manual/17__10c705432bcc.png,0.69140625,0.057891845703125,1.0,280.0,0.068359375,234.05714285714285,1.0,0.69140625,1.0,0.002772967769359,0.9887640449438202,1.0,0.019111935028248588,0.9812464810082724,1.0,0.0,0.8673813169984685,0.36224308609962463,0.15158678591251373,0.30315473675727844,0.1830153614282608,1.0,8.0,0.0,0.0,0.22813379764556885,0.390625,1.0,1.0,0.375,0.390625,1.0,1.0,0.375,0.390625,1.0,1.0,0.375,0.390625,1.0,1.0,0.375
11df3d2ef52a9285,03_mapbox_maki_icons,Mapbox Maki,hospital JP,cartography / point of interest,icon_data/normalized_256/03_mapbox_maki_icons/hospital_jp__11df3d2ef52a.png,0.6031494140625,0.0160675048828125,1.0,676.0,0.1650390625,96.94674556213018,0.8141374196737519,1.1666666666666667,0.9737399615706754,0.011050774318166133,0.9973724103082365,0.8147927092419999,0.028587330499898807,0.9722071916965911,1.0,1.0,1.0,0.5040869116783142,0.20421944558620453,0.09425299614667892,0.19744063913822174,1.0,7.0,0.0,0.0,0.6360784471035004,0.252685546875,0.34375,0.34375,0.25244140625,0.8564453125,0.94482421875,0.94482421875,0.8564453125,0.8017578125,0.939208984375,0.939208984375,0.8017578125,0.079833984375,0.600830078125,0.605712890625,0.0869140625
11ea7bbb3c0148a7,09_universal_symbols_healthcare_webfont,Universal Symbols Healthcare Webfont,hearing assistance,healthcare wayfinding,icon_data/normalized_256/09_universal_symbols_healthcare_webfont/hearing_assistance__11ea7bbb3c01.png,0.984375,0.033660888671875,1.0,1.0,0.000244140625,65536.0,1.0,0.984375,1.0,0.0,1.0,1.0,0.015749007936507936,0.9844951776339885,1.0,0.0,0.8881057268722466,0.2848505973815918,0.16356460750102997,0.29728320240974426,0.2543015480041504,1.0,8.0,0.0,0.0,0.8235175460577011,0.96875,1.0,1.0,0.96875,0.96875,1.0,1.0,0.96875,0.96875,1.0,1.0,0.96875,0.96875,1.0,1.0,0.96875
12cf36cf5b20fc8d,03_mapbox_maki_icons,Mapbox Maki,gift,cartography / point of interest,icon_data/normalized_256/03_mapbox_maki_icons/gift__12cf36cf5b20.png,0.684356689453125,0.0131072998046875,1.0,682.0,0.16650390625,96.09384164222874,0.8380044843049327,1.0762331838565022,0.9409222506608484,0.03811288128610791,0.9987521725567093,0.8009155155798265,0.027023411371237458,0.9736876384004168,1.0,3.0,1.0,0.6448982357978821,0.060765545815229416,0.2329629510641098,0.061373185366392136,1.0,7.0,0.0,0.0,0.6047810316085815,0.404296875,0.782470703125,0.78515625,0.40380859375,0.776123046875,0.9775390625,0.9775390625,0.77587890625,0.609375,1.0,1.0,0.609375,0.340087890625,0.584228515625,0.584228515625,0.339599609375
12e2f10d59d0772a,10_openmoji,OpenMoji,flag: Antigua & Barbuda,flags / country-flag,icon_data/normalized_256/10_openmoji/1f1e6_1f1ec__12e2f10d59d0.png,0.4964141845703125,0.017730712890625,1.0,670.0,0.16357421875,97.81492537313433,0.9604688238072745,1.5890410958904109,0.9715693594146633,0.008211847482959849,0.9999385258498801,0.9218454631379962,0.029692927181630958,0.9711633183080092,1.0,1.0,1.0,0.5353375673294067,0.07022756338119507,0.32411614060401917,0.07031861692667007,0.0,76.0,0.5540906190872192,0.5124982267841699,0.7096672356128693,0.11328125,0.140625,0.140625,0.11328125,0.8125,1.0,1.0,0.8125,0.8125,0.838623046875,0.83837890625,0.8125,0.11328125,0.140625,0.140625,0.11328125
131fda2e216ddd79,10_openmoji,OpenMoji,flag: Sark,flags / country-flag,icon_data/normalized_256/10_openmoji/1f1e8_1f1f6__131fda2e216d.png,0.329193115234375,0.024139404296875,1.0,844.0,0.2060546875,77.64928909952607,0.636927255550307,1.5890410958904109,0.6442884873824101,0.07575464289325257,0.6810035842293907,0.6810035842293907,0.07258737369055344,0.9323249783923941,1.0,3.0,1.0,0.6347929239273071,0.00941008236259222,0.3468067944049835,0.008990200236439705,0.0,41.0,0.532565712928772,0.48944061035951786,0.5905840396881104,0.11328125,0.140625,0.140625,0.11328125,0.8125,1.0,0.4609375,0.35205078125,0.35205078125,0.4609375,0.4609375,0.35205078125,0.11328125,0.140625,0.140625,0.11328125
1364c5b7cd9ecbbf,01_mcdougall_symbol_icon_set,McDougall Symbol/Icon Set,Building,,icon_data/normalized_256/01_mcdougall_symbol_icon_set/mcdougall_028__1364c5b7cd9e.png,0.142059326171875,0.015106201171875,1.0,307.0,0.074951171875,213.47231270358307,0.4947916666666667,0.6666666666666666,0.7818273429627142,0.039091771772498805,0.9283347141673571,0.6636883488205861,0.0653061224489796,0.9386973180076629,1.0,0.0,0.6568364611260054,0.2190064787864685,0.28943881392478943,0.2791343629360199,0.21242034435272217,0.0,22.0,0.07401475310325623,0.03272671741483288,0.3575823903083801,0.0,0.094482421875,0.08349609375,0.0,0.0,0.40771484375,0.36962890625,0.0,0.0,0.589111328125,0.5732421875,0.0,0.0,0.07958984375,0.07568359375,0.0
137eeebdee24eb53,04_ocha_humanitarian_icons,OCHA Humanitarian Icons,civil military coordination,iconsets,icon_data/normalized_256/04_ocha_humanitarian_icons/civil_military_coordination__137eeebdee24.png,0.502105712890625,0.039520263671875,7.0,1462.0,0.35693359375,44.82626538987688,0.502105712890625,1.0,0.5673399367246834,0.04699115263375313,0.8489633084227679,0.5551774658537738,0.09171579651127454,0.9159893107671752,7.0,2.0,0.5767922874671341,0.3319073021411896,0.25185906887054443,0.23281677067279816,0.18341684341430664,1.0,7.0,0.0,0.0,0.8371370434761047,0.33349609375,0.2744140625,0.226318359375,0.29296875,0.61474609375,0.54150390625,0.657470703125,0.727783203125,0.64501953125,0.6181640625,0.697509765625,0.767333984375,0.321533203125,0.497314453125,0.49658203125,0.321533203125
13a78b0fc670a3e7,02_aiga_dot_symbol_signs,AIGA/DOT Symbol Signs,Aiga exit,,icon_data/normalized_256/02_aiga_dot_symbol_signs/aiga_exit__13a78b0fc670.png,0.587066650390625,0.028533935546875,2.0,838.0,0.20458984375,78.20525059665871,0.6288245292887029,1.0711297071129706,0.7878204603161603,0.00538229318140634,0.9998960390893025,0.9778943039276167,0.035868378645318916,0.9653736136899684,2.0,0.0,0.7770327584117623,0.11397591233253479,0.1647481918334961,0.5544965267181396,0.16677938401699066,1.0,1.0,0.0,0.0,1.0,0.287353515625,0.533203125,0.533203125,0.287353515625,0.897705078125,0.65625,0.65625,0.897705078125,0.88671875,0.65625,0.65625,0.88623046875,0.2626953125,0.5166015625,0.5166015625,0.2626953125
1407da7245b3d6fa,03_mapbox_maki_icons,Mapbox Maki,dam,cartography / point of interest,icon_data/normalized_256/03_mapbox_maki_icons/dam__1407da7245b3.png,0.516082763671875,0.011749267578125,1.0,679.0,0.165771484375,96.51840942562592,0.5896443514644352,0.9958333333333333,0.7569491070229623,0.16817108788303664,0.4596064215432418,0.6468010517090271,0.040151380758086455,0.961398521887436,1.0,0.0,0.756881349863492,0.46609002351760864,0.048516590148210526,0.40356045961380005,0.0818329006433487,1.0,7.0,0.0,0.0,0.577259361743927,0.734130859375,0.09521484375,0.0,0.0,0.875,0.807373046875,0.761962890625,0.561767578125,0.875,0.8251953125,0.71728515625,0.53759765625,0.751953125,0.643798828125,0.042724609375,0.0283203125
14161e989581c493,06_blissymbolics,Blissymbolics,attic,Blissymbolics char,icon_data/normalized_256/06_blissymbolics/attic_42c68c5fddd5__14161e989581.png,0.5234375,0.0139923095703125,1.0,376.0,0.091796875,174.29787234042553,1.0,0.5234375,1.0,0.0,1.0,1.0,0.02273787313432836,0.9777676433701973,1.0,0.0,0.8460931333859512,0.3786550760269165,0.21032507717609406,0.20088936388492584,0.21013052761554718,1.0,8.0,0.0,0.0,0.08766233921051025,0.046875,1.0,1.0,0.046875,0.046875,1.0,1.0,0.046875,0.046875,1.0,1.0,0.046875,0.046875,1.0,1.0,0.046875
144d12d90e76961e,07_arasaac_pictograms,ARASAAC Pictograms,fondue,gastronomy,icon_data/normalized_256/07_arasaac_pictograms/10226__144d12d90e76.png,0.337432861328125,0.0341644287109375,1.0,1030.0,0.25146484375,63.627184466019415,0.3855434289898532,0.9875518672199171,0.5368844001505237,0.15425524679700628,0.31108080867967036,0.39230623937543285,0.09758524011938138,0.9110909690177983,1.0,7.0,1.0,0.5587878823280334,0.11548329144716263,0.1834755390882492,0.1422533094882965,0.0,41.0,0.18462221324443817,0.3053680358593467,0.46114206314086914,0.07421875,0.108642578125,0.15625,0.0,0.0,0.603759765625,0.844482421875,0.452880859375,0.297119140625,0.64697265625,0.79248046875,0.40234375,0.0,0.054443359375,0.26904296875,0.6962890625
14706a707d383b80,01_mcdougall_symbol_icon_set,McDougall Symbol/Icon Set,Engagement of seat belt,,icon_data/normalized_256/01_mcdougall_symbol_icon_set/mcdougall_081__14706a707d38.png,0.08892822265625,0.0167999267578125,1.0,544.0,0.1328125,120.47058823529412,0.37349397590361444,0.5662650602409639,0.5557356727376752,0.021256490908624814,0.5945280437756498,0.3594588290179613,0.20006863417982154,0.8332856734343723,1.0,1.0,1.0,0.16254648566246033,0.3465457558631897,0.31829750537872314,0.17261016368865967,0.0,4.0,0.1063573807477951,0.006836423272296149,0.8386978954076767,0.0,0.05078125,0.04345703125,0.0,0.0,0.24609375,0.299560546875,0.0,0.0,0.333984375,0.350830078125,0.0,0.0,0.05078125,0.04736328125,0.0
153313f14c78c2d4,06_blissymbolics,Blissymbolics,angle,Blissymbolics char,icon_data/normalized_256/06_blissymbolics/angle_11a9215ec620__153313f14c78.png,0.4296875,0.0090484619140625,1.0,376.0,0.091796875,174.29787234042553,1.0,0.4296875,1.0,0.0,1.0,1.0,0.02599431818181818,0.9746642669251003,1.0,0.0,0.8278457196613358,0.4006175398826599,0.566077709197998,0.016132118180394173,0.0171726755797863,1.0,8.0,0.0,0.0,0.05168706178665161,0.0,0.859375,0.859375,0.0,0.0,0.859375,0.859375,0.0,0.0,0.859375,0.859375,0.0,0.0,0.859375,0.859375,0.0
159d8268e9d3a830,04_ocha_humanitarian_icons,OCHA Humanitarian Icons,elderly,iconsets,icon_data/normalized_256/04_ocha_humanitarian_icons/elderly__159d8268e9d3.png,0.6796875,0.017974853515625,1.0,376.0,0.091796875,174.29787234042553,1.0,0.6796875,1.0,0.0,1.0,1.0,0.019306752873563218,0.9810589375385429,1.0,0.0,0.866210329807094,0.1081487238407135,0.14323654770851135,0.6048699617385864,0.1437448114156723,1.0,8.0,0.0,0.0,0.37774956226348877,0.359375,1.0,1.0,0.359375,0.359375,1.0,1.0,0.359375,0.359375,1.0,1.0,0.359375,0.359375,1.0,1.0,0.359375
15eae1fecd0afd94,04_ocha_humanitarian_icons,OCHA Humanitarian Icons,conflict,iconsets,icon_data/normalized_256/04_ocha_humanitarian_icons/conflict__15eae1fecd0a.png,0.394561767578125,0.03167724609375,9.0,1225.0,0.299072265625,53.498775510204084,0.394561767578125,1.0,0.5238867052960007,0.06181354174833062,0.692942254812099,0.8694331983805668,0.09374274885915385,0.9142917756877166,9.0,0.0,0.5714475138121546,0.21951057016849518,0.24170824885368347,0.25286349654197693,0.2859177589416504,1.0,7.0,0.0,0.0,0.8423549979925156,0.63623046875,0.36376953125,0.335205078125,0.02392578125,0.267822265625,0.646484375,0.637939453125,0.333984375,0.260009765625,0.641845703125,0.63134765625,0.340576171875,0.37158203125,0.35546875,0.353515625,0.11328125
15f1b4324f271e4f,02_aiga_dot_symbol_signs,AIGA/DOT Symbol Signs,Aiga FirstAid Red,,icon_data/normalized_256/02_aiga_dot_symbol_signs/aiga_firstaid_red__15f1b4324f27.png,0.5693359375,0.01019287109375,1.0,496.0,0.12109375,132.1290322580645,0.5693359375,1.0,0.7328580126883114,0.0,1.0,1.0,0.0274442538593482,0.9732888146911519,1.0,0.0,0.8199718706047819,0.4952402412891388,0.004759776405990124,0.4952402710914612,0.004759776871651411,0.0,1.0,0.7866109609603882,0.2408318915758459,0.5737490355968475,0.0,0.6875,0.6875,0.0,0.6875,0.90234375,0.90234375,0.6875,0.6875,0.90234375,0.90234375,0.6875,0.0,0.6875,0.6875,0.0
161d8c4c3de951fb,11_iso_7010_safety_signs,ISO 7010 Safety Signs,ISO 7010 W014,iconsets,icon_data/normalized_256/11_iso_7010_safety_signs/iso_7010_w014__161d8c4c3de9.png,0.875,0.0420074462890625,1.0,88.0,0.021484375,744.7272727272727,1.0,1.1428571428571428,1.0,0.0,1.0,1.0,0.016741071428571428,0.9835345773874863,1.0,0.0,0.8818897637795275,0.28547993302345276,0.2864575684070587,0.19204086065292358,0.23602168262004852,1.0,8.0,0.0,0.0,0.2681376338005066,0.75,0.75,0.75,0.75,1.0,1.0,1.0,1.0,1.0,1.0,1.0,1.0,0.75,0.75,0.75,0.75
171fb3728439114d,05_mulberry_symbols,Mulberry Symbols,Christmas Eve,iconsets,icon_data/normalized_256/05_mulberry_symbols/christmas_eve__171fb3728439.png,0.15423583984375,0.0313720703125,7.0,970.0,0.23681640625,67.56288659793815,0.21376305883348137,1.0422535211267605,0.3136062547507873,0.14331798532206208,0.3591501949710905,0.15007395608146548,0.26216857934309457,0.7922871923498981,7.0,11.0,1.0,0.4018396735191345,0.2054966390132904,0.19866985082626343,0.19399379193782806,0.0,48.0,0.29146718978881836,0.379164888815924,0.6031018197536469,0.0,0.0,0.2646484375,0.345458984375,0.0,0.15380859375,0.237060546875,0.133544921875,0.120361328125,0.316650390625,0.2763671875,0.130126953125,0.09619140625,0.150390625,0.143310546875,0.099853515625
1767b051e842b470,01_mcdougall_symbol_icon_set,McDougall Symbol/Icon Set,Biohazard,,icon_data/normalized_256/01_mcdougall_symbol_icon_set/mcdougall_022__1767b051e842.png,0.1844940185546875,0.02886962890625,6.0,919.0,0.224365234375,71.31229597388466,0.386936763952893,1.1071428571428572,0.4970402038970649,0.009307535504176193,0.8138313831383138,0.30010752688172043,0.16987842196675212,0.8547896783315659,6.0,0.0,0.42390351646040036,0.24370312690734863,0.2652910649776459,0.24374784529209137,0.2472580075263977,0.0,4.0,0.10867872834205627,0.00659114826759103,0.848677396774292,0.0,0.068359375,0.0673828125,0.0,0.10009765625,0.629150390625,0.638916015625,0.1064453125,0.045166015625,0.447265625,0.449462890625,0.042236328125,0.00634765625,0.18017578125,0.167236328125,0.003662109375
18383e2129c8408b,04_ocha_humanitarian_icons,OCHA Humanitarian Icons,arrest detention,iconsets,icon_data/normalized_256/04_ocha_humanitarian_icons/arrest_detention__18383e2129c8.png,0.380889892578125,0.03118896484375,7.0,1138.0,0.27783203125,57.58875219683655,0.380889892578125,1.0,0.5125562103447567,0.18292684369116138,0.9495470165573259,0.13825809393524852,0.09366236679753225,0.9143589743589744,7.0,2.0,0.5716575825585123,0.18676474690437317,0.2703256905078888,0.27258116006851196,0.27032846212387085,1.0,7.0,0.0,0.0,0.8542553186416626,0.014404296875,0.322998046875,0.3212890625,0.014404296875,0.21435546875,0.21435546875,0.21435546875,0.21435546875,0.592529296875,0.51611328125,0.5927734375,0.593017578125,0.5869140625,0.510009765625,0.586181640625,0.586181640625
18979fa871a416a0,01_mcdougall_symbol_icon_set,McDougall Symbol/Icon Set,Films,,icon_data/normalized_256/01_mcdougall_symbol_icon_set/mcdougall_097__18979fa871a4.png,0.1685943603515625,0.0106658935546875,2.0,457.0,0.111572265625,143.40481400437636,0.8462775735294118,0.7058823529411765,0.8615204678362574,0.0145178473655062,0.8829243353783232,0.7843992248062015,0.10371979364648384,0.9060270602706028,2.0,5.0,1.0,0.310138463973999,0.06043632701039314,0.5666109323501587,0.06281433254480362,0.0,6.0,0.06197260692715645,0.05172252131352499,0.3250431418418884,0.0,0.046875,0.046875,0.0,0.0,0.6708984375,0.673095703125,0.0,0.0,0.56689453125,0.59912109375,0.0,0.0,0.046875,0.046875,0.0
18c043a553751a71,06_blissymbolics,Blissymbolics,biochemical product,Blissymbolics char,icon_data/normalized_256/06_blissymbolics/biochemical_product_7a0287c6eadf__18c043a55375.png,0.6171875,0.0182647705078125,1.0,376.0,0.091796875,174.29787234042553,1.0,0.6171875,1.0,0.0,1.0,1.0,0.020470727848101267,0.9799399166585909,1.0,0.0,0.8592794017675051,0.2102387547492981,0.33399584889411926,0.32047900557518005,0.1352863609790802,1.0,8.0,0.0,0.0,0.09345245361328125,0.234375,1.0,1.0,0.234375,0.234375,1.0,1.0,0.234375,0.234375,1.0,1.0,0.234375,0.234375,1.0,1.0,0.234375
19bd53bad2ef1a8f,13_usp_pictograms_manual,USP Pictograms,42,medication instruction,icon_data/normalized_256/13_usp_pictograms_manual/42__19bd53bad2ef.png,0.77734375,0.0556793212890625,1.0,376.0,0.091796875,174.29787234042553,1.0,0.77734375,1.0,0.002772967769359,0.99,1.0,0.017862751256281405,0.9824507270413083,1.0,0.0,0.8749656499038198,0.31146129965782166,0.2653084099292755,0.2941822409629822,0.12904797494411469,1.0,8.0,0.0,0.0,0.31088149547576904,0.5625,1.0,1.0,0.546875,0.5625,1.0,1.0,0.546875,0.5625,1.0,1.0,0.546875,0.5625,1.0,1.0,0.546875
19d523b4ad794653,02_aiga_dot_symbol_signs,AIGA/DOT Symbol Signs,Aiga escalator down,,icon_data/normalized_256/02_aiga_dot_symbol_signs/aiga_escalator_down__19d523b4ad79.png,0.34173583984375,0.02532958984375,3.0,760.0,0.185546875,86.23157894736842,0.4453193350831146,1.2828282828282829,0.6254817628330448,0.04414179397820233,0.26281364533408513,0.24208307914147856,0.06206465440257189,0.9415622635163542,3.0,0.0,0.6682181644587659,0.2983246147632599,0.5115966200828552,0.11958722025156021,0.0704914927482605,1.0,8.0,0.0,0.0,0.6277978420257568,0.0,0.19970703125,0.10888671875,0.201171875,0.0,0.495361328125,0.898193359375,0.681396484375,0.430419921875,0.898193359375,0.441650390625,0.052734375,0.455078125,0.283935546875,0.315673828125,0.00537109375
1a2cfdf2552217cb,10_openmoji,OpenMoji,O button (blood type),symbols / alphanum,icon_data/normalized_256/10_openmoji/1f17e__1a2cfdf25522.png,0.438934326171875,0.01080322265625,2.0,826.0,0.20166015625,79.34140435835351,0.8684337640381596,1.0,0.8783779657394118,0.0004822720486713131,0.996806886019714,0.9925192214448986,0.04519224083988042,0.9567617907270671,2.0,1.0,0.7344635653372824,0.4270690083503723,0.05049239471554756,0.4723655879497528,0.050073012709617615,0.0,25.0,0.6390624046325684,0.45929504640875507,0.6295621395111084,0.1767578125,0.421875,0.421875,0.1767578125,0.421875,0.739501953125,0.735107421875,0.421875,0.421875,0.7353515625,0.73095703125,0.421875,0.1767578125,0.421875,0.421875,0.1767578125
1a6548b5aaa8c5aa,01_mcdougall_symbol_icon_set,McDougall Symbol/Icon Set,Convert multiple files,,icon_data/normalized_256/01_mcdougall_symbol_icon_set/mcdougall_054__1a6548b5aaa8.png,0.0938720703125,0.0137939453125,8.0,580.0,0.1416015625,112.99310344827586,0.5915384615384616,1.04,0.603314700402079,0.0020553857328149236,0.9141257000622277,1.0,0.15474642392717816,0.865990990990991,8.0,0.0,0.4468332364904125,0.3847077488899231,0.06358875334262848,0.4881146550178528,0.06358875334262848,0.0,3.0,0.03794751688838005,0.036350755014869285,0.6371324956417084,0.0,0.0,0.0,0.0,0.0,0.392333984375,0.358642578125,0.0,0.0,0.392333984375,0.358642578125,0.0,0.0,0.0,0.0,0.0
1ab237a6af822011,04_ocha_humanitarian_icons,OCHA Humanitarian Icons,calendar,iconsets,icon_data/normalized_256/04_ocha_humanitarian_icons/calendar__1ab237a6af82.png,0.87890625,0.0150146484375,1.0,232.0,0.056640625,282.48275862068965,1.0,0.87890625,1.0,0.002772967769359,0.9911504424778761,1.0,0.01670138888888889,0.983572965404187,1.0,0.0,0.8821367311933349,0.29801103472709656,0.13344381749629974,0.43559563159942627,0.13294953107833862,1.0,8.0,0.0,0.0,0.47967958450317383,0.765625,1.0,1.0,0.75,0.765625,1.0,1.0,0.75,0.765625,1.0,1.0,0.75,0.765625,1.0,1.0,0.75
1ac4e987f177f66d,05_mulberry_symbols,Mulberry Symbols,Milky Way,iconsets,icon_data/normalized_256/05_mulberry_symbols/milky_way__1ac4e987f177.png,0.353240966796875,0.0441131591796875,8.0,613.0,0.149658203125,106.91027732463296,0.5078982009653357,1.0141509433962264,0.6049994119876125,0.05546753656570421,0.7060947748544476,0.6267303773452323,0.05218142548596112,0.950406437310124,8.0,0.0,0.7054915584811362,0.35850563645362854,0.14936833083629608,0.1524742692708969,0.33965176343917847,0.0,43.0,0.23458333313465118,0.18532149726515118,0.4198930263519287,0.041015625,0.0419921875,0.0087890625,0.03271484375,0.431640625,0.8984375,0.695556640625,0.169921875,0.385498046875,0.999755859375,1.0,0.560791015625,0.04150390625,0.174560546875,0.119140625,0.050537109375
1b15aa32b97e99c0,04_ocha_humanitarian_icons,OCHA Humanitarian Icons,airport military,iconsets,icon_data/normalized_256/04_ocha_humanitarian_icons/airport_military__1b15aa32b97e.png,0.460540771484375,0.01702880859375,1.0,604.0,0.1474609375,108.50331125827815,0.460540771484375,1.0,0.6567157684022716,0.17056738588362788,0.9988079470198675,0.31960475690800977,0.04618646875621231,0.9558525462376488,1.0,0.0,0.7301979000338705,0.2899742126464844,0.18308252096176147,0.3417606055736542,0.1851826161146164,1.0,7.0,0.0,0.0,0.9278254434466362,0.0,0.2568359375,0.2568359375,0.0,0.0,0.6396484375,0.64013671875,0.0,0.76025390625,0.998779296875,0.9990234375,0.760498046875,0.42236328125,0.607177734375,0.60546875,0.421630859375
1b2eb29c58f4c349,12_iso_15223_medical_device_symbols,ISO 15223 Medical Device Symbols,humidity limitation,medical device label,icon_data/normalized_256/12_iso_15223_medical_device_symbols/humidity_limitation__1b2eb29c58f4.png,0.158050537109375,0.041748046875,4.0,1294.0,0.31591796875,50.646058732612055,0.16310783572688334,1.0,0.2560787173813615,0.026418968494249497,0.5413690476190476,0.3408414239482201,0.28171461672137477,0.7802048809882495,4.0,4.0,1.0,0.26096078753471375,0.37056082487106323,0.1789109855890274,0.1895674616098404,1.0,7.0,0.0,0.0,0.7664607018232346,0.005126953125,0.149658203125,0.1865234375,0.17626953125,0.149169921875,0.195068359375,0.1357421875,0.157958984375,0.150634765625,0.237060546875,0.305419921875,0.150634765625,0.17333984375,0.1943359375,0.15673828125,0.005126953125
1b8210d261f93090,12_iso_15223_medical_device_symbols,ISO 15223 Medical Device Symbols,fluid path,medical device label,icon_data/normalized_256/12_iso_15223_medical_device_symbols/fluid_path__1b8210d261f9.png,0.1271820068359375,0.02978515625,1.0,613.0,0.149658203125,106.91027732463296,0.2630665320035349,1.0,0.26607291068122324,0.0949001465606908,0.548393089355378,0.8513993780541982,0.23587282543491303,0.8091447432288127,1.0,1.0,1.0,0.6817767024040222,0.0,0.3182232975959778,0.0,1.0,7.0,0.0,0.0,0.7519531548023224,0.126708984375,0.265625,0.265625,0.09912109375,0.0,0.0,0.03125,0.234375,0.006103515625,0.015625,0.04638671875,0.234375,0.11865234375,0.25,0.25,0.091064453125
1b869985a92d9c4e,06_blissymbolics,Blissymbolics,across,Blissymbolics char,icon_data/normalized_256/06_blissymbolics/across_9a82bf01c9b2__1b869985a92d.png,0.23828125,0.005401611328125,1.0,376.0,0.091796875,174.29787234042553,1.0,0.23828125,1.0,0.002772967769359,0.967741935483871,1.0,0.04059938524590164,0.9609846153846154,1.0,0.0,0.7548337200309357,0.5082226991653442,0.06368865817785263,0.36439982056617737,0.06368865817785263,1.0,8.0,0.0,0.0,0.06745094060897827,0.0,0.484375,0.46875,0.0,0.0,0.484375,0.46875,0.0,0.0,0.484375,0.46875,0.0,0.0,0.484375,0.46875,0.0
1c1aa60214ea9790,02_aiga_dot_symbol_signs,AIGA/DOT Symbol Signs,Aiga ticketpurchase,,icon_data/normalized_256/02_aiga_dot_symbol_signs/aiga_ticketpurchase__1c1aa60214ea.png,0.322906494140625,0.0480194091796875,4.0,1126.0,0.27490234375,58.202486678507995,0.38843612334801764,1.0572687224669604,0.5283103654883163,0.14947234128864412,0.4799636338205469,0.3411496292540719,0.10225876571212551,0.9072279859384378,4.0,0.0,0.550033789052347,0.33926454186439514,0.16118495166301727,0.42893803119659424,0.07061251997947693,1.0,1.0,0.0,0.0,1.0,0.16259765625,0.255126953125,0.255126953125,0.312744140625,0.529052734375,0.6865234375,0.595947265625,0.724853515625,0.1640625,0.1875,0.378173828125,0.48193359375,0.0,0.0,0.164306640625,0.2685546875
1c3c72d3643e9d6e,13_usp_pictograms_manual,USP Pictograms,52,medication instruction,icon_data/normalized_256/13_usp_pictograms_manual/52__1c3c72d3643e.png,0.703125,0.055572509765625,1.0,376.0,0.091796875,174.29787234042553,1.0,0.703125,1.0,0.0,1.0,1.0,0.01892361111111111,0.9814278411995229,1.0,0.0,0.8685162846803378,0.3696061968803406,0.13317260146141052,0.3026717007160187,0.1945495754480362,1.0,8.0,0.0,0.0,0.26389890909194946,0.40625,1.0,1.0,0.40625,0.40625,1.0,1.0,0.40625,0.40625,1.0,1.0,0.40625,0.40625,1.0,1.0,0.40625
1c51d643ded6e874,04_ocha_humanitarian_icons,OCHA Humanitarian Icons,chart,iconsets,icon_data/normalized_256/04_ocha_humanitarian_icons/chart__1c51d643ded6.png,0.91796875,0.0188751220703125,1.0,376.0,0.091796875,174.29787234042553,1.0,1.0893617021276596,1.0,0.002772967769359,1.0,0.9915254237288136,0.01632313829787234,0.983939027182624,1.0,0.0,0.8844977652317101,0.21092510223388672,0.05196450650691986,0.6849985718727112,0.05211176723241806,1.0,8.0,0.0,0.0,0.5553949475288391,0.84375,0.84375,0.84375,0.84375,1.0,1.0,1.0,1.0,1.0,1.0,1.0,1.0,0.828125,0.828125,0.828125,0.828125
1c704e838287970e,01_mcdougall_symbol_icon_set,McDougall Symbol/Icon Set,Cancer,,icon_data/normalized_256/01_mcdougall_symbol_icon_set/mcdougall_031__1c704e838287.png,0.181671142578125,0.023956298828125,1.0,262.0,0.06396484375,250.13740458015266,0.984292328042328,0.7619047619047619,1.0,0.0006473354998914916,0.9983215844243034,0.9943048576214405,0.03762808667898539,0.9637364416383357,1.0,0.0,0.768624919302776,0.26197102665901184,0.18229913711547852,0.37442779541015625,0.18130208551883698,0.0,19.0,0.0668923482298851,0.03033621114865882,0.4011825919151306,0.0,0.0,0.0,0.0,0.0,0.724365234375,0.724853515625,0.0,0.0,0.727783203125,0.729736328125,0.0,0.0,0.0,0.0,0.0
1caac03bbcbccf1d,13_usp_pictograms_manual,USP Pictograms,74,medication instruction,icon_data/normalized_256/13_usp_pictograms_manual/74__1caac03bbcbc.png,0.7890625,0.0513153076171875,1.0,376.0,0.091796875,174.29787234042553,1.0,0.7890625,1.0,0.0,1.0,1.0,0.0177134900990099,0.9825948164475184,1.0,0.0,0.875880758807588,0.4381715655326843,0.13198193907737732,0.30354759097099304,0.1262989044189453,1.0,8.0,0.0,0.0,0.2641649842262268,0.578125,1.0,1.0,0.578125,0.578125,1.0,1.0,0.578125,0.578125,1.0,1.0,0.578125,0.578125,1.0,1.0,0.578125
1d2d10f6785f8c16,05_mulberry_symbols,Mulberry Symbols,H,iconsets,icon_data/normalized_256/05_mulberry_symbols/h__1d2d10f6785f.png,0.246337890625,0.014404296875,1.0,670.0,0.16357421875,97.81492537313433,0.6042368440751553,0.7978142076502732,0.6117468738158394,0.019929890597639666,0.8471395881006865,0.8594793826307302,0.05946481665014866,0.9438727782974743,1.0,0.0,0.6776359973136333,0.29926052689552307,0.010753998532891273,0.6795671582221985,0.010418257676064968,0.0,9.0,0.49462461471557617,0.081466621559637,0.7499213814735413,0.05126953125,0.226806640625,0.197509765625,0.08056640625,0.109375,0.66162109375,0.62060546875,0.171875,0.109375,0.56494140625,0.51220703125,0.171875,0.042724609375,0.18896484375,0.16455078125,0.067138671875
1d9938fe01835594,10_openmoji,OpenMoji,SOS button,symbols / alphanum,icon_data/normalized_256/10_openmoji/1f198__1d9938fe0183.png,0.476470947265625,0.01080322265625,2.0,847.0,0.206787109375,77.37426210153482,0.9427001569858713,1.0,0.9534947631988763,0.00014190824278497376,0.9803399289700659,0.9770799037609219,0.04976622045731122,0.9525930445393532,2.0,3.0,1.0,0.4368269741535187,0.0573885403573513,0.42127591371536255,0.08450855314731598,0.0,26.0,0.6349943280220032,0.45446971215697646,0.6165320575237274,0.1767578125,0.421875,0.421875,0.1767578125,0.421875,0.89013671875,0.885986328125,0.421875,0.421875,0.88232421875,0.883056640625,0.421875,0.1767578125,0.421875,0.421875,0.1767578125
1dbfa7824219b1be,04_ocha_humanitarian_icons,OCHA Humanitarian Icons,abduction kidnapping,iconsets,icon_data/normalized_256/04_ocha_humanitarian_icons/abduction_kidnapping__1dbfa7824219.png,0.4719390869140625,0.021484375,1.0,802.0,0.19580078125,81.71571072319202,0.4719390869140625,1.0,0.5446253268650014,0.08299805728248805,0.997610282245043,0.16898480610779348,0.06117236250767888,0.9423539806830993,1.0,1.0,1.0,0.12288638204336166,0.2684207260608673,0.3407716751098633,0.2679212987422943,1.0,7.0,0.0,0.0,0.9167761206626892,0.514404296875,0.0,0.0,0.514404296875,0.780029296875,0.257568359375,0.2568359375,0.785400390625,0.380126953125,0.797119140625,0.797119140625,0.38134765625,0.112060546875,0.931396484375,0.931396484375,0.11181640625
1e157882b7150c13,11_iso_7010_safety_signs,ISO 7010 Safety Signs,ISO 7010 W035,iconsets,icon_data/normalized_256/11_iso_7010_safety_signs/iso_7010_w035__1e157882b715.png,0.8671875,0.01800537109375,1.0,376.0,0.091796875,174.29787234042553,1.0,1.1531531531531531,1.0,0.0,1.0,1.0,0.01682150900900901,0.9834567730324635,1.0,0.0,0.8813895781637717,0.2718835175037384,0.3153184950351715,0.11825861781835556,0.2945394217967987,1.0,8.0,0.0,0.0,0.23416650295257568,0.734375,0.734375,0.734375,0.734375,1.0,1.0,1.0,1.0,1.0,1.0,1.0,1.0,0.734375,0.734375,0.734375,0.734375
1e9d0ae2bdf1af2e,01_mcdougall_symbol_icon_set,McDougall Symbol/Icon Set,Christianity,,icon_data/normalized_256/01_mcdougall_symbol_icon_set/mcdougall_041__1e9d0ae2bdf1.png,0.1580963134765625,0.018890380859375,1.0,595.0,0.145263671875,110.14453781512606,0.8325431900361591,0.7251908396946565,0.847872340425532,0.007415016289706258,0.7043921697647639,0.7119960343688037,0.16426985812180292,0.8589074028019564,1.0,37.0,1.0,0.3003849387168884,0.15419216454029083,0.400138795375824,0.14528417587280273,0.0,5.0,0.008099506609141827,0.018951401792238896,0.9371158331632614,0.0,0.0234375,0.02294921875,0.0,0.0,0.55078125,0.60595703125,0.0,0.0,0.633056640625,0.670166015625,0.0,0.0,0.01171875,0.011474609375,0.0
1f37e501ed401f26,05_mulberry_symbols,Mulberry Symbols,Easter egg,iconsets,icon_data/normalized_256/05_mulberry_symbols/easter_egg__1f37e501ed40.png,0.429595947265625,0.03094482421875,1.0,403.0,0.098388671875,162.62034739454094,0.778250773993808,0.6386554621848739,1.0,0.02056634614005833,0.9739185304634369,0.8892766071668232,0.02770476664061945,0.9730420958042442,1.0,0.0,0.8185730069198116,0.3112287223339081,0.19187231361865997,0.3045475482940674,0.19235138595104218,0.0,46.0,0.4958978295326233,0.517213303357966,0.5586140155792236,0.0,0.574462890625,0.55322265625,0.0,0.076171875,0.99072265625,0.984375,0.057373046875,0.17138671875,1.0,1.0,0.147705078125,0.0087890625,0.66064453125,0.643798828125,0.0048828125
1f64082b19b40648,01_mcdougall_symbol_icon_set,McDougall Symbol/Icon Set,Dangerous voltage,,icon_data/normalized_256/01_mcdougall_symbol_icon_set/mcdougall_061__1f64082b19b4.png,0.04620361328125,0.008819580078125,1.0,271.0,0.066162109375,241.83025830258302,0.3613796395751283,0.28654970760233917,0.5601183869774324,0.06602756422016512,0.37199818758495695,0.2934643314822725,0.21466314398943198,0.8232735182164219,1.0,0.0,0.3680116674769081,0.04148443415760994,0.2728980481624603,0.6634878516197205,0.022129664197564125,0.0,4.0,0.10766059160232544,0.006691813569455077,0.8446129709482193,0.0,0.050048828125,0.059326171875,0.0,0.0,0.23193359375,0.1396484375,0.0,0.0,0.049560546875,0.170654296875,0.0,0.0,0.01611328125,0.02197265625,0.0
1fbf9d60526c0768,04_ocha_humanitarian_icons,OCHA Humanitarian Icons,add,iconsets,icon_data/normalized_256/04_ocha_humanitarian_icons/add__1fbf9d60526c.png,0.3279876708984375,0.0145721435546875,1.0,412.0,0.1005859375,159.06796116504853,0.3279876708984375,1.0,0.5642176549334593,5.1115062917831604e-05,0.9995348837209302,0.9995348837209302,0.04763898581065364,0.9545272880678538,1.0,0.0,0.7240542998618924,0.4167454242706299,0.08360747247934341,0.41630375385284424,0.08334336429834366,1.0,7.0,0.0,0.0,0.8934526443481445,0.0,0.351806640625,0.350830078125,0.0,0.351318359375,0.609375,0.609375,0.351318359375,0.351318359375,0.609375,0.609375,0.35107421875,0.0,0.351318359375,0.351318359375,0.0
2025769ba3ca4366,12_iso_15223_medical_device_symbols,ISO 15223 Medical Device Symbols,manufacture date,medical device label,icon_data/normalized_256/12_iso_15223_medical_device_symbols/manufacture_date__2025769ba3ca.png,0.1025848388671875,0.026580810546875,1.0,946.0,0.23095703125,69.276955602537,0.21261859582542694,1.0941176470588236,0.26112287106985416,0.10758725630142918,0.44954721862871927,0.2996327082930601,0.26208537855124203,0.7923394225103123,1.0,1.0,1.0,0.3687003552913666,0.13881337642669678,0.36341097950935364,0.129075288772583,1.0,7.0,0.0,0.0,0.760510727763176,0.0,0.0,0.0703125,0.0849609375,0.04150390625,0.13232421875,0.212158203125,0.140625,0.14501953125,0.125,0.12890625,0.140625,0.0849609375,0.125,0.125,0.0849609375
20975ff5f9cc4caf,02_aiga_dot_symbol_signs,AIGA/DOT Symbol Signs,BSicon lBUS,,icon_data/normalized_256/02_aiga_dot_symbol_signs/bsicon_lbus__20975ff5f9cc.png,0.0774688720703125,0.018280029296875,1.0,454.0,0.11083984375,144.352422907489,0.5128282828282829,0.8181818181818182,0.5643305730006114,0.03924854367786215,0.9980322707595435,0.2551297898640297,0.1705731731337404,0.8542823489819956,1.0,4.0,1.0,0.4679620563983917,0.07691080123186111,0.3826032280921936,0.07252392172813416,1.0,1.0,0.0,0.0,1.0,0.0,0.0,0.0,0.0,0.0,0.172119140625,0.17333984375,0.0,0.0,0.447021484375,0.447021484375,0.0,0.0,0.0,0.0,0.0
214287892e6f3e79,05_mulberry_symbols,Mulberry Symbols,J,iconsets,icon_data/normalized_256/05_mulberry_symbols/j__214287892e6f.png,0.14501953125,0.0095672607421875,1.0,406.0,0.09912109375,161.41871921182266,0.4390852390852391,0.6324324324324324,0.6261282034389617,0.10223970617850553,0.2312475709288768,0.4001178550383029,0.07028619528619529,0.9343295320487613,1.0,0.0,0.6400862068965517,0.2543060779571533,0.09783075749874115,0.5506961345672607,0.09716694802045822,0.0,15.0,0.5013869404792786,0.07492718245223652,0.7607330977916718,0.0,0.0,0.280029296875,0.0,0.0,0.0,0.578125,0.0,0.0048828125,0.369384765625,0.60791015625,0.0,0.0,0.291748046875,0.188232421875,0.0
218efdb038dac885,05_mulberry_symbols,Mulberry Symbols,Mercury,iconsets,icon_data/normalized_256/05_mulberry_symbols/mercury__218efdb038da.png,0.5858001708984375,0.0521697998046875,1.0,559.0,0.136474609375,117.23792486583184,0.7860404168628816,1.0,0.9990891583823452,0.004486910348237647,0.9775923350332252,0.9804488006190354,0.026412440415722434,0.9742672249714504,1.0,5.0,1.0,0.35652264952659607,0.26783156394958496,0.15526460111141205,0.2203812450170517,0.0,18.0,0.023271219804883003,0.007637637215983503,0.36278682947158813,0.09423828125,0.6328125,0.639404296875,0.1015625,0.619873046875,0.98828125,1.0,0.640625,0.618408203125,0.98681640625,0.9873046875,0.636474609375,0.088623046875,0.616943359375,0.625732421875,0.095703125
21cd17017298cd14,04_ocha_humanitarian_icons,OCHA Humanitarian Icons,border crossing,iconsets,icon_data/normalized_256/04_ocha_humanitarian_icons/border_crossing__21cd17017298.png,0.511810302734375,0.018890380859375,5.0,1162.0,0.28369140625,56.399311531841654,0.511810302734375,1.0,0.6190331183271969,0.0032144316523435024,0.6595092024539877,0.6313408880891007,0.0691073877526683,0.9353597322922477,5.0,0.0,0.6439734285604578,0.16066774725914001,0.15213333070278168,0.535062849521637,0.15213602781295776,1.0,7.0,0.0,0.0,0.8781045898795128,0.099365234375,0.482177734375,0.765625,0.46923828125,0.427490234375,0.661376953125,0.716064453125,0.5595703125,0.504638671875,0.68603515625,0.63134765625,0.3720703125,0.4677734375,0.765625,0.481689453125,0.098876953125
223fd13814f116ee,07_arasaac_pictograms,ARASAAC Pictograms,wipe your bottom,verb; corporal hygiene; hygiene product,icon_data/normalized_256/07_arasaac_pictograms/10170__223fd13814f1.png,0.2912750244140625,0.04339599609375,1.0,769.0,0.187744140625,85.222366710013,0.3547086368366285,0.875,0.52142915676473,0.15774969039412512,0.2062559241706161,0.22107081174438686,0.07721724553407722,0.9283178524534358,1.0,0.0,0.618147080729251,0.40270090103149414,0.21060235798358917,0.28757524490356445,0.09912145137786865,0.0,47.0,0.22805732488632202,0.3095309941458047,0.3667346239089966,0.0,0.0,0.294921875,0.3818359375,0.248779296875,0.219970703125,0.4765625,0.0,0.693603515625,0.414794921875,0.42919921875,0.0,0.232666015625,0.781494140625,0.486572265625,0.0
22a4e71cf924b7dd,09_universal_symbols_healthcare_webfont,Universal Symbols Healthcare Webfont,i inpatient,healthcare wayfinding,icon_data/normalized_256/09_universal_symbols_healthcare_webfont/i_inpatient__22a4e71cf924.png,0.5511016845703125,0.0366973876953125,3.0,1315.0,0.321044921875,49.837262357414446,0.5598493303571429,0.984375,0.6154173837476784,0.08306712123642601,0.5161195533540425,0.3454403218596334,0.06910872996096021,0.9353585579986015,3.0,4.0,1.0,0.39280956983566284,0.1093049868941307,0.3857627511024475,0.11212272942066193,1.0,7.0,0.0,0.0,0.746150404214859,0.587646484375,0.159912109375,0.64453125,0.0,0.2978515625,0.18994140625,0.912353515625,0.155029296875,0.85693359375,0.89892578125,0.96875,0.883544921875,0.678955078125,0.453125,0.453125,0.677001953125
22c02c27ac84e5ef,07_arasaac_pictograms,ARASAAC Pictograms,alone,qualifying adjective,icon_data/normalized_256/07_arasaac_pictograms/10213__22c02c27ac84.png,0.09564208984375,0.0467071533203125,145.0,1276.0,0.3115234375,51.36050156739812,0.11925418569254186,0.9125,0.16414392709369927,0.25267763107709373,0.05114875062887808,0.06634909833276624,0.8567326100829611,0.5385805121154837,145.0,2.0,0.12732591208255464,0.1589554399251938,0.18449661135673523,0.495817631483078,0.16073039174079895,0.0,46.0,0.3951531648635864,0.4160367265716831,0.7345403730869293,0.0,0.0,0.001220703125,0.382568359375,0.070068359375,0.11474609375,0.021728515625,0.523681640625,0.094482421875,0.1015625,0.024169921875,0.07080078125,0.052490234375,0.0595703125,0.01318359375,0.0
22dd7014ca4e0926,02_aiga_dot_symbol_signs,AIGA/DOT Symbol Signs,Aiga mail white,,icon_data/normalized_256/02_aiga_dot_symbol_signs/aiga_mail_white__22dd7014ca4e.png,0.2666473388671875,0.0,1.0,1462.0,0.35693359375,44.82626538987688,0.4243152680652681,1.3295454545454546,0.42857142857142855,0.011529223243880109,0.7478495699139828,0.6476522722986988,0.15118741058655222,0.8686682905005717,1.0,4.0,1.0,0.0,0.0,0.0,0.0,1.0,1.0,0.0,0.0,0.0,0.27490234375,0.21875,0.21875,0.263916015625,0.36279296875,0.16943359375,0.194580078125,0.33837890625,0.3818359375,0.261474609375,0.266357421875,0.3623046875,0.249267578125,0.234375,0.234375,0.23486328125
22e623e627facf23,09_universal_symbols_healthcare_webfont,Universal Symbols Healthcare Webfont,coffee shop,healthcare wayfinding,icon_data/normalized_256/09_universal_symbols_healthcare_webfont/coffee_shop__22e623e627fa.png,0.7725830078125,0.0256805419921875,2.0,757.0,0.184814453125,86.57331571994716,0.7725830078125,1.0,0.7857414433917611,0.012400863091437089,0.9458877786318217,0.8276720932750966,0.04171275082951493,0.959957530714394,2.0,2.0,1.0,0.5372710824012756,0.09254641830921173,0.28049078583717346,0.08969177305698395,1.0,7.0,0.0,0.0,0.8987401500344276,0.949462890625,1.0,1.0,0.95751953125,1.0,0.2880859375,0.22119140625,0.862548828125,0.894775390625,0.286376953125,0.226318359375,0.83251953125,0.9501953125,0.96875,0.96875,0.954833984375
22fb6ea232dd962d,04_ocha_humanitarian_icons,OCHA Humanitarian Icons,checkpoint,iconsets,icon_data/normalized_256/04_ocha_humanitarian_icons/checkpoint__22fb6ea232dd.png,0.4010772705078125,0.022247314453125,5.0,964.0,0.2353515625,67.98340248962656,0.4010772705078125,1.0,0.5694015705388573,0.17828639857700268,0.19613196814562003,0.3231814749559527,0.07418679855430854,0.9309367805914645,5.0,0.0,0.6275516294616211,0.4535762667655945,0.20392078161239624,0.23863710463047028,0.103865846991539,1.0,7.0,0.0,0.0,0.8796331286430359,0.0,0.065673828125,0.874755859375,0.009033203125,0.541259765625,0.60400390625,0.626220703125,0.32421875,0.0,0.160400390625,0.73828125,0.842529296875,0.0,0.230712890625,0.78125,0.618896484375
231b8a3f8268881f,04_ocha_humanitarian_icons,OCHA Humanitarian Icons,chat,iconsets,icon_data/normalized_256/04_ocha_humanitarian_icons/chat__231b8a3f8268.png,0.83203125,0.0162506103515625,1.0,376.0,0.091796875,174.29787234042553,1.0,1.2018779342723005,1.0,0.002772967769359,1.0,0.9906542056074766,0.017202171361502348,0.9830887390473443,1.0,0.0,0.8790301779726593,0.34871527552604675,0.19079554080963135,0.2569890022277832,0.20350021123886108,1.0,8.0,0.0,0.0,0.5763672292232513,0.671875,0.671875,0.671875,0.671875,1.0,1.0,1.0,1.0,1.0,1.0,1.0,1.0,0.65625,0.65625,0.65625,0.65625
23c0549124f39fdc,03_mapbox_maki_icons,Mapbox Maki,harbor,cartography / point of interest,icon_data/normalized_256/03_mapbox_maki_icons/harbor__23c0549124f3.png,0.66619873046875,0.018524169921875,1.0,718.0,0.17529296875,91.27576601671309,0.66619873046875,1.0,0.7914653711240223,0.0587633999324361,0.9970725459701766,0.5929074391623189,0.03989922125515346,0.9616316461829876,1.0,1.0,1.0,0.11506379395723343,0.26329049468040466,0.36031877994537354,0.26132699847221375,1.0,7.0,0.0,0.0,0.6038190126419067,0.03955078125,0.9111328125,0.9130859375,0.040283203125,0.52490234375,0.877685546875,0.879150390625,0.527587890625,0.902099609375,0.544677734375,0.5458984375,0.904296875,0.54296875,0.9833984375,0.9833984375,0.5390625
24252ba34625f032,07_arasaac_pictograms,ARASAAC Pictograms,golf,sport modality,icon_data/normalized_256/07_arasaac_pictograms/10160__24252ba34625.png,0.7343597412109375,0.052154541015625,2.0,772.0,0.1884765625,84.89119170984456,0.7952904238618524,1.0081632653061225,0.9055961162125545,0.12692276222905097,0.8744693281402142,0.5970466235274597,0.025141812288320485,0.9754747957922046,2.0,2.0,1.0,0.23652206361293793,0.1006501317024231,0.553402304649353,0.10942545533180237,0.0,64.0,0.6997303366661072,0.4076299774235744,0.3502880930900574,0.189453125,0.581298828125,0.1376953125,0.029052734375,0.879638671875,0.91064453125,0.859375,0.8056640625,0.921875,1.0,1.0,0.9375,0.83544921875,0.90625,0.90625,0.849609375
24655b62d39ec7cb,07_arasaac_pictograms,ARASAAC Pictograms,bread,ultra-processed food,icon_data/normalized_256/07_arasaac_pictograms/10230__24655b62d39e.png,0.2885589599609375,0.025299072265625,1.0,466.0,0.11376953125,140.6351931330472,0.688323505860086,2.1140350877192984,0.9350077871993275,0.053972797272057206,0.7477818853974122,0.5811872909698996,0.042937972608534714,0.9588297926278964,1.0,0.0,0.7443224308261502,0.8263731598854065,0.07750769704580307,0.04496878385543823,0.05115040764212608,0.0,14.0,0.5154194235801697,0.2497070377397364,0.37421315908432007,0.0,0.0,0.0,0.0,0.1123046875,0.792724609375,0.598388671875,0.297119140625,0.53515625,0.816650390625,0.87646484375,0.588134765625,0.0,0.0,0.0,0.0
24a03b56084ec7f0,04_ocha_humanitarian_icons,OCHA Humanitarian Icons,communal latrine,iconsets,icon_data/normalized_256/04_ocha_humanitarian_icons/communal_latrine__24a03b56084e.png,0.809478759765625,0.01483154296875,4.0,745.0,0.181884765625,87.96778523489932,0.809478759765625,1.0,0.8185338908518616,0.0060374386295892896,0.9859988020365379,0.8369113573407202,0.03935909519321395,0.9621313794479307,4.0,2.0,0.760529862086762,0.4433046281337738,0.0700588971376419,0.4170589745044708,0.06957754492759705,1.0,7.0,0.0,0.0,0.9392161257565022,0.862060546875,0.635986328125,0.63623046875,0.862060546875,1.0,0.765625,0.765625,1.0,1.0,0.72021484375,0.765625,0.95458984375,0.83251953125,0.659423828125,0.659423828125,0.832275390625
24b92c23fcf47907,07_arasaac_pictograms,ARASAAC Pictograms,famous,qualifying adjective; character; mass media,icon_data/normalized_256/07_arasaac_pictograms/10203__24b92c23fcf4.png,0.4096527099609375,0.0367584228515625,8.0,1198.0,0.29248046875,54.70450751252087,0.4683868941693709,1.055793991416309,0.5099823338335581,0.18924223890443376,0.8141090614230692,0.19965145895705796,0.10787052557082728,0.9026325521971557,8.0,5.0,0.625,0.21073539555072784,0.13200712203979492,0.5245898365974426,0.13266754150390625,0.0,58.0,0.5115498900413513,0.4532389837374205,0.6799759566783905,0.035888671875,0.174072265625,0.14697265625,0.03466796875,0.00244140625,0.49267578125,0.46484375,0.05322265625,0.739990234375,0.6943359375,0.730712890625,0.794921875,0.727783203125,0.400390625,0.352783203125,0.708740234375
24bf9123ca818461,13_usp_pictograms_manual,USP Pictograms,12,medication instruction,icon_data/normalized_256/13_usp_pictograms_manual/12__24bf9123ca81.png,0.921875,0.0672454833984375,1.0,376.0,0.091796875,174.29787234042553,1.0,0.921875,1.0,0.0,1.0,1.0,0.016287076271186442,0.9839739413680781,1.0,0.0,0.8847235238987816,0.2695418894290924,0.24455581605434418,0.2664574682712555,0.21944478154182434,1.0,8.0,0.0,0.0,0.23173755407333374,0.84375,1.0,1.0,0.84375,0.84375,1.0,1.0,0.84375,0.84375,1.0,1.0,0.84375,0.84375,1.0,1.0,0.84375
24f83d7d92f3cd58,05_mulberry_symbols,Mulberry Symbols,U,iconsets,icon_data/normalized_256/05_mulberry_symbols/u__24f83d7d92f3.png,0.23095703125,0.0141143798828125,1.0,604.0,0.1474609375,108.50331125827815,0.5573722197672706,0.7849462365591398,0.6001110141939576,0.017998363958790037,0.9905312993161494,0.5549619889048695,0.06408562367864694,0.9397739972680988,1.0,0.0,0.6610761705101327,0.20720523595809937,0.07060647010803223,0.6456324458122253,0.07655578851699829,0.0,15.0,0.49615103006362915,0.08056309689273122,0.7517890483140945,0.065673828125,0.212158203125,0.212158203125,0.065673828125,0.140625,0.453125,0.453125,0.140625,0.107666015625,0.548583984375,0.541748046875,0.10888671875,0.0,0.319091796875,0.326171875,0.0
252594db039d92a6,04_ocha_humanitarian_icons,OCHA Humanitarian Icons,email,iconsets,icon_data/normalized_256/04_ocha_humanitarian_icons/email__252594db039d.png,0.9609375,0.0284576416015625,1.0,376.0,0.091796875,174.29787234042553,1.0,0.9609375,1.0,0.0,1.0,1.0,0.015942581300813007,0.9843075961237887,1.0,0.0,0.8868859846777829,0.32033059000968933,0.24023273587226868,0.19890615344047546,0.2405305653810501,1.0,8.0,0.0,0.0,0.4313187599182129,0.921875,1.0,1.0,0.921875,0.921875,1.0,1.0,0.921875,0.921875,1.0,1.0,0.921875,0.921875,1.0,1.0,0.921875
253bbbd8ac801157,12_iso_15223_medical_device_symbols,ISO 15223 Medical Device Symbols,non pyrogenic,medical device label,icon_data/normalized_256/12_iso_15223_medical_device_symbols/non_pyrogenic__253bbbd8ac80.png,0.118988037109375,0.03436279296875,1.0,952.0,0.232421875,68.84033613445378,0.18555621653777513,1.0,0.18796929047498523,0.0027126834239214275,0.48110161443494776,0.5033738191632928,0.3021287509617851,0.767973212527083,1.0,2.0,1.0,0.0,0.3885343372821808,0.20680271089076996,0.40466299653053284,1.0,7.0,0.0,0.0,0.7714853733778,0.10009765625,0.01806640625,0.02978515625,0.099365234375,0.02001953125,0.38232421875,0.28564453125,0.004638671875,0.004638671875,0.298583984375,0.404052734375,0.01806640625,0.099365234375,0.01611328125,0.022705078125,0.100341796875
254fadd2f68d5e64,10_openmoji,OpenMoji,keycap: 1,symbols / keycap,icon_data/normalized_256/10_openmoji/0031_fe0f_20e3__254fadd2f68d.png,0.505157470703125,0.0240478515625,1.0,520.0,0.126953125,126.03076923076924,0.9994565873686753,1.0,1.0,3.0321220700414805e-05,1.0,0.9998791832789659,0.021989971606355345,0.9784831825973872,1.0,0.0,0.8503981505265862,0.44770821928977966,0.026586191728711128,0.5067589282989502,0.018946699798107147,0.0,23.0,0.3419497311115265,0.2306134699093605,0.369418203830719,0.1767578125,0.421875,0.421875,0.1767578125,0.421875,1.0,1.0,0.421875,0.421875,1.0,1.0,0.421875,0.177001953125,0.421875,0.421875,0.177001953125
258d974f5c82c27f,10_openmoji,OpenMoji,flag: Australia,flags / country-flag,icon_data/normalized_256/10_openmoji/1f1e6_1f1fa__258d974f5c82.png,0.486968994140625,0.0338592529296875,1.0,1009.0,0.246337890625,64.95143706640238,0.9421941426547,1.5890410958904109,0.9530834702105421,0.01243572701718249,0.8982869379014989,0.8933317513051733,0.061540389797581,0.942027274337328,1.0,12.0,1.0,0.48080113530158997,0.09391753375530243,0.327079176902771,0.09820214658975601,0.0,89.0,0.5959252119064331,0.3762854889426733,0.653016984462738,0.11328125,0.140625,0.140625,0.11328125,0.695068359375,0.787109375,0.953125,0.789306640625,0.8125,0.954833984375,0.976806640625,0.80712890625,0.11328125,0.140625,0.140625,0.11328125
26246a410ab5f5fc,03_mapbox_maki_icons,Mapbox Maki,bar,cartography / point of interest,icon_data/normalized_256/03_mapbox_maki_icons/bar__26246a410ab5.png,0.4523773193359375,0.0154571533203125,1.0,535.0,0.130615234375,122.49719626168225,0.519030112044818,0.9916666666666667,0.6601572067959651,0.15813454570940494,0.9979109104387088,0.3968620429702224,0.039261982662664015,0.9622212846061472,1.0,0.0,0.7609794912600426,0.6985743641853333,0.03746335580945015,0.21896548569202423,0.04499680548906326,1.0,7.0,0.0,0.0,0.5502270460128784,0.668212890625,0.875,0.875,0.66845703125,0.14404296875,0.900146484375,0.903076171875,0.147705078125,0.0,0.314208984375,0.3134765625,0.0,0.018310546875,0.696044921875,0.696044921875,0.018310546875
264c451bfa22cd45,01_mcdougall_symbol_icon_set,McDougall Symbol/Icon Set,Fan,,icon_data/normalized_256/01_mcdougall_symbol_icon_set/mcdougall_088__264c451bfa22.png,0.1074981689453125,0.0189971923828125,9.0,583.0,0.142333984375,112.41166380789022,0.45955642530984997,0.7191780821917808,0.5857897143807426,0.002558477917477076,0.338844545800076,0.7616904226056515,0.19162526614620298,0.8391899940440739,9.0,0.0,0.3947884561501821,0.14927922189235687,0.24833302199840546,0.3492801785469055,0.25310763716697693,0.0,4.0,0.10857131332159042,0.006625778552951769,0.8479260057210922,0.0,0.02783203125,0.00537109375,0.0,0.0,0.41748046875,0.3935546875,0.0,0.0,0.440673828125,0.40283203125,0.0,0.0,0.029052734375,0.003173828125,0.0
2663a2a83e8e54b1,11_iso_7010_safety_signs,ISO 7010 Safety Signs,ISO 7010 W021,iconsets,icon_data/normalized_256/11_iso_7010_safety_signs/iso_7010_w021__2663a2a83e8e.png,0.875,0.03887939453125,1.0,88.0,0.021484375,744.7272727272727,1.0,1.1428571428571428,1.0,0.0,1.0,1.0,0.016741071428571428,0.9835345773874863,1.0,0.0,0.8818897637795275,0.29876193404197693,0.2779255211353302,0.12650668621063232,0.29680582880973816,1.0,8.0,0.0,0.0,0.26171571016311646,0.75,0.75,0.75,0.75,1.0,1.0,1.0,1.0,1.0,1.0,1.0,1.0,0.75,0.75,0.75,0.75
2677bfaad3ac779e,04_ocha_humanitarian_icons,OCHA Humanitarian Icons,education,iconsets,icon_data/normalized_256/04_ocha_humanitarian_icons/education__2677bfaad3ac.png,0.80859375,0.0078125,1.0,280.0,0.068359375,234.05714285714285,1.0,0.80859375,1.0,0.002772967769359,0.9903846153846154,1.0,0.017474335748792272,0.9828257724693052,1.0,0.0,0.8773509933774836,0.3085576593875885,0.03260352462530136,0.6265104413032532,0.032328419387340546,1.0,8.0,0.0,0.0,0.8279272019863129,0.625,1.0,1.0,0.609375,0.625,1.0,1.0,0.609375,0.625,1.0,1.0,0.609375,0.625,1.0,1.0,0.609375
267a1cfa1b945868,06_blissymbolics,Blissymbolics,against,Blissymbolics char,icon_data/normalized_256/06_blissymbolics/against_27887396f60f__267a1cfa1b94.png,0.23828125,0.006439208984375,1.0,376.0,0.091796875,174.29787234042553,1.0,0.23828125,1.0,0.002772967769359,0.967741935483871,1.0,0.04059938524590164,0.9609846153846154,1.0,0.0,0.7548337200309357,0.03138355910778046,0.4559454917907715,0.05758713558316231,0.4550838768482208,1.0,8.0,0.0,0.0,0.05731874704360962,0.0,0.484375,0.46875,0.0,0.0,0.484375,0.46875,0.0,0.0,0.484375,0.46875,0.0,0.0,0.484375,0.46875,0.0
271db35699824b95,06_blissymbolics,Blissymbolics,animal bushy tailed,Blissymbolics char,icon_data/normalized_256/06_blissymbolics/animal_bushy_tailed_693f6a50f074__271db3569982.png,0.4765625,0.015045166015625,1.0,376.0,0.091796875,174.29787234042553,1.0,0.4765625,1.0,0.0,1.0,1.0,0.02420594262295082,0.976366137301488,1.0,0.0,0.8377682403433477,0.22586721181869507,0.3168385624885559,0.14077332615852356,0.31652095913887024,1.0,8.0,0.0,0.0,0.08217906951904297,0.0,0.953125,0.953125,0.0,0.0,0.953125,0.953125,0.0,0.0,0.953125,0.953125,0.0,0.0,0.953125,0.953125,0.0
275d5c9c64f7e95d,06_blissymbolics,Blissymbolics,berry,Blissymbolics char,icon_data/normalized_256/06_blissymbolics/berry_106ab4e1e856__275d5c9c64f7.png,0.4296875,0.0081787109375,1.0,376.0,0.091796875,174.29787234042553,1.0,0.4296875,1.0,0.0,1.0,1.0,0.02599431818181818,0.9746642669251003,1.0,0.0,0.8278457196613358,0.24156327545642853,0.17731830477714539,0.23275524377822876,0.34836313128471375,1.0,8.0,0.0,0.0,0.049676358699798584,0.0,0.859375,0.859375,0.0,0.0,0.859375,0.859375,0.0,0.0,0.859375,0.859375,0.0,0.0,0.859375,0.859375,0.0
275db32f170789b5,09_universal_symbols_healthcare_webfont,Universal Symbols Healthcare Webfont,i imaging alternative ct,healthcare wayfinding,icon_data/normalized_256/09_universal_symbols_healthcare_webfont/i_imaging_alternative_ct__275db32f1707.png,0.336517333984375,0.0337677001953125,3.0,1294.0,0.31591796875,50.646058732612055,0.3650357521186441,0.921875,0.4132864839540876,0.10281780694816872,0.3781166031369118,0.22925143526001895,0.11752969982769565,0.8948308041872921,3.0,1.0,0.5154007945781724,0.4225119352340698,0.05454077944159508,0.44087129831314087,0.08207599818706512,1.0,7.0,0.0,0.0,0.6953029632568359,0.317626953125,0.496826171875,0.511962890625,0.298095703125,0.229248046875,0.438232421875,0.256103515625,0.208984375,0.300537109375,0.1875,0.37939453125,0.597412109375,0.0,0.0,0.568359375,0.593994140625
277650c317563bce,05_mulberry_symbols,Mulberry Symbols,acorn,iconsets,icon_data/normalized_256/05_mulberry_symbols/acorn__277650c31756.png,0.3076019287109375,0.0236968994140625,1.0,400.0,0.09765625,163.84,0.6799446842957366,0.6238532110091743,0.96160083953444,0.010170126284834803,0.9149805262657927,0.7946229858452774,0.03750186021132001,0.9638536935213962,1.0,0.0,0.769221963597512,0.3082346022129059,0.22227762639522552,0.3146725594997406,0.15481524169445038,0.0,33.0,0.5351396799087524,0.38155131133645753,0.3794882297515869,0.0,0.32568359375,0.353515625,0.0,0.0,0.865478515625,0.8974609375,0.0,0.040771484375,0.97607421875,0.966552734375,0.02001953125,0.0,0.29345703125,0.1826171875,0.0
27a827006c95046c,03_mapbox_maki_icons,Mapbox Maki,ferry JP,cartography / point of interest,icon_data/normalized_256/03_mapbox_maki_icons/ferry_jp__27a827006c95.png,0.3750152587890625,0.0075531005859375,1.0,658.0,0.16064453125,99.59878419452887,0.7451640288642289,0.5774058577405857,0.8688136312217195,0.07311972926784317,0.9994305239179955,0.6152076761303891,0.04321113235952313,0.9585787277194898,1.0,1.0,1.0,0.1892273724079132,0.09739373624324799,0.6141877770423889,0.09919112175703049,1.0,7.0,0.0,0.0,0.5101527273654938,0.0,0.4580078125,0.459228515625,0.0,0.037841796875,0.8212890625,0.821533203125,0.037841796875,0.078125,0.716796875,0.716796875,0.078125,0.048828125,0.838623046875,0.83837890625,0.048828125
27f9f33f5a2b3012,04_ocha_humanitarian_icons,OCHA Humanitarian Icons,buddhist temple,iconsets,icon_data/normalized_256/04_ocha_humanitarian_icons/buddhist_temple__27f9f33f5a2b.png,0.54022216796875,0.0172882080078125,8.0,1246.0,0.30419921875,52.597110754414125,0.54022216796875,1.0,0.7477401368590014,0.0727904946480574,0.9995481757596295,0.4642458331610075,0.07891763642526269,0.9268548091523117,8.0,0.0,0.6129925895145093,0.7354180216789246,0.10028669238090515,0.06370015442371368,0.10059512406587601,1.0,7.0,0.0,0.0,0.8704563081264496,0.023193359375,0.869873046875,0.8701171875,0.023193359375,0.145263671875,0.7470703125,0.7470703125,0.14599609375,0.447265625,0.7939453125,0.7939453125,0.447509765625,0.579345703125,0.71533203125,0.71533203125,0.5791015625
280c01ef84d29c92,01_mcdougall_symbol_icon_set,McDougall Symbol/Icon Set,Button,,icon_data/normalized_256/01_mcdougall_symbol_icon_set/mcdougall_029__280c01ef84d2.png,0.165985107421875,0.019378662109375,1.0,406.0,0.09912109375,161.41871921182266,0.9074074074074074,0.972972972972973,0.924214103653356,0.01683899020813861,0.8964435146443515,0.8905109489051095,0.07538150395293253,0.9299025474440076,1.0,1.0,1.0,0.47630253434181213,0.01656889170408249,0.4919285476207733,0.015200038440525532,0.0,3.0,0.04309166967868805,0.02813183267151457,0.31887710094451904,0.0,0.0,0.0,0.0,0.0,0.60205078125,0.67529296875,0.0,0.0,0.6533203125,0.72509765625,0.0,0.0,0.0,0.0,0.0
281ec3744536ddf8,09_universal_symbols_healthcare_webfont,Universal Symbols Healthcare Webfont,i emergency,healthcare wayfinding,icon_data/normalized_256/09_universal_symbols_healthcare_webfont/i_emergency__281ec3744536.png,0.563140869140625,0.03497314453125,1.0,700.0,0.1708984375,93.62285714285714,0.5765841769778778,0.9921259842519685,0.7510684195530953,0.007965690053227037,0.9915816739517566,0.9475461741424802,0.03305695550858939,0.9680008393222472,1.0,14.0,1.0,0.34440216422080994,0.08082932978868484,0.484252393245697,0.09051605314016342,1.0,7.0,0.0,0.0,0.8125215768814087,0.0,0.677978515625,0.677978515625,0.0,0.6240234375,0.89697265625,0.88916015625,0.635009765625,0.6953125,0.909912109375,0.9072265625,0.69384765625,0.0,0.701416015625,0.701416015625,0.0
28786d99b5925991,02_aiga_dot_symbol_signs,AIGA/DOT Symbol Signs,Aiga leftarrow,,icon_data/normalized_256/02_aiga_dot_symbol_signs/aiga_leftarrow__28786d99b592.png,0.3158721923828125,0.0253448486328125,1.0,610.0,0.14892578125,107.43606557377049,0.38112860167541196,1.1971830985915493,0.5892684315399943,0.07800196872037113,0.43637246738828755,0.9599507669002083,0.06144630694169364,0.9421107723114732,1.0,0.0,0.6704343038507626,0.45850899815559387,0.26747655868530273,0.006537904031574726,0.26747655868530273,1.0,1.0,0.0,0.0,1.0,0.0,0.440673828125,0.210205078125,0.0,0.4921875,0.7587890625,0.328125,0.328125,0.476806640625,0.75830078125,0.3125,0.3125,0.0,0.425537109375,0.210205078125,0.0
289aab1d65d8cc58,10_openmoji,OpenMoji,flag: China,flags / country-flag,icon_data/normalized_256/10_openmoji/1f1e8_1f1f3__289aab1d65d8.png,0.5166015625,0.01123046875,1.0,556.0,0.1357421875,117.87050359712231,0.9995276334435522,1.5890410958904109,1.0,0.0,1.0,1.0,0.022329867674858225,0.9781578643245117,1.0,0.0,0.8484362469927826,0.5798463225364685,0.02453879453241825,0.3707013428211212,0.024913474917411804,0.0,21.0,0.6957606077194214,0.4598366908871059,0.646007239818573,0.11328125,0.140625,0.140625,0.11328125,0.8125,1.0,1.0,0.8125,0.8125,1.0,1.0,0.8125,0.11328125,0.140625,0.140625,0.11328125
28a8b289ca2c4cde,13_usp_pictograms_manual,USP Pictograms,81,medication instruction,icon_data/normalized_256/13_usp_pictograms_manual/81__28a8b289ca2c.png,0.9921875,0.044647216796875,1.0,1.0,0.000244140625,65536.0,1.0,1.0078740157480315,1.0,0.0,1.0,1.0,0.015686515748031496,0.9845557507116468,1.0,0.0,0.8885002186270224,0.2828873097896576,0.3010709285736084,0.1111389547586441,0.30490273237228394,1.0,8.0,0.0,0.0,0.22238337993621826,0.984375,0.984375,0.984375,0.984375,1.0,1.0,1.0,1.0,1.0,1.0,1.0,1.0,0.984375,0.984375,0.984375,0.984375
28bd36f1c69d6141,01_mcdougall_symbol_icon_set,McDougall Symbol/Icon Set,Ben ding,,icon_data/normalized_256/01_mcdougall_symbol_icon_set/mcdougall_020__28bd36f1c69d.png,0.05706787109375,0.0238189697265625,5.0,580.0,0.1416015625,112.99310344827586,0.2174545031687889,0.7959183673469388,0.299379627776666,0.045161581595159685,0.21507472384665366,0.36496350364963503,0.4192513368983957,0.7045968349660889,5.0,4.0,0.8,0.2823040783405304,0.12573856115341187,0.29347530007362366,0.2984819710254669,0.0,4.0,0.09590624272823334,0.007580693850128699,0.7923099994659424,0.0,0.0,0.0126953125,0.0,0.0,0.199951171875,0.267333984375,0.0,0.0,0.170166015625,0.249755859375,0.0,0.0,0.0,0.01318359375,0.0
28c35379d03db47f,01_mcdougall_symbol_icon_set,McDougall Symbol/Icon Set,Closed,,icon_data/normalized_256/01_mcdougall_symbol_icon_set/mcdougall_044__28c35379d03d.png,0.152313232421875,0.0280303955078125,1.0,322.0,0.07861328125,203.527950310559,0.7666666666666667,0.6642857142857143,0.862711205220172,0.00384090490680483,0.9503712387651426,0.8752583129814014,0.0723301943498297,0.9325485799701047,1.0,0.0,0.6334560223378601,0.21461306512355804,0.1197630763053894,0.5146635174751282,0.15096044540405273,0.0,3.0,0.041511666029691696,0.029305660030038753,0.3620709776878357,0.0,0.0146484375,0.013671875,0.0,0.0,0.597412109375,0.595703125,0.0,0.0,0.597412109375,0.5927734375,0.0,0.0,0.01123046875,0.01416015625,0.0
28cf8f007be2dc86,05_mulberry_symbols,Mulberry Symbols,Last Supper,iconsets,icon_data/normalized_256/05_mulberry_symbols/last_supper__28cf8f007be2.png,0.4250640869140625,0.04229736328125,2.0,760.0,0.185546875,86.23157894736842,0.7864765669113495,1.3664596273291925,0.8755244755244755,0.09215556589996265,0.9902121883260698,0.5274152867638996,0.05664644434074021,0.9463903516222184,2.0,2.0,1.0,0.40051764249801636,0.10087510943412781,0.39261820912361145,0.10598909109830856,0.0,72.0,0.5637043118476868,0.4815105371478606,0.38047146797180176,0.022216796875,0.067626953125,0.0673828125,0.021484375,0.4443359375,0.64208984375,0.641357421875,0.4423828125,0.717041015625,0.998779296875,0.998779296875,0.717041015625,0.21337890625,0.296875,0.296875,0.21337890625
28f09f15af0ed0e4,09_universal_symbols_healthcare_webfont,Universal Symbols Healthcare Webfont,i nursery,healthcare wayfinding,icon_data/normalized_256/09_universal_symbols_healthcare_webfont/i_nursery__28f09f15af0e.png,0.336517333984375,0.0233917236328125,3.0,859.0,0.209716796875,76.29336437718277,0.47446323307947164,0.7204724409448819,0.7026252070855104,0.02079194312562956,0.9325271643883631,0.4202730551262236,0.07263988392128412,0.9322793371660467,3.0,0.0,0.6324634356180098,0.167909175157547,0.3406068682670593,0.15134908258914948,0.3401348888874054,1.0,7.0,0.0,0.0,0.8188147842884064,0.0,0.4990234375,0.526611328125,0.0,0.04638671875,0.7431640625,0.76513671875,0.0556640625,0.158447265625,0.58251953125,0.57421875,0.17626953125,0.01708984375,0.60791015625,0.60693359375,0.02490234375
294f1e0566f5117f,07_arasaac_pictograms,ARASAAC Pictograms,hang,verb; teaching activity,icon_data/normalized_256/07_arasaac_pictograms/10133__294f1e0566f5.png,0.4020843505859375,0.035369873046875,3.0,955.0,0.233154296875,68.62408376963351,0.4622982456140351,0.912,0.6323051266361924,0.14528509760373168,0.3102779573367809,0.4020218143123171,0.08166672991537323,0.9244991755253833,3.0,7.0,1.0,0.32475459575653076,0.1259964555501938,0.38233819603919983,0.166910782456398,0.0,59.0,0.48608264327049255,0.4538144271357812,0.5580350458621979,0.23681640625,0.36474609375,0.44482421875,0.167236328125,0.244140625,0.388916015625,0.7431640625,0.4150390625,0.0,0.299072265625,0.982666015625,0.744873046875,0.0,0.309326171875,0.89306640625,0.199462890625
29bd4bbefb2d1e17,10_openmoji,OpenMoji,flag: Brazil,flags / country-flag,icon_data/normalized_256/10_openmoji/1f1e7_1f1f7__29bd4bbefb2d.png,0.5153961181640625,0.0353851318359375,1.0,556.0,0.1357421875,117.87050359712231,0.9971953235710912,1.5890410958904109,1.0,0.0001514531571844329,0.9960406571327266,0.9953331758034026,0.02605323148888297,0.9746083042386819,1.0,1.0,1.0,0.5600100755691528,0.0462600402534008,0.32406875491142273,0.06966113299131393,0.0,53.0,0.6013397574424744,0.40406903524079246,0.511619359254837,0.11328125,0.140625,0.140625,0.11328125,0.8125,0.9921875,0.989501953125,0.8125,0.8125,1.0,0.9990234375,0.8125,0.11328125,0.140625,0.140625,0.11328125
2a560b7cd2d9862a,04_ocha_humanitarian_icons,OCHA Humanitarian Icons,building,iconsets,icon_data/normalized_256/04_ocha_humanitarian_icons/building__2a560b7cd2d9.png,0.671875,0.01708984375,1.0,376.0,0.091796875,174.29787234042553,1.0,0.671875,1.0,0.0,1.0,1.0,0.019440406976744186,0.9809303154517911,1.0,0.0,0.8654088050314466,0.5068408250808716,0.03991100192070007,0.4131070077419281,0.04014115035533905,1.0,8.0,0.0,0.0,0.7119450569152832,0.34375,1.0,1.0,0.34375,0.34375,1.0,1.0,0.34375,0.34375,1.0,1.0,0.34375,0.34375,1.0,1.0,0.34375
2aa37ac1a5787b5b,03_mapbox_maki_icons,Mapbox Maki,ice cream,cartography / point of interest,icon_data/normalized_256/03_mapbox_maki_icons/ice_cream__2aa37ac1a578.png,0.3752899169921875,0.0081329345703125,1.0,421.0,0.102783203125,155.66745843230404,0.5938526173459533,0.6733870967741935,0.9032980755105039,0.12624219608131507,0.9622626456039572,0.485923151280812,0.03569831266517585,0.9655321320613983,1.0,0.0,0.7778550871311554,0.15318477153778076,0.2099827229976654,0.4390120506286621,0.1978204995393753,1.0,7.0,0.0,0.0,0.5882614254951477,0.04931640625,0.820556640625,0.794921875,0.031982421875,0.20263671875,0.984619140625,0.979248046875,0.177734375,0.0,0.650390625,0.62109375,0.0,0.0,0.339599609375,0.3525390625,0.0
2b102556f5e32c58,10_openmoji,OpenMoji,B button (blood type),symbols / alphanum,icon_data/normalized_256/10_openmoji/1f171__2b102556f5e3.png,0.4240264892578125,0.01080322265625,3.0,850.0,0.20751953125,77.10117647058823,0.8389385339934791,1.0,0.8485449937402669,0.0006115975519011693,0.9662492039906602,0.9999280316660669,0.04771672244413257,0.9544564657393096,3.0,1.0,0.7237284162825222,0.46597832441329956,0.03446516394615173,0.46507036685943604,0.03448612242937088,0.0,25.0,0.6294427514076233,0.45906499380376153,0.6272288262844086,0.1767578125,0.421875,0.421875,0.1767578125,0.421875,0.66455078125,0.6865234375,0.421875,0.421875,0.66455078125,0.686767578125,0.421875,0.1767578125,0.421875,0.421875,0.1767578125
2b5b06037a00ac7f,13_usp_pictograms_manual,USP Pictograms,06A,medication instruction,icon_data/normalized_256/13_usp_pictograms_manual/06a__2b5b06037a00.png,0.49609375,0.0422821044921875,1.0,16.0,0.00390625,4096.0,1.0,0.49609375,1.0,0.002772967769359,0.984375,1.0,0.023560531496062992,0.9769817897710199,1.0,0.0,0.841407867494824,0.35654664039611816,0.12751413881778717,0.4149725139141083,0.10096672177314758,1.0,8.0,0.0,0.0,0.2767787575721741,0.0,1.0,0.984375,0.0,0.0,1.0,0.984375,0.0,0.0,1.0,0.984375,0.0,0.0,1.0,0.984375,0.0
2b70ceb008049d76,10_openmoji,OpenMoji,flag: Burundi,flags / country-flag,icon_data/normalized_256/10_openmoji/1f1e7_1f1ee__2b70ceb00804.png,0.4326019287109375,0.03179931640625,4.0,1216.0,0.296875,53.89473684210526,0.8370040151157299,1.5890410958904109,0.8466776168433627,0.00018606167674536489,0.9966899077399817,0.9435798999108795,0.07604670029275863,0.9293276952830498,4.0,1.0,0.6217460909230466,0.4365864098072052,0.11119180917739868,0.3409091830253601,0.11131255328655243,0.0,53.0,0.5292788147926331,0.4595059326095257,0.5553306639194489,0.11328125,0.140625,0.140625,0.11328125,0.72119140625,0.738037109375,0.73828125,0.7197265625,0.720947265625,0.774169921875,0.77392578125,0.7197265625,0.11328125,0.140625,0.140625,0.11328125
2be691e9e2767ce5,02_aiga_dot_symbol_signs,AIGA/DOT Symbol Signs,Aiga restaurant 2,,icon_data/normalized_256/02_aiga_dot_symbol_signs/aiga_restaurant_2__2be691e9e276.png,0.2132720947265625,0.0390472412109375,2.0,835.0,0.203857421875,78.48622754491018,0.4895964691046658,0.5213675213675214,0.5215298507462687,0.07223443963484977,0.37976307996051334,0.5791435995932663,0.10474350719038421,0.9051874878570041,2.0,0.0,0.5440850169333177,0.06718892604112625,0.043644681572914124,0.8485612869262695,0.040605172514915466,1.0,1.0,0.0,0.0,1.0,0.0,0.371826171875,0.443359375,0.0,0.0,0.62158203125,0.578125,0.0,0.0,0.375,0.44140625,0.0,0.0,0.29638671875,0.28466796875,0.0
2be775a56b30b3be,07_arasaac_pictograms,ARASAAC Pictograms,brush the dog,verb; pet; dog-assisted therapy,icon_data/normalized_256/07_arasaac_pictograms/10145__2be775a56b30.png,0.46246337890625,0.0554351806640625,1.0,892.0,0.2177734375,73.47085201793722,0.5138255488683564,1.0680851063829788,0.6295150067504414,0.0340189818716846,0.5918067226890756,0.4452338944256354,0.056816682064141484,0.946237901966906,1.0,0.0,0.6875056709917431,0.3256247937679291,0.13804443180561066,0.2970779538154602,0.23925283551216125,0.0,35.0,0.06337346881628036,0.08631759601690056,0.33759695291519165,0.510498046875,0.158203125,0.0,0.143310546875,0.380615234375,0.955810546875,0.656494140625,0.7275390625,0.356689453125,0.8642578125,0.971923828125,0.46337890625,0.265380859375,0.291748046875,0.416015625,0.237548828125
2c0191d7a8d48a45,10_openmoji,OpenMoji,flag: Bermuda,flags / country-flag,icon_data/normalized_256/10_openmoji/1f1e7_1f1f2__2c0191d7a8d4.png,0.4748687744140625,0.01947021484375,1.0,1060.0,0.2587890625,61.82641509433962,0.9187824752007557,1.5890410958904109,0.9294012244288488,0.008904827312908248,0.8594132759753839,0.8703648055772583,0.06561485813437871,0.9384253535566746,1.0,8.0,1.0,0.512218177318573,0.06047745794057846,0.36329323053359985,0.0640110895037651,0.0,120.0,0.567184567451477,0.5024616947521184,0.5994137525558472,0.11328125,0.140625,0.140625,0.11328125,0.695068359375,0.787353515625,0.873046875,0.70751953125,0.8125,1.0,0.93310546875,0.773681640625,0.11328125,0.140625,0.140625,0.11328125
2c3a29215dee5e8b,10_openmoji,OpenMoji,flag: Congo - Kinshasa,flags / country-flag,icon_data/normalized_256/10_openmoji/1f1e8_1f1e9__2c3a29215dee.png,0.5166015625,0.01123046875,1.0,556.0,0.1357421875,117.87050359712231,0.9995276334435522,1.5890410958904109,1.0,0.0,1.0,1.0,0.022329867674858225,0.9781578643245117,1.0,0.0,0.8484362469927826,0.5643588304519653,0.08169817924499512,0.34733545780181885,0.006607531104236841,0.0,72.0,0.5498060584068298,0.5132394363653519,0.4926052689552307,0.11328125,0.140625,0.140625,0.11328125,0.8125,1.0,1.0,0.8125,0.8125,1.0,1.0,0.8125,0.11328125,0.140625,0.140625,0.11328125
2c3ba4cefbbd6dd1,10_openmoji,OpenMoji,flag: Antarctica,flags / country-flag,icon_data/normalized_256/10_openmoji/1f1e6_1f1f6__2c3ba4cefbbd.png,0.4142913818359375,0.01123046875,1.0,775.0,0.189208984375,84.56258064516129,0.8015765233821446,1.5890410958904109,0.8108406749290727,0.011052715617054091,0.8779222575736616,0.9204272174282077,0.04449191558321977,0.9574032934870764,1.0,1.0,1.0,0.588928759098053,0.009645388461649418,0.39028656482696533,0.011139334179461002,0.0,19.0,0.44751057028770447,0.30168175815622095,0.4559336304664612,0.11328125,0.140625,0.140625,0.11328125,0.8125,0.656005859375,0.520751953125,0.8125,0.8125,0.7236328125,0.462646484375,0.8125,0.11328125,0.140625,0.140625,0.11328125
2c8448f7ff75de27,05_mulberry_symbols,Mulberry Symbols,Saturn,iconsets,icon_data/normalized_256/05_mulberry_symbols/saturn__2c8448f7ff75.png,0.343963623046875,0.0262298583984375,1.0,415.0,0.101318359375,157.91807228915664,0.6323319027181689,1.522875816993464,0.9489170928837533,0.013569161986855661,0.6699014741832728,0.6887923284387174,0.03469079939668175,0.9664723032069971,1.0,0.0,0.782762691853601,0.4906110465526581,0.36628520488739014,0.06840245425701141,0.07470130920410156,0.0,50.0,0.3706171214580536,0.35918045123679343,0.4076104760169983,0.0,0.096435546875,0.078857421875,0.0,0.11328125,0.96142578125,0.942626953125,0.54150390625,0.61376953125,0.98388671875,0.926025390625,0.089599609375,0.0,0.086181640625,0.06982421875,0.0
2cb2980de4140e41,13_usp_pictograms_manual,USP Pictograms,39,medication instruction,icon_data/normalized_256/13_usp_pictograms_manual/39__2cb2980de414.png,0.78125,0.0555572509765625,1.0,376.0,0.091796875,174.29787234042553,1.0,0.78125,1.0,0.0,1.0,1.0,0.0178125,0.9824992324224747,1.0,0.0,0.87527352297593,0.3356885015964508,0.07323522120714188,0.3509926199913025,0.2400836944580078,1.0,8.0,0.0,0.0,0.2489776611328125,0.5625,1.0,1.0,0.5625,0.5625,1.0,1.0,0.5625,0.5625,1.0,1.0,0.5625,0.5625,1.0,1.0,0.5625
2cb9e412526a4f85,07_arasaac_pictograms,ARASAAC Pictograms,lazy,qualifying adjective; disruptive behavior,icon_data/normalized_256/07_arasaac_pictograms/10217__2cb9e412526a.png,0.449005126953125,0.025848388671875,43.0,733.0,0.178955078125,89.40791268758527,0.5067158010745282,1.0252100840336134,0.7532573915269423,0.10352558609409711,0.39877358939012214,0.5200950511416469,0.057907972541290015,0.9452618053324767,43.0,4.0,0.6834037809466301,0.3410353660583496,0.11704257130622864,0.21060976386070251,0.3313123285770416,0.0,58.0,0.7390711307525635,0.4917549155392827,0.6868972480297089,0.417236328125,0.4482421875,0.0,0.0,0.770263671875,0.999755859375,0.657470703125,0.026611328125,0.625244140625,1.0,0.978271484375,0.31640625,0.01513671875,0.37939453125,0.18359375,0.366455078125
2d0b6a811ed52a56,03_mapbox_maki_icons,Mapbox Maki,alcohol shop,cartography / point of interest,icon_data/normalized_256/03_mapbox_maki_icons/alcohol_shop__2d0b6a811ed5.png,0.59869384765625,0.0161590576171875,2.0,895.0,0.218505859375,73.22458100558659,0.6592069892473118,0.967741935483871,0.748507220664263,0.08512353909127418,0.5333150963304545,0.5122176828798274,0.04455092262208176,0.9573492094475893,2.0,2.0,1.0,0.29836973547935486,0.045453451573848724,0.6093011498451233,0.04687563329935074,1.0,7.0,0.0,0.0,0.5585551261901855,0.3330078125,0.732421875,0.027099609375,0.05810546875,0.76708984375,0.99072265625,0.638916015625,0.733642578125,0.75341796875,0.528564453125,0.60595703125,0.721435546875,0.747314453125,0.873046875,0.4697265625,0.5986328125
2d4516e619b9bab9,05_mulberry_symbols,Mulberry Symbols,IT class,iconsets,icon_data/normalized_256/05_mulberry_symbols/it_class__2d4516e619b9.png,0.2420196533203125,0.0203704833984375,3.0,724.0,0.1767578125,90.51933701657458,0.3601825778908166,1.0792079207920793,0.5412294620463736,0.0823899298325225,0.06923284346770932,0.1647940074906367,0.0886451043439884,0.9185730005212255,3.0,2.0,0.6666666666666666,0.41351884603500366,0.09440673142671585,0.39530131220817566,0.09677308052778244,0.0,36.0,0.2104896456003189,0.2521319065418486,0.6788531541824341,0.0,0.0,0.20458984375,0.127197265625,0.0,0.001220703125,0.7587890625,0.40478515625,0.410888671875,0.47314453125,0.38427734375,0.248291015625,0.357666015625,0.455810546875,0.045654296875,0.0
2d8626c503e7d3d1,01_mcdougall_symbol_icon_set,McDougall Symbol/Icon Set,Electrical loop,,icon_data/normalized_256/01_mcdougall_symbol_icon_set/mcdougall_077__2d8626c503e7.png,0.1181488037109375,0.0220184326171875,1.0,757.0,0.184814453125,86.57331571994716,0.4219158674803836,0.8378378378378378,0.4598390592986311,0.025568113842197374,0.40068740955137483,0.5951792336217553,0.1671186878470877,0.8568108885692155,1.0,1.0,1.0,0.4170401990413666,0.01954052224755287,0.5439208149909973,0.01949845440685749,0.0,4.0,0.10930480808019638,0.006446373132139575,0.8517352193593979,0.0,0.113525390625,0.070556640625,0.0,0.0,0.29541015625,0.414794921875,0.0,0.0,0.3505859375,0.3720703125,0.0,0.0,0.1220703125,0.1513671875,0.0
2df5a12a23782101,07_arasaac_pictograms,ARASAAC Pictograms,win,verb; sport event,icon_data/normalized_256/07_arasaac_pictograms/10155__2df5a12a2378.png,0.1518096923828125,0.0386199951171875,1.0,760.0,0.185546875,86.23157894736842,0.16851287262872627,0.975609756097561,0.2902360045508912,0.08937974263679709,0.2937581274382315,0.31565723353610153,0.1513719971856468,0.8685290266259276,1.0,0.0,0.4522889484929763,0.2693255841732025,0.17810267210006714,0.38128015398979187,0.1712915599346161,0.0,76.0,0.5360726714134216,0.6149951621391132,0.5612180233001709,0.0,0.31396484375,0.208984375,0.0,0.128662109375,0.539306640625,0.3134765625,0.11962890625,0.0,0.4189453125,0.127685546875,0.012451171875,0.0,0.245849609375,0.0,0.0
2e640ae7d0fdf443,01_mcdougall_symbol_icon_set,McDougall Symbol/Icon Set,Add task,,icon_data/normalized_256/01_mcdougall_symbol_icon_set/mcdougall_001__2e640ae7d0fd.png,0.053131103515625,0.0092620849609375,1.0,325.0,0.079345703125,201.64923076923077,0.6191322901849218,0.9736842105263158,0.7120654396728017,0.04406383724054232,0.5047536732929991,0.43587628865979383,0.16599655370476737,0.8576354679802956,1.0,1.0,1.0,0.44859153032302856,0.09731823951005936,0.41186749935150146,0.04222272336483002,0.0,3.0,0.032234419137239456,0.03168227526128574,0.5795468389987946,0.0,0.0,0.0,0.0,0.0,0.099365234375,0.19091796875,0.0,0.0,0.272216796875,0.28759765625,0.0,0.0,0.0,0.0,0.0
2f0595c15be511d7,10_openmoji,OpenMoji,flag: Aruba,flags / country-flag,icon_data/normalized_256/10_openmoji/1f1e6_1f1fc__2f0595c15be5.png,0.5166015625,0.01123046875,1.0,556.0,0.1357421875,117.87050359712231,0.9995276334435522,1.5890410958904109,1.0,0.0,1.0,1.0,0.022329867674858225,0.9781578643245117,1.0,0.0,0.8484362469927826,0.6009268164634705,0.00997717771679163,0.3793148398399353,0.009781225584447384,0.0,50.0,0.4933980405330658,0.4269898995218737,0.4454239010810852,0.11328125,0.140625,0.140625,0.11328125,0.8125,1.0,1.0,0.8125,0.8125,1.0,1.0,0.8125,0.11328125,0.140625,0.140625,0.11328125
2f13bf9462163807,05_mulberry_symbols,Mulberry Symbols,Father Christmas sack,iconsets,icon_data/normalized_256/05_mulberry_symbols/father_christmas_sack__2f13bf946216.png,0.250396728515625,0.0228118896484375,1.0,781.0,0.190673828125,83.91293213828425,0.5315496242549883,0.5991189427312775,0.7469446277794215,0.006513373931872933,0.4663568939326244,0.6244308057810335,0.09872029250457039,0.9101497504159733,1.0,10.0,1.0,0.23724563419818878,0.1599445343017578,0.44780445098876953,0.15500541031360626,0.0,38.0,0.4334947466850281,0.42900313358651737,0.7050327658653259,0.0,0.103759765625,0.31005859375,0.0,0.057861328125,0.893798828125,0.706787109375,0.0,0.044189453125,0.72998046875,0.63134765625,0.0,0.0,0.0927734375,0.435791015625,0.0
2faf915cd946a094,09_universal_symbols_healthcare_webfont,Universal Symbols Healthcare Webfont,i dental,healthcare wayfinding,icon_data/normalized_256/09_universal_symbols_healthcare_webfont/i_dental__2faf915cd946.png,0.528289794921875,0.0140228271484375,1.0,646.0,0.15771484375,101.44891640866874,0.6900111607142857,0.765625,0.8236273670187458,0.12642614316795797,0.9786261287004229,0.5380719680142159,0.03338917451331523,0.9676896416792442,1.0,0.0,0.7891953498974241,0.13668124377727509,0.12580107152462006,0.610906183719635,0.12661151587963104,1.0,7.0,0.0,0.0,0.9141149073839188,0.44091796875,0.962646484375,0.9609375,0.451904296875,0.331298828125,1.0,1.0,0.347900390625,0.15625,0.714599609375,0.708251953125,0.17529296875,0.04931640625,0.55517578125,0.538818359375,0.059326171875
2ff47159a678fa96,13_usp_pictograms_manual,USP Pictograms,75,medication instruction,icon_data/normalized_256/13_usp_pictograms_manual/75__2ff47159a678.png,0.77734375,0.02978515625,1.0,376.0,0.091796875,174.29787234042553,1.0,0.77734375,1.0,0.002772967769359,0.99,1.0,0.017862751256281405,0.9824507270413083,1.0,0.0,0.8749656499038198,0.3082457482814789,0.11368086189031601,0.4617038071155548,0.11636955291032791,1.0,8.0,0.0,0.0,0.21048372983932495,0.5625,1.0,1.0,0.546875,0.5625,1.0,1.0,0.546875,0.5625,1.0,1.0,0.546875,0.5625,1.0,1.0,0.546875
300cef2097e53e7f,10_openmoji,OpenMoji,regional indicator B,extras-unicode / regional-indicator,icon_data/normalized_256/10_openmoji/1f1e7__300cef2097e5.png,0.2220458984375,0.0337982177734375,2.0,1354.0,0.33056640625,48.40177252584934,0.32997732426303855,1.0,0.41371467561266845,0.002873153022185564,0.8781621063500258,0.9980777152272415,0.15805387575590985,0.8635176833610254,2.0,3.0,1.0,0.3517107665538788,0.17815610766410828,0.2922128140926361,0.17792032659053802,1.0,7.0,0.0,0.0,0.6425551474094391,0.054443359375,0.215576171875,0.215087890625,0.054443359375,0.215576171875,0.40087890625,0.40576171875,0.21533203125,0.21484375,0.40087890625,0.40576171875,0.215087890625,0.054443359375,0.215087890625,0.215087890625,0.054443359375
306ad85560fbabc4,12_iso_15223_medical_device_symbols,ISO 15223 Medical Device Symbols,manufacturer,medical device label,icon_data/normalized_256/12_iso_15223_medical_device_symbols/manufacturer__306ad85560fb.png,0.3173980712890625,0.013702392578125,1.0,568.0,0.138671875,115.38028169014085,0.6649936061381074,1.0823529411764705,0.8177297297297297,0.14551991942357,0.6729129805372366,0.3559090020207288,0.0439401951829239,0.957909279300023,1.0,0.0,0.7399068046811084,0.2675381898880005,0.1748695969581604,0.40213850140571594,0.15545369684696198,1.0,7.0,0.0,0.0,0.9653510227799416,0.0,0.0,0.11279296875,0.1435546875,0.046142578125,0.15087890625,0.442138671875,0.4375,0.400146484375,0.97802734375,0.986328125,0.4375,0.1435546875,0.328125,0.328125,0.1435546875
315c1a46ae0e5e14,03_mapbox_maki_icons,Mapbox Maki,cemetery,cartography / point of interest,icon_data/normalized_256/03_mapbox_maki_icons/cemetery__315c1a46ae0e.png,0.56036376953125,0.0097808837890625,1.0,505.0,0.123291015625,129.77425742574258,0.8896317829457364,0.7166666666666667,0.954812542249493,0.03278990471902109,0.9973893179593168,0.8022280021592972,0.02439821370221109,0.9761828814460394,1.0,0.0,0.8366900574136517,0.5497951507568359,0.08904317766427994,0.2723981738090515,0.08876349776983261,1.0,7.0,0.0,0.0,0.717293381690979,0.10205078125,0.72119140625,0.7255859375,0.10205078125,0.329345703125,1.0,1.0,0.3291015625,0.203125,1.0,1.0,0.196044921875,0.253662109375,0.875,0.875,0.253662109375
3167ff62be4a1ae7,01_mcdougall_symbol_icon_set,McDougall Symbol/Icon Set,Colour area,,icon_data/normalized_256/01_mcdougall_symbol_icon_set/mcdougall_048__3167ff62be4a.png,0.112030029296875,0.0222930908203125,1.0,493.0,0.120361328125,132.93306288032454,0.46615873015873016,1.008,0.6791859389454209,0.012197787410817956,0.3918483412322275,0.5175692434890451,0.14655407245982022,0.8721786647659777,1.0,3.0,1.0,0.4265230596065521,0.06311067193746567,0.43808621168136597,0.07228007167577744,0.0,3.0,0.03974376991391182,0.03550150971443684,0.5716933608055115,0.0,0.0,0.0,0.0,0.0,0.353759765625,0.48779296875,0.0,0.0,0.423583984375,0.52734375,0.0,0.0,0.0,0.0,0.0
31f94ec85b9130e2,09_universal_symbols_healthcare_webfont,Universal Symbols Healthcare Webfont,i genetics,healthcare wayfinding,icon_data/normalized_256/09_universal_symbols_healthcare_webfont/i_genetics__31f94ec85b91.png,0.50390625,0.0558013916015625,2.0,1582.0,0.38623046875,41.42604298356511,0.5138962372786405,0.9960629921259843,0.614422862246037,0.03789825927694382,0.545271629778672,0.41898337128861773,0.0935077519379845,0.9144882587505538,2.0,8.0,1.0,0.20473302900791168,0.13556832075119019,0.4819435179233551,0.17775513231754303,1.0,7.0,0.0,0.0,0.6747786402702332,0.3779296875,0.579833984375,0.57177734375,0.007080078125,0.57470703125,0.755615234375,0.7099609375,0.572998046875,0.27587890625,0.3369140625,0.415283203125,0.42529296875,0.621337890625,0.5908203125,0.593017578125,0.654052734375
321fe63975f72a70,11_iso_7010_safety_signs,ISO 7010 Safety Signs,ISO 7010 W011,iconsets,icon_data/normalized_256/11_iso_7010_safety_signs/iso_7010_w011__321fe63975f7.png,0.875,0.039581298828125,1.0,88.0,0.021484375,744.7272727272727,1.0,1.1428571428571428,1.0,0.0,1.0,1.0,0.016741071428571428,0.9835345773874863,1.0,0.0,0.8818897637795275,0.3667477071285248,0.32613405585289,0.04382658004760742,0.26329174637794495,1.0,8.0,0.0,0.0,0.24090522527694702,0.75,0.75,0.75,0.75,1.0,1.0,1.0,1.0,1.0,1.0,1.0,1.0,0.75,0.75,0.75,0.75
323530f96131dd20,05_mulberry_symbols,Mulberry Symbols,P,iconsets,icon_data/normalized_256/05_mulberry_symbols/p__323530f96131.png,0.219757080078125,0.0128021240234375,1.0,439.0,0.107177734375,149.28473804100227,0.5621389539422327,0.7650273224043715,0.7407483605503408,0.11659863551544883,0.5531111830044214,0.4573972879983809,0.06082488543257881,0.9426626521796047,1.0,1.0,1.0,0.3966215252876282,0.08102723956108093,0.448580801486969,0.07377051562070847,0.0,16.0,0.4981272220611572,0.07901972405638498,0.754804939031601,0.0,0.453125,0.386474609375,0.00732421875,0.0,0.68212890625,0.626220703125,0.13671875,0.0,0.72705078125,0.256591796875,0.0,0.0,0.240478515625,0.0,0.0
324c66da2134da0e,05_mulberry_symbols,Mulberry Symbols,Earths atmosphere,iconsets,icon_data/normalized_256/05_mulberry_symbols/earths_atmosphere__324c66da2134.png,0.4530792236328125,0.0482025146484375,1.0,622.0,0.15185546875,105.36334405144694,0.6648678907299597,0.9227272727272727,0.8792845615126075,0.06862622432696275,0.919640548228601,0.6674903127983377,0.04054827737177112,0.9610318153866071,1.0,1.0,1.0,0.27889448404312134,0.259840190410614,0.2414254993200302,0.21983987092971802,0.0,56.0,0.2583296298980713,0.2512047421695974,0.24182921648025513,0.0,0.20458984375,0.228515625,0.089111328125,0.35693359375,0.8701171875,0.880859375,0.34033203125,0.513916015625,1.0,1.0,0.46826171875,0.06787109375,0.596435546875,0.579833984375,0.052490234375
324e1c42caef355a,09_universal_symbols_healthcare_webfont,Universal Symbols Healthcare Webfont,i first aid,healthcare wayfinding,icon_data/normalized_256/09_universal_symbols_healthcare_webfont/i_first_aid__324e1c42caef.png,0.984375,0.0147247314453125,1.0,1.0,0.000244140625,65536.0,1.0,0.984375,1.0,0.0,1.0,1.0,0.015749007936507936,0.9844951776339885,1.0,0.0,0.8881057268722466,0.48789602518081665,0.018696503713726997,0.4744296967983246,0.01897779107093811,1.0,8.0,0.0,0.0,0.5542413592338562,0.96875,1.0,1.0,0.96875,0.96875,1.0,1.0,0.96875,0.96875,1.0,1.0,0.96875,0.96875,1.0,1.0,0.96875
32563da2888cb9c8,11_iso_7010_safety_signs,ISO 7010 Safety Signs,ISO 7010 W012,iconsets,icon_data/normalized_256/11_iso_7010_safety_signs/iso_7010_w012__32563da2888c.png,0.875,0.0338897705078125,1.0,88.0,0.021484375,744.7272727272727,1.0,1.1428571428571428,1.0,0.0,1.0,1.0,0.016741071428571428,0.9835345773874863,1.0,0.0,0.8818897637795275,0.2268514484167099,0.36082544922828674,0.12823542952537537,0.2840876579284668,1.0,8.0,0.0,0.0,0.2125113606452942,0.75,0.75,0.75,0.75,1.0,1.0,1.0,1.0,1.0,1.0,1.0,1.0,0.75,0.75,0.75,0.75
32707e6fcead9d96,13_usp_pictograms_manual,USP Pictograms,09,medication instruction,icon_data/normalized_256/13_usp_pictograms_manual/09__32707e6fcead.png,0.7734375,0.04364013671875,1.0,376.0,0.091796875,174.29787234042553,1.0,0.7734375,1.0,0.0,1.0,1.0,0.0179135101010101,0.9824017365687262,1.0,0.0,0.8746548868028713,0.34694698452949524,0.2144162356853485,0.3157072365283966,0.12292951345443726,1.0,8.0,0.0,0.0,0.22687089443206787,0.546875,1.0,1.0,0.546875,0.546875,1.0,1.0,0.546875,0.546875,1.0,1.0,0.546875,0.546875,1.0,1.0,0.546875
32d08149ef2bc303,02_aiga_dot_symbol_signs,AIGA/DOT Symbol Signs,Aiga parking,,icon_data/normalized_256/02_aiga_dot_symbol_signs/aiga_parking__32d08149ef2b.png,0.5115966796875,0.0229949951171875,1.0,355.0,0.086669921875,184.60845070422536,0.6883892824145365,0.7490196078431373,0.903013816693151,0.17493073207658172,0.6329631794272356,0.48170408343645044,0.02660462896683369,0.9740848343986055,1.0,0.0,0.8245130828251033,0.327374666929245,0.1002357229590416,0.46991023421287537,0.10247951000928879,1.0,8.0,0.0,0.0,0.8049418479204178,0.5,1.0,0.9140625,0.1787109375,0.5,1.0,1.0,0.431640625,0.5,0.759033203125,0.58837890625,0.06005859375,0.4921875,0.261474609375,0.0,0.0
32e2a077d1fc979a,02_aiga_dot_symbol_signs,AIGA/DOT Symbol Signs,Aiga telephone,,icon_data/normalized_256/02_aiga_dot_symbol_signs/aiga_telephone__32e2a077d1fc.png,0.35797119140625,0.0164947509765625,1.0,424.0,0.103515625,154.56603773584905,1.0,0.3607843137254902,1.0,0.002772967769359,1.0,0.9921875,0.02958226768968457,0.9712676989318539,1.0,0.0,0.8086309113470287,0.09399327635765076,0.09955465793609619,0.7088137865066528,0.09763824939727783,1.0,8.0,0.0,0.0,0.594074010848999,0.0,0.71875,0.71875,0.0,0.0,0.71875,0.71875,0.0,0.0,0.71875,0.71875,0.0,0.0,0.70751953125,0.70751953125,0.0
336deb1d345f28cd,13_usp_pictograms_manual,USP Pictograms,13,medication instruction,icon_data/normalized_256/13_usp_pictograms_manual/13__336deb1d345f.png,0.66796875,0.0644073486328125,1.0,376.0,0.091796875,174.29787234042553,1.0,1.4970760233918128,1.0,0.002772967769359,1.0,0.9883720930232558,0.019508406432748537,0.9808648890880574,1.0,0.0,0.8650015807777427,0.39682701230049133,0.12826812267303467,0.3793104290962219,0.09559448063373566,1.0,8.0,0.0,0.0,0.2706456184387207,0.34375,0.34375,0.34375,0.34375,1.0,1.0,1.0,1.0,1.0,1.0,1.0,1.0,0.328125,0.328125,0.328125,0.328125
3377feb054597cdd,05_mulberry_symbols,Mulberry Symbols,Uranus,iconsets,icon_data/normalized_256/05_mulberry_symbols/uranus__3377feb05459.png,0.2949981689453125,0.0299530029296875,1.0,442.0,0.10791015625,148.2714932126697,0.5811988936988937,1.6041666666666667,0.9303433507374702,0.006192078133104297,0.9853152598069419,0.8952063523184002,0.038793772306419075,0.9626549818254245,1.0,0.0,0.7631547783523468,0.5803784132003784,0.17009426653385162,0.07967621088027954,0.16985121369361877,0.0,30.0,0.20132917165756226,0.18024707750828983,0.39065611362457275,0.0,0.06103515625,0.05859375,0.0,0.197509765625,0.9248046875,0.917724609375,0.189453125,0.265380859375,0.897705078125,0.889892578125,0.25732421875,0.0,0.031005859375,0.029541015625,0.0
337933b4466cd827,07_arasaac_pictograms,ARASAAC Pictograms,travel,verb; movement; water transport,icon_data/normalized_256/07_arasaac_pictograms/10189__337933b4466c.png,0.143463134765625,0.01983642578125,59.0,802.0,0.19580078125,81.71571072319202,0.20626563117019875,0.9953271028037384,0.3170620668723759,0.07200599566667562,0.6204756980351603,0.3387441264416916,0.24377791959157627,0.8040020523345305,59.0,2.0,0.33895738697815275,0.4881998896598816,0.15045253932476044,0.20100270211696625,0.16034480929374695,0.0,35.0,0.6499307155609131,0.7064681308654323,0.6841135919094086,0.0,0.0,0.0302734375,0.127685546875,0.0,0.326416015625,0.275390625,0.0,0.0224609375,0.63525390625,0.615234375,0.0263671875,0.127197265625,0.041259765625,0.043701171875,0.024169921875
33d51fd6a121d29a,05_mulberry_symbols,Mulberry Symbols,above,iconsets,icon_data/normalized_256/05_mulberry_symbols/above__33d51fd6a121.png,0.1072845458984375,0.016510009765625,21.0,736.0,0.1796875,89.04347826086956,0.22242961088263208,0.6651376146788991,0.2485901674120954,0.02905666086560917,0.7755050505050505,0.17339786381842456,0.2682406485563931,0.7884938880789503,21.0,1.0,0.31787151317871515,0.5467634201049805,0.023989366367459297,0.40375858545303345,0.02548869699239731,0.0,22.0,0.22630280256271362,0.32514190540586524,0.710913360118866,0.0,0.1357421875,0.1337890625,0.0,0.087890625,0.23486328125,0.2470703125,0.078125,0.140625,0.0,0.03125,0.125,0.09228515625,0.15625,0.171875,0.081787109375
33efc2401a6fb419,01_mcdougall_symbol_icon_set,McDougall Symbol/Icon Set,Dam,,icon_data/normalized_256/01_mcdougall_symbol_icon_set/mcdougall_060__33efc2401a6f.png,0.25860595703125,0.0173797607421875,1.0,634.0,0.15478515625,103.36908517350157,0.8902195608782435,0.6826347305389222,0.9281997918834547,0.008657207595152051,0.8989355742296918,0.8927853473308018,0.08201557705924002,0.9242011124441052,1.0,9.0,1.0,0.39554858207702637,0.12195062637329102,0.33112064003944397,0.15138013660907745,0.0,4.0,0.11210358887910843,0.005971596837242027,0.8636889606714249,0.0,0.246826171875,0.244873046875,0.0,0.0,0.80224609375,0.852783203125,0.0,0.0,0.779541015625,0.766845703125,0.0,0.0,0.220947265625,0.2236328125,0.0
349e6ba013b175a2,06_blissymbolics,Blissymbolics,all,Blissymbolics char,icon_data/normalized_256/06_blissymbolics/all_9aac0c8864ed__349e6ba013b1.png,0.4296875,0.017333984375,1.0,376.0,0.091796875,174.29787234042553,1.0,0.4296875,1.0,0.0,1.0,1.0,0.02599431818181818,0.9746642669251003,1.0,0.0,0.8278457196613358,0.30793535709381104,0.19227953255176544,0.3077446222305298,0.19204050302505493,1.0,8.0,0.0,0.0,0.13784390687942505,0.0,0.859375,0.859375,0.0,0.0,0.859375,0.859375,0.0,0.0,0.859375,0.859375,0.0,0.0,0.859375,0.859375,0.0
34bbb8f93e681581,12_iso_15223_medical_device_symbols,ISO 15223 Medical Device Symbols,liquid filter with pore size,medical device label,icon_data/normalized_256/12_iso_15223_medical_device_symbols/liquid_filter_with_pore_size__34bbb8f93e68.png,0.1442413330078125,0.0327606201171875,6.0,1267.0,0.309326171875,51.72533543804262,0.2652208069131923,0.5657370517928287,0.28708090379008744,0.022152246912461118,0.7026296829971181,0.630671036743143,0.2488099016185338,0.8007623888182973,6.0,1.0,0.33439456648625704,0.34842807054519653,0.030470240861177444,0.6000943779945374,0.021007301285862923,1.0,7.0,0.0,0.0,0.743634432554245,0.087646484375,0.1787109375,0.1865234375,0.065673828125,0.125,0.20068359375,0.27783203125,0.09375,0.125,0.205078125,0.17822265625,0.09375,0.085693359375,0.169677734375,0.170166015625,0.064453125
357a555da958a121,05_mulberry_symbols,Mulberry Symbols,Jupiter,iconsets,icon_data/normalized_256/05_mulberry_symbols/jupiter__357a555da958.png,0.5792999267578125,0.0552215576171875,1.0,580.0,0.1416015625,112.99310344827586,0.784400826446281,1.0,1.0,0.0015680843748265864,0.9955321944809461,0.9953224365375519,0.023179244040563676,0.9773458617582701,1.0,0.0,0.8435729363404066,0.4172763228416443,0.3806058168411255,0.10941199958324432,0.09270590543746948,0.0,34.0,0.20051322877407074,0.20708866263084677,0.34824270009994507,0.08935546875,0.61865234375,0.61767578125,0.08740234375,0.618896484375,1.0,1.0,0.61328125,0.617431640625,1.0,1.0,0.61083984375,0.087158203125,0.61328125,0.61083984375,0.083984375
35b6f00407e60514,05_mulberry_symbols,Mulberry Symbols,C,iconsets,icon_data/normalized_256/05_mulberry_symbols/c__35b6f00407e6.png,0.2115631103515625,0.01470947265625,1.0,580.0,0.1416015625,112.99310344827586,0.4638364779874214,0.8457446808510638,0.5608251592678734,0.05275675763734723,0.6157790467311502,0.6881772799220748,0.07746123332131266,0.9281076377267554,1.0,0.0,0.617402146324086,0.324474573135376,0.21741324663162231,0.24688556790351868,0.21122661232948303,0.0,16.0,0.49702537059783936,0.07928241410163456,0.753755122423172,0.0,0.369384765625,0.42529296875,0.00732421875,0.1845703125,0.451171875,0.203125,0.056640625,0.157470703125,0.525634765625,0.3798828125,0.07470703125,0.0,0.25732421875,0.29248046875,0.0
35b7c94c85c55f45,06_blissymbolics,Blissymbolics,b lowercase,Blissymbolics char,icon_data/normalized_256/06_blissymbolics/b_lowercase_8a02539dc969__35b7c94c85c5.png,0.14453125,0.003997802734375,1.0,376.0,0.091796875,174.29787234042553,1.0,0.14453125,1.0,0.002772967769359,0.9473684210526315,1.0,0.06186655405405406,0.941737920063631,1.0,0.0,0.6689265536723163,0.23506321012973785,0.15724638104438782,0.44243478775024414,0.16525554656982422,1.0,8.0,0.0,0.0,0.06952500343322754,0.0,0.296875,0.28125,0.0,0.0,0.296875,0.28125,0.0,0.0,0.296875,0.28125,0.0,0.0,0.296875,0.28125,0.0
35be32b4253e6b7e,13_usp_pictograms_manual,USP Pictograms,18,medication instruction,icon_data/normalized_256/13_usp_pictograms_manual/18__35be32b4253e.png,0.7578125,0.04937744140625,1.0,376.0,0.091796875,174.29787234042553,1.0,0.7578125,1.0,0.0,1.0,1.0,0.018121778350515465,0.9822007752551222,1.0,0.0,0.8733821046707936,0.34359896183013916,0.11631090193986893,0.42964625358581543,0.1104438379406929,1.0,8.0,0.0,0.0,0.1936628222465515,0.515625,1.0,1.0,0.515625,0.515625,1.0,1.0,0.515625,0.515625,1.0,1.0,0.515625,0.515625,1.0,1.0,0.515625
35d681a0179bf001,01_mcdougall_symbol_icon_set,McDougall Symbol/Icon Set,Cleaning of chain-link,,icon_data/normalized_256/01_mcdougall_symbol_icon_set/mcdougall_043__35d681a0179b.png,0.0559539794921875,0.0182647705078125,3.0,526.0,0.12841796875,124.59315589353612,0.3742982545677248,1.041237113402062,0.47716330513988287,0.05710265306497992,0.2338492597577389,0.3402777777777778,0.33106081265339515,0.751280475312436,3.0,1.0,0.3333333333333333,0.38204240798950195,0.20773640275001526,0.37310197949409485,0.03711918368935585,0.0,4.0,0.10568530857563019,0.006878300433463862,0.8359240293502808,0.0,0.0,0.0,0.0,0.0,0.295654296875,0.221923828125,0.0,0.0,0.28955078125,0.088134765625,0.0,0.0,0.0,0.0,0.0
35f960612df60b11,06_blissymbolics,Blissymbolics,attachment,Blissymbolics char,icon_data/normalized_256/06_blissymbolics/attachment_02734aa5d26c__35f960612df6.png,0.4296875,0.0064849853515625,1.0,376.0,0.091796875,174.29787234042553,1.0,0.4296875,1.0,0.0,1.0,1.0,0.02599431818181818,0.9746642669251003,1.0,0.0,0.8278457196613358,0.15237736701965332,0.036748215556144714,0.7741262912750244,0.036748215556144714,1.0,8.0,0.0,0.0,0.06638306379318237,0.0,0.859375,0.859375,0.0,0.0,0.859375,0.859375,0.0,0.0,0.859375,0.859375,0.0,0.0,0.859375,0.859375,0.0
3612784fdc4aa3be,02_aiga_dot_symbol_signs,AIGA/DOT Symbol Signs,Aiga arrivingflights,,icon_data/normalized_256/02_aiga_dot_symbol_signs/aiga_arrivingflights__3612784fdc4a.png,0.3022918701171875,0.025970458984375,2.0,616.0,0.150390625,106.3896103896104,0.4319509855224141,0.7222222222222222,0.6624423192670367,0.07621667756330368,0.46552744488829706,0.5067690903559476,0.05229418000100954,0.9503046001822805,2.0,1.0,0.7050428840884017,0.146445170044899,0.04344390705227852,0.6769771575927734,0.13313378393650055,1.0,8.0,0.0,0.0,0.9147098883986473,0.13818359375,0.488525390625,0.207275390625,0.0,0.0,0.497802734375,0.6376953125,0.0,0.0,0.483642578125,0.932861328125,0.28515625,0.0,0.44580078125,0.558837890625,0.160888671875
373acffa5b8cd5f3,01_mcdougall_symbol_icon_set,McDougall Symbol/Icon Set,Focal plane,,icon_data/normalized_256/01_mcdougall_symbol_icon_set/mcdougall_100__373acffa5b8c.png,0.045989990234375,0.0095672607421875,1.0,364.0,0.0888671875,180.04395604395606,0.31982173174872663,1.631578947368421,0.5314759301710457,0.003144746206180662,0.9750982961992136,0.7897862232779097,0.20437956204379562,0.8303030303030303,1.0,2.0,1.0,0.4504721462726593,0.20082075893878937,0.1523371934890747,0.19636988639831543,0.0,4.0,0.10665605217218399,0.006791727608656911,0.8401354849338531,0.0,0.0,0.0,0.0,0.0,0.16650390625,0.165283203125,0.0,0.0,0.20361328125,0.200439453125,0.0,0.0,0.0,0.0,0.0
377b58bad9dc2a21,02_aiga_dot_symbol_signs,AIGA/DOT Symbol Signs,Aiga No Smoking Red,,icon_data/normalized_256/02_aiga_dot_symbol_signs/aiga_no_smoking_red__377b58bad9dc.png,0.4540863037109375,0.0536956787109375,4.0,1684.0,0.4111328125,38.91686460807601,0.4540863037109375,1.0,0.5851907931607461,0.0115872521126371,0.6882623248425711,0.6385309987886797,0.10921065896031452,0.9015420036959617,4.0,2.0,0.5337075629046433,0.28187066316604614,0.11132802814245224,0.26172032952308655,0.34508100152015686,0.0,11.0,0.6704157590866089,0.48725666438343035,0.626205712556839,0.304443359375,0.536865234375,0.552001953125,0.282470703125,0.499755859375,0.57275390625,0.261962890625,0.551513671875,0.559326171875,0.36181640625,0.6728515625,0.572021484375,0.281982421875,0.451904296875,0.49951171875,0.30419921875
378b47c8fe291ffc,13_usp_pictograms_manual,USP Pictograms,10,medication instruction,icon_data/normalized_256/13_usp_pictograms_manual/10__378b47c8fe29.png,0.54296875,0.0503692626953125,1.0,376.0,0.091796875,174.29787234042553,1.0,1.841726618705036,1.0,0.002772967769359,1.0,0.9857142857142858,0.022200989208633094,0.9782811898608896,1.0,0.0,0.8491790759831997,0.4887602925300598,0.1303352564573288,0.2616725564002991,0.11923188716173172,1.0,8.0,0.0,0.0,0.19692367315292358,0.09375,0.09375,0.09375,0.09375,1.0,1.0,1.0,1.0,1.0,1.0,1.0,1.0,0.078125,0.078125,0.078125,0.078125
37c0dc56b42a1b93,03_mapbox_maki_icons,Mapbox Maki,furniture,cartography / point of interest,icon_data/normalized_256/03_mapbox_maki_icons/furniture__37c0dc56b42a.png,0.5552520751953125,0.012115478515625,1.0,577.0,0.140869140625,113.58058925476602,0.6923325722983257,0.9125,0.8325382934669457,0.041157507235246374,0.8494104492783086,0.647530221397202,0.03396630849982137,0.9671495016611296,1.0,0.0,0.7863301424033537,0.6005516648292542,0.10920041054487228,0.1763402670621872,0.11390770971775055,1.0,7.0,0.0,0.0,0.6708685457706451,0.126708984375,0.863037109375,0.87060546875,0.19384765625,0.530029296875,1.0,1.0,0.65966796875,0.000244140625,0.5830078125,0.826904296875,0.160888671875,0.104736328125,0.872802734375,0.87451171875,0.217041015625
37f6c4b30b305874,07_arasaac_pictograms,ARASAAC Pictograms,volleyball,sport modality,icon_data/normalized_256/07_arasaac_pictograms/10167__37f6c4b30b30.png,0.5295562744140625,0.0654754638671875,4.0,1150.0,0.28076171875,56.987826086956524,0.5759401241328952,0.9718875502008032,0.6464441381365719,0.21737500035556795,0.7281645254456728,0.2958330221790755,0.07422561590548912,0.930903141010166,4.0,10.0,1.0,0.36660200357437134,0.12089115381240845,0.3881135582923889,0.12439334392547607,0.0,125.0,0.6793793439865112,0.7329947780413373,0.5196620523929596,0.11083984375,0.3798828125,0.24951171875,0.019287109375,0.0,0.4609375,0.634765625,0.140380859375,0.615478515625,0.866455078125,0.920166015625,0.59619140625,0.814453125,0.921875,0.921875,0.82080078125
38230343f6566796,03_mapbox_maki_icons,Mapbox Maki,commercial,cartography / point of interest,icon_data/normalized_256/03_mapbox_maki_icons/commercial__38230343f656.png,0.5608673095703125,0.012451171875,1.0,772.0,0.1884765625,84.89119170984456,0.7434668284789644,1.1650485436893203,0.8469745149546062,0.07598338987721724,0.8772727272727273,0.6105244709284494,0.03313654541992001,0.967926267281106,1.0,1.0,1.0,0.603895902633667,0.03468186780810356,0.32623037695884705,0.03519183024764061,1.0,7.0,0.0,0.0,0.649188220500946,0.458251953125,0.609375,0.609375,0.45654296875,0.70751953125,1.0,1.0,0.70751953125,0.34375,0.85205078125,0.615966796875,0.34375,0.19580078125,0.609375,0.2685546875,0.196044921875
3846c3bc0cdaa713,04_ocha_humanitarian_icons,OCHA Humanitarian Icons,add document,iconsets,icon_data/normalized_256/04_ocha_humanitarian_icons/add_document__3846c3bc0cda.png,0.91796875,0.0209197998046875,1.0,376.0,0.091796875,174.29787234042553,1.0,1.0893617021276596,1.0,0.002772967769359,1.0,0.9915254237288136,0.01632313829787234,0.983939027182624,1.0,0.0,0.8844977652317101,0.6112576723098755,0.08133387565612793,0.2573511600494385,0.05005725845694542,1.0,8.0,0.0,0.0,0.5549356639385223,0.84375,0.84375,0.84375,0.84375,1.0,1.0,1.0,1.0,1.0,1.0,1.0,1.0,0.828125,0.828125,0.828125,0.828125
38af94eae5a81277,07_arasaac_pictograms,ARASAAC Pictograms,strong,qualifying adjective,icon_data/normalized_256/07_arasaac_pictograms/10204__38af94eae5a8.png,0.4202728271484375,0.046966552734375,1.0,775.0,0.189208984375,84.56258064516129,0.5018768221574345,0.9142857142857143,0.7413697966434734,0.05632020641721319,0.43348599979181845,0.5191947049089907,0.05598518679882366,0.9469829809179989,1.0,2.0,1.0,0.29354366660118103,0.1761748045682907,0.3215501606464386,0.20873130857944489,0.0,46.0,0.28529593348503113,0.39676558929741423,0.26982253789901733,0.0,0.650634765625,0.397216796875,0.111083984375,0.03271484375,0.822265625,0.6083984375,0.515380859375,0.4853515625,0.932373046875,0.636474609375,0.028564453125,0.252685546875,0.82373046875,0.427490234375,0.0
38fcc454e8b76e8a,01_mcdougall_symbol_icon_set,McDougall Symbol/Icon Set,Binary file,,icon_data/normalized_256/01_mcdougall_symbol_icon_set/mcdougall_021__38fcc454e8b7.png,0.065185546875,0.034942626953125,51.0,667.0,0.162841796875,98.25487256371814,0.48794974300399774,0.8252427184466019,0.49976602714085167,0.011632453920616917,0.46753692889041565,0.5798816568047337,0.7064606741573034,0.5860082304526749,51.0,18.0,0.35294117647058826,0.0046516526490449905,0.03008233942091465,0.9278066158294678,0.037459369748830795,0.0,4.0,0.09047037363052368,0.007750410017067408,0.7683242410421371,0.0,0.0,0.0,0.0,0.0,0.261474609375,0.24072265625,0.0,0.0,0.278564453125,0.26220703125,0.0,0.0,0.0,0.0,0.0
39344638f6049ace,02_aiga_dot_symbol_signs,AIGA/DOT Symbol Signs,Aiga elevator,,icon_data/normalized_256/02_aiga_dot_symbol_signs/aiga_elevator__39344638f604.png,0.3220672607421875,0.0351104736328125,3.0,538.0,0.13134765625,121.81412639405204,0.7437279774489077,0.6139534883720931,0.7903023495272864,0.07966146645551779,0.8446949833945114,0.5539277037473312,0.056379400198986115,0.9466295914248554,3.0,0.0,0.6891631566918078,0.27978381514549255,0.10291538387537003,0.5125674605369568,0.10473326593637466,1.0,8.0,0.010186194442212582,0.0004629839279360738,0.7853161096572876,0.0,0.41357421875,0.314453125,0.00146484375,0.012939453125,0.541748046875,0.63427734375,0.0,0.046875,1.0,1.0,0.0,0.019775390625,0.5869140625,0.5810546875,0.0
395681962a31584b,11_iso_7010_safety_signs,ISO 7010 Safety Signs,ISO 7010 W033,iconsets,icon_data/normalized_256/11_iso_7010_safety_signs/iso_7010_w033__395681962a31.png,0.8671875,0.017974853515625,1.0,376.0,0.091796875,174.29787234042553,1.0,1.1531531531531531,1.0,0.0,1.0,1.0,0.01682150900900901,0.9834567730324635,1.0,0.0,0.8813895781637717,0.2996964752674103,0.3328563868999481,0.046591393649578094,0.3208557069301605,1.0,8.0,0.0,0.0,0.22923779487609863,0.734375,0.734375,0.734375,0.734375,1.0,1.0,1.0,1.0,1.0,1.0,1.0,1.0,0.734375,0.734375,0.734375,0.734375
39642e8fbf718da8,07_arasaac_pictograms,ARASAAC Pictograms,travel,verb; movement; land transport,icon_data/normalized_256/07_arasaac_pictograms/10187__39642e8fbf71.png,0.106597900390625,0.014862060546875,69.0,766.0,0.18701171875,85.55613577023499,0.1539817937358108,1.0,0.22677400506394857,0.05709064811946057,0.513759479956663,0.302143522833178,0.3564271399942743,0.73723089911355,69.0,9.0,0.2596446889169702,0.3385849595069885,0.19410590827465057,0.25565657019615173,0.2116525024175644,0.0,26.0,0.6862289309501648,0.6815712200558133,0.6984066367149353,0.0,0.0,0.029296875,0.12939453125,0.052490234375,0.202392578125,0.1630859375,0.015869140625,0.101806640625,0.327392578125,0.354736328125,0.091064453125,0.131591796875,0.041259765625,0.041748046875,0.0234375
39719b9e379a0e17,09_universal_symbols_healthcare_webfont,Universal Symbols Healthcare Webfont,i drinking fountain,healthcare wayfinding,icon_data/normalized_256/09_universal_symbols_healthcare_webfont/i_drinking_fountain__39719b9e379a.png,0.984375,0.019317626953125,1.0,1.0,0.000244140625,65536.0,1.0,0.984375,1.0,0.0,1.0,1.0,0.015749007936507936,0.9844951776339885,1.0,0.0,0.8881057268722466,0.18342645466327667,0.17889733612537384,0.43080222606658936,0.20687401294708252,1.0,8.0,0.0,0.0,0.27592259645462036,0.96875,1.0,1.0,0.96875,0.96875,1.0,1.0,0.96875,0.96875,1.0,1.0,0.96875,0.96875,1.0,1.0,0.96875
397929e89a5a2bf0,12_iso_15223_medical_device_symbols,ISO 15223 Medical Device Symbols,sterile,medical device label,icon_data/normalized_256/12_iso_15223_medical_device_symbols/sterile__397929e89a5a.png,0.114501953125,0.0252685546875,8.0,1138.0,0.27783203125,57.58875219683655,0.33957824237487555,2.9195402298850577,0.3448846401323651,0.0024428959983387824,0.7105083200364714,0.6416539050535988,0.3251599147121535,0.7546259050683829,8.0,2.0,0.27767910005920665,0.48596063256263733,0.018401339650154114,0.4603448212146759,0.03529313951730728,1.0,7.0,0.0,0.0,0.7091318666934967,0.0,0.0,0.0,0.0,0.2021484375,0.2705078125,0.24267578125,0.2060546875,0.197021484375,0.241943359375,0.265380859375,0.206298828125,0.0,0.0,0.0,0.0
3a2cb4f434a8a064,01_mcdougall_symbol_icon_set,McDougall Symbol/Icon Set,Clean edge pins,,icon_data/normalized_256/01_mcdougall_symbol_icon_set/mcdougall_042__3a2cb4f434a8.png,0.019378662109375,0.012298583984375,4.0,1.0,0.000244140625,65536.0,0.12645623817584387,0.6859504132231405,0.21873923527385464,0.07934295932067958,0.17592592592592593,0.05921601334445371,0.6771653543307087,0.596244131455399,4.0,1.0,0.25,0.4383280277252197,0.2980221211910248,0.19667157530784607,0.06697819381952286,0.0,4.0,0.09260565787553787,0.007782785296733472,0.7767293602228165,0.0,0.0,0.0,0.0,0.0,0.029296875,0.09130859375,0.0,0.0,0.113037109375,0.076416015625,0.0,0.0,0.0,0.0,0.0
3a3e24c8091282b0,10_openmoji,OpenMoji,flag: Botswana,flags / country-flag,icon_data/normalized_256/10_openmoji/1f1e7_1f1fc__3a3e24c80912.png,0.490966796875,0.0272216796875,1.0,856.0,0.208984375,76.5607476635514,0.9499291450165328,1.5890410958904109,0.960907869195162,0.0,1.0,1.0,0.050099453008453504,0.9522907541138866,1.0,2.0,1.0,0.7233494520187378,0.008803271688520908,0.25904402136802673,0.008803271688520908,0.0,26.0,0.3484438955783844,0.3086976601621366,0.5565057992935181,0.11328125,0.140625,0.140625,0.11328125,0.7724609375,0.9375,0.9375,0.7724609375,0.7724609375,0.9375,0.9375,0.7724609375,0.11328125,0.140625,0.140625,0.11328125
3a4162068d875c86,05_mulberry_symbols,Mulberry Symbols,Christian,iconsets,icon_data/normalized_256/05_mulberry_symbols/christian__3a4162068d87.png,0.3171234130859375,0.0224609375,1.0,421.0,0.102783203125,155.66745843230404,0.5758180256559444,0.7004405286343612,0.7432985819280771,0.047089224098487835,0.9630679134787947,0.5632192553591576,0.03714574411778858,0.9641846439341221,1.0,0.0,0.7709113839534106,0.3839207589626312,0.012311599217355251,0.5908637046813965,0.01290392316877842,0.0,23.0,0.46121469140052795,0.4780217658191102,0.48613792657852173,0.0,0.402587890625,0.37841796875,0.0,0.238037109375,0.978759765625,0.977294921875,0.22314453125,0.0,0.546875,0.515625,0.0,0.0,0.41845703125,0.394775390625,0.0
3a57208da0815acd,07_arasaac_pictograms,ARASAAC Pictograms,bread roll,ultra-processed food,icon_data/normalized_256/07_arasaac_pictograms/10231__3a57208da081.png,0.120147705078125,0.030548095703125,52.0,586.0,0.14306640625,111.83617747440273,0.14994096812278632,1.1152073732718895,0.19971845632902563,0.37232216473228663,0.1819273491444011,0.026730994914591213,0.31648463296926593,0.759598688018522,52.0,0.0,0.28313556274721324,0.39784231781959534,0.10640060156583786,0.11227569729089737,0.383481502532959,0.0,14.0,0.3763832449913025,0.28609946098033157,0.5441431999206543,0.031982421875,0.02734375,0.019287109375,0.0,0.02197265625,0.016357421875,0.00927734375,0.032958984375,0.395263671875,0.213623046875,0.107177734375,0.08740234375,0.23876953125,0.56640625,0.1435546875,0.010986328125
3a58b66d8b05b63e,09_universal_symbols_healthcare_webfont,Universal Symbols Healthcare Webfont,drinking fountain,healthcare wayfinding,icon_data/normalized_256/09_universal_symbols_healthcare_webfont/drinking_fountain__3a58b66d8b05.png,0.984375,0.01470947265625,1.0,1.0,0.000244140625,65536.0,1.0,0.984375,1.0,0.0,1.0,1.0,0.015749007936507936,0.9844951776339885,1.0,0.0,0.8881057268722466,0.27855750918388367,0.1317078322172165,0.44369572401046753,0.1460389345884323,1.0,8.0,0.0,0.0,0.8022463023662567,0.96875,1.0,1.0,0.96875,0.96875,1.0,1.0,0.96875,0.96875,1.0,1.0,0.96875,0.96875,1.0,1.0,0.96875
3a974930d9f5a3d9,01_mcdougall_symbol_icon_set,McDougall Symbol/Icon Set,Balance,,icon_data/normalized_256/01_mcdougall_symbol_icon_set/mcdougall_017__3a974930d9f5.png,0.0529632568359375,0.013763427734375,4.0,424.0,0.103515625,154.56603773584905,0.31785714285714284,0.7583333333333333,0.38077999012670727,0.05710134458715144,0.6711603273952816,0.06276791181873852,0.2690867185249208,0.7879682179341657,4.0,2.0,0.5,0.411192387342453,0.10449274629354477,0.3735300302505493,0.1107848733663559,0.0,4.0,0.10298795998096466,0.007095547999221161,0.823943093419075,0.0,0.0,0.0,0.0,0.0,0.255126953125,0.345458984375,0.0,0.0,0.12744140625,0.119384765625,0.0,0.0,0.0,0.0,0.0
3ae85d1803f6fd0e,11_iso_7010_safety_signs,ISO 7010 Safety Signs,ISO 7010 W006,iconsets,icon_data/normalized_256/11_iso_7010_safety_signs/iso_7010_w006__3ae85d1803f6.png,0.875,0.0377197265625,1.0,88.0,0.021484375,744.7272727272727,1.0,1.1428571428571428,1.0,0.0,1.0,1.0,0.016741071428571428,0.9835345773874863,1.0,0.0,0.8818897637795275,0.23646825551986694,0.25031667947769165,0.2629680037498474,0.2502470314502716,1.0,8.0,0.0,0.0,0.25022464990615845,0.75,0.75,0.75,0.75,1.0,1.0,1.0,1.0,1.0,1.0,1.0,1.0,0.75,0.75,0.75,0.75
3b0c4a3a7df8a0f8,13_usp_pictograms_manual,USP Pictograms,22,medication instruction,icon_data/normalized_256/13_usp_pictograms_manual/22__3b0c4a3a7df8.png,0.765625,0.0513153076171875,1.0,376.0,0.091796875,174.29787234042553,1.0,0.765625,1.0,0.0,1.0,1.0,0.018016581632653062,0.9823022709475333,1.0,0.0,0.8740245261984392,0.43487218022346497,0.11920103430747986,0.35362476110458374,0.09230197966098785,1.0,8.0,0.0,0.0,0.2486480474472046,0.53125,1.0,1.0,0.53125,0.53125,1.0,1.0,0.53125,0.53125,1.0,1.0,0.53125,0.53125,1.0,1.0,0.53125
3b1a1187c76d2513,04_ocha_humanitarian_icons,OCHA Humanitarian Icons,blog,iconsets,icon_data/normalized_256/04_ocha_humanitarian_icons/blog__3b1a1187c76d.png,0.94921875,0.015594482421875,1.0,376.0,0.091796875,174.29787234042553,1.0,0.94921875,1.0,0.002772967769359,0.9918032786885246,1.0,0.01604295267489712,0.9842103597759706,1.0,0.0,0.8862548438568498,0.6381027698516846,0.07850167900323868,0.1612721085548401,0.12212343513965607,1.0,8.0,0.0,0.0,0.6697151958942413,0.90625,1.0,1.0,0.890625,0.90625,1.0,1.0,0.890625,0.90625,1.0,1.0,0.890625,0.90625,1.0,1.0,0.890625
3b22b1b4569fabf3,06_blissymbolics,Blissymbolics,armchair,Blissymbolics char,icon_data/normalized_256/06_blissymbolics/armchair_2e3faf150d70__3b22b1b4569f.png,0.23828125,0.00799560546875,1.0,376.0,0.091796875,174.29787234042553,1.0,0.23828125,1.0,0.002772967769359,0.967741935483871,1.0,0.04059938524590164,0.9609846153846154,1.0,0.0,0.7548337200309357,0.33042874932289124,0.024678772315382957,0.6131625175476074,0.0317300409078598,1.0,8.0,0.0,0.0,0.10396778583526611,0.0,0.484375,0.46875,0.0,0.0,0.484375,0.46875,0.0,0.0,0.484375,0.46875,0.0,0.0,0.484375,0.46875,0.0
3b5b7189558717b0,04_ocha_humanitarian_icons,OCHA Humanitarian Icons,bookmark,iconsets,icon_data/normalized_256/04_ocha_humanitarian_icons/bookmark__3b5b71895587.png,0.76171875,0.0153961181640625,1.0,376.0,0.091796875,174.29787234042553,1.0,0.76171875,1.0,0.002772967769359,0.9897959183673469,1.0,0.018068910256410258,0.982251780724883,1.0,0.0,0.8737048445813498,0.009356309659779072,0.239809051156044,0.5104056596755981,0.24042898416519165,1.0,8.0,0.0,0.0,0.8506061434745789,0.53125,1.0,1.0,0.515625,0.53125,1.0,1.0,0.515625,0.53125,1.0,1.0,0.515625,0.53125,1.0,1.0,0.515625
3b5dfa86d4d488d4,04_ocha_humanitarian_icons,OCHA Humanitarian Icons,emergency telecommunications,iconsets,icon_data/normalized_256/04_ocha_humanitarian_icons/emergency_telecommunications__3b5dfa86d4d4.png,0.80078125,0.0242462158203125,1.0,376.0,0.091796875,174.29787234042553,1.0,0.80078125,1.0,0.002772967769359,0.9902912621359223,1.0,0.01756859756097561,0.9827347290363657,1.0,0.0,0.8767709168671478,0.12188009917736053,0.153926819562912,0.5714238882064819,0.15276916325092316,1.0,8.0,0.0,0.0,0.28711724281311035,0.609375,1.0,1.0,0.59375,0.609375,1.0,1.0,0.59375,0.609375,1.0,1.0,0.59375,0.609375,1.0,1.0,0.59375
3b95b831ead4127c,07_arasaac_pictograms,ARASAAC Pictograms,take,usual verbs; core vocabulary-communication,icon_data/normalized_256/07_arasaac_pictograms/10148__3b95b831ead4.png,0.152374267578125,0.027862548828125,2.0,460.0,0.1123046875,142.4695652173913,0.1827063817330211,0.9180327868852459,0.3138869680015088,0.2750910489201095,0.08073593073593073,0.13671030165054068,0.1432004806729421,0.8747372109320253,2.0,0.0,0.4660692616447307,0.15771366655826569,0.5115183591842651,0.179643914103508,0.15112410485744476,0.0,27.0,0.2845110297203064,0.42776526553495653,0.4282844662666321,0.0,0.0,0.470947265625,0.4111328125,0.0,0.079345703125,0.825439453125,0.107421875,0.018310546875,0.24267578125,0.195068359375,0.0,0.012451171875,0.04443359375,0.022705078125,0.008056640625
3bd607803334ae70,09_universal_symbols_healthcare_webfont,Universal Symbols Healthcare Webfont,i anesthesia,healthcare wayfinding,icon_data/normalized_256/09_universal_symbols_healthcare_webfont/i_anesthesia__3bd607803334.png,0.984375,0.0229949951171875,1.0,1.0,0.000244140625,65536.0,1.0,0.984375,1.0,0.0,1.0,1.0,0.015749007936507936,0.9844951776339885,1.0,0.0,0.8881057268722466,0.37654420733451843,0.17612282931804657,0.23130498826503754,0.21602794528007507,1.0,8.0,0.0,0.0,0.5097488462924957,0.96875,1.0,1.0,0.96875,0.96875,1.0,1.0,0.96875,0.96875,1.0,1.0,0.96875,0.96875,1.0,1.0,0.96875
3c1f73867593effd,05_mulberry_symbols,Mulberry Symbols,Christmas,iconsets,icon_data/normalized_256/05_mulberry_symbols/christmas__3c1f73867593.png,0.3836212158203125,0.03338623046875,2.0,1129.0,0.275634765625,58.04782993799823,0.48153610419459875,0.9869565217391304,0.6332187338647727,0.01967819593234884,0.49907578558225507,0.5849829781868617,0.09275685135833897,0.9151166599934482,2.0,10.0,1.0,0.2508893311023712,0.1992562860250473,0.35440298914909363,0.19545133411884308,0.0,41.0,0.43687787652015686,0.46162940136263136,0.6766844093799591,0.124267578125,0.2353515625,0.36767578125,0.104736328125,0.611083984375,0.526611328125,0.781982421875,0.37060546875,0.436279296875,0.50927734375,0.885986328125,0.5302734375,0.240478515625,0.30810546875,0.087890625,0.017333984375
3c4b19c1ba5247a1,01_mcdougall_symbol_icon_set,McDougall Symbol/Icon Set,Discard files,,icon_data/normalized_256/01_mcdougall_symbol_icon_set/mcdougall_068__3c4b19c1ba52.png,0.0676422119140625,0.0246124267578125,4.0,586.0,0.14306640625,111.83617747440273,0.38400900900900903,0.9369369369369369,0.41476422155688625,0.022073125445051116,0.4826086956521739,0.5413769123783032,0.3406271148206632,0.745919569241124,4.0,2.0,0.5,0.5997621417045593,0.0,0.39702117443084717,0.003216703422367573,0.0,4.0,0.10251463949680328,0.007101717006090244,0.8226924389600754,0.0,0.0,0.0,0.0,0.0,0.3056640625,0.284912109375,0.0,0.0,0.266357421875,0.225341796875,0.0,0.0,0.0,0.0,0.0
3c565e2bb89eeee5,02_aiga_dot_symbol_signs,AIGA/DOT Symbol Signs,Translink Qld bus icon with roundel 2022,,icon_data/normalized_256/02_aiga_dot_symbol_signs/translink_qld_bus_icon_with_roundel_2022__3c565e2bb89e.png,0.775848388671875,0.0336456298828125,1.0,568.0,0.138671875,115.38028169014085,0.7788909313725491,1.003921568627451,1.0,0.00154230420035944,0.9999213341724354,0.9943518336928809,0.020099909530739882,0.9802961363461093,1.0,0.0,0.8614753820609266,0.4215336740016937,0.12465373426675797,0.3292374014854431,0.12457513809204102,0.0,10.0,0.5767496228218079,0.38863382041929134,0.5351539552211761,0.3056640625,0.903076171875,0.90283203125,0.3056640625,0.903564453125,1.0,1.0,0.903564453125,0.90087890625,1.0,1.0,0.90087890625,0.299072265625,0.89453125,0.894775390625,0.299072265625
3cc1cf52e10f7ec1,09_universal_symbols_healthcare_webfont,Universal Symbols Healthcare Webfont,i restaurant,healthcare wayfinding,icon_data/normalized_256/09_universal_symbols_healthcare_webfont/i_restaurant__3cc1cf52e10f.png,0.3296661376953125,0.02337646484375,2.0,853.0,0.208251953125,76.83001172332942,0.6208690154606586,0.5393700787401575,0.659231684618436,0.08846591499655806,0.5694464622984163,0.6309353061070431,0.06924323073362648,0.9352408986623956,2.0,0.0,0.6435230691329342,0.034790102392435074,0.050224076956510544,0.8615897297859192,0.053396131843328476,1.0,7.0,0.0,0.0,0.7698185294866562,0.0927734375,0.870361328125,0.63623046875,0.035888671875,0.042236328125,0.7705078125,0.671875,0.046875,0.0,0.546875,0.552490234375,0.046875,0.0,0.492919921875,0.430419921875,0.038330078125
3ce595da6f513899,03_mapbox_maki_icons,Mapbox Maki,golf,cartography / point of interest,icon_data/normalized_256/03_mapbox_maki_icons/golf__3ce595da6f51.png,0.36871337890625,0.0111846923828125,1.0,538.0,0.13134765625,121.81412639405204,0.5799731182795699,0.6774193548387096,0.7946854342750025,0.08650863564351437,0.6144852007750384,0.5344170688341376,0.04279092865419633,0.9589649972220018,1.0,2.0,1.0,0.11531130224466324,0.20175257325172424,0.557745099067688,0.12519106268882751,1.0,7.0,0.0,0.0,0.4623093008995056,0.19580078125,0.947021484375,0.614013671875,0.09228515625,0.035400390625,0.8583984375,0.7626953125,0.068359375,0.0,0.408203125,0.7861328125,0.0,0.0,0.4658203125,0.665283203125,0.0
3dc88cacd2664f44,07_arasaac_pictograms,ARASAAC Pictograms,peach in syrup,processed food,icon_data/normalized_256/07_arasaac_pictograms/10229__3dc88cacd266.png,0.4764862060546875,0.0417938232421875,1.0,472.0,0.115234375,138.84745762711864,0.5632575757575757,1.0389610389610389,0.7992475141091104,0.17732390999128492,0.22627135283722757,0.4931146600363393,0.032151663624427576,0.9688498650367658,1.0,2.0,1.0,0.5487211346626282,0.132980078458786,0.1769982874393463,0.1413005143404007,0.0,88.0,0.5209076404571533,0.6111228008239928,0.38305312395095825,0.6669921875,0.770751953125,0.0,0.0,0.857421875,0.985595703125,0.0,0.0,0.68359375,0.98291015625,0.408935546875,0.20703125,0.16796875,0.711181640625,0.77392578125,0.407470703125
3dd93643415dd383,07_arasaac_pictograms,ARASAAC Pictograms,scrawl,verb; educational task,icon_data/normalized_256/07_arasaac_pictograms/10174__3dd93643415d.png,0.1075897216796875,0.08001708984375,1.0,1498.0,0.36572265625,43.748998664886514,0.1268735942420153,0.9109311740890689,0.1966367337832562,0.06060667085844372,0.06817148916830783,0.10899653979238755,1.0937455680045383,0.4776129512971618,1.0,0.0,0.10256447554075088,0.5404210090637207,0.24216215312480927,0.029756804928183556,0.1876601278781891,0.0,34.0,0.16467222571372986,0.2875654499890074,0.8905341252684593,0.0126953125,0.064208984375,0.196533203125,0.065185546875,0.170654296875,0.305908203125,0.23095703125,0.0625,0.06005859375,0.0615234375,0.189697265625,0.0,0.0,0.0,0.264404296875,0.037109375
3e03f24080582ae7,09_universal_symbols_healthcare_webfont,Universal Symbols Healthcare Webfont,i chapel,healthcare wayfinding,icon_data/normalized_256/09_universal_symbols_healthcare_webfont/i_chapel__3e03f2408058.png,0.3824462890625,0.016357421875,1.0,685.0,0.167236328125,95.67299270072992,0.5248785391187804,0.7401574803149606,0.7867535117319313,0.21202787982296653,0.9758770201024832,0.23809523809523808,0.043728056176188954,0.9581039755351682,1.0,1.0,1.0,0.21166972815990448,0.13050644099712372,0.5299484133720398,0.1278754025697708,1.0,7.0,0.0,0.0,0.8656893968582153,0.0,0.266357421875,0.2939453125,0.0,0.0,0.478515625,0.4873046875,0.0,0.216064453125,0.85107421875,0.861083984375,0.224853515625,0.450927734375,0.768798828125,0.766845703125,0.453369140625
3e11b44e18229d29,04_ocha_humanitarian_icons,OCHA Humanitarian Icons,assessment,iconsets,icon_data/normalized_256/04_ocha_humanitarian_icons/assessment__3e11b44e1822.png,0.624725341796875,0.0258026123046875,3.0,1285.0,0.313720703125,51.000778210116735,0.624725341796875,1.0,0.6488019776876268,0.1064671431839575,0.7614765735920492,0.4448757763975155,0.07088075814566948,0.9338107836876197,3.0,4.0,1.0,0.5339274406433105,0.14365319907665253,0.17098748683929443,0.1514318585395813,1.0,7.0,0.0,0.0,0.8938295394182205,0.544189453125,0.557373046875,0.550048828125,0.55029296875,0.228271484375,0.36962890625,0.403076171875,0.33740234375,0.52685546875,0.7939453125,0.87451171875,1.0,0.80224609375,0.625,0.832763671875,1.0
3e3f6aec88b8f4da,07_arasaac_pictograms,ARASAAC Pictograms,mushroom,fungus; plant-based food,icon_data/normalized_256/07_arasaac_pictograms/10220__3e3f6aec88b8.png,0.5062255859375,0.0318603515625,1.0,544.0,0.1328125,120.47058823529412,0.658280090479781,1.0134529147982063,0.8997491355346126,0.10749273792547824,0.9458064516129032,0.4991414369633981,0.027248613455510006,0.9734741784037558,1.0,0.0,0.8210255394971293,0.4264998137950897,0.15337608754634857,0.23620885610580444,0.18391522765159607,1.0,25.0,0.036400627344846725,0.035464644646889,0.10800117254257202,0.30712890625,0.701904296875,0.7080078125,0.2490234375,0.703857421875,1.0,1.0,0.73046875,0.12255859375,0.77783203125,0.813720703125,0.14501953125,0.0,0.406494140625,0.43359375,0.0
3e78692c17c673f9,06_blissymbolics,Blissymbolics,block,Blissymbolics char,icon_data/normalized_256/06_blissymbolics/block_a7e2963a8455__3e78692c17c6.png,0.33203125,0.0118255615234375,1.0,376.0,0.091796875,174.29787234042553,1.0,0.33203125,1.0,0.002772967769359,0.9767441860465116,1.0,0.03134191176470588,0.9696105516442385,1.0,0.0,0.7995296884185773,0.37059295177459717,0.23961897194385529,0.3715440332889557,0.018244000151753426,1.0,8.0,0.0,0.0,0.10538816452026367,0.0,0.671875,0.65625,0.0,0.0,0.671875,0.65625,0.0,0.0,0.671875,0.65625,0.0,0.0,0.671875,0.65625,0.0
3eabac93a39659c9,07_arasaac_pictograms,ARASAAC Pictograms,put on trousers,verb; clothes; routine,icon_data/normalized_256/07_arasaac_pictograms/10180__3eabac93a396.png,0.3232879638671875,0.0411529541015625,2.0,775.0,0.189208984375,84.56258064516129,0.5988411531938949,0.5942622950819673,0.726652261892513,0.07907692020528913,0.6349255343776526,0.6345471377873785,0.07646198140369094,0.9289691761301355,2.0,2.0,1.0,0.267284631729126,0.15099376440048218,0.4447571933269501,0.13696444034576416,0.0,43.0,0.4124152958393097,0.428339140861656,0.4249154329299927,0.0966796875,0.784423828125,0.649658203125,0.0,0.00439453125,0.818603515625,0.666259765625,0.015625,0.0,0.618896484375,0.6396484375,0.0,0.0,0.4423828125,0.43603515625,0.0
3ed5a9cb77d0cad6,09_universal_symbols_healthcare_webfont,Universal Symbols Healthcare Webfont,i alternative complementary,healthcare wayfinding,icon_data/normalized_256/09_universal_symbols_healthcare_webfont/i_alternative_complementary__3ed5a9cb77d0.png,0.984375,0.041473388671875,1.0,1.0,0.000244140625,65536.0,1.0,1.0158730158730158,1.0,0.0,1.0,1.0,0.015749007936507936,0.9844951776339885,1.0,0.0,0.8881057268722466,0.4709482491016388,0.16804686188697815,0.2069404125213623,0.15406440198421478,1.0,8.0,0.0,0.0,0.367891788482666,0.96875,0.96875,0.96875,0.96875,1.0,1.0,1.0,1.0,1.0,1.0,1.0,1.0,0.96875,0.96875,0.96875,0.96875
3ee6ebc731d8e10f,04_ocha_humanitarian_icons,OCHA Humanitarian Icons,document,iconsets,icon_data/normalized_256/04_ocha_humanitarian_icons/document__3ee6ebc731d8.png,0.73046875,0.00750732421875,1.0,376.0,0.091796875,174.29787234042553,1.0,0.73046875,1.0,0.002772967769359,0.9893617021276596,1.0,0.018507687165775402,0.9818286229952008,1.0,0.0,0.8710334788937409,0.5806377530097961,0.10439532995223999,0.2719905972480774,0.0429762527346611,1.0,8.0,0.0,0.0,0.8037737011909485,0.46875,1.0,1.0,0.453125,0.46875,1.0,1.0,0.453125,0.46875,1.0,1.0,0.453125,0.46875,1.0,1.0,0.453125
3ef5ce501b972c96,13_usp_pictograms_manual,USP Pictograms,01,medication instruction,icon_data/normalized_256/13_usp_pictograms_manual/01__3ef5ce501b97.png,0.77734375,0.04669189453125,1.0,376.0,0.091796875,174.29787234042553,1.0,0.77734375,1.0,0.002772967769359,0.99,1.0,0.017862751256281405,0.9824507270413083,1.0,0.0,0.8749656499038198,0.37890124320983887,0.1169702559709549,0.3256869316101074,0.17844156920909882,1.0,8.0,0.0,0.0,0.2306349277496338,0.5625,1.0,1.0,0.546875,0.5625,1.0,1.0,0.546875,0.5625,1.0,1.0,0.546875,0.5625,1.0,1.0,0.546875
3f6ea388c0d2f0f4,05_mulberry_symbols,Mulberry Symbols,Zero,iconsets,icon_data/normalized_256/05_mulberry_symbols/zero__3f6ea388c0d2.png,0.1417083740234375,0.013671875,1.0,523.0,0.127685546875,125.30783938814531,0.44032999857759236,0.8136645962732919,0.5449317881766172,0.009741399276432987,0.9400459578023814,0.8776789324706834,0.10616991493485517,0.904020247250073,1.0,1.0,1.0,0.20189598202705383,0.1908755898475647,0.421176016330719,0.1860523670911789,0.0,16.0,0.4851055145263672,0.08288505145068557,0.7407558262348175,0.0,0.095947265625,0.1103515625,0.0,0.0029296875,0.444091796875,0.454833984375,0.007568359375,0.003662109375,0.432373046875,0.43701171875,0.007568359375,0.0,0.13525390625,0.1357421875,0.0
3f7239a92c820040,04_ocha_humanitarian_icons,OCHA Humanitarian Icons,confinement,iconsets,icon_data/normalized_256/04_ocha_humanitarian_icons/confinement__3f7239a92c82.png,0.574432373046875,0.0150146484375,3.0,781.0,0.190673828125,83.91293213828425,0.574432373046875,1.0,0.5794277446860907,0.07624253803547965,0.6520823276429543,0.6235121614628256,0.07517398926844818,0.9300820239154066,3.0,1.0,0.6244567561291179,0.34129244089126587,0.13603301346302032,0.38861221075057983,0.1340622901916504,1.0,7.0,0.0,0.0,0.8916286155581474,0.605224609375,0.50390625,0.540771484375,0.605224609375,0.375,0.1015625,0.5458984375,0.585205078125,0.375,0.591796875,0.8720703125,0.828125,0.60888671875,0.58251953125,0.675537109375,0.794189453125
3fa390e2e0a734b8,12_iso_15223_medical_device_symbols,ISO 15223 Medical Device Symbols,ce bsi,medical device label,icon_data/normalized_256/12_iso_15223_medical_device_symbols/ce_bsi__3fa390e2e0a7.png,0.2303619384765625,0.029632568359375,6.0,1066.0,0.26025390625,61.47842401500938,0.31913499344692003,1.0046082949308757,0.3726642146577473,0.05492580678354945,0.20457990904013404,0.16291788630411339,0.14254487646552294,0.8752391442982201,6.0,1.0,0.46721133908953055,0.32167986035346985,0.22282062470912933,0.29361945390701294,0.16188007593154907,1.0,7.0,0.0,0.0,0.8729335814714432,0.2001953125,0.27294921875,0.20654296875,0.26416015625,0.40380859375,0.0,0.510498046875,0.1640625,0.154541015625,0.323974609375,0.210205078125,0.2626953125,0.013671875,0.33251953125,0.360595703125,0.00537109375
3fc360c5c4e56a82,11_iso_7010_safety_signs,ISO 7010 Safety Signs,ISO 7010 W019,iconsets,icon_data/normalized_256/11_iso_7010_safety_signs/iso_7010_w019__3fc360c5c4e5.png,0.875,0.049346923828125,1.0,88.0,0.021484375,744.7272727272727,1.0,1.1428571428571428,1.0,0.0,1.0,1.0,0.016741071428571428,0.9835345773874863,1.0,0.0,0.8818897637795275,0.2861956059932709,0.25676992535591125,0.2013813853263855,0.25565314292907715,1.0,8.0,0.0,0.0,0.25941169261932373,0.75,0.75,0.75,0.75,1.0,1.0,1.0,1.0,1.0,1.0,1.0,1.0,0.75,0.75,0.75,0.75
405f3b69c6df5079,10_openmoji,OpenMoji,flag: Angola,flags / country-flag,icon_data/normalized_256/10_openmoji/1f1e6_1f1f4__405f3b69c6df.png,0.5166015625,0.01123046875,1.0,556.0,0.1357421875,117.87050359712231,0.9995276334435522,1.5890410958904109,1.0,0.0,1.0,1.0,0.022329867674858225,0.9781578643245117,1.0,0.0,0.8484362469927826,0.5468102097511292,0.02814611978828907,0.3146331012248993,0.11041057854890823,0.0,31.0,0.4093483090400696,0.4478765616774876,0.7791232168674469,0.11328125,0.140625,0.140625,0.11328125,0.8125,1.0,1.0,0.8125,0.8125,1.0,1.0,0.8125,0.11328125,0.140625,0.140625,0.11328125
40e393bed618cc42,02_aiga_dot_symbol_signs,AIGA/DOT Symbol Signs,Aiga bar,,icon_data/normalized_256/02_aiga_dot_symbol_signs/aiga_bar__40e393bed618.png,0.408111572265625,0.018951416015625,1.0,496.0,0.12109375,132.1290322580645,0.41132504921259844,0.9921875,0.4944081926909071,0.15966160769916812,1.0,0.431952029125174,0.049054064159126595,0.9532397177275643,1.0,0.0,0.7181676601686268,0.19867533445358276,0.2629658877849579,0.27548056840896606,0.2628782093524933,1.0,8.0,0.0,0.0,0.9558324255049229,0.56298828125,1.0,1.0,0.56298828125,0.01171875,0.705322265625,0.705322265625,0.01171875,0.0,0.236572265625,0.236572265625,0.0,0.155029296875,0.59326171875,0.59326171875,0.155029296875
419fcc4f4a0d15e4,04_ocha_humanitarian_icons,OCHA Humanitarian Icons,car,iconsets,icon_data/normalized_256/04_ocha_humanitarian_icons/car__419fcc4f4a0d.png,0.85546875,0.02020263671875,1.0,376.0,0.091796875,174.29787234042553,1.0,1.1689497716894977,1.0,0.002772967769359,1.0,0.990909090909091,0.0169449200913242,0.9833374258953941,1.0,0.0,0.8806232721789394,0.44503605365753174,0.1568903923034668,0.24194522202014923,0.15612834692001343,1.0,8.0,0.0,0.0,0.6123275756835938,0.71875,0.71875,0.71875,0.71875,1.0,1.0,1.0,1.0,1.0,1.0,1.0,1.0,0.703125,0.703125,0.703125,0.703125
41b35984d0dd61ce,05_mulberry_symbols,Mulberry Symbols,D,iconsets,icon_data/normalized_256/05_mulberry_symbols/d__41b35984d0dd.png,0.259002685546875,0.0153961181640625,1.0,634.0,0.15478515625,103.36908517350157,0.6095669036845508,0.8406593406593407,0.67709122821014,0.01874219919538924,0.6859356376638855,0.8476107543267661,0.062448450571462234,0.9412221359653987,1.0,1.0,1.0,0.35080036520957947,0.08698355406522751,0.46853506565093994,0.09368110448122025,0.0,16.0,0.5027978420257568,0.0748999789301371,0.7616890370845795,0.0439453125,0.46875,0.371337890625,0.001708984375,0.09375,0.50048828125,0.431396484375,0.224365234375,0.09375,0.548828125,0.489990234375,0.197998046875,0.03515625,0.375,0.267578125,0.0
42750824c98917e6,13_usp_pictograms_manual,USP Pictograms,53,medication instruction,icon_data/normalized_256/13_usp_pictograms_manual/53__42750824c989.png,0.77734375,0.0607757568359375,1.0,376.0,0.091796875,174.29787234042553,1.0,0.77734375,1.0,0.002772967769359,0.99,1.0,0.017862751256281405,0.9824507270413083,1.0,0.0,0.8749656499038198,0.2103397101163864,0.2002379149198532,0.2516035735607147,0.33781877160072327,1.0,8.0,0.0,0.0,0.26315462589263916,0.5625,1.0,1.0,0.546875,0.5625,1.0,1.0,0.546875,0.5625,1.0,1.0,0.546875,0.5625,1.0,1.0,0.546875
4326713e6d159ffb,10_openmoji,OpenMoji,copyleft symbol,extras-unicode / symbol-other,icon_data/normalized_256/10_openmoji/1f12f__4326713e6d15.png,0.3367767333984375,0.030792236328125,2.0,1204.0,0.2939453125,54.43189368770764,0.5004761904761905,1.0,0.6255597755229295,0.026380394053914315,0.7842360549717058,0.9984607026439696,0.09822844456526664,0.9105573662279797,2.0,1.0,0.5599644805277179,0.2612374722957611,0.23735246062278748,0.264303594827652,0.23710645735263824,1.0,7.0,0.0,0.0,0.7774680852890015,0.056884765625,0.412841796875,0.416015625,0.056396484375,0.372314453125,0.345947265625,0.66259765625,0.371826171875,0.3720703125,0.34619140625,0.662353515625,0.37158203125,0.056396484375,0.412841796875,0.415771484375,0.056396484375
4345ee093157bb2b,13_usp_pictograms_manual,USP Pictograms,20,medication instruction,icon_data/normalized_256/13_usp_pictograms_manual/20__4345ee093157.png,0.76171875,0.066925048828125,1.0,376.0,0.091796875,174.29787234042553,1.0,0.76171875,1.0,0.002772967769359,0.9897959183673469,1.0,0.018068910256410258,0.982251780724883,1.0,0.0,0.8737048445813498,0.41267502307891846,0.06382400542497635,0.3820365369319916,0.14146438241004944,1.0,8.0,0.0,0.0,0.23934608697891235,0.53125,1.0,1.0,0.515625,0.53125,1.0,1.0,0.515625,0.53125,1.0,1.0,0.515625,0.53125,1.0,1.0,0.515625
439673af454e212d,03_mapbox_maki_icons,Mapbox Maki,dentist,cartography / point of interest,icon_data/normalized_256/03_mapbox_maki_icons/dentist__439673af454e.png,0.603851318359375,0.014739990234375,1.0,658.0,0.16064453125,99.59878419452887,0.7971236353381944,0.8547717842323651,0.8806845367248612,0.06719919481217944,0.9841564301830033,0.7094600431965443,0.028402486481022893,0.9723819352302324,1.0,0.0,0.8148498949882634,0.1549844890832901,0.17881539463996887,0.4959992468357086,0.1702008694410324,1.0,7.0,0.0,0.0,0.6895036995410919,0.47607421875,0.75,0.740966796875,0.48486328125,0.599365234375,1.0,1.0,0.6005859375,0.352783203125,0.929931640625,0.910888671875,0.353759765625,0.197265625,0.531005859375,0.515380859375,0.21875
43b6dba70187f179,05_mulberry_symbols,Mulberry Symbols,Earth,iconsets,icon_data/normalized_256/05_mulberry_symbols/earth__43b6dba70187.png,0.5366058349609375,0.0423126220703125,1.0,676.0,0.1650390625,96.94674556213018,0.7200303024098605,1.0,0.924972711371796,0.04088887841408756,0.9761182288154642,0.8355342136854742,0.03332669832513436,0.967748149371199,1.0,1.0,1.0,0.2840769290924072,0.23485685884952545,0.23616117238998413,0.244905024766922,0.0,47.0,0.3135700523853302,0.2758445257035364,0.36527109146118164,0.088623046875,0.243896484375,0.283447265625,0.08447265625,0.622802734375,0.991455078125,0.982177734375,0.611328125,0.62646484375,1.0,1.0,0.615966796875,0.094482421875,0.626953125,0.62451171875,0.089111328125
44314de4361e2366,06_blissymbolics,Blissymbolics,atom,Blissymbolics char,icon_data/normalized_256/06_blissymbolics/atom_c6f57180e462__44314de4361e.png,0.4296875,0.0162353515625,1.0,376.0,0.091796875,174.29787234042553,1.0,0.4296875,1.0,0.0,1.0,1.0,0.02599431818181818,0.9746642669251003,1.0,0.0,0.8278457196613358,0.1960241198539734,0.28682082891464233,0.2248453050851822,0.2923097312450409,1.0,8.0,0.0,0.0,0.09711939096450806,0.0,0.859375,0.859375,0.0,0.0,0.859375,0.859375,0.0,0.0,0.859375,0.859375,0.0,0.0,0.859375,0.859375,0.0
45259ed2dab5f658,13_usp_pictograms_manual,USP Pictograms,76,medication instruction,icon_data/normalized_256/13_usp_pictograms_manual/76__45259ed2dab5.png,0.71484375,0.025390625,1.0,376.0,0.091796875,174.29787234042553,1.0,0.71484375,1.0,0.002772967769359,0.9891304347826086,1.0,0.01874146174863388,0.9816033189456481,1.0,0.0,0.8696168696168696,0.3352603316307068,0.1082848459482193,0.4439738392829895,0.11248095333576202,1.0,8.0,0.0,0.0,0.20462125539779663,0.4375,1.0,1.0,0.421875,0.4375,1.0,1.0,0.421875,0.4375,1.0,1.0,0.421875,0.4375,1.0,1.0,0.421875
453de2a0ac7e4646,02_aiga_dot_symbol_signs,AIGA/DOT Symbol Signs,Aiga immigration,,icon_data/normalized_256/02_aiga_dot_symbol_signs/aiga_immigration__453de2a0ac7e.png,0.440399169921875,0.04541015625,5.0,1051.0,0.256591796875,62.3558515699334,0.4878634212305612,0.9098039215686274,0.5932640623233538,0.1108764166134901,0.20817112478546612,0.3117898372875193,0.07712563231931259,0.9283968090581575,5.0,0.0,0.6184272551960575,0.31697094440460205,0.2148619145154953,0.3111821413040161,0.15698495507240295,1.0,8.0,0.0,0.0,0.9720169398933649,0.57421875,0.116943359375,0.722900390625,0.233154296875,0.520751953125,0.25341796875,0.654541015625,0.306640625,0.247802734375,0.47705078125,0.66162109375,0.85693359375,0.0,0.0,0.6552734375,0.76513671875
457e289d57f2fdb0,10_openmoji,OpenMoji,OK button,symbols / alphanum,icon_data/normalized_256/10_openmoji/1f197__457e289d57f2.png,0.4473876953125,0.032440185546875,2.0,907.0,0.221435546875,72.25578831312018,0.8851587972467093,1.0,0.8952945128095514,0.0009408526801159782,0.8639542275905913,0.9677852348993289,0.05163710777626194,0.950898358954401,2.0,2.0,1.0,0.43053945899009705,0.0430748350918293,0.48337697982788086,0.04300874471664429,0.0,22.0,0.52754145860672,0.24721360679786003,0.5305933058261871,0.1767578125,0.421875,0.421875,0.1767578125,0.421875,0.7705078125,0.767822265625,0.421875,0.421875,0.763671875,0.774169921875,0.421875,0.1767578125,0.421875,0.421875,0.1767578125
4587f38d8e8251b4,13_usp_pictograms_manual,USP Pictograms,61,medication instruction,icon_data/normalized_256/13_usp_pictograms_manual/61__4587f38d8e82.png,0.7734375,0.0393218994140625,1.0,376.0,0.091796875,174.29787234042553,1.0,0.7734375,1.0,0.0,1.0,1.0,0.0179135101010101,0.9824017365687262,1.0,0.0,0.8746548868028713,0.35240408778190613,0.20904557406902313,0.31073200702667236,0.12781834602355957,1.0,8.0,0.0,0.0,0.20844775438308716,0.546875,1.0,1.0,0.546875,0.546875,1.0,1.0,0.546875,0.546875,1.0,1.0,0.546875,0.546875,1.0,1.0,0.546875
45ac5a366407e720,01_mcdougall_symbol_icon_set,McDougall Symbol/Icon Set,D ebug,,icon_data/normalized_256/01_mcdougall_symbol_icon_set/mcdougall_063__45ac5a366407.png,0.0641632080078125,0.0230712890625,5.0,550.0,0.13427734375,119.15636363636364,0.3527388641892459,0.6946564885496184,0.41000390015600624,0.021739891425626746,0.6260634184068059,0.2259475218658892,0.3752675386444709,0.7271312467577382,5.0,3.0,0.6,0.23137512803077698,0.11870835721492767,0.5279514193534851,0.12196503579616547,0.0,4.0,0.09896208345890045,0.007391870944320498,0.8060397356748581,0.0,0.00439453125,0.0048828125,0.0,0.0,0.2197265625,0.204833984375,0.0,0.0,0.30859375,0.2802734375,0.0,0.0,0.002197265625,0.001708984375,0.0
45c3be26acc9e457,02_aiga_dot_symbol_signs,AIGA/DOT Symbol Signs,20 airtransportation,,icon_data/normalized_256/02_aiga_dot_symbol_signs/20_airtransportation__45c3be26acc9.png,0.2751922607421875,0.024444580078125,1.0,694.0,0.16943359375,94.43227665706051,0.27627144607843135,1.003921568627451,0.45303825768042405,0.08784796126180977,0.9983379501385041,0.3955737831772808,0.07263654006099252,0.9322822434737659,1.0,0.0,0.6324741364194284,0.2537277042865753,0.20777525007724762,0.33072173595428467,0.20777527987957,1.0,1.0,0.0,0.0,1.0,0.0,0.220703125,0.220703125,0.0,0.0029296875,0.446533203125,0.447998046875,0.003173828125,0.579833984375,0.613525390625,0.613525390625,0.581787109375,0.0,0.336181640625,0.336181640625,0.0
45d1aab7129da22b,06_blissymbolics,Blissymbolics,a uppercase,Blissymbolics char,icon_data/normalized_256/06_blissymbolics/a_uppercase_4cf6a2d4610b__45d1aab7129d.png,0.16796875,0.003387451171875,1.0,376.0,0.091796875,174.29787234042553,1.0,0.16796875,1.0,0.002772967769359,0.9545454545454546,1.0,0.054324127906976744,0.9484749267620196,1.0,0.0,0.6970618034447822,0.19998127222061157,0.08293761312961578,0.6341732740402222,0.08290797472000122,1.0,8.0,0.0,0.0,0.06102794408798218,0.0,0.34375,0.328125,0.0,0.0,0.34375,0.328125,0.0,0.0,0.34375,0.328125,0.0,0.0,0.34375,0.328125,0.0
45d94eaae0a915ae,03_mapbox_maki_icons,Mapbox Maki,hospital,cartography / point of interest,icon_data/normalized_256/03_mapbox_maki_icons/hospital__45d94eaae0a9.png,0.42559814453125,0.011016845703125,1.0,568.0,0.138671875,115.38028169014085,0.4842361111111111,1.0,0.7082963000584067,0.00011214354093774386,0.999426523297491,1.0,0.035565753621109995,0.9656557263536907,1.0,0.0,0.778497264709166,0.4801296889781952,0.01968512125313282,0.48037150502204895,0.0198137816041708,1.0,7.0,0.0,0.0,0.7027644515037537,0.0,0.45751953125,0.45703125,0.0,0.45751953125,0.787841796875,0.787841796875,0.45703125,0.45751953125,0.787841796875,0.787841796875,0.45703125,0.0,0.45751953125,0.45703125,0.0
45e272021b297749,13_usp_pictograms_manual,USP Pictograms,43,medication instruction,icon_data/normalized_256/13_usp_pictograms_manual/43__45e272021b29.png,0.83203125,0.0480194091796875,1.0,376.0,0.091796875,174.29787234042553,1.0,0.83203125,1.0,0.002772967769359,0.9906542056074766,1.0,0.017202171361502348,0.9830887390473443,1.0,0.0,0.8790301779726593,0.36191800236701965,0.11908283829689026,0.3888005316257477,0.1301986426115036,1.0,8.0,0.0,0.0,0.20037841796875,0.671875,1.0,1.0,0.65625,0.671875,1.0,1.0,0.65625,0.671875,1.0,1.0,0.65625,0.671875,1.0,1.0,0.65625
460c2174eba3949a,04_ocha_humanitarian_icons,OCHA Humanitarian Icons,bridge affected,iconsets,icon_data/normalized_256/04_ocha_humanitarian_icons/bridge_affected__460c2174eba3.png,0.4483489990234375,0.00390625,2.0,598.0,0.14599609375,109.59197324414716,0.4483489990234375,1.0,0.5929371405509031,0.14050381543610063,0.5229876120872855,0.24710326386825687,0.05159445938127489,0.9509369235250331,2.0,2.0,1.0,0.3214728832244873,0.15362945199012756,0.37309762835502625,0.15180009603500366,1.0,7.0,0.0,0.0,0.9236849620938301,0.8076171875,0.560302734375,0.0,0.0,0.565673828125,0.343994140625,0.015625,0.015625,0.8388671875,0.838623046875,0.8388671875,0.838623046875,0.37744140625,0.37744140625,0.37744140625,0.37744140625
463861ba40ca24a5,04_ocha_humanitarian_icons,OCHA Humanitarian Icons,exit cancel,iconsets,icon_data/normalized_256/04_ocha_humanitarian_icons/exit_cancel__463861ba40ca.png,0.4591064453125,0.02520751953125,1.0,772.0,0.1884765625,84.89119170984456,0.4591064453125,1.0,0.46425650758382325,0.00013640972530507548,0.9976098791661134,0.999867065470256,0.058760967827705395,0.9445002511300854,1.0,0.0,0.6802315066015554,0.016347350552678108,0.48377156257629395,0.016386384144425392,0.48349466919898987,1.0,7.0,0.0,0.0,0.9215316027402878,0.76708984375,0.14306640625,0.142333984375,0.76708984375,0.142333984375,0.783935546875,0.783935546875,0.14306640625,0.142333984375,0.783935546875,0.783935546875,0.143310546875,0.76708984375,0.142822265625,0.142333984375,0.76708984375
4657cc12d6ccfe09,09_universal_symbols_healthcare_webfont,Universal Symbols Healthcare Webfont,dermatology,healthcare wayfinding,icon_data/normalized_256/09_universal_symbols_healthcare_webfont/dermatology__4657cc12d6cc.png,0.6790313720703125,0.0406951904296875,3.0,1027.0,0.250732421875,63.81304771178189,0.6790313720703125,1.0,0.6921754819843992,0.03400999906998593,0.6312085334115318,0.7154697197486605,0.07020066964787308,0.9344041994750656,3.0,2.0,0.6666666666666666,0.23950913548469543,0.3306649923324585,0.2979665696620941,0.13185930252075195,1.0,7.0,0.0,0.0,0.8330855667591095,0.952392578125,0.854248046875,0.563720703125,0.891845703125,1.0,0.357666015625,0.113037109375,0.563720703125,0.917236328125,0.600341796875,0.316162109375,0.84033203125,0.67431640625,0.785888671875,0.503173828125,0.930419921875
46e00ead3ee19291,13_usp_pictograms_manual,USP Pictograms,27,medication instruction,icon_data/normalized_256/13_usp_pictograms_manual/27__46e00ead3ee1.png,0.70703125,0.0507354736328125,1.0,376.0,0.091796875,174.29787234042553,1.0,1.4143646408839778,1.0,0.002772967769359,1.0,0.989010989010989,0.018862223756906077,0.9814869730989197,1.0,0.0,0.8688868886888689,0.7004697918891907,0.08031976968050003,0.1346960961818695,0.08451437950134277,1.0,8.0,0.0,0.0,0.18595802783966064,0.421875,0.421875,0.421875,0.421875,1.0,1.0,1.0,1.0,1.0,1.0,1.0,1.0,0.40625,0.40625,0.40625,0.40625
46f16d10f5e6d6d5,04_ocha_humanitarian_icons,OCHA Humanitarian Icons,copy,iconsets,icon_data/normalized_256/04_ocha_humanitarian_icons/copy__46f16d10f5e6.png,0.7109375,0.0102691650390625,1.0,376.0,0.091796875,174.29787234042553,1.0,0.7109375,1.0,0.0,1.0,1.0,0.018801510989010988,0.9815454622061178,1.0,0.0,0.8692537313432837,0.5132047533988953,0.07340287417173386,0.3882307708263397,0.02516152523458004,1.0,8.0,0.0,0.0,0.6862794756889343,0.421875,1.0,1.0,0.421875,0.421875,1.0,1.0,0.421875,0.421875,1.0,1.0,0.421875,0.421875,1.0,1.0,0.421875
4725eca2750be791,07_arasaac_pictograms,ARASAAC Pictograms,loaf of bread,ultra-processed food; food,icon_data/normalized_256/07_arasaac_pictograms/10232__4725eca2750b.png,0.1657867431640625,0.015655517578125,50.0,691.0,0.168701171875,94.84225759768451,0.22397443826015254,1.2373737373737375,0.3082182065757,0.3103935164675567,0.07584909396969997,0.11733854380913204,0.23451449608835712,0.8100350406322224,50.0,0.0,0.3476911261160357,0.3163740038871765,0.3554057776927948,0.2038736492395401,0.12434658408164978,0.0,27.0,0.1712222397327423,0.15201649074163193,0.37545084953308105,0.02587890625,0.027099609375,0.014892578125,0.0,0.0234375,0.016845703125,0.134765625,0.13720703125,0.00390625,0.039794921875,0.7919921875,0.806884765625,0.060302734375,0.236083984375,0.2587890625,0.07470703125
474c426ac73a06b7,01_mcdougall_symbol_icon_set,McDougall Symbol/Icon Set,Automatic control (closed loop),,icon_data/normalized_256/01_mcdougall_symbol_icon_set/mcdougall_014__474c426ac73a.png,0.0563812255859375,0.02227783203125,1.0,649.0,0.158447265625,100.97996918335902,0.27243235272432353,0.7226277372262774,0.3529973728206353,0.020060522133819727,0.12003637465898757,0.4012135001896094,0.4146143437077131,0.7069064472929022,1.0,1.0,1.0,0.21098148822784424,0.19755889475345612,0.3883199393749237,0.20313970744609833,0.0,4.0,0.10045750439167023,0.007317788643493758,0.8129392862319946,0.0,0.022705078125,0.0009765625,0.0,0.0,0.222900390625,0.206787109375,0.0,0.0,0.22900390625,0.194091796875,0.0,0.0,0.025146484375,0.00048828125,0.0
47e3bd73efa382ae,04_ocha_humanitarian_icons,OCHA Humanitarian Icons,child combatant,iconsets,icon_data/normalized_256/04_ocha_humanitarian_icons/child_combatant__47e3bd73efa3.png,0.4396209716796875,0.0249176025390625,3.0,967.0,0.236083984375,67.77249224405378,0.4396209716796875,1.0,0.5086957289404453,0.03982935435625481,0.44720715290335544,0.6262700383833822,0.0720558120162438,0.9327872567746949,3.0,0.0,0.6343380523569432,0.135687917470932,0.1442720741033554,0.5956257581710815,0.12441425770521164,1.0,7.0,0.0,0.0,0.8790422528982162,0.2412109375,0.3857421875,0.00537109375,0.372802734375,0.66943359375,0.759033203125,0.242431640625,0.716064453125,0.46533203125,0.542724609375,0.336669921875,0.85986328125,0.36767578125,0.397216796875,0.017333984375,0.655029296875
483ec0cd8c82a61d,04_ocha_humanitarian_icons,OCHA Humanitarian Icons,clinic,iconsets,icon_data/normalized_256/04_ocha_humanitarian_icons/clinic__483ec0cd8c82.png,0.671875,0.01708984375,1.0,376.0,0.091796875,174.29787234042553,1.0,0.671875,1.0,0.0,1.0,1.0,0.019440406976744186,0.9809303154517911,1.0,0.0,0.8654088050314466,0.5317715406417847,0.0645536258816719,0.3389059901237488,0.06476885825395584,1.0,8.0,0.0,0.0,0.7203247249126434,0.34375,1.0,1.0,0.34375,0.34375,1.0,1.0,0.34375,0.34375,1.0,1.0,0.34375,0.34375,1.0,1.0,0.34375
488f787d0f8ad115,06_blissymbolics,Blissymbolics,ankle,Blissymbolics char,icon_data/normalized_256/06_blissymbolics/ankle_1a2e564b4d67__488f787d0f8a.png,0.3828125,0.0092926025390625,1.0,376.0,0.091796875,174.29787234042553,1.0,0.3828125,1.0,0.0,1.0,1.0,0.02822066326530612,0.9725538843231509,1.0,0.0,0.8158168574401665,0.1983022540807724,0.15833403170108795,0.23021622002124786,0.413147509098053,1.0,8.0,0.0,0.0,0.059271037578582764,0.0,0.765625,0.765625,0.0,0.0,0.765625,0.765625,0.0,0.0,0.765625,0.765625,0.0,0.0,0.765625,0.765625,0.0
48bdae15a55512d3,03_mapbox_maki_icons,Mapbox Maki,embassy,cartography / point of interest,icon_data/normalized_256/03_mapbox_maki_icons/embassy__48bdae15a555.png,0.4675140380859375,0.0080413818359375,1.0,619.0,0.151123046875,105.8739903069467,0.5827120578166604,0.9205020920502092,0.7735753780897316,0.16809305366910227,0.7044392523364486,0.4097915612202641,0.03361728515943732,0.9674760807098425,1.0,0.0,0.7880603924998071,0.1997050940990448,0.05057702958583832,0.7199020385742188,0.0298159196972847,1.0,7.0,0.0,0.0,0.6276273429393768,0.646484375,0.592529296875,0.49462890625,0.3515625,0.6064453125,1.0,1.0,0.609375,0.57568359375,0.408203125,0.50634765625,0.24169921875,0.447265625,0.0,0.0,0.0
48be7c1656dcea7e,06_blissymbolics,Blissymbolics,bird of prey,Blissymbolics char,icon_data/normalized_256/06_blissymbolics/bird_of_prey_42225f3f0f60__48be7c1656dc.png,0.4296875,0.009765625,1.0,376.0,0.091796875,174.29787234042553,1.0,0.4296875,1.0,0.0,1.0,1.0,0.02599431818181818,0.9746642669251003,1.0,0.0,0.8278457196613358,0.24986186623573303,0.3051314949989319,0.1389319747686386,0.3060745894908905,1.0,8.0,0.0,0.0,0.05935370922088623,0.0,0.859375,0.859375,0.0,0.0,0.859375,0.859375,0.0,0.0,0.859375,0.859375,0.0,0.0,0.859375,0.859375,0.0
48d008bbee732da8,05_mulberry_symbols,Mulberry Symbols,PE class,iconsets,icon_data/normalized_256/05_mulberry_symbols/pe_class__48d008bbee73.png,0.2635498046875,0.02435302734375,4.0,913.0,0.222900390625,71.78094194961665,0.40167441860465114,1.075,0.5498273035478377,0.03473673044535808,0.2576088539391292,0.33777399117031986,0.1022464103751737,0.9072381552684106,4.0,0.0,0.550063694267516,0.31144392490386963,0.20552682876586914,0.29771101474761963,0.18531817197799683,0.0,73.0,0.33149629831314087,0.3541107591926479,0.6630724668502808,0.0,0.463134765625,0.312255859375,0.0,0.0,0.654296875,0.649169921875,0.33203125,0.226806640625,0.312255859375,0.383544921875,0.20751953125,0.329345703125,0.34033203125,0.0,0.006103515625
48d5a56e453c44b1,03_mapbox_maki_icons,Mapbox Maki,communications tower,cartography / point of interest,icon_data/normalized_256/03_mapbox_maki_icons/communications_tower__48d5a56e453c.png,0.5188446044921875,0.0142364501953125,1.0,838.0,0.20458984375,78.20525059665871,0.7003419014664689,0.8571428571428571,0.7145438880366487,0.007739177110742739,0.9878982753580824,0.5279500314550193,0.04552539481810428,0.9564569210430086,1.0,2.0,1.0,0.18342462182044983,0.16589587926864624,0.4889722466468811,0.16170720756053925,1.0,7.0,0.0,0.0,0.329612672328949,0.468505859375,0.589599609375,0.584228515625,0.469970703125,0.43310546875,0.76806640625,0.78515625,0.437255859375,0.0,0.787841796875,0.789306640625,0.0,0.268310546875,0.823974609375,0.825439453125,0.270751953125
490a152480b7c75c,10_openmoji,OpenMoji,flag: Armenia,flags / country-flag,icon_data/normalized_256/10_openmoji/1f1e6_1f1f2__490a152480b7.png,0.5166015625,0.0279541015625,1.0,556.0,0.1357421875,117.87050359712231,0.9995276334435522,1.5890410958904109,1.0,0.0,1.0,1.0,0.022329867674858225,0.9781578643245117,1.0,0.0,0.8484362469927826,0.6494760513305664,0.0080704465508461,0.3343830108642578,0.0080704465508461,0.0,43.0,0.7020072340965271,0.5992754343310545,0.5868101119995117,0.11328125,0.140625,0.140625,0.11328125,0.8125,1.0,1.0,0.8125,0.8125,1.0,1.0,0.8125,0.11328125,0.140625,0.140625,0.11328125
49409572af9d9a12,09_universal_symbols_healthcare_webfont,Universal Symbols Healthcare Webfont,i medical records,healthcare wayfinding,icon_data/normalized_256/09_universal_symbols_healthcare_webfont/i_medical_records__49409572af9d.png,0.5381927490234375,0.031951904296875,3.0,979.0,0.239013671875,66.9417773237998,0.5424304872047244,1.0078740157480315,0.7238566283233969,0.1594811042928022,0.24456598447424135,0.38763868124950823,0.05993592469734343,0.9434532566537381,3.0,9.0,1.0,0.5435397028923035,0.024009153246879578,0.40143057703971863,0.03102058172225952,1.0,7.0,0.0,0.0,0.7473466098308563,0.8212890625,0.5673828125,0.286376953125,0.33740234375,0.580322265625,0.629638671875,0.836669921875,0.967041015625,0.0,0.0,0.83837890625,0.975830078125,0.0,0.0,0.8115234375,0.959228515625
496be26e57a71c65,05_mulberry_symbols,Mulberry Symbols,Puritans,iconsets,icon_data/normalized_256/05_mulberry_symbols/puritans__496be26e57a7.png,0.303924560546875,0.0356292724609375,2.0,1177.0,0.287353515625,55.68054375531011,0.41634615384615387,1.1057692307692308,0.519774011299435,0.07588954565533648,0.4364632915043993,0.3903392433337987,0.12892860728988853,0.8857956061549409,2.0,8.0,1.0,0.12433027476072311,0.13703835010528564,0.5960561037063599,0.14257527887821198,0.0,38.0,0.2788558900356293,0.23327984996943113,0.677277535200119,0.086669921875,0.2041015625,0.139404296875,0.043701171875,0.31005859375,0.49658203125,0.492919921875,0.315185546875,0.55078125,0.745361328125,0.430419921875,0.418212890625,0.20361328125,0.318359375,0.05517578125,0.05224609375
49837c7b86763fe5,02_aiga_dot_symbol_signs,AIGA/DOT Symbol Signs,Aiga BarberShop BeautySalon,,icon_data/normalized_256/02_aiga_dot_symbol_signs/aiga_barbershop_beautysalon__49837c7b8676.png,0.268890380859375,0.0571746826171875,2.0,1213.0,0.296142578125,54.0280296784831,0.4607058823529412,0.5882352941176471,0.5747928762476352,0.10120768592125226,0.23585104144750685,0.41576283441793205,0.132448076268301,0.8830426939266386,2.0,0.0,0.48553479914035375,0.40262287855148315,0.07448948174715042,0.4408752918243408,0.08201239258050919,1.0,8.0,0.0,0.0,0.9348966628313065,0.0,0.196044921875,0.52294921875,0.15625,0.0,0.417236328125,0.574951171875,0.171875,0.013916015625,0.5107421875,0.3896484375,0.171875,0.061767578125,0.43310546875,0.527099609375,0.15478515625
49c1394b5d8d6ecd,07_arasaac_pictograms,ARASAAC Pictograms,taller,qualifying adjective; physical features,icon_data/normalized_256/07_arasaac_pictograms/10193__49c1394b5d8d.png,0.2071990966796875,0.0423431396484375,13.0,1300.0,0.3173828125,50.41230769230769,0.31341457785163646,0.6987951807228916,0.3663415752768672,0.20968986299289366,0.0711524808708685,0.5767533673943335,0.28838647912217397,0.7761646184624178,13.0,1.0,0.3023804752043111,0.17336250841617584,0.15442366898059845,0.5366892218589783,0.13552455604076385,0.0,50.0,0.45479223132133484,0.35061402131548564,0.5614351332187653,0.052001953125,0.52734375,0.03271484375,0.003662109375,0.251220703125,0.765625,0.0693359375,0.029052734375,0.18115234375,0.659423828125,0.066162109375,0.048828125,0.089111328125,0.46826171875,0.05078125,0.0205078125
49ca9fbeb665b154,05_mulberry_symbols,Mulberry Symbols,Christmas bell,iconsets,icon_data/normalized_256/05_mulberry_symbols/christmas_bell__49ca9fbeb665.png,0.313720703125,0.0251617431640625,1.0,496.0,0.12109375,132.1290322580645,0.5767342702460097,0.6566523605150214,0.7913475231900234,0.08354180638094368,0.9222139117427075,0.6767248409721089,0.0448443579766537,0.9570803463364678,1.0,0.0,0.7359679266895761,0.3981797993183136,0.1228172779083252,0.360717236995697,0.11828573793172836,0.0,36.0,0.5515488386154175,0.5578237126945041,0.47297316789627075,0.0,0.343017578125,0.293701171875,0.0,0.0,0.72509765625,0.67822265625,0.0,0.0,0.827880859375,0.774658203125,0.0,0.07177734375,0.637451171875,0.61767578125,0.050048828125
4a1b6ca0afb93272,10_openmoji,OpenMoji,flag: Côte d’Ivoire,flags / country-flag,icon_data/normalized_256/10_openmoji/1f1e8_1f1ee__4a1b6ca0afb9.png,0.387939453125,0.025360107421875,1.0,820.0,0.2001953125,79.9219512195122,0.7505904581955598,1.5890410958904109,0.7592653426907571,0.0,1.0,1.0,0.04483952171176841,0.9570847763890981,1.0,1.0,1.0,0.5739703178405762,0.008301833644509315,0.4094259440898895,0.008301832713186741,0.0,43.0,0.587543249130249,0.452058013478508,0.5447924733161926,0.11328125,0.140625,0.140625,0.11328125,0.8125,0.4853515625,0.4853515625,0.8125,0.8125,0.4853515625,0.4853515625,0.8125,0.11328125,0.140625,0.140625,0.11328125
4a8c039921c3bd7d,09_universal_symbols_healthcare_webfont,Universal Symbols Healthcare Webfont,gift shop,healthcare wayfinding,icon_data/normalized_256/09_universal_symbols_healthcare_webfont/gift_shop__4a8c039921c3.png,0.81317138671875,0.0470733642578125,7.0,1489.0,0.363525390625,44.01343183344527,0.819574311023622,0.9921875,0.8316674079449425,0.013880891297596832,0.7631761786600496,0.7635262583143055,0.0655257824814231,0.9385038038884193,7.0,9.0,1.0,0.34928736090660095,0.09956932067871094,0.459432989358902,0.09171036630868912,1.0,7.0,0.0,0.0,0.8065158277750015,0.8671875,0.778564453125,0.998046875,0.9658203125,0.936279296875,0.83984375,0.56005859375,0.870849609375,0.78564453125,0.48974609375,0.671630859375,0.860595703125,0.870361328125,0.823974609375,0.801025390625,0.89111328125
4adf7015d19b2bf8,03_mapbox_maki_icons,Mapbox Maki,arrow,cartography / point of interest,icon_data/normalized_256/03_mapbox_maki_icons/arrow__4adf7015d19b.png,0.4009552001953125,0.009063720703125,1.0,454.0,0.11083984375,144.352422907489,0.49827442354368934,1.2427184466019416,0.7734671651016984,0.0938384532207326,0.44800793519590015,0.999011030810194,0.03836054344103208,0.9630566245189665,1.0,0.0,0.7651786494277978,0.1448192149400711,0.3640177845954895,0.12574000656604767,0.3654230535030365,1.0,7.0,0.0,0.0,0.5576854944229126,0.0,0.0,0.529296875,0.035888671875,0.478759765625,0.515625,0.91455078125,0.734375,0.47802734375,0.515625,0.91455078125,0.73388671875,0.0,0.0,0.52880859375,0.035888671875
4b4bbdf79d238da8,09_universal_symbols_healthcare_webfont,Universal Symbols Healthcare Webfont,i ultrasound,healthcare wayfinding,icon_data/normalized_256/09_universal_symbols_healthcare_webfont/i_ultrasound__4b4bbdf79d23.png,0.4074859619140625,0.0240478515625,2.0,1486.0,0.36279296875,44.10228802153432,0.4420186705508475,0.921875,0.5007265738527165,0.11268661329173515,0.4961622499859936,0.2545215389674449,0.11121512825313612,0.8999157540016849,2.0,3.0,1.0,0.3560807704925537,0.1138886883854866,0.40141239762306213,0.12861810624599457,1.0,7.0,0.0,0.0,0.732968270778656,0.290283203125,0.570068359375,0.5322265625,0.290283203125,0.373291015625,0.60107421875,0.78759765625,0.403564453125,0.280517578125,0.21630859375,0.40673828125,0.6005859375,0.0,0.0,0.573974609375,0.59326171875
4b6dc51334050530,02_aiga_dot_symbol_signs,AIGA/DOT Symbol Signs,Aiga cashier,,icon_data/normalized_256/02_aiga_dot_symbol_signs/aiga_cashier__4b6dc5133405.png,0.4034576416015625,0.0416412353515625,2.0,1330.0,0.32470703125,49.275187969924815,0.4912492568370987,1.0,0.6275305565444405,0.002100867532755373,0.8641426959954879,0.8744505884020984,0.0908437653643962,0.9167215615573969,2.0,1.0,0.5791225879930788,0.25168314576148987,0.21249563992023468,0.2904934883117676,0.24532772600650787,1.0,8.0,0.0,0.0,0.9801521841436625,0.1484375,0.4775390625,0.46337890625,0.1484375,0.4296875,0.68017578125,0.439453125,0.430419921875,0.42919921875,0.48388671875,0.657470703125,0.429931640625,0.14892578125,0.47705078125,0.46240234375,0.14892578125
4bafe098194a831c,06_blissymbolics,Blissymbolics,animal water,Blissymbolics char,icon_data/normalized_256/06_blissymbolics/animal_water_9392dac113e0__4bafe098194a.png,0.4296875,0.01544189453125,1.0,376.0,0.091796875,174.29787234042553,1.0,0.4296875,1.0,0.0,1.0,1.0,0.02599431818181818,0.9746642669251003,1.0,0.0,0.8278457196613358,0.34116852283477783,0.31597039103507996,0.027198297902941704,0.3156627416610718,1.0,8.0,0.0,0.0,0.09233593940734863,0.0,0.859375,0.859375,0.0,0.0,0.859375,0.859375,0.0,0.0,0.859375,0.859375,0.0,0.0,0.859375,0.859375,0.0
4be26ff69c9c6903,10_openmoji,OpenMoji,mahjong red dragon,activities / game,icon_data/normalized_256/10_openmoji/1f004__4be26ff69c9c.png,0.173370361328125,0.01055908203125,2.0,1252.0,0.3056640625,52.34504792332268,0.37058056099151987,0.6952380952380952,0.37502062910519196,0.026727582493714357,1.0,0.7469249692496925,0.18447456433726456,0.8442562044880368,2.0,3.0,1.0,0.39780014753341675,0.006233505439013243,0.5897328853607178,0.006233505439013243,0.0,26.0,0.19528664648532867,0.335333464670558,0.5727142691612244,0.08935546875,0.201171875,0.201171875,0.08935546875,0.140625,0.36279296875,0.36279296875,0.140625,0.140625,0.161865234375,0.161865234375,0.140625,0.08935546875,0.201171875,0.201171875,0.08935546875
4c1e7b0088d25b08,04_ocha_humanitarian_icons,OCHA Humanitarian Icons,child protection,iconsets,icon_data/normalized_256/04_ocha_humanitarian_icons/child_protection__4c1e7b0088d2.png,0.4781341552734375,0.029815673828125,4.0,1042.0,0.25439453125,62.89443378119002,0.4781341552734375,1.0,0.5907582670336714,0.10418970585477917,0.999043062200957,0.3229892336922103,0.07576192755704483,0.9295737043519535,4.0,0.0,0.6226280127963121,0.08876156806945801,0.23973020911216736,0.43135392665863037,0.2401542365550995,1.0,7.0,0.0,0.0,0.8895561918616295,0.076171875,0.280517578125,0.281494140625,0.076416015625,0.53125,0.54248046875,0.542236328125,0.53125,0.805419921875,0.557373046875,0.557373046875,0.804931640625,0.25,0.78125,0.78125,0.250732421875
4c75666d2961b5ea,10_openmoji,OpenMoji,flag: Åland Islands,flags / country-flag,icon_data/normalized_256/10_openmoji/1f1e6_1f1fd__4c75666d2961.png,0.5166015625,0.03936767578125,1.0,556.0,0.1357421875,117.87050359712231,0.9995276334435522,1.5890410958904109,1.0,0.0,1.0,1.0,0.022329867674858225,0.9781578643245117,1.0,0.0,0.8484362469927826,0.6107369065284729,0.013990265317261219,0.36128270626068115,0.013990264385938644,0.0,47.0,0.6822639107704163,0.5091259174600509,0.657307893037796,0.11328125,0.140625,0.140625,0.11328125,0.8125,1.0,1.0,0.8125,0.8125,1.0,1.0,0.8125,0.11328125,0.140625,0.140625,0.11328125
4ce46f5f8d9a06ef,12_iso_15223_medical_device_symbols,ISO 15223 Medical Device Symbols,catalogue number,medical device label,icon_data/normalized_256/12_iso_15223_medical_device_symbols/catalogue_number__4ce46f5f8d9a.png,0.193359375,0.0353546142578125,4.0,1462.0,0.35693359375,44.82626538987688,0.42429518516038306,1.5912408759124088,0.4294064824384541,0.03254200530540866,0.7873060648801128,0.7770298695835086,0.18718434343434343,0.842329167774528,4.0,2.0,0.5,0.5909350514411926,0.00719938101246953,0.3865315318107605,0.015334086492657661,1.0,7.0,0.0,0.0,0.8254094123840332,0.0546875,0.078125,0.078125,0.0546875,0.32568359375,0.40673828125,0.376708984375,0.25830078125,0.31640625,0.402099609375,0.342529296875,0.18701171875,0.043701171875,0.0625,0.0625,0.0439453125
4d2d85998cba96ef,11_iso_7010_safety_signs,ISO 7010 Safety Signs,ISO 7010 W020,iconsets,icon_data/normalized_256/11_iso_7010_safety_signs/iso_7010_w020__4d2d85998cba.png,0.875,0.040069580078125,1.0,88.0,0.021484375,744.7272727272727,1.0,1.1428571428571428,1.0,0.0,1.0,1.0,0.016741071428571428,0.9835345773874863,1.0,0.0,0.8818897637795275,0.30658096075057983,0.32966405153274536,0.0905815064907074,0.273173451423645,1.0,8.0,0.0,0.0,0.2682766318321228,0.75,0.75,0.75,0.75,1.0,1.0,1.0,1.0,1.0,1.0,1.0,1.0,0.75,0.75,0.75,0.75
4d4a0b83176ec005,03_mapbox_maki_icons,Mapbox Maki,bus,cartography / point of interest,icon_data/normalized_256/03_mapbox_maki_icons/bus__4d4a0b83176e.png,0.5821685791015625,0.023468017578125,1.0,742.0,0.18115234375,88.3234501347709,0.7717030744336569,0.8583333333333333,0.8037202051800592,0.027392307807139873,0.9997379317574296,0.5704700749156171,0.03527900820381097,0.9659231879288083,1.0,1.0,1.0,0.5816413760185242,0.020391585305333138,0.3777778446674347,0.02018914557993412,1.0,7.0,0.0,0.0,0.5926115810871124,0.481689453125,0.875,0.875,0.480712890625,0.566650390625,0.2060546875,0.2060546875,0.566650390625,0.609375,1.0,1.0,0.609375,0.347412109375,0.57177734375,0.57177734375,0.34716796875
4da9e8587f6a7a7e,09_universal_symbols_healthcare_webfont,Universal Symbols Healthcare Webfont,genetics,healthcare wayfinding,icon_data/normalized_256/09_universal_symbols_healthcare_webfont/genetics__4da9e8587f6a.png,0.906646728515625,0.04791259765625,1.0,790.0,0.19287109375,82.95696202531646,0.906646728515625,1.0,0.9228762027538111,0.016925182746412984,0.8782955048365683,0.8763973978399545,0.04443098051095628,0.9574591511166973,1.0,14.0,1.0,0.2101413756608963,0.14428889751434326,0.4707655608654022,0.17480416595935822,1.0,7.0,0.0,0.0,0.8478935807943344,0.947021484375,0.90478515625,0.921630859375,0.96044921875,0.96484375,0.535400390625,0.60205078125,0.96435546875,0.998291015625,0.923828125,0.895263671875,0.982177734375,0.95166015625,0.998046875,0.993408203125,0.963134765625
4de8ea4a98e350d2,08_ghs_hazard_pictograms,GHS Hazard Pictograms,skull and crossbones,chemical hazard,icon_data/normalized_256/08_ghs_hazard_pictograms/skull_and_crossbones__4de8ea4a98e3.png,0.1738739013671875,0.0292816162109375,5.0,1453.0,0.354736328125,45.10392291810048,0.17662285324570648,1.0,0.3532566574696965,0.012791449919001633,0.8044338875692795,0.7166315155167219,0.34734532689776215,0.7422002214550902,5.0,7.0,1.0,0.15469230711460114,0.32734784483909607,0.13663221895694733,0.38132765889167786,0.0,2.0,0.6890637278556824,0.5092259927616566,0.6372480094432831,0.0,0.262939453125,0.26416015625,0.0,0.25048828125,0.222412109375,0.234375,0.25048828125,0.25048828125,0.145263671875,0.14990234375,0.25048828125,0.0,0.25048828125,0.25048828125,0.0
4e6eb33dee2b707c,09_universal_symbols_healthcare_webfont,Universal Symbols Healthcare Webfont,i information us,healthcare wayfinding,icon_data/normalized_256/09_universal_symbols_healthcare_webfont/i_information_us__4e6eb33dee2b.png,0.984375,0.035064697265625,1.0,1.0,0.000244140625,65536.0,1.0,0.984375,1.0,0.0,1.0,1.0,0.015749007936507936,0.9844951776339885,1.0,0.0,0.8881057268722466,0.2585957944393158,0.2535144090652466,0.2809578478336334,0.2069319486618042,1.0,8.0,0.0,0.0,0.39042001962661743,0.96875,1.0,1.0,0.96875,0.96875,1.0,1.0,0.96875,0.96875,1.0,1.0,0.96875,0.96875,1.0,1.0,0.96875
4eb4cb768b20b079,03_mapbox_maki_icons,Mapbox Maki,bridge,cartography / point of interest,icon_data/normalized_256/03_mapbox_maki_icons/bridge__4eb4cb768b20.png,0.4830780029296875,0.0095672607421875,1.0,478.0,0.11669921875,137.10460251046024,0.8030387581168831,1.6623376623376624,0.8825669403286732,0.047376460572270136,0.9961538461538462,0.610407446970853,0.037588047632584734,0.9637736308563427,1.0,8.0,1.0,0.5322139263153076,0.14175349473953247,0.18224503099918365,0.14378750324249268,1.0,7.0,0.0,0.0,0.5121219754219055,0.041015625,0.317626953125,0.3193359375,0.04638671875,0.85693359375,0.97998046875,0.97998046875,0.860595703125,0.837890625,0.75048828125,0.749267578125,0.84033203125,0.04248046875,0.0322265625,0.0322265625,0.04248046875
4eeb438bceeab876,09_universal_symbols_healthcare_webfont,Universal Symbols Healthcare Webfont,imaging alternative ct,healthcare wayfinding,icon_data/normalized_256/09_universal_symbols_healthcare_webfont/imaging_alternative_ct__4eeb438bceea.png,0.9260406494140625,0.038177490234375,1.0,466.0,0.11376953125,140.6351931330472,0.9260406494140625,1.0,0.9425733655347006,0.019591312233154697,0.8745637065637065,0.8827051341709322,0.030812832638534165,0.9701082178423568,1.0,4.0,1.0,0.39839422702789307,0.0817643329501152,0.4081673324108124,0.11167401820421219,1.0,7.0,0.0,0.0,0.88772813975811,0.95068359375,0.97802734375,0.9765625,0.957763671875,1.0,0.891845703125,0.95166015625,1.0,0.999267578125,1.0,0.60595703125,0.930419921875,0.954345703125,1.0,0.738525390625,0.881591796875
4efa44c18d385e76,10_openmoji,OpenMoji,UP! button,symbols / alphanum,icon_data/normalized_256/10_openmoji/1f199__4efa44c18d38.png,0.4637451171875,0.0321502685546875,2.0,850.0,0.20751953125,77.10117647058823,0.9175220384011593,1.0,0.9280283367431067,0.0017017174426474514,0.8985507246376812,0.9366596571719875,0.04718346933403527,0.9549424998428957,2.0,4.0,1.0,0.43495020270347595,0.0316961333155632,0.5044702887535095,0.028883399441838264,0.0,23.0,0.537459671497345,0.2471061948924023,0.5323838293552399,0.1767578125,0.421875,0.421875,0.1767578125,0.421875,0.862548828125,0.75439453125,0.421875,0.421875,0.8388671875,0.882080078125,0.421875,0.1767578125,0.421875,0.421875,0.1767578125
4f0994ab12ac7442,01_mcdougall_symbol_icon_set,McDougall Symbol/Icon Set,Fast rewind,,icon_data/normalized_256/01_mcdougall_symbol_icon_set/mcdougall_092__4f0994ab12ac.png,0.0748138427734375,0.0083160400390625,1.0,283.0,0.069091796875,231.57597173144876,0.5472098214285714,0.7142857142857143,0.7199177740254019,0.03601714922812092,0.4040664375715922,0.9834142394822006,0.11951866204364675,0.8932410275095646,1.0,0.0,0.5112084245646961,0.010480726137757301,0.2153579294681549,0.559062123298645,0.2150992751121521,0.0,4.0,0.10938859730958939,0.006454327205450664,0.8519313484430313,0.0,0.0,0.0,0.0,0.0,0.28271484375,0.3125,0.0,0.0,0.287109375,0.314697265625,0.0,0.0,0.0,0.0,0.0
4f78ac391bcce711,04_ocha_humanitarian_icons,OCHA Humanitarian Icons,cyclone,iconsets,icon_data/normalized_256/04_ocha_humanitarian_icons/cyclone__4f78ac391bcc.png,0.3506011962890625,0.0216064453125,1.0,778.0,0.18994140625,84.23650385604113,0.3506011962890625,1.0,0.6135380507343124,0.0007656915043859764,0.5526049057368742,0.5538648813146683,0.06563084823954389,0.938411272207474,1.0,1.0,1.0,0.16517722606658936,0.3357011079788208,0.16531775891780853,0.33380380272865295,1.0,7.0,0.0,0.0,0.8940954580903053,0.0,0.204833984375,0.60693359375,0.0,0.604248046875,0.5908203125,0.58984375,0.207763671875,0.20458984375,0.590576171875,0.590087890625,0.608154296875,0.0,0.60498046875,0.206787109375,0.0
4fcf8b7da52c0823,10_openmoji,OpenMoji,flag: Caribbean Netherlands,flags / country-flag,icon_data/normalized_256/10_openmoji/1f1e7_1f1f6__4fcf8b7da52c.png,0.3901214599609375,0.033233642578125,2.0,991.0,0.241943359375,66.13118062563068,0.754812234293812,1.5890410958904109,0.7635359116022099,0.05397759171636789,0.7162515942807277,0.5892957046062037,0.06711776899910041,0.9371036909430781,2.0,7.0,1.0,0.4973960816860199,0.13193778693675995,0.3365755081176758,0.03409060463309288,0.0,82.0,0.5527936816215515,0.41335329755911104,0.631276935338974,0.11328125,0.140625,0.140625,0.11328125,0.6767578125,0.3310546875,0.386962890625,0.73583984375,0.404296875,0.87890625,1.0,0.8125,0.11328125,0.140625,0.140625,0.11328125
4fd048c30fe0b090,05_mulberry_symbols,Mulberry Symbols,L,iconsets,icon_data/normalized_256/05_mulberry_symbols/l__4fd048c30fe0.png,0.14935302734375,0.0093231201171875,1.0,352.0,0.0859375,186.1818181818182,0.4192042485759561,0.712707182320442,0.6019865309511363,0.13564512269203668,0.21424140925443494,0.5097948480641679,0.06334286881896199,0.9404304381245197,1.0,0.0,0.6636832112828858,0.3994729816913605,0.005545596592128277,0.5840683579444885,0.010913018137216568,0.0,11.0,0.49327415227890015,0.08141328809873037,0.749237060546875,0.0,0.278076171875,0.0,0.0,0.0,0.59375,0.0,0.0,0.0,0.62890625,0.140625,0.024169921875,0.0,0.302978515625,0.359375,0.061767578125
4fdb75ec8283d1a8,06_blissymbolics,Blissymbolics,account,Blissymbolics char,icon_data/normalized_256/06_blissymbolics/account_ca20728d35f0__4fdb75ec8283.png,0.4296875,0.01214599609375,1.0,376.0,0.091796875,174.29787234042553,1.0,0.4296875,1.0,0.0,1.0,1.0,0.02599431818181818,0.9746642669251003,1.0,0.0,0.8278457196613358,0.24282138049602509,0.12408175319433212,0.5090005397796631,0.1240963414311409,1.0,8.0,0.0,0.0,0.07746005058288574,0.0,0.859375,0.859375,0.0,0.0,0.859375,0.859375,0.0,0.0,0.859375,0.859375,0.0,0.0,0.859375,0.859375,0.0
50803b0fa0bc7dbb,03_mapbox_maki_icons,Mapbox Maki,fire station JP,cartography / point of interest,icon_data/normalized_256/03_mapbox_maki_icons/fire_station_jp__50803b0fa0bc.png,0.3184967041015625,0.008819580078125,1.0,562.0,0.13720703125,116.61209964412811,0.5065278586682198,0.9901960784313726,0.7420191965872733,0.08782074713724046,0.9974162679425838,0.1931519378072482,0.04560916015905715,0.9563802978235968,1.0,0.0,0.7326687493418513,0.16482876241207123,0.314069539308548,0.2053898423910141,0.3157118260860443,1.0,7.0,0.0,0.0,0.5127617120742798,0.294189453125,0.2158203125,0.21630859375,0.293701171875,0.37841796875,0.802001953125,0.802490234375,0.375,0.000244140625,0.60546875,0.605224609375,0.000244140625,0.0,0.254150390625,0.252685546875,0.0
51106bd6138d8891,06_blissymbolics,Blissymbolics,activity,Blissymbolics char,icon_data/normalized_256/06_blissymbolics/activity_d25fbab9b682__51106bd6138d.png,0.23828125,0.004608154296875,1.0,376.0,0.091796875,174.29787234042553,1.0,0.23828125,1.0,0.002772967769359,0.967741935483871,1.0,0.04059938524590164,0.9609846153846154,1.0,0.0,0.7548337200309357,0.03284217789769173,0.46964848041534424,0.027805404737591743,0.46970388293266296,1.0,8.0,0.0,0.0,0.043979763984680176,0.0,0.484375,0.46875,0.0,0.0,0.484375,0.46875,0.0,0.0,0.484375,0.46875,0.0,0.0,0.484375,0.46875,0.0
517100f01a1d3fad,02_aiga_dot_symbol_signs,AIGA/DOT Symbol Signs,Aiga heliport,,icon_data/normalized_256/02_aiga_dot_symbol_signs/aiga_heliport__517100f01a1d.png,0.3280181884765625,0.04400634765625,2.0,847.0,0.206787109375,77.37426210153482,0.5215692934782609,1.5900621118012421,0.6323390987174962,0.11825694156899531,0.3811114680372631,0.37563191911435334,0.07321951900265153,0.9317758224610984,2.0,0.0,0.6306139810496054,0.5679246187210083,0.07032394409179688,0.21297919750213623,0.14877229928970337,1.0,8.0,0.0,0.0,0.9044346362352371,0.056396484375,0.1982421875,0.1298828125,0.18505859375,0.644287109375,0.66064453125,0.7626953125,0.5087890625,0.0,0.1884765625,0.6875,0.646484375,0.0,0.09228515625,0.25,0.237548828125
51728b83850bdd59,06_blissymbolics,Blissymbolics,agreement,Blissymbolics char,icon_data/normalized_256/06_blissymbolics/agreement_c0e57121e372__51728b83850b.png,0.4296875,0.0113983154296875,1.0,376.0,0.091796875,174.29787234042553,1.0,0.4296875,1.0,0.0,1.0,1.0,0.02599431818181818,0.9746642669251003,1.0,0.0,0.8278457196613358,0.564957320690155,0.19965334236621857,0.03495027869939804,0.20043909549713135,1.0,8.0,0.0,0.0,0.07161879539489746,0.0,0.859375,0.859375,0.0,0.0,0.859375,0.859375,0.0,0.0,0.859375,0.859375,0.0,0.0,0.859375,0.859375,0.0
517f83a05bb39646,07_arasaac_pictograms,ARASAAC Pictograms,pick up toilet paper,verb; hygiene product,icon_data/normalized_256/07_arasaac_pictograms/10147__517f83a05bb3.png,0.2985992431640625,0.030792236328125,1.0,508.0,0.1240234375,129.00787401574803,0.41009681881051174,0.8215767634854771,0.7484366932476623,0.1201344497083928,0.2847295168067227,0.19505343511450382,0.04885277735193418,0.9534226552984165,1.0,0.0,0.7189991549399272,0.22603313624858856,0.3349398076534271,0.3730597198009491,0.06596727669239044,0.0,42.0,0.1403781920671463,0.19236071040131605,0.21901488304138184,0.0,0.51318359375,0.678955078125,0.2431640625,0.007080078125,0.843994140625,0.635986328125,0.081787109375,0.19482421875,0.822998046875,0.012939453125,0.0,0.406494140625,0.336181640625,0.0,0.0
51d80cf1656e9432,03_mapbox_maki_icons,Mapbox Maki,campsite,cartography / point of interest,icon_data/normalized_256/03_mapbox_maki_icons/campsite__51d80cf1656e.png,0.4656524658203125,0.010833740234375,1.0,646.0,0.15771484375,101.44891640866874,0.6172532362459547,1.1650485436893203,0.9098959420376278,0.052881097290946755,0.9973165783100988,0.4766052160449025,0.036373169053314544,0.9649034053182407,1.0,1.0,1.0,0.5030771493911743,0.17359872162342072,0.1521114856004715,0.17121253907680511,1.0,7.0,0.0,0.0,0.6436541080474854,0.0,0.446044921875,0.4462890625,0.0,0.130126953125,0.873046875,0.8740234375,0.133056640625,0.755126953125,0.893310546875,0.893798828125,0.755126953125,0.281494140625,0.34375,0.34375,0.281494140625
51ff37d0a730398b,07_arasaac_pictograms,ARASAAC Pictograms,cut the grass,verb; work tool; gardening,icon_data/normalized_256/07_arasaac_pictograms/10151__51ff37d0a730.png,0.65460205078125,0.0478515625,1.0,664.0,0.162109375,98.6987951807229,0.7031864673485445,0.9919354838709677,0.8450953933436426,0.1935017483756177,0.8673282841472969,0.4063729346970889,0.024335664335664337,0.9762424904423812,1.0,0.0,0.8370405057363615,0.27971699833869934,0.0763547495007515,0.35578373074531555,0.28814446926116943,0.0,66.0,0.6748788952827454,0.5244722070738682,0.44804078340530396,0.34716796875,0.09326171875,0.0,0.0,0.745849609375,0.698974609375,0.59375,0.54736328125,0.921875,1.0,1.0,0.921875,0.8642578125,0.9375,0.9375,0.8642578125
522558cd07f7a859,01_mcdougall_symbol_icon_set,McDougall Symbol/Icon Set,Cockpit,,icon_data/normalized_256/01_mcdougall_symbol_icon_set/mcdougall_047__522558cd07f7.png,0.112030029296875,0.025177001953125,14.0,544.0,0.1328125,120.47058823529412,0.666969476744186,0.671875,0.7078332128223669,0.03552810496463229,0.7881149537262543,0.45906200317965024,0.21302097521111413,0.8243880529979789,14.0,8.0,0.5714285714285714,0.364167720079422,0.07192790508270264,0.4885323643684387,0.07537203282117844,0.0,3.0,0.010512282140552998,0.021089785558591517,0.8916076496243477,0.0,0.0,0.0,0.0,0.0,0.534912109375,0.535400390625,0.0,0.0,0.390625,0.33154296875,0.0,0.0,0.0,0.0,0.0
523874bc6e9471b3,10_openmoji,OpenMoji,flag: Barbados,flags / country-flag,icon_data/normalized_256/10_openmoji/1f1e7_1f1e7__523874bc6e94.png,0.5166015625,0.031097412109375,1.0,556.0,0.1357421875,117.87050359712231,0.9995276334435522,1.5890410958904109,1.0,0.0,1.0,1.0,0.022329867674858225,0.9781578643245117,1.0,0.0,0.8484362469927826,0.4950474798679352,0.03088652342557907,0.443175733089447,0.030890151858329773,0.0,33.0,0.6983740925788879,0.4980025141599749,0.63447704911232,0.11328125,0.140625,0.140625,0.11328125,0.8125,1.0,1.0,0.8125,0.8125,1.0,1.0,0.8125,0.11328125,0.140625,0.140625,0.11328125
52d0b87b5f977080,10_openmoji,OpenMoji,flag: Canada,flags / country-flag,icon_data/normalized_256/10_openmoji/1f1e8_1f1e6__52d0b87b5f97.png,0.392364501953125,0.01123046875,2.0,898.0,0.21923828125,72.97995545657015,0.7591521020311762,1.5890410958904109,0.7679259369867105,0.0017867013417757652,0.9998444548141235,0.948768472906404,0.06004511161235125,0.9433560789492993,2.0,1.0,0.6755109546576997,0.5323451161384583,0.027272863313555717,0.4131894111633301,0.027192654088139534,0.0,34.0,0.5936939716339111,0.46869459822283666,0.6280345916748047,0.11328125,0.140625,0.140625,0.11328125,0.8125,0.529541015625,0.52978515625,0.8125,0.8125,0.476318359375,0.4765625,0.8125,0.11328125,0.140625,0.140625,0.11328125
53da1ff6a25b961c,13_usp_pictograms_manual,USP Pictograms,46,medication instruction,icon_data/normalized_256/13_usp_pictograms_manual/46__53da1ff6a25b.png,0.85546875,0.056732177734375,1.0,376.0,0.091796875,174.29787234042553,1.0,0.85546875,1.0,0.002772967769359,0.990909090909091,1.0,0.0169449200913242,0.9833374258953941,1.0,0.0,0.8806232721789394,0.3807040750980377,0.14399529993534088,0.34542739391326904,0.12987326085567474,1.0,8.0,0.0,0.0,0.22223728895187378,0.71875,1.0,1.0,0.703125,0.71875,1.0,1.0,0.703125,0.71875,1.0,1.0,0.703125,0.71875,1.0,1.0,0.703125
5423a69d6b2b2b86,03_mapbox_maki_icons,Mapbox Maki,animal shelter,cartography / point of interest,icon_data/normalized_256/03_mapbox_maki_icons/animal_shelter__5423a69d6b2b.png,0.5652008056640625,0.01080322265625,1.0,601.0,0.146728515625,109.04492512479202,0.7435712134899127,0.8436213991769548,0.8763574419760096,0.087252991908019,0.645316039621552,0.6391273564032215,0.028292972651926245,0.9724854944997243,1.0,0.0,0.815432030820033,0.30721062421798706,0.11983507871627808,0.4948938488960266,0.07806045562028885,1.0,7.0,0.0,0.0,0.7048653662204742,0.0,0.23779296875,0.804931640625,0.296630859375,0.339111328125,0.736328125,1.0,0.241943359375,0.5986328125,1.0,1.0,0.13232421875,0.462158203125,0.875,0.875,0.443359375
545036e4a4a01391,03_mapbox_maki_icons,Mapbox Maki,beach,cartography / point of interest,icon_data/normalized_256/03_mapbox_maki_icons/beach__545036e4a4a0.png,0.3941802978515625,0.01153564453125,1.0,733.0,0.178955078125,89.40791268758527,0.4950557663562148,1.0493273542600896,0.6229322401736195,0.021454588721333257,0.6940783002164076,0.5116741763707648,0.04792319900901947,0.9542684053045695,1.0,0.0,0.722864258331701,0.7367874383926392,0.07905231416225433,0.08611471951007843,0.09804556518793106,1.0,7.0,0.0,0.0,0.4620821475982666,0.09130859375,0.74658203125,0.81591796875,0.138427734375,0.24853515625,0.774658203125,0.62744140625,0.05224609375,0.0,0.157470703125,0.640625,0.0,0.39990234375,0.60888671875,0.607421875,0.3974609375
545dac5622ef2473,07_arasaac_pictograms,ARASAAC Pictograms,answer,verb; mass media,icon_data/normalized_256/07_arasaac_pictograms/10176__545dac5622ef.png,0.535552978515625,0.0445556640625,1.0,580.0,0.1416015625,112.99310344827586,0.5752921700077038,1.0,0.8910270242825047,0.10480656156678225,0.44133711141226234,0.4158128277531263,0.02957433471992706,0.9712751826433473,1.0,0.0,0.8086724114096124,0.24078281223773956,0.13028159737586975,0.18812353909015656,0.4408121407032013,0.0,55.0,0.021566037088632584,0.05152678488400622,0.10549414157867432,0.123046875,0.6650390625,0.0576171875,0.001708984375,0.659423828125,1.0,0.94189453125,0.30908203125,0.06884765625,0.814453125,1.0,0.718017578125,0.0,0.439453125,0.90625,0.864013671875
54b2ff95d94940c2,07_arasaac_pictograms,ARASAAC Pictograms,poor,qualifying adjective; economy,icon_data/normalized_256/07_arasaac_pictograms/10209__54b2ff95d949.png,0.2128143310546875,0.0200042724609375,1.0,580.0,0.1416015625,112.99310344827586,0.46096641988365944,0.5081967213114754,0.6623293363409711,0.09651312792161723,0.254226618705036,0.6538598363571683,0.08532300853230085,0.9213846865296954,1.0,0.0,0.5943239442621554,0.17277240753173828,0.16651266813278198,0.5200561881065369,0.14065876603126526,0.0,40.0,0.4194352328777313,0.3312123548013859,0.528351366519928,0.0,0.05029296875,0.54345703125,0.0,0.0,0.355712890625,0.872314453125,0.0,0.0,0.169921875,0.79248046875,0.0,0.0,0.152587890625,0.46826171875,0.0
54b8ad310d3734b4,10_openmoji,OpenMoji,flag: Bahrain,flags / country-flag,icon_data/normalized_256/10_openmoji/1f1e7_1f1ed__54b8ad310d37.png,0.400360107421875,0.0152587890625,1.0,826.0,0.20166015625,79.34140435835351,0.7746221067548418,1.5890410958904109,0.7835747349559504,0.1187380776028806,0.5499763705103969,0.9983244478293983,0.051452092385090326,0.9510656807307525,1.0,1.0,1.0,0.5633728504180908,0.03430863842368126,0.3673989772796631,0.03491955250501633,0.0,38.0,0.5999031066894531,0.4706018199369733,0.6327703595161438,0.11328125,0.140625,0.140625,0.11328125,0.19189453125,0.693359375,1.0,0.8125,0.19189453125,0.68798828125,1.0,0.8125,0.11328125,0.140625,0.140625,0.11328125
54c514030b66fffb,10_openmoji,OpenMoji,flag: Argentina,flags / country-flag,icon_data/normalized_256/10_openmoji/1f1e6_1f1f7__54c514030b66.png,0.40350341796875,0.0216064453125,2.0,952.0,0.232421875,68.84033613445378,0.7807038261691073,1.5890410958904109,0.7897267433179035,0.0,1.0,1.0,0.05369838148540312,0.949038185472294,2.0,1.0,0.6995026981271822,0.6030607223510742,0.007852793671190739,0.38123372197151184,0.007852793671190739,0.0,33.0,0.44429606199264526,0.3484302303586678,0.4545503854751587,0.11328125,0.140625,0.140625,0.11328125,0.6123046875,0.747802734375,0.747802734375,0.6123046875,0.6123046875,0.747802734375,0.747802734375,0.6123046875,0.11328125,0.140625,0.140625,0.11328125
54f11c59f9368886,02_aiga_dot_symbol_signs,AIGA/DOT Symbol Signs,Aiga toiletsq men,,icon_data/normalized_256/02_aiga_dot_symbol_signs/aiga_toiletsq_men__54f11c59f936.png,0.2285919189453125,0.0312347412109375,2.0,688.0,0.16796875,95.25581395348837,0.5851953125,0.390625,0.7653519975477674,0.02257798944380139,0.9948069241011984,0.5822771440642163,0.08477404712636005,0.9218509630176605,2.0,0.0,0.5958792410803071,0.12022887915372849,0.06835979223251343,0.7390555143356323,0.07235579192638397,1.0,1.0,0.0,0.0,1.0,0.0,0.333740234375,0.330078125,0.0,0.0,0.699951171875,0.7041015625,0.0,0.0,0.451171875,0.451416015625,0.0,0.0,0.343505859375,0.343505859375,0.0
551bcd5a9f4fef12,09_universal_symbols_healthcare_webfont,Universal Symbols Healthcare Webfont,i hearing assistance,healthcare wayfinding,icon_data/normalized_256/09_universal_symbols_healthcare_webfont/i_hearing_assistance__551bcd5a9f4f.png,0.984375,0.0268402099609375,1.0,1.0,0.000244140625,65536.0,1.0,0.984375,1.0,0.0,1.0,1.0,0.015749007936507936,0.9844951776339885,1.0,0.0,0.8881057268722466,0.16571693122386932,0.233550563454628,0.22201983630657196,0.37871265411376953,1.0,8.0,0.0,0.0,0.2031969428062439,0.96875,1.0,1.0,0.96875,0.96875,1.0,1.0,0.96875,0.96875,1.0,1.0,0.96875,0.96875,1.0,1.0,0.96875
556801e1e9fe6f11,06_blissymbolics,Blissymbolics,asparagus,Blissymbolics char,icon_data/normalized_256/06_blissymbolics/asparagus_bb909e550ca3__556801e1e9fe.png,0.4296875,0.011199951171875,1.0,376.0,0.091796875,174.29787234042553,1.0,0.4296875,1.0,0.0,1.0,1.0,0.02599431818181818,0.9746642669251003,1.0,0.0,0.8278457196613358,0.39298292994499207,0.13532081246376038,0.335417777299881,0.13627852499485016,1.0,8.0,0.0,0.0,0.0743027925491333,0.0,0.859375,0.859375,0.0,0.0,0.859375,0.859375,0.0,0.0,0.859375,0.859375,0.0,0.0,0.859375,0.859375,0.0
557832c637537739,06_blissymbolics,Blissymbolics,board,Blissymbolics char,icon_data/normalized_256/06_blissymbolics/board_9ea5e97d2f48__557832c63753.png,0.5234375,0.004638671875,1.0,376.0,0.091796875,174.29787234042553,1.0,0.5234375,1.0,0.0,1.0,1.0,0.02273787313432836,0.9777676433701973,1.0,0.0,0.8460931333859512,0.7910928130149841,0.06935252994298935,0.06938153505325317,0.07017309963703156,1.0,8.0,0.0,0.0,0.04822462797164917,0.046875,1.0,1.0,0.046875,0.046875,1.0,1.0,0.046875,0.046875,1.0,1.0,0.046875,0.046875,1.0,1.0,0.046875
55a545d5ac9ac8f7,07_arasaac_pictograms,ARASAAC Pictograms,fat,qualifying adjective; physical features,icon_data/normalized_256/07_arasaac_pictograms/10205__55a545d5ac9a.png,0.25335693359375,0.027801513671875,1.0,514.0,0.12548828125,127.50194552529183,0.6499647694355281,0.43983402489626555,0.852558342532926,0.01884089048343662,0.9534117647058824,0.7422875131164743,0.05733558178752108,0.9457735247208932,1.0,1.0,1.0,0.22636055946350098,0.1622290313243866,0.46132808923721313,0.1500823199748993,0.0,48.0,0.7246600389480591,0.6850767350329804,0.5511104762554169,0.0,0.282958984375,0.29345703125,0.0,0.0,0.68212890625,0.690185546875,0.0,0.0,0.678955078125,0.674560546875,0.0,0.0,0.376708984375,0.374755859375,0.0
55d0f3a72ecf9e2e,06_blissymbolics,Blissymbolics,backward,Blissymbolics char,icon_data/normalized_256/06_blissymbolics/backward_271403026c45__55d0f3a72ecf.png,0.4296875,0.0059051513671875,1.0,376.0,0.091796875,174.29787234042553,1.0,0.4296875,1.0,0.0,1.0,1.0,0.02599431818181818,0.9746642669251003,1.0,0.0,0.8278457196613358,0.5533738136291504,0.20546332001686096,0.03474946692585945,0.20641343295574188,1.0,8.0,0.0,0.0,0.03632146120071411,0.0,0.859375,0.859375,0.0,0.0,0.859375,0.859375,0.0,0.0,0.859375,0.859375,0.0,0.0,0.859375,0.859375,0.0
5606829325a28d03,04_ocha_humanitarian_icons,OCHA Humanitarian Icons,airport not affected,iconsets,icon_data/normalized_256/04_ocha_humanitarian_icons/airport_not_affected__5606829325a2.png,0.3486480712890625,0.02288818359375,2.0,892.0,0.2177734375,73.47085201793722,0.3486480712890625,1.0,0.568821728198362,0.11201124690701428,0.1697041056619228,0.2376902659660907,0.07238828832771675,0.9324980614618618,2.0,1.0,0.633269587871733,0.25811779499053955,0.26027798652648926,0.26419317722320557,0.21741105616092682,1.0,7.0,0.0,0.0,0.885884054005146,0.82177734375,0.5224609375,0.124755859375,0.0,0.534423828125,0.413330078125,0.69091796875,0.044921875,0.06201171875,0.4716796875,0.736572265625,0.46044921875,0.0,0.0419921875,0.650634765625,0.00244140625
565bdfb4ded93b7c,01_mcdougall_symbol_icon_set,McDougall Symbol/Icon Set,External hard disk,,icon_data/normalized_256/01_mcdougall_symbol_icon_set/mcdougall_085__565bdfb4ded9.png,0.091094970703125,0.01959228515625,1.0,310.0,0.07568359375,211.40645161290323,0.773416245627672,1.1204819277108433,0.9548180727708916,0.018379177862309352,0.5636458878994238,0.5616008370389747,0.09246231155778895,0.9153633854645814,1.0,4.0,1.0,0.6059513092041016,0.00725170224905014,0.33406439423561096,0.052732694894075394,0.0,3.0,0.021215803921222687,0.028980120785593384,0.7774176448583603,0.0,0.0,0.0,0.0,0.0,0.476806640625,0.224365234375,0.0,0.0,0.32470703125,0.431640625,0.0,0.0,0.0,0.0,0.0
569ca78170ef30ad,11_iso_7010_safety_signs,ISO 7010 Safety Signs,ISO 7010 W026,iconsets,icon_data/normalized_256/11_iso_7010_safety_signs/iso_7010_w026__569ca78170ef.png,0.875,0.036407470703125,1.0,88.0,0.021484375,744.7272727272727,1.0,1.1428571428571428,1.0,0.0,1.0,1.0,0.016741071428571428,0.9835345773874863,1.0,0.0,0.8818897637795275,0.3563201427459717,0.25819462537765503,0.12424604594707489,0.26123911142349243,1.0,8.0,0.0,0.0,0.24297255277633667,0.75,0.75,0.75,0.75,1.0,1.0,1.0,1.0,1.0,1.0,1.0,1.0,0.75,0.75,0.75,0.75
56bf49614a369441,03_mapbox_maki_icons,Mapbox Maki,historic,cartography / point of interest,icon_data/normalized_256/03_mapbox_maki_icons/historic__56bf49614a36.png,0.6640167236328125,0.0181732177734375,1.0,538.0,0.13134765625,121.81412639405204,0.7555034722222222,1.0,0.9003393056647494,0.08306905614241558,0.9998621323529412,0.7054789151904687,0.022336098536204243,0.9781519027175257,1.0,0.0,0.8484003665217476,0.6892135739326477,0.024715198203921318,0.2609468698501587,0.025124359875917435,1.0,7.0,0.0,0.0,0.6717911958694458,0.51416015625,0.7255859375,0.7255859375,0.51416015625,0.875,1.0,1.0,0.875,0.868896484375,1.0,1.0,0.868408203125,0.053955078125,0.27490234375,0.27490234375,0.0537109375
56fca77111ffbd13,02_aiga_dot_symbol_signs,AIGA/DOT Symbol Signs,Aiga rightanddownarrow,,icon_data/normalized_256/02_aiga_dot_symbol_signs/aiga_rightanddownarrow__56fca77111ff.png,0.490325927734375,0.0229644775390625,1.0,646.0,0.15771484375,101.44891640866874,0.4941791618608228,1.0,0.5613808284271763,0.18597978806883428,0.2703696382684325,0.2703696382684325,0.050413891827970375,0.9520056882147301,1.0,0.0,0.712600345944028,0.15918304026126862,0.0581187941133976,0.15918302536010742,0.6235150694847107,1.0,1.0,0.0,0.0,1.0,0.6533203125,0.1904296875,0.0,0.263916015625,0.1904296875,0.853515625,0.1904296875,0.734375,0.0,0.1904296875,0.853515625,0.86328125,0.263916015625,0.734375,0.86328125,1.0
5745a41760f3e697,01_mcdougall_symbol_icon_set,McDougall Symbol/Icon Set,Airbrush,,icon_data/normalized_256/01_mcdougall_symbol_icon_set/mcdougall_007__5745a41760f3.png,0.0638427734375,0.0153961181640625,6.0,523.0,0.127685546875,125.30783938814531,0.3361992768179992,0.7251908396946565,0.40821503487975025,0.03918261367668527,0.2787286063569682,0.26404833836858005,0.41395793499043976,0.7072346179851251,6.0,43.0,1.0,0.12408504635095596,0.3679955303668976,0.3491477072238922,0.15877176821231842,0.0,4.0,0.10148471593856812,0.007247459309418685,0.8176989555358887,0.0,0.0,0.0,0.0,0.0,0.302001953125,0.328857421875,0.0,0.0,0.16162109375,0.22021484375,0.0,0.0,0.0087890625,0.0,0.0
5753bbb29a3cf6e4,05_mulberry_symbols,Mulberry Symbols,Judas,iconsets,icon_data/normalized_256/05_mulberry_symbols/judas__5753bbb29a3c.png,0.4980316162109375,0.050018310546875,1.0,658.0,0.16064453125,99.59878419452887,0.6594536711520589,0.9690265486725663,0.8606536843909449,0.09129531781536847,0.7061683220073184,0.6145132568262762,0.0394619933208738,0.9620361364105285,1.0,1.0,1.0,0.25960493087768555,0.1507849097251892,0.3746677339076996,0.21494244039058685,0.0,84.0,0.42790019512176514,0.36487432870185504,0.46278274059295654,0.158203125,0.55322265625,0.4423828125,0.0,0.178466796875,0.98486328125,0.793701171875,0.0341796875,0.443115234375,1.0,0.79736328125,0.4140625,0.40283203125,0.7236328125,0.57470703125,0.4677734375
575e76a069516a8f,02_aiga_dot_symbol_signs,AIGA/DOT Symbol Signs,Aiga watertransportation,,icon_data/normalized_256/02_aiga_dot_symbol_signs/aiga_watertransportation__575e76a06951.png,0.47900390625,0.0395660400390625,2.0,955.0,0.233154296875,68.62408376963351,0.5274991178101528,0.9598393574297188,0.7065893872038714,0.11270477058726815,0.9695087521174478,0.497138496756963,0.0644750254841998,0.9394302130715825,2.0,1.0,0.659717552118359,0.568943977355957,0.09039925038814545,0.2534318268299103,0.08722493052482605,1.0,1.0,0.0,0.0,1.0,0.0,0.4111328125,0.418701171875,0.0087890625,0.136962890625,0.973388671875,0.973388671875,0.157958984375,0.039794921875,0.994873046875,1.0,0.057373046875,0.569580078125,0.669189453125,0.671630859375,0.581298828125
577301da38913710,13_usp_pictograms_manual,USP Pictograms,60,medication instruction,icon_data/normalized_256/13_usp_pictograms_manual/60__577301da3891.png,0.73828125,0.0528411865234375,1.0,376.0,0.091796875,174.29787234042553,1.0,0.73828125,1.0,0.002772967769359,0.9894736842105263,1.0,0.01839451058201058,0.9819377359256403,1.0,0.0,0.8717209570481407,0.378120481967926,0.12249492108821869,0.41175025701522827,0.08763433992862701,1.0,8.0,0.0,0.0,0.25036847591400146,0.484375,1.0,1.0,0.46875,0.484375,1.0,1.0,0.46875,0.484375,1.0,1.0,0.46875,0.484375,1.0,1.0,0.46875
5786f314791a3349,04_ocha_humanitarian_icons,OCHA Humanitarian Icons,community engagement,iconsets,icon_data/normalized_256/04_ocha_humanitarian_icons/community_engagement__5786f314791a.png,0.3708038330078125,0.0393829345703125,14.0,1474.0,0.35986328125,44.461329715061055,0.3708038330078125,1.0,0.43295295616309004,0.0002938391992271199,0.8194818808026355,0.8248103927310956,0.12526233488333813,0.8886816602669593,14.0,0.0,0.4994758802129365,0.24039050936698914,0.23293088376522064,0.21839825809001923,0.30828025937080383,1.0,7.0,0.0,0.0,0.8118988126516342,0.444091796875,0.3271484375,0.332275390625,0.4384765625,0.3671875,0.2373046875,0.446044921875,0.371337890625,0.37158203125,0.4462890625,0.239013671875,0.36962890625,0.44091796875,0.33154296875,0.33154296875,0.4384765625
584132414ab15e30,13_usp_pictograms_manual,USP Pictograms,63,medication instruction,icon_data/normalized_256/13_usp_pictograms_manual/63__584132414ab1.png,0.7734375,0.0476226806640625,1.0,376.0,0.091796875,174.29787234042553,1.0,0.7734375,1.0,0.0,1.0,1.0,0.0179135101010101,0.9824017365687262,1.0,0.0,0.8746548868028713,0.345117449760437,0.11102017015218735,0.4392428994178772,0.10461942851543427,1.0,8.0,0.0,0.0,0.2714378833770752,0.546875,1.0,1.0,0.546875,0.546875,1.0,1.0,0.546875,0.546875,1.0,1.0,0.546875,0.546875,1.0,1.0,0.546875
58943740dde89fdc,06_blissymbolics,Blissymbolics,answer,Blissymbolics char,icon_data/normalized_256/06_blissymbolics/answer_39719a0eb5f8__58943740dde8.png,0.4296875,0.0118408203125,1.0,376.0,0.091796875,174.29787234042553,1.0,0.4296875,1.0,0.0,1.0,1.0,0.02599431818181818,0.9746642669251003,1.0,0.0,0.8278457196613358,0.42898720502853394,0.06930936127901077,0.45756518840789795,0.04413824528455734,1.0,8.0,0.0,0.0,0.10469698905944824,0.0,0.859375,0.859375,0.0,0.0,0.859375,0.859375,0.0,0.0,0.859375,0.859375,0.0,0.0,0.859375,0.859375,0.0
58c99176abfd0921,13_usp_pictograms_manual,USP Pictograms,05A,medication instruction,icon_data/normalized_256/13_usp_pictograms_manual/05a__58c99176abfd.png,0.48046875,0.039886474609375,1.0,376.0,0.091796875,174.29787234042553,1.0,0.48046875,1.0,0.002772967769359,0.9838709677419355,1.0,0.024072662601626018,0.976493208459964,1.0,0.0,0.8385172560715807,0.3505537807941437,0.10397475957870483,0.42175012826919556,0.12372138351202011,1.0,8.0,0.0,0.0,0.2632821202278137,0.0,0.96875,0.953125,0.0,0.0,0.96875,0.953125,0.0,0.0,0.96875,0.953125,0.0,0.0,0.96875,0.953125,0.0
590c689e34dd9a79,06_blissymbolics,Blissymbolics,ability,Blissymbolics char,icon_data/normalized_256/06_blissymbolics/ability_8ae5fcc8090b__590c689e34dd.png,0.5234375,0.0096893310546875,1.0,376.0,0.091796875,174.29787234042553,1.0,0.5234375,1.0,0.0,1.0,1.0,0.02273787313432836,0.9777676433701973,1.0,0.0,0.8460931333859512,0.03381054475903511,0.46838998794555664,0.028006868436932564,0.4697926342487335,1.0,8.0,0.0,0.0,0.042724609375,0.046875,1.0,1.0,0.046875,0.046875,1.0,1.0,0.046875,0.046875,1.0,1.0,0.046875,0.046875,1.0,1.0,0.046875
5942b680f6726c6b,11_iso_7010_safety_signs,ISO 7010 Safety Signs,ISO 7010 W031,iconsets,icon_data/normalized_256/11_iso_7010_safety_signs/iso_7010_w031__5942b680f672.png,0.8671875,0.0262603759765625,1.0,376.0,0.091796875,174.29787234042553,1.0,1.1531531531531531,1.0,0.0,1.0,1.0,0.01682150900900901,0.9834567730324635,1.0,0.0,0.8813895781637717,0.21763305366039276,0.34193408489227295,0.10544896870851517,0.33498385548591614,1.0,8.0,0.0,0.0,0.24911457300186157,0.734375,0.734375,0.734375,0.734375,1.0,1.0,1.0,1.0,1.0,1.0,1.0,1.0,0.734375,0.734375,0.734375,0.734375
596e4815bd876597,06_blissymbolics,Blissymbolics,beach,Blissymbolics char,icon_data/normalized_256/06_blissymbolics/beach_97e6740f1b99__596e4815bd87.png,0.80859375,0.0074310302734375,1.0,280.0,0.068359375,234.05714285714285,1.0,0.80859375,1.0,0.002772967769359,0.9903846153846154,1.0,0.017474335748792272,0.9828257724693052,1.0,0.0,0.8773509933774836,0.6735988259315491,0.15717880427837372,0.010649032890796661,0.15857325494289398,1.0,8.0,0.0,0.0,0.024731755256652832,0.625,1.0,1.0,0.609375,0.625,1.0,1.0,0.609375,0.625,1.0,1.0,0.609375,0.625,1.0,1.0,0.609375
597a893297e709dd,04_ocha_humanitarian_icons,OCHA Humanitarian Icons,bucket,iconsets,icon_data/normalized_256/04_ocha_humanitarian_icons/bucket__597a893297e7.png,0.7890625,0.022918701171875,1.0,376.0,0.091796875,174.29787234042553,1.0,0.7890625,1.0,0.0,1.0,1.0,0.0177134900990099,0.9825948164475184,1.0,0.0,0.875880758807588,0.4849420487880707,0.12752920389175415,0.25956398248672485,0.1279647946357727,1.0,8.0,0.0,0.0,0.5204220712184906,0.578125,1.0,1.0,0.578125,0.578125,1.0,1.0,0.578125,0.578125,1.0,1.0,0.578125,0.578125,1.0,1.0,0.578125
5a286c323372c8bb,12_iso_15223_medical_device_symbols,ISO 15223 Medical Device Symbols,atmospheric pressure limitation,medical device label,icon_data/normalized_256/12_iso_15223_medical_device_symbols/atmospheric_pressure_limitation__5a286c323372.png,0.1573638916015625,0.0399169921875,4.0,1216.0,0.296875,53.89473684210526,0.16239921894683798,1.0,0.2549661915769435,0.0020089804125716063,0.7074503311258278,0.692875902823375,0.26839910792204014,0.788395382616008,4.0,3.0,0.75,0.30205878615379333,0.2992773652076721,0.20034359395503998,0.19832023978233337,1.0,7.0,0.0,0.0,0.7748480439186096,0.005126953125,0.149658203125,0.1865234375,0.17626953125,0.197021484375,0.170166015625,0.169189453125,0.204345703125,0.200927734375,0.17431640625,0.173095703125,0.20068359375,0.17333984375,0.184814453125,0.147216796875,0.005126953125
5b1679a32c6ee646,05_mulberry_symbols,Mulberry Symbols,Joseph,iconsets,icon_data/normalized_256/05_mulberry_symbols/joseph__5b1679a32c6e.png,0.4322662353515625,0.0496673583984375,4.0,817.0,0.199462890625,80.21542227662178,0.5748579545454545,1.018181818181818,0.7640585807913262,0.08064420238373803,0.42996315178436223,0.4038852272164131,0.0667866850224152,0.9373945269845472,4.0,1.0,0.6517657885655125,0.1698654592037201,0.1623525172472,0.49961966276168823,0.16816236078739166,0.0,84.0,0.3771979510784149,0.391524888379464,0.4009822607040405,0.0,0.257568359375,0.4638671875,0.232177734375,0.038818359375,0.9833984375,0.69970703125,0.332275390625,0.549072265625,1.0,0.652099609375,0.00146484375,0.49609375,0.6513671875,0.558349609375,0.0
5c000c0625ba1fb6,02_aiga_dot_symbol_signs,AIGA/DOT Symbol Signs,Aiga railtransportation,,icon_data/normalized_256/02_aiga_dot_symbol_signs/aiga_railtransportation__5c000c0625ba.png,0.434173583984375,0.021270751953125,3.0,550.0,0.13427734375,119.15636363636364,0.6816145646185172,0.6521739130434783,0.786456605859591,0.026704495675850082,0.9787204450625869,0.7356349884103941,0.03865888802980249,0.9627799959396359,3.0,0.0,0.763783754764589,0.38324102759361267,0.1639515906572342,0.28916501998901367,0.16364237666130066,1.0,8.0,0.0,0.0,0.7319559454917908,0.048828125,0.674072265625,0.671142578125,0.04150390625,0.140625,1.0,1.0,0.125,0.1123046875,0.997314453125,0.995849609375,0.097900390625,0.073974609375,0.449951171875,0.451904296875,0.06640625
5c0453002753f864,05_mulberry_symbols,Mulberry Symbols,Christmas pudding,iconsets,icon_data/normalized_256/05_mulberry_symbols/christmas_pudding__5c0453002753.png,0.5723114013671875,0.0301513671875,1.0,604.0,0.1474609375,108.50331125827815,0.7580847279489045,0.9517543859649122,0.918681264849242,0.05601959562114108,0.9944166755290864,0.7206624460959721,0.030287679633135146,0.9706026964780167,1.0,0.0,0.804957613477841,0.34052884578704834,0.17342202365398407,0.3063203990459442,0.17972880601882935,0.0,46.0,0.4717365801334381,0.2837488881017002,0.5572052597999573,0.034423828125,0.588623046875,0.588623046875,0.033447265625,0.325439453125,1.0,1.0,0.320068359375,0.614501953125,1.0,1.0,0.60791015625,0.319580078125,0.703857421875,0.702880859375,0.317626953125
5cc0ec603e237840,02_aiga_dot_symbol_signs,AIGA/DOT Symbol Signs,Aiga baggagelockers,,icon_data/normalized_256/02_aiga_dot_symbol_signs/aiga_baggagelockers__5cc0ec603e23.png,0.439300537109375,0.0666961669921875,5.0,1504.0,0.3671875,43.57446808510638,0.5695801843864994,0.7834645669291339,0.627917121046892,0.09991657693912902,0.8093262946204123,0.34356916184431585,0.09246266064605765,0.9153630929670609,5.0,3.0,0.6,0.42817115783691406,0.05889487639069557,0.455699622631073,0.05723433196544647,1.0,1.0,0.0,0.0,1.0,0.072265625,0.767333984375,0.41650390625,0.029296875,0.313720703125,0.39404296875,0.35400390625,0.314208984375,0.34375,0.75341796875,0.73876953125,0.359375,0.420654296875,0.66650390625,0.660888671875,0.424072265625
5ce4313da8bc182f,09_universal_symbols_healthcare_webfont,Universal Symbols Healthcare Webfont,i womens health,healthcare wayfinding,icon_data/normalized_256/09_universal_symbols_healthcare_webfont/i_womens_health__5ce4313da8bc.png,0.458465576171875,0.0289306640625,3.0,1042.0,0.25439453125,62.89443378119002,0.6035272376667202,0.7716535433070866,0.8486132293961476,0.11183341088854695,0.9531950854839758,0.47039248311637466,0.07262197963123211,0.9322948988457243,3.0,1.0,0.6325207359690118,0.2487717717885971,0.15193471312522888,0.44888836145401,0.15040519833564758,1.0,7.0,0.0,0.0,0.8097015917301178,0.0,0.43408203125,0.44970703125,0.0,0.077392578125,0.853271484375,0.858154296875,0.0888671875,0.363037109375,0.83984375,0.834716796875,0.38525390625,0.196533203125,0.87646484375,0.871337890625,0.206787109375
5d17adf5ceb135d5,09_universal_symbols_healthcare_webfont,Universal Symbols Healthcare Webfont,i mri pet,healthcare wayfinding,icon_data/normalized_256/09_universal_symbols_healthcare_webfont/i_mri_pet__5d17adf5ceb1.png,0.64715576171875,0.0498504638671875,3.0,1399.0,0.341552734375,46.84488920657613,0.673462906504065,1.0406504065040652,0.8732678567751766,0.05337798788551653,0.7268026546150401,0.7403364792778006,0.07780816749976421,0.9278088904445222,3.0,25.0,1.0,0.5126434564590454,0.19593048095703125,0.11581089347600937,0.17561519145965576,1.0,7.0,0.0,0.0,0.786785826086998,0.18212890625,0.830078125,0.9091796875,0.397216796875,0.746826171875,0.843017578125,0.683837890625,0.951171875,0.61572265625,0.77001953125,0.7158203125,0.91162109375,0.100830078125,0.67626953125,0.755615234375,0.26513671875
5d2acea1fe822de3,09_universal_symbols_healthcare_webfont,Universal Symbols Healthcare Webfont,i accessibility,healthcare wayfinding,icon_data/normalized_256/09_universal_symbols_healthcare_webfont/i_accessibility__5d2acea1fe82.png,0.2222747802734375,0.0242156982421875,1.0,937.0,0.228759765625,69.94236926360726,0.2768128610519915,0.8221343873517787,0.4545724048618371,0.14166033082227752,0.1920621931260229,0.16508038070862993,0.1179378046268964,0.8945041449186368,1.0,1.0,1.0,0.28224197030067444,0.19337663054466248,0.29740163683891296,0.22697974741458893,1.0,7.0,0.0,0.0,0.6868754029273987,0.002197265625,0.5703125,0.0,0.0,0.10888671875,0.525390625,0.1240234375,0.0,0.33349609375,0.260498046875,0.467041015625,0.042724609375,0.2353515625,0.3330078125,0.334716796875,0.21875
5d6e4a785578ca47,07_arasaac_pictograms,ARASAAC Pictograms,oven,electrical appliance; cookery,icon_data/normalized_256/07_arasaac_pictograms/10135__5d6e4a785578.png,0.644378662109375,0.051544189453125,1.0,580.0,0.1416015625,112.99310344827586,1.0,1.0048780487804878,1.0,0.030502645462949157,1.0,0.8981481481481481,0.01946483542505328,0.9809068103688563,1.0,0.0,0.8652624677293775,0.6225935816764832,0.04857034236192703,0.30676454305648804,0.02207164466381073,0.0,41.0,0.20703250169754028,0.17901068102875725,0.49237239360809326,0.314208984375,0.515625,0.515625,0.314208984375,0.609375,1.0,1.0,0.609375,0.609375,1.0,1.0,0.609375,0.4189453125,0.6875,0.6875,0.4189453125
5d86a6cf79186361,03_mapbox_maki_icons,Mapbox Maki,cafe,cartography / point of interest,icon_data/normalized_256/03_mapbox_maki_icons/cafe__5d86a6cf7918.png,0.4907379150390625,0.01641845703125,1.0,658.0,0.16064453125,99.59878419452887,0.7630673594799156,1.17989417989418,0.8833134209478295,0.04767302183095959,0.6496204349610176,0.6862056309966968,0.033767606728646496,0.9673353986825879,1.0,1.0,1.0,0.7100889086723328,0.04545469209551811,0.1936696320772171,0.05078679695725441,1.0,7.0,0.0,0.0,0.6658786237239838,0.19580078125,0.34375,0.26416015625,0.0,0.609375,1.0,0.90380859375,0.613525390625,0.425537109375,0.99853515625,0.739990234375,0.421142578125,0.303955078125,0.607421875,0.4248046875,0.0
5d96dfc9b1190032,11_iso_7010_safety_signs,ISO 7010 Safety Signs,ISO 7010 W036,iconsets,icon_data/normalized_256/11_iso_7010_safety_signs/iso_7010_w036__5d96dfc9b119.png,0.8671875,0.0377197265625,1.0,376.0,0.091796875,174.29787234042553,1.0,1.1531531531531531,1.0,0.0,1.0,1.0,0.01682150900900901,0.9834567730324635,1.0,0.0,0.8813895781637717,0.43205124139785767,0.2388201653957367,0.053997304290533066,0.27513131499290466,1.0,8.0,0.0,0.0,0.27660852670669556,0.734375,0.734375,0.734375,0.734375,1.0,1.0,1.0,1.0,1.0,1.0,1.0,1.0,0.734375,0.734375,0.734375,0.734375
5da31a704bb7bef9,05_mulberry_symbols,Mulberry Symbols,Ash Wednesday,iconsets,icon_data/normalized_256/05_mulberry_symbols/ash_wednesday__5da31a704bb7.png,0.5185089111328125,0.052459716796875,1.0,700.0,0.1708984375,93.62285714285714,0.7152690073250821,1.0373831775700935,0.8727174666769397,0.03851038596656346,0.7503348099309777,0.7878150155205976,0.03578470321650334,0.9654516009887206,1.0,0.0,0.7774371410922235,0.28648462891578674,0.27745169401168823,0.2286449372768402,0.20741868019104004,0.0,50.0,0.3612722158432007,0.26144372954212447,0.33241361379623413,0.213134765625,0.641357421875,0.42578125,0.04345703125,0.44921875,1.0,0.864501953125,0.357177734375,0.490234375,1.0,1.0,0.24560546875,0.127197265625,0.623046875,0.64208984375,0.17333984375
5e0be52f1e4d6a82,13_usp_pictograms_manual,USP Pictograms,49,medication instruction,icon_data/normalized_256/13_usp_pictograms_manual/49__5e0be52f1e4d.png,0.85546875,0.0601806640625,1.0,376.0,0.091796875,174.29787234042553,1.0,0.85546875,1.0,0.002772967769359,0.990909090909091,1.0,0.0169449200913242,0.9833374258953941,1.0,0.0,0.8806232721789394,0.37863385677337646,0.17028865218162537,0.3067731559276581,0.1443043351173401,1.0,8.0,0.0,0.0,0.28802043199539185,0.71875,1.0,1.0,0.703125,0.71875,1.0,1.0,0.703125,0.71875,1.0,1.0,0.703125,0.71875,1.0,1.0,0.703125
5e385afcc791cef6,02_aiga_dot_symbol_signs,AIGA/DOT Symbol Signs,Aiga bus,,icon_data/normalized_256/02_aiga_dot_symbol_signs/aiga_bus__5e385afcc791.png,0.6577301025390625,0.031524658203125,1.0,622.0,0.15185546875,105.36334405144694,0.8451960784313726,0.816,0.9182314910477489,0.029967030330480326,0.9999536027467174,0.7959668347152202,0.022549588214824265,0.9779476824647776,1.0,0.0,0.8471728149997051,0.5222623944282532,0.07452644407749176,0.32849204540252686,0.07471906393766403,1.0,8.0,0.0,0.0,0.6546634435653687,0.299072265625,0.8974609375,0.897705078125,0.299072265625,0.548828125,1.0,1.0,0.548828125,0.59375,1.0,1.0,0.59375,0.421875,0.500732421875,0.500732421875,0.421875
5e3a48c374c27980,07_arasaac_pictograms,ARASAAC Pictograms,put on shorts,verb; routine,icon_data/normalized_256/07_arasaac_pictograms/10181__5e3a48c374c2.png,0.4630126953125,0.0588836669921875,2.0,943.0,0.230224609375,69.49734888653235,0.6325620179278716,0.8760683760683761,0.7786502437772646,0.08583315339015087,0.6831595296205902,0.577294937103649,0.057540205641972056,0.9455905266438143,2.0,1.0,0.6847806463260516,0.1857234239578247,0.133741557598114,0.5339325666427612,0.14660245180130005,0.0,26.0,0.07692402601242065,0.05266593931782919,0.22706907987594604,0.32958984375,0.7744140625,0.6640625,0.220458984375,0.34765625,0.982666015625,0.937744140625,0.23486328125,0.052734375,0.906982421875,0.803955078125,0.093017578125,0.0,0.525390625,0.53466796875,0.0
5e3b9d9f5106cdb5,04_ocha_humanitarian_icons,OCHA Humanitarian Icons,debris management,iconsets,icon_data/normalized_256/04_ocha_humanitarian_icons/debris_management__5e3b9d9f5106.png,0.476470947265625,0.027496337890625,5.0,985.0,0.240478515625,66.53401015228427,0.476470947265625,1.0,0.6702872107500107,0.19737470958960837,0.5256009380496385,0.26421052631578945,0.07064625632485749,0.934015314668581,5.0,2.0,0.6389082129557638,0.23984353244304657,0.27245429158210754,0.18307055532932281,0.30463162064552307,1.0,7.0,0.0,0.0,0.9009348601102829,0.0,0.2265625,0.4375,0.0,0.02099609375,0.85498046875,0.55712890625,0.474609375,0.360107421875,0.48486328125,0.281494140625,0.462158203125,0.92724609375,1.0,0.893310546875,0.642578125
5e3fe9ea27623741,03_mapbox_maki_icons,Mapbox Maki,bakery,cartography / point of interest,icon_data/normalized_256/03_mapbox_maki_icons/bakery__5e3fe9ea2762.png,0.4457550048828125,0.0120086669921875,1.0,436.0,0.1064453125,150.3119266055046,0.7362147177419355,1.6516129032258065,0.8817288682975416,0.002122028645651257,0.9995208761122519,0.6595466681815599,0.03156129120596995,0.9694043471046956,1.0,0.0,0.7984093580037716,0.4269883930683136,0.09841417521238327,0.3750608265399933,0.09953662753105164,1.0,7.0,0.0,0.0,0.6191347539424896,0.0,0.223388671875,0.22216796875,0.0,0.5302734375,0.953857421875,0.953857421875,0.52978515625,0.923095703125,0.885498046875,0.885498046875,0.923095703125,0.03857421875,0.01220703125,0.01220703125,0.03857421875
5e96e6ee1bed5721,09_universal_symbols_healthcare_webfont,Universal Symbols Healthcare Webfont,billing,healthcare wayfinding,icon_data/normalized_256/09_universal_symbols_healthcare_webfont/billing__5e96e6ee1bed.png,0.8306884765625,0.040374755859375,1.0,1144.0,0.279296875,57.28671328671329,0.8306884765625,1.0,0.8447447843526701,0.011484089488660879,0.8465504375551184,0.7869099980305915,0.05587803085966201,0.9470790856268049,1.0,6.0,1.0,0.31712082028388977,0.17137740552425385,0.36263152956962585,0.1488702893257141,1.0,7.0,0.0,0.0,0.8609827607870102,0.94482421875,0.896728515625,0.913818359375,0.935546875,0.882568359375,0.692138671875,0.595458984375,0.7158203125,0.846435546875,0.761962890625,0.684814453125,0.762939453125,0.899169921875,0.940185546875,0.923828125,0.894775390625
5eafbd9c46e9f61e,04_ocha_humanitarian_icons,OCHA Humanitarian Icons,bus,iconsets,icon_data/normalized_256/04_ocha_humanitarian_icons/bus__5eafbd9c46e9.png,0.64324951171875,0.0299224853515625,1.0,1009.0,0.246337890625,64.95143706640238,0.64324951171875,1.0,0.6783708543198751,0.004373542538458242,0.97655663915979,0.4302775327407206,0.05465414175918019,0.9481781376518219,1.0,5.0,1.0,0.4812353253364563,0.07443583011627197,0.3693077564239502,0.07502102851867676,1.0,7.0,0.0,0.0,0.9017718508839607,0.764404296875,0.748779296875,0.748779296875,0.764404296875,0.490478515625,0.21875,0.21875,0.490478515625,0.74755859375,0.89013671875,0.89013671875,0.748046875,0.630615234375,0.65625,0.65625,0.628173828125
5f8948f5de00a1db,13_usp_pictograms_manual,USP Pictograms,78,medication instruction,icon_data/normalized_256/13_usp_pictograms_manual/78__5f8948f5de00.png,0.77734375,0.0504608154296875,1.0,376.0,0.091796875,174.29787234042553,1.0,0.77734375,1.0,0.002772967769359,0.99,1.0,0.017862751256281405,0.9824507270413083,1.0,0.0,0.8749656499038198,0.3199322521686554,0.17431215941905975,0.34124284982681274,0.1645127832889557,1.0,8.0,0.0,0.0,0.23416674137115479,0.5625,1.0,1.0,0.546875,0.5625,1.0,1.0,0.546875,0.5625,1.0,1.0,0.546875,0.5625,1.0,1.0,0.546875
5f9147febc575092,02_aiga_dot_symbol_signs,AIGA/DOT Symbol Signs,Aiga firstaid,,icon_data/normalized_256/02_aiga_dot_symbol_signs/aiga_firstaid__5f9147febc57.png,0.548583984375,0.02935791015625,1.0,688.0,0.16796875,95.25581395348837,0.5661375661375662,1.0,0.7303902647136501,0.0,1.0,1.0,0.028037383177570093,0.9727272727272728,1.0,0.0,0.816793893129771,0.4916107654571533,0.008389263413846493,0.4916107654571533,0.008389263413846493,1.0,1.0,0.0,0.0,1.0,0.0,0.65087890625,0.65087890625,0.0,0.65087890625,0.892578125,0.892578125,0.65087890625,0.65087890625,0.892578125,0.892578125,0.65087890625,0.0,0.65087890625,0.65087890625,0.0
5f929af5768f0554,10_openmoji,OpenMoji,flag: Congo - Brazzaville,flags / country-flag,icon_data/normalized_256/10_openmoji/1f1e8_1f1ec__5f929af5768f.png,0.5166015625,0.02581787109375,1.0,556.0,0.1357421875,117.87050359712231,0.9995276334435522,1.5890410958904109,1.0,0.0,1.0,1.0,0.022329867674858225,0.9781578643245117,1.0,0.0,0.8484362469927826,0.5765081644058228,0.07251105457544327,0.34367990493774414,0.00730094313621521,0.0,44.0,0.6644654870033264,0.5271102263820117,0.558092325925827,0.11328125,0.140625,0.140625,0.11328125,0.8125,1.0,1.0,0.8125,0.8125,1.0,1.0,0.8125,0.11328125,0.140625,0.140625,0.11328125
5f97b07f3f68b1e8,06_blissymbolics,Blissymbolics,blindness,Blissymbolics char,icon_data/normalized_256/06_blissymbolics/blindness_557a98d0e6ef__5f97b07f3f68.png,0.4296875,0.010833740234375,1.0,376.0,0.091796875,174.29787234042553,1.0,0.4296875,1.0,0.0,1.0,1.0,0.02599431818181818,0.9746642669251003,1.0,0.0,0.8278457196613358,0.1534377783536911,0.5612828135490417,0.15118016302585602,0.1340993344783783,1.0,8.0,0.0,0.0,0.06528085470199585,0.0,0.859375,0.859375,0.0,0.0,0.859375,0.859375,0.0,0.0,0.859375,0.859375,0.0,0.0,0.859375,0.859375,0.0
5faf7a6aeb38cda6,13_usp_pictograms_manual,USP Pictograms,45,medication instruction,icon_data/normalized_256/13_usp_pictograms_manual/45__5faf7a6aeb38.png,0.484375,0.0366668701171875,1.0,376.0,0.091796875,174.29787234042553,1.0,2.064516129032258,1.0,0.0,1.0,1.0,0.023941532258064516,0.9766182623677085,1.0,0.0,0.8392554991539763,0.45879703760147095,0.080710269510746,0.37536728382110596,0.0851254090666771,1.0,8.0,0.0,0.0,0.2193666696548462,0.0,0.0,0.0,0.0,0.96875,0.96875,0.96875,0.96875,0.96875,0.96875,0.96875,0.96875,0.0,0.0,0.0,0.0
5fb96a680c16e296,04_ocha_humanitarian_icons,OCHA Humanitarian Icons,covid 19,iconsets,icon_data/normalized_256/04_ocha_humanitarian_icons/covid_19__5fb96a680c16.png,0.5766754150390625,0.0281829833984375,1.0,928.0,0.2265625,70.62068965517241,0.5766754150390625,1.0,0.7198255337790221,0.004837230128438103,0.9433845837404227,0.943484521238301,0.055460005821183815,0.9474541853643862,1.0,2.0,1.0,0.22831466794013977,0.2715676426887512,0.2284456193447113,0.27167201042175293,1.0,7.0,0.0,0.0,0.9113010391592979,0.336669921875,0.515869140625,0.51611328125,0.341064453125,0.51611328125,0.794189453125,1.0,0.51611328125,0.515869140625,1.0,0.94482421875,0.51611328125,0.341064453125,0.515869140625,0.515869140625,0.341064453125
5ff081db06c207dd,04_ocha_humanitarian_icons,OCHA Humanitarian Icons,cash transfer,iconsets,icon_data/normalized_256/04_ocha_humanitarian_icons/cash_transfer__5ff081db06c2.png,0.52197265625,0.0184326171875,3.0,1342.0,0.32763671875,48.83457526080477,0.52197265625,1.0,0.5827548317305645,6.422666056055358e-05,0.8760557200833607,0.8761586135029891,0.0730823199251637,0.93189495477825,3.0,3.0,1.0,0.6277093887329102,0.11036036908626556,0.15459734201431274,0.10733288526535034,1.0,7.0,0.0,0.0,0.8603474199771881,0.270751953125,0.328125,0.328125,0.5458984375,0.72998046875,0.62158203125,0.62158203125,0.72998046875,0.72998046875,0.6220703125,0.62158203125,0.72998046875,0.545166015625,0.328125,0.328125,0.2705078125
5fff735e58e767fc,10_openmoji,OpenMoji,P button,symbols / alphanum,icon_data/normalized_256/10_openmoji/1f17f__5fff735e58e7.png,0.2101898193359375,0.0260772705078125,2.0,898.0,0.21923828125,72.97995545657015,0.415861610916556,1.0,0.4248003207203873,0.019774677990065416,0.7952560927929102,0.7257579553996492,0.1325589836660617,0.8829562207550798,2.0,2.0,1.0,0.43436193466186523,0.03458355367183685,0.49875974655151367,0.03229479491710663,0.0,24.0,0.5653877854347229,0.40433288115629895,0.4518623948097229,0.106201171875,0.171875,0.171875,0.10595703125,0.171875,0.48681640625,0.478759765625,0.171875,0.171875,0.4267578125,0.10498046875,0.171875,0.10791015625,0.203125,0.203125,0.108154296875
600aa9080a0c1b6b,10_openmoji,OpenMoji,keycap: 6,symbols / keycap,icon_data/normalized_256/10_openmoji/0036_fe0f_20e3__600aa9080a0c.png,0.505126953125,0.0251007080078125,1.0,520.0,0.126953125,126.03076923076924,0.9993962081874169,1.0,1.0,0.0,1.0,1.0,0.02199130014499758,0.9784819106171672,1.0,0.0,0.8503904644471845,0.44609037041664124,0.040165286511182785,0.47881168127059937,0.034932635724544525,0.0,23.0,0.3305295407772064,0.23278131884139766,0.3848041892051697,0.1767578125,0.421875,0.421875,0.1767578125,0.421875,1.0,1.0,0.421875,0.421875,1.0,1.0,0.421875,0.1767578125,0.421875,0.421875,0.1767578125
6013957616ced5dd,01_mcdougall_symbol_icon_set,McDougall Symbol/Icon Set,First aid,,icon_data/normalized_256/01_mcdougall_symbol_icon_set/mcdougall_098__6013957616ce.png,0.160888671875,0.009765625,1.0,376.0,0.091796875,174.29787234042553,0.5645748554294281,0.7204968944099379,0.73559369331659,0.015321849547927324,0.9219832300401021,0.8343771746694503,0.05254172989377845,0.9500810956929177,1.0,0.0,0.7040598290598291,0.4026033878326416,0.013816910795867443,0.5697628259658813,0.013816910795867443,0.0,1.0,0.11428575962781906,0.004850712500726659,0.8732941150665283,0.0,0.09130859375,0.07470703125,0.0,0.0,0.6337890625,0.603515625,0.0,0.0,0.5283203125,0.486328125,0.0,0.0,0.0859375,0.0703125,0.0
602be90c193d63b2,03_mapbox_maki_icons,Mapbox Maki,grocery,cartography / point of interest,icon_data/normalized_256/03_mapbox_maki_icons/grocery__602be90c193d.png,0.580902099609375,0.0114593505859375,1.0,583.0,0.142333984375,112.41166380789022,0.6475150525563833,0.9715447154471545,0.8381401083175554,0.06885697948762387,0.6499804966844364,0.5490092362778207,0.028473863934856843,0.9723144506308423,1.0,0.0,0.8144709255059689,0.4959275722503662,0.10307218134403229,0.3427378833293915,0.05826239287853241,1.0,7.0,0.0,0.0,0.6564657390117645,0.052001953125,0.078125,0.25048828125,0.652099609375,0.770751953125,1.0,1.0,0.34814453125,0.4697265625,1.0,1.0,0.3427734375,0.465087890625,0.81103515625,0.932861328125,0.121337890625
607b239ac1638ce4,13_usp_pictograms_manual,USP Pictograms,05,medication instruction,icon_data/normalized_256/13_usp_pictograms_manual/05__607b239ac163.png,0.765625,0.044769287109375,1.0,376.0,0.091796875,174.29787234042553,1.0,1.3061224489795917,1.0,0.0,1.0,1.0,0.018016581632653062,0.9823022709475333,1.0,0.0,0.8740245261984392,0.42951321601867676,0.11217889934778214,0.32365310192108154,0.13465477526187897,1.0,8.0,0.0,0.0,0.23466414213180542,0.53125,0.53125,0.53125,0.53125,1.0,1.0,1.0,1.0,1.0,1.0,1.0,1.0,0.53125,0.53125,0.53125,0.53125
60949bfc24ab63d3,07_arasaac_pictograms,ARASAAC Pictograms,unpleasant,qualifying adjective; feeling,icon_data/normalized_256/07_arasaac_pictograms/10195__60949bfc24ab.png,0.26287841796875,0.0765380859375,14.0,1291.0,0.315185546875,50.76374903175833,0.285875481215983,1.0205761316872428,0.39397196368542614,0.1883082100685269,0.6427958424716316,0.2113626775418366,0.2521476665892733,0.7986278509178565,14.0,1.0,0.3314351673720662,0.19695840775966644,0.22169597446918488,0.35886314511299133,0.22248247265815735,0.0,30.0,0.4938446283340454,0.5578695393519323,0.3933373689651489,0.053955078125,0.075439453125,0.083251953125,0.01708984375,0.068115234375,0.2705078125,0.337158203125,0.081787109375,0.0,0.868896484375,0.968017578125,0.04638671875,0.0,0.62060546875,0.678466796875,0.036376953125
60ad0a84fc9632f9,03_mapbox_maki_icons,Mapbox Maki,heart,cartography / point of interest,icon_data/normalized_256/03_mapbox_maki_icons/heart__60ad0a84fc96.png,0.6759796142578125,0.0138092041015625,1.0,520.0,0.126953125,126.03076923076924,0.7491375811688312,1.1082251082251082,0.9770734773546829,0.01948328838069215,0.9969798052650559,0.6706011011388491,0.023024310963635133,0.9774938770106573,1.0,0.0,0.8444558815119803,0.16203881800174713,0.34282979369163513,0.15192551910877228,0.3432059586048126,1.0,7.0,0.0,0.0,0.7827133536338806,0.431640625,0.515380859375,0.5166015625,0.4296875,0.99853515625,1.0,1.0,0.998046875,0.651611328125,1.0,1.0,0.652587890625,0.04638671875,0.759765625,0.76953125,0.0458984375
6119509f0e444763,10_openmoji,OpenMoji,flag: Chile,flags / country-flag,icon_data/normalized_256/10_openmoji/1f1e8_1f1f1__6119509f0e44.png,0.3863372802734375,0.0175018310546875,1.0,850.0,0.20751953125,77.10117647058823,0.747490552668871,1.5890410958904109,0.7561296102732566,0.08593553918530698,0.723436117350759,0.495687618147448,0.04944903037244757,0.9528809604455986,1.0,2.0,1.0,0.5900170207023621,0.021002577617764473,0.36985453963279724,0.019125882536172867,0.0,57.0,0.6004896759986877,0.5466894365518997,0.6522631347179413,0.11328125,0.140625,0.140625,0.11328125,0.764892578125,0.50146484375,0.0625,0.2119140625,0.8125,1.0,1.0,0.8125,0.11328125,0.140625,0.140625,0.11328125
61cc21dd588b47eb,03_mapbox_maki_icons,Mapbox Maki,hot spring,cartography / point of interest,icon_data/normalized_256/03_mapbox_maki_icons/hot_spring__61cc21dd588b.png,0.603240966796875,0.02215576171875,1.0,1132.0,0.2763671875,57.89399293286219,0.6696138211382113,0.975609756097561,0.798182919442762,0.008891619431291685,0.7268279898663406,0.6519304696640481,0.053169423787119946,0.9495148429243924,1.0,2.0,1.0,0.2614297568798065,0.13232530653476715,0.47836562991142273,0.1278793066740036,1.0,7.0,0.0,0.0,0.4255055785179138,0.357666015625,0.6376953125,0.607421875,0.353759765625,0.50830078125,0.83935546875,0.853515625,0.539306640625,0.69580078125,0.6474609375,0.64111328125,0.723388671875,0.382080078125,0.744384765625,0.739013671875,0.381591796875
6289a8b47ad61490,06_blissymbolics,Blissymbolics,bean,Blissymbolics char,icon_data/normalized_256/06_blissymbolics/bean_a60170ae6d93__6289a8b47ad6.png,0.33203125,0.014251708984375,1.0,376.0,0.091796875,174.29787234042553,1.0,0.33203125,1.0,0.002772967769359,0.9767441860465116,1.0,0.03134191176470588,0.9696105516442385,1.0,0.0,0.7995296884185773,0.1082652136683464,0.26927798986434937,0.35234835743904114,0.27010852098464966,1.0,8.0,0.0,0.0,0.10838127136230469,0.0,0.671875,0.65625,0.0,0.0,0.671875,0.65625,0.0,0.0,0.671875,0.65625,0.0,0.0,0.671875,0.65625,0.0
62986812086b095e,09_universal_symbols_healthcare_webfont,Universal Symbols Healthcare Webfont,i fire extinguisher,healthcare wayfinding,icon_data/normalized_256/09_universal_symbols_healthcare_webfont/i_fire_extinguisher__62986812086b.png,0.984375,0.018890380859375,1.0,1.0,0.000244140625,65536.0,1.0,0.984375,1.0,0.0,1.0,1.0,0.015749007936507936,0.9844951776339885,1.0,0.0,0.8881057268722466,0.28788480162620544,0.1544279158115387,0.4547440707683563,0.10294317454099655,1.0,8.0,0.0,0.0,0.336925208568573,0.96875,1.0,1.0,0.96875,0.96875,1.0,1.0,0.96875,0.96875,1.0,1.0,0.96875,0.96875,1.0,1.0,0.96875
62a3a75b2a7b3ac7,05_mulberry_symbols,Mulberry Symbols,Venus,iconsets,icon_data/normalized_256/05_mulberry_symbols/venus__62a3a75b2a7b.png,0.5948486328125,0.028228759765625,1.0,472.0,0.115234375,138.84745762711864,0.7839288946087796,1.0,1.0,0.0017144306901135508,0.9949849035361548,0.9948828164977996,0.022881182023394214,0.9776306550305949,1.0,0.0,0.8452732003469211,0.539133608341217,0.17902661859989166,0.12757015228271484,0.15426963567733765,0.0,37.0,0.35156935453414917,0.30839906811338746,0.2564891576766968,0.102294921875,0.644287109375,0.641845703125,0.100830078125,0.64453125,1.0,1.0,0.63720703125,0.6416015625,1.0,1.0,0.634521484375,0.100830078125,0.63720703125,0.634521484375,0.097900390625
62cb4e396fd4e927,12_iso_15223_medical_device_symbols,ISO 15223 Medical Device Symbols,lower limit of temperature,medical device label,icon_data/normalized_256/12_iso_15223_medical_device_symbols/lower_limit_of_temperature__62cb4e396fd4.png,0.1178131103515625,0.0157623291015625,1.0,667.0,0.162841796875,98.25487256371814,0.22218705035971223,0.556,0.37266211356999784,0.11240236637145613,0.5642220421393841,0.3944374209860936,0.1686310063463282,0.8557020946470132,1.0,1.0,1.0,0.07847731560468674,0.33719900250434875,0.5358133912086487,0.048510223627090454,1.0,7.0,0.0,0.0,0.8671684861183167,0.0,0.1220703125,0.186767578125,0.0,0.0,0.13134765625,0.271484375,0.0,0.0,0.32275390625,0.1875,0.0,0.037353515625,0.359619140625,0.26611328125,0.0
633d125136da3e33,03_mapbox_maki_icons,Mapbox Maki,casino,cartography / point of interest,icon_data/normalized_256/03_mapbox_maki_icons/casino__633d125136da.png,0.5084381103515625,0.016021728515625,1.0,556.0,0.1357421875,117.87050359712231,0.676788398261364,0.8619246861924686,0.9303254086803568,0.06340432179231402,0.9994599459945994,0.7037889246816996,0.03343236997689145,0.9676491941338754,1.0,0.0,0.7889801813747543,0.3525192141532898,0.2264314740896225,0.19476740062236786,0.22628188133239746,1.0,7.0,0.0,0.0,0.683129221200943,0.0,0.44189453125,0.441650390625,0.0,0.3046875,0.9951171875,0.99462890625,0.3046875,0.55078125,0.998291015625,0.998779296875,0.550048828125,0.034912109375,0.742431640625,0.742431640625,0.03466796875
63b83439ae6b2627,06_blissymbolics,Blissymbolics,away,Blissymbolics char,icon_data/normalized_256/06_blissymbolics/away_41efa3f3894c__63b83439ae6b.png,0.5234375,0.0050048828125,1.0,376.0,0.091796875,174.29787234042553,1.0,0.5234375,1.0,0.0,1.0,1.0,0.02273787313432836,0.9777676433701973,1.0,0.0,0.8460931333859512,0.03368949517607689,0.2772810459136963,0.4124763607978821,0.27655309438705444,1.0,8.0,0.0,0.0,0.022531092166900635,0.046875,1.0,1.0,0.046875,0.046875,1.0,1.0,0.046875,0.046875,1.0,1.0,0.046875,0.046875,1.0,1.0,0.046875
649b2d1bed862671,06_blissymbolics,Blissymbolics,alternation,Blissymbolics char,icon_data/normalized_256/06_blissymbolics/alternation_370d1bb1966a__649b2d1bed86.png,0.4296875,0.008514404296875,1.0,376.0,0.091796875,174.29787234042553,1.0,0.4296875,1.0,0.0,1.0,1.0,0.02599431818181818,0.9746642669251003,1.0,0.0,0.8278457196613358,0.3696002960205078,0.2940331697463989,0.042245425283908844,0.294121116399765,1.0,8.0,0.0,0.0,0.05046278238296509,0.0,0.859375,0.859375,0.0,0.0,0.859375,0.859375,0.0,0.0,0.859375,0.859375,0.0,0.0,0.859375,0.859375,0.0
64a30d6a57900c26,03_mapbox_maki_icons,Mapbox Maki,fitness centre,cartography / point of interest,icon_data/normalized_256/03_mapbox_maki_icons/fitness_centre__64a30d6a5790.png,0.31463623046875,0.0086669921875,1.0,532.0,0.1298828125,123.18796992481202,0.5836730072463768,1.855072463768116,0.6511921680088426,0.0,1.0,1.0,0.0492725509214355,0.9530412275836568,1.0,0.0,0.7172672881591763,0.51875239610672,0.06773297488689423,0.3456231951713562,0.06789141148328781,1.0,7.0,0.0,0.0,0.568437248468399,0.02685546875,0.0068359375,0.0068359375,0.02685546875,0.805908203125,0.4189453125,0.4189453125,0.805908203125,0.805908203125,0.4189453125,0.4189453125,0.805908203125,0.02685546875,0.0068359375,0.0068359375,0.02685546875
64db4392b1af7f94,12_iso_15223_medical_device_symbols,ISO 15223 Medical Device Symbols,authorized representative in the european community,medical device label,icon_data/normalized_256/12_iso_15223_medical_device_symbols/authorized_representative_in_the_european_community__64db4392b1af.png,0.1348724365234375,0.0172271728515625,6.0,1135.0,0.277099609375,57.7409691629956,0.42626350308641975,3.1604938271604937,0.4332843137254902,0.0335436964693335,0.7090100541376644,0.28101449275362317,0.25251725308292794,0.7983921958269352,6.0,4.0,0.6666666666666666,0.7356966137886047,0.019095195457339287,0.21817053854465485,0.027037670835852623,1.0,7.0,0.0,0.0,0.7920281887054443,0.0,0.0,0.0,0.0,0.289306640625,0.2548828125,0.346435546875,0.34130859375,0.230224609375,0.21728515625,0.25048828125,0.22802734375,0.0,0.0,0.0,0.0
64f9b5239f33fa5c,05_mulberry_symbols,Mulberry Symbols,Crucifixion,iconsets,icon_data/normalized_256/05_mulberry_symbols/crucifixion__64f9b5239f33.png,0.163604736328125,0.0144500732421875,1.0,556.0,0.1357421875,117.87050359712231,0.30536568694463434,0.6754385964912281,0.5014732706608671,0.1677188683910698,0.9030883919062833,0.3930102637391191,0.08580488714792016,0.9209757773578423,1.0,2.0,1.0,0.2881040573120117,0.11195122450590134,0.49225640296936035,0.10768833011388779,0.0,47.0,0.26943880319595337,0.304731658618385,0.5095871984958649,0.08154296875,0.4833984375,0.473388671875,0.06982421875,0.0,0.35693359375,0.380615234375,0.0,0.0,0.239990234375,0.249755859375,0.0,0.0,0.116455078125,0.165771484375,0.0
65016477e61d0d23,06_blissymbolics,Blissymbolics,basement,Blissymbolics char,icon_data/normalized_256/06_blissymbolics/basement_58d2008ad0a7__65016477e61d.png,0.5703125,0.01580810546875,1.0,376.0,0.091796875,174.29787234042553,1.0,0.5703125,1.0,0.0,1.0,1.0,0.0215111301369863,0.9789418543740178,1.0,0.0,0.8531775018261505,0.3491799533367157,0.19608841836452484,0.25868526101112366,0.19604630768299103,1.0,8.0,0.0,0.0,0.08881032466888428,0.140625,1.0,1.0,0.140625,0.140625,1.0,1.0,0.140625,0.140625,1.0,1.0,0.140625,0.140625,1.0,1.0,0.140625
652418dac4096c80,07_arasaac_pictograms,ARASAAC Pictograms,caviar,processed food,icon_data/normalized_256/07_arasaac_pictograms/10222__652418dac409.png,0.53155517578125,0.0363922119140625,1.0,451.0,0.110107421875,145.31263858093126,0.8591722981305184,1.077319587628866,0.9938235503887026,0.004099951004956957,0.9783065477880629,0.9690255482704047,0.02417039843839706,0.9764000224227816,1.0,0.0,0.8379678629847013,0.5306079387664795,0.14697428047657013,0.18097874522209167,0.1414390206336975,0.0,27.0,0.6864081621170044,0.3953749832776342,0.6774311065673828,0.08056640625,0.424560546875,0.432861328125,0.095458984375,0.585693359375,1.0,1.0,0.59765625,0.609375,1.0,1.0,0.584716796875,0.09130859375,0.4638671875,0.457763671875,0.0810546875
654f3e0ac2548139,09_universal_symbols_healthcare_webfont,Universal Symbols Healthcare Webfont,emergency,healthcare wayfinding,icon_data/normalized_256/09_universal_symbols_healthcare_webfont/emergency__654f3e0ac254.png,0.7658233642578125,0.038543701171875,2.0,934.0,0.22802734375,70.16702355460386,0.7658233642578125,1.0,0.7805564627754709,0.0018720741315049697,0.9794517846578584,0.9474235604532051,0.05148538524377852,0.9510355674303147,2.0,9.0,1.0,0.38028112053871155,0.09376121312379837,0.42232033610343933,0.10363737493753433,1.0,7.0,0.0,0.0,0.8483847081661224,0.94140625,0.76513671875,0.76513671875,0.939453125,0.8505859375,0.491455078125,0.484130859375,0.84765625,0.865234375,0.5361328125,0.53369140625,0.82666015625,0.95947265625,0.743896484375,0.743896484375,0.959228515625
65675a492a3ad2e4,05_mulberry_symbols,Mulberry Symbols,IT assistant 1a,iconsets,icon_data/normalized_256/05_mulberry_symbols/it_assistant_1a__65675a492a3a.png,0.3441925048828125,0.029937744140625,2.0,871.0,0.212646484375,75.24225028702641,0.48364065180102916,0.9636363636363636,0.6723598318876867,0.07555406397221225,0.2724657302420037,0.44438752641352375,0.07146340382143015,0.9333029914353097,2.0,3.0,1.0,0.2397824078798294,0.1496949940919876,0.4698144197463989,0.14070820808410645,0.0,45.0,0.15348821878433228,0.16741978189870257,0.4800395965576172,0.0,0.442626953125,0.168212890625,0.172119140625,0.228515625,0.92822265625,0.566162109375,0.41943359375,0.432861328125,1.0,0.3583984375,0.0,0.085693359375,0.66162109375,0.043212890625,0.0
65ab556300024c0b,08_ghs_hazard_pictograms,GHS Hazard Pictograms,exclamation mark,chemical hazard,icon_data/normalized_256/08_ghs_hazard_pictograms/exclamation_mark__65ab55630002.png,0.1781158447265625,0.0335235595703125,3.0,1090.0,0.26611328125,60.12477064220184,0.18093186186372373,1.0,0.36187494187308183,0.018868595135089306,0.992659610788665,0.842620363062352,0.1906964790542277,0.8398445931361969,3.0,1.0,0.39594993385570365,0.05701924115419388,0.38130277395248413,0.18568070232868195,0.37599727511405945,0.0,2.0,0.6815841197967529,0.5147002426143764,0.6452785730361938,0.0,0.254638671875,0.254638671875,0.0,0.25048828125,0.26513671875,0.271240234375,0.25048828125,0.25048828125,0.1484375,0.15283203125,0.25048828125,0.0,0.25048828125,0.25048828125,0.0
668f08f44053ed81,07_arasaac_pictograms,ARASAAC Pictograms,work out,verb; physical exercise,icon_data/normalized_256/07_arasaac_pictograms/10156__668f08f44053.png,0.1610107421875,0.0270233154296875,1.0,682.0,0.16650390625,96.09384164222874,0.2590782980186108,0.7012448132780082,0.4243630733345398,0.036801569469074896,0.14758020663404023,0.3183408295852074,0.13589840788476118,0.8803604204905723,1.0,4.0,1.0,0.20409438014030457,0.20135769248008728,0.28343665599823,0.3111112415790558,0.0,43.0,0.34160077571868896,0.43946038783843827,0.45841115713119507,0.035400390625,0.43994140625,0.0,0.0,0.0,0.61328125,0.27734375,0.0,0.0,0.306884765625,0.44287109375,0.0,0.000732421875,0.22900390625,0.170654296875,0.06005859375
66badb45ac2abaa2,13_usp_pictograms_manual,USP Pictograms,62,medication instruction,icon_data/normalized_256/13_usp_pictograms_manual/62__66badb45ac2a.png,0.7265625,0.0505523681640625,1.0,376.0,0.091796875,174.29787234042553,1.0,0.7265625,1.0,0.0,1.0,1.0,0.01856518817204301,0.9817731958762886,1.0,0.0,0.8706846108835576,0.3132723569869995,0.19503386318683624,0.2769925892353058,0.21470117568969727,1.0,8.0,0.0,0.0,0.21058136224746704,0.453125,1.0,1.0,0.453125,0.453125,1.0,1.0,0.453125,0.453125,1.0,1.0,0.453125,0.453125,1.0,1.0,0.453125
66c6b06b8b84ffb3,07_arasaac_pictograms,ARASAAC Pictograms,rich,qualifying adjective; economy,icon_data/normalized_256/07_arasaac_pictograms/10211__66c6b06b8b84.png,0.4423980712890625,0.0460968017578125,4.0,940.0,0.2294921875,69.71914893617021,0.5390235740313825,0.9495798319327731,0.6415019194388822,0.044771966102933096,0.4674798805486663,0.558344531040043,0.07022384713551547,0.9343839633890876,4.0,2.0,0.640290629623904,0.2581079602241516,0.20717468857765198,0.39374345541000366,0.14097385108470917,0.0,155.0,0.5338712930679321,0.5802494824959502,0.5127783417701721,0.202880859375,0.59326171875,0.118896484375,0.406494140625,0.2724609375,0.636962890625,0.448486328125,0.664306640625,0.45849609375,0.962890625,0.959716796875,0.572998046875,0.109619140625,0.250732421875,0.186767578125,0.2333984375
66cc7c6ebe473f7b,09_universal_symbols_healthcare_webfont,Universal Symbols Healthcare Webfont,i dermatology,healthcare wayfinding,icon_data/normalized_256/09_universal_symbols_healthcare_webfont/i_dermatology__66cc7c6ebe47.png,0.67572021484375,0.035888671875,1.0,787.0,0.192138671875,83.27318932655655,0.7114581325107641,1.0202429149797572,0.91297804350067,0.09435284879222029,0.5528982712066487,0.6365719354004213,0.03378195284978773,0.9673219746614242,1.0,12.0,1.0,0.21131084859371185,0.3925311863422394,0.2649271488189697,0.1312306970357895,1.0,7.0,0.0,0.0,0.8590859025716782,0.0,0.462158203125,0.891845703125,0.47998046875,0.02685546875,0.92822265625,0.990478515625,0.9423828125,0.359619140625,0.99560546875,0.965087890625,0.642578125,0.902099609375,0.842041015625,0.953125,0.429443359375
671222e19754e444,01_mcdougall_symbol_icon_set,McDougall Symbol/Icon Set,Bitmap,,icon_data/normalized_256/01_mcdougall_symbol_icon_set/mcdougall_023__671222e19754.png,0.10052490234375,0.0298004150390625,12.0,589.0,0.143798828125,111.26655348047538,0.5594429347826086,0.71875,0.5720239645741079,0.007136604692343419,0.597478176527643,0.5674518201284796,0.28233151183970856,0.7798295454545454,12.0,1.0,0.3068753493571828,0.4382651150226593,0.01602497138082981,0.5266470313072205,0.01906287670135498,0.0,4.0,0.10709179937839508,0.006713903278618416,0.8423582762479782,0.0,0.0,0.0,0.0,0.0,0.43408203125,0.4296875,0.0,0.0,0.435302734375,0.309326171875,0.0,0.0,0.0,0.0,0.0
672c5ac5c05045ac,11_iso_7010_safety_signs,ISO 7010 Safety Signs,ISO 7010 W022,iconsets,icon_data/normalized_256/11_iso_7010_safety_signs/iso_7010_w022__672c5ac5c050.png,0.87109375,0.0353546142578125,1.0,232.0,0.056640625,282.48275862068965,1.0,1.147982062780269,1.0,0.002772967769359,1.0,0.9910714285714286,0.016781109865470854,0.9834958481204562,1.0,0.0,0.8816407215221151,0.2716639041900635,0.31266507506370544,0.14730499684810638,0.2683659791946411,1.0,8.0,0.0,0.0,0.24173074960708618,0.75,0.75,0.75,0.75,1.0,1.0,1.0,1.0,1.0,1.0,1.0,1.0,0.734375,0.734375,0.734375,0.734375
67d593c39a5dd97a,01_mcdougall_symbol_icon_set,McDougall Symbol/Icon Set,Fixed bed reactor,,icon_data/normalized_256/01_mcdougall_symbol_icon_set/mcdougall_099__67d593c39a5d.png,0.0948333740234375,0.0274505615234375,1.0,781.0,0.190673828125,83.91293213828425,0.5208682534361381,0.4840764331210191,0.5929777692968228,0.0032985552534151286,0.7423605270535464,0.6815476190476191,0.3050683829444891,0.7662433731968931,1.0,24.0,1.0,0.3389798104763031,0.1912948042154312,0.25573214888572693,0.21399328112602234,0.0,4.0,0.10446088016033173,0.007036687047024493,0.8302487134933472,0.0,0.060791015625,0.05859375,0.0,0.0,0.321533203125,0.321533203125,0.0,0.0,0.318359375,0.322021484375,0.0,0.0,0.05712890625,0.057373046875,0.0
67e21585d8368692,02_aiga_dot_symbol_signs,AIGA/DOT Symbol Signs,Aiga railtransportation 25,,icon_data/normalized_256/02_aiga_dot_symbol_signs/aiga_railtransportation_25__67e21585d836.png,0.3094482421875,0.037506103515625,3.0,868.0,0.2119140625,75.50230414746544,0.47154017857142855,0.65625,0.5512966889577556,0.039650717328968674,0.9972424660232421,0.40852896235588276,0.08984220907297831,0.9175640213555334,3.0,4.0,1.0,0.3293953239917755,0.18496470153331757,0.2975040078163147,0.18813596665859222,1.0,1.0,0.0,0.0,1.0,0.04833984375,0.442626953125,0.442626953125,0.048095703125,0.125,0.4130859375,0.4130859375,0.125,0.1064453125,0.82958984375,0.828857421875,0.1064453125,0.07568359375,0.435302734375,0.435302734375,0.07568359375
67f2d327d1391574,05_mulberry_symbols,Mulberry Symbols,Christmas decorations,iconsets,icon_data/normalized_256/05_mulberry_symbols/christmas_decorations__67f2d327d139.png,0.198883056640625,0.02093505859375,1.0,727.0,0.177490234375,90.14580467675378,0.38448377581120946,1.5066666666666666,0.5090710254457398,0.032357264434384234,0.9494466048459468,0.2878174093469025,0.11692496547491177,0.8953152905618904,1.0,1.0,1.0,0.3717208802700043,0.18260255455970764,0.26166388392448425,0.18401263654232025,0.0,43.0,0.5084928870201111,0.5763408903198176,0.5975294709205627,0.052734375,0.0,0.0,0.0517578125,0.5703125,0.361572265625,0.376953125,0.563232421875,0.1181640625,0.4462890625,0.4716796875,0.123291015625,0.0,0.02099609375,0.025146484375,0.0
67facd157d491218,13_usp_pictograms_manual,USP Pictograms,37,medication instruction,icon_data/normalized_256/13_usp_pictograms_manual/37__67facd157d49.png,0.828125,0.058319091796875,1.0,376.0,0.091796875,174.29787234042553,1.0,0.828125,1.0,0.0,1.0,1.0,0.017246462264150945,0.9830459353716853,1.0,0.0,0.8787564766839379,0.38735294342041016,0.11528981477022171,0.33412402868270874,0.16323329508304596,1.0,8.0,0.0,0.0,0.21130472421646118,0.65625,1.0,1.0,0.65625,0.65625,1.0,1.0,0.65625,0.65625,1.0,1.0,0.65625,0.65625,1.0,1.0,0.65625
67ff38d23b5e30a8,01_mcdougall_symbol_icon_set,McDougall Symbol/Icon Set,Compress file,,icon_data/normalized_256/01_mcdougall_symbol_icon_set/mcdougall_051__67ff38d23b5e.png,0.094573974609375,0.0261077880859375,2.0,571.0,0.139404296875,114.77408056042032,0.5308324768756424,0.60431654676259,0.6231024429476224,0.019892244337460983,0.3654990085922009,0.45527119042028646,0.2568570506615037,0.7956354300385109,2.0,26.0,1.0,0.7178298830986023,0.0457308255136013,0.18854457139968872,0.04789477586746216,0.0,3.0,0.030280454084277153,0.0319529602182439,0.6337743997573853,0.0,0.001953125,0.02392578125,0.0,0.0,0.38720703125,0.329345703125,0.0,0.0,0.48193359375,0.271728515625,0.0,0.0,0.0,0.01708984375,0.0
680d630d2b213ebc,05_mulberry_symbols,Mulberry Symbols,Christmas Day,iconsets,icon_data/normalized_256/05_mulberry_symbols/christmas_day__680d630d2b21.png,0.176239013671875,0.0274505615234375,15.0,1063.0,0.259521484375,61.651928504233304,0.2323008849557522,0.9734513274336283,0.3252879713859239,0.13302977966941057,0.4717125382262997,0.23674911660777384,0.2136796536796537,0.8239406477386217,15.0,10.0,0.6666666666666666,0.3438027799129486,0.2102394551038742,0.22838613390922546,0.21757161617279053,0.0,46.0,0.3731688857078552,0.4614871086912956,0.5662588477134705,0.0,0.0,0.271240234375,0.358642578125,0.0,0.269775390625,0.430908203125,0.116943359375,0.0,0.4794921875,0.509765625,0.0,0.068359375,0.117919921875,0.121826171875,0.074951171875
6841a2502ed1d6fe,04_ocha_humanitarian_icons,OCHA Humanitarian Icons,detergent,iconsets,icon_data/normalized_256/04_ocha_humanitarian_icons/detergent__6841a2502ed1.png,0.62890625,0.010498046875,1.0,232.0,0.056640625,282.48275862068965,1.0,0.62890625,1.0,0.002772967769359,0.9876543209876543,1.0,0.020234860248447204,0.980166468489893,1.0,0.0,0.8606749081189442,0.2322167307138443,0.11201278120279312,0.4982090890407562,0.1575613170862198,1.0,8.0,0.0,0.0,0.7321775853633881,0.265625,1.0,1.0,0.25,0.265625,1.0,1.0,0.25,0.265625,1.0,1.0,0.25,0.265625,1.0,1.0,0.25
686566d27ff8d2d2,06_blissymbolics,Blissymbolics,baby,Blissymbolics char,icon_data/normalized_256/06_blissymbolics/baby_a108b070b563__686566d27ff8.png,0.4296875,0.0089111328125,1.0,376.0,0.091796875,174.29787234042553,1.0,0.4296875,1.0,0.0,1.0,1.0,0.02599431818181818,0.9746642669251003,1.0,0.0,0.8278457196613358,0.3206336498260498,0.15012110769748688,0.37811991572380066,0.15112541615962982,1.0,8.0,0.0,0.0,0.06061720848083496,0.0,0.859375,0.859375,0.0,0.0,0.859375,0.859375,0.0,0.0,0.859375,0.859375,0.0,0.0,0.859375,0.859375,0.0
6889dea6f94a41e1,05_mulberry_symbols,Mulberry Symbols,Mary,iconsets,icon_data/normalized_256/05_mulberry_symbols/mary__6889dea6f94a.png,0.332855224609375,0.0339508056640625,2.0,913.0,0.222900390625,71.78094194961665,0.4854027592345349,0.9813084112149533,0.6535148818885843,0.06899023623890897,0.40291980191652194,0.23886869604725125,0.08737508022370954,0.9196458684654301,2.0,0.0,0.5885812962063569,0.2209818959236145,0.1680111587047577,0.45586448907852173,0.15514251589775085,0.0,78.0,0.5114014744758606,0.4439520021993003,0.602896124124527,0.0048828125,0.125732421875,0.467529296875,0.16357421875,0.212890625,0.8671875,0.72998046875,0.258544921875,0.45654296875,0.686279296875,0.29443359375,0.001220703125,0.41259765625,0.379150390625,0.26513671875,0.0
68f89210db68f8ec,02_aiga_dot_symbol_signs,AIGA/DOT Symbol Signs,AIGA information,,icon_data/normalized_256/02_aiga_dot_symbol_signs/aiga_information__68f89210db68.png,0.7678375244140625,0.0163421630859375,1.0,580.0,0.1416015625,112.99310344827586,0.7799891498101217,0.9921568627450981,1.0,0.00280404836827599,0.9899161657703258,0.9987686685732443,0.020190377774686512,0.9802092058359467,1.0,0.0,0.860938596040993,0.25583159923553467,0.252966970205307,0.2979874014854431,0.1932140737771988,1.0,8.0,0.0,0.0,0.5502712428569794,0.298095703125,0.902587890625,0.8984375,0.286865234375,0.88818359375,1.0,1.0,0.872314453125,0.8876953125,1.0,1.0,0.8720703125,0.29736328125,0.89990234375,0.895751953125,0.2861328125
69045aac85e2bbe8,07_arasaac_pictograms,ARASAAC Pictograms,littler,qualifying adjective; physical features,icon_data/normalized_256/07_arasaac_pictograms/10196__69045aac85e2.png,0.175628662109375,0.0582275390625,7.0,1288.0,0.314453125,50.88198757763975,0.26414228341939183,0.7028112449799196,0.28474945264277673,0.2171702952462796,0.08738781294284365,0.4405506883604506,0.3702867072111208,0.7297742835404515,7.0,1.0,0.2523790729290006,0.1613045334815979,0.17275895178318024,0.4955107867717743,0.17042571306228638,0.0,36.0,0.6997463703155518,0.5895336495791998,0.6351736485958099,0.016357421875,0.076171875,0.135498046875,0.060546875,0.050048828125,0.0751953125,0.57177734375,0.1591796875,0.045654296875,0.067626953125,0.66455078125,0.26904296875,0.022705078125,0.06396484375,0.403564453125,0.128173828125
690b166f2414f9c0,01_mcdougall_symbol_icon_set,McDougall Symbol/Icon Set,Choke,,icon_data/normalized_256/01_mcdougall_symbol_icon_set/mcdougall_040__690b166f2414.png,0.0420989990234375,0.00775146484375,3.0,343.0,0.083740234375,191.067055393586,0.24722222222222223,0.7258064516129032,0.25473178838519067,0.015397415602354922,0.7147296457426974,0.6238964096527368,0.23486770569046755,0.8098033460522454,3.0,0.0,0.34734986780813293,0.6130515933036804,0.238661527633667,0.1157054677605629,0.03258131071925163,0.0,4.0,0.10473084449768066,0.006971010652235938,0.8316924721002579,0.0,0.0,0.0,0.0,0.0,0.15380859375,0.198486328125,0.0,0.0,0.188232421875,0.133056640625,0.0,0.0,0.0,0.0,0.0
6a09c26401d7753b,13_usp_pictograms_manual,USP Pictograms,59A,medication instruction,icon_data/normalized_256/13_usp_pictograms_manual/59a__6a09c26401d7.png,0.45703125,0.0337066650390625,1.0,376.0,0.091796875,174.29787234042553,1.0,0.45703125,1.0,0.002772967769359,0.9830508474576272,1.0,0.024906517094017096,0.9756987425890937,1.0,0.0,0.8338530066815145,0.3572818636894226,0.07836990058422089,0.4444955587387085,0.11985263228416443,1.0,8.0,0.0,0.0,0.25717228651046753,0.0,0.921875,0.90625,0.0,0.0,0.921875,0.90625,0.0,0.0,0.921875,0.90625,0.0,0.0,0.921875,0.90625,0.0
6a1bd5966418c9b4,10_openmoji,OpenMoji,flag: St. Barthélemy,flags / country-flag,icon_data/normalized_256/10_openmoji/1f1e7_1f1f1__6a1bd5966418.png,0.2117767333984375,0.0216064453125,3.0,1204.0,0.2939453125,54.43189368770764,0.40974846480869154,1.5890410958904109,0.4144840973570255,0.0027634080805067148,0.9998559077809799,0.8829195495862162,0.1429497802435334,0.8749290802496376,3.0,1.0,0.46650532755201507,0.5373376607894897,0.006203815340995789,0.4502546787261963,0.006203815340995789,0.0,83.0,0.24054710566997528,0.3181136632723961,0.5579774081707001,0.11328125,0.140625,0.140625,0.11328125,0.19189453125,0.417236328125,0.4169921875,0.19189453125,0.19189453125,0.385498046875,0.385498046875,0.19189453125,0.11328125,0.140625,0.140625,0.11328125
6a91c0067e17cc77,12_iso_15223_medical_device_symbols,ISO 15223 Medical Device Symbols,upper limit of temperature,medical device label,icon_data/normalized_256/12_iso_15223_medical_device_symbols/upper_limit_of_temperature__6a91c0067e17.png,0.1194000244140625,0.01568603515625,1.0,586.0,0.14306640625,111.83617747440273,0.22681159420289856,0.552,0.3823881545190217,0.08007511157413676,0.2840498851329176,0.416545981173063,0.16562300319488818,0.8579103168512224,1.0,1.0,1.0,0.08003732562065125,0.3387223184108734,0.5319961309432983,0.04924420639872551,1.0,7.0,0.0,0.0,0.8560947179794312,0.0,0.15478515625,0.197021484375,0.024169921875,0.0,0.173583984375,0.240478515625,0.0,0.0,0.390380859375,0.125,0.0,0.0,0.40087890625,0.2041015625,0.0
6aa7719d116ca7e3,01_mcdougall_symbol_icon_set,McDougall Symbol/Icon Set,Chemistry,,icon_data/normalized_256/01_mcdougall_symbol_icon_set/mcdougall_038__6aa7719d116c.png,0.1146240234375,0.01617431640625,1.0,463.0,0.113037109375,141.5464362850972,0.6119257086999023,0.7045454545454546,0.6629600211808313,0.06854969920611102,0.5234232407219631,0.46604215456674475,0.18343982960596378,0.8449943757030371,1.0,7.0,1.0,0.3910926878452301,0.051581479609012604,0.5096212029457092,0.04770459979772568,0.0,3.0,0.04715997353196144,0.03591240451449247,0.4801919460296631,0.0,0.015625,0.0009765625,0.0,0.0,0.347900390625,0.269287109375,0.0,0.0,0.523193359375,0.660400390625,0.0,0.0,0.0029296875,0.013671875,0.0
6b13efd50758286d,09_universal_symbols_healthcare_webfont,Universal Symbols Healthcare Webfont,dental,healthcare wayfinding,icon_data/normalized_256/09_universal_symbols_healthcare_webfont/dental__6b13efd50758.png,0.7899322509765625,0.0202789306640625,1.0,580.0,0.1416015625,112.99310344827586,0.7899322509765625,1.0,0.8040100328474805,0.023114586921495664,0.9913451552102166,0.8234941880943994,0.03457667716200815,0.9665789129744767,1.0,1.0,1.0,0.25378111004829407,0.12411150336265564,0.49762627482414246,0.12448105961084366,1.0,7.0,0.0,0.0,0.9298884645104408,0.953125,0.80517578125,0.802490234375,0.956787109375,1.0,0.11376953125,0.102294921875,1.0,1.0,0.57470703125,0.5859375,1.0,0.9560546875,0.916015625,0.9140625,0.95849609375
6b9246c6c6ad36f1,06_blissymbolics,Blissymbolics,angle right,Blissymbolics char,icon_data/normalized_256/06_blissymbolics/angle_right_41046495fc68__6b9246c6c6ad.png,0.4296875,0.0073089599609375,1.0,376.0,0.091796875,174.29787234042553,1.0,0.4296875,1.0,0.0,1.0,1.0,0.02599431818181818,0.9746642669251003,1.0,0.0,0.8278457196613358,0.4754122793674469,0.017341939732432365,0.4735814929008484,0.03366434574127197,1.0,8.0,0.0,0.0,0.05256003141403198,0.0,0.859375,0.859375,0.0,0.0,0.859375,0.859375,0.0,0.0,0.859375,0.859375,0.0,0.0,0.859375,0.859375,0.0
6ba6e0fc9d96926f,10_openmoji,OpenMoji,flag: Azerbaijan,flags / country-flag,icon_data/normalized_256/10_openmoji/1f1e6_1f1ff__6ba6e0fc9d96.png,0.5133056640625,0.0233001708984375,1.0,556.0,0.1357421875,117.87050359712231,0.9931506849315068,1.5890410958904109,1.0,4.792335173112923e-06,0.9872400756143668,0.9998811010046965,0.02633769322235434,0.9743381799223774,1.0,2.0,1.0,0.5973742008209229,0.02761470340192318,0.3478463888168335,0.02716473676264286,0.0,56.0,0.5690121054649353,0.49025201908808175,0.5447998344898224,0.11328125,0.140625,0.140625,0.11328125,0.8125,0.990478515625,0.983154296875,0.8125,0.8125,0.990478515625,0.983154296875,0.8125,0.11328125,0.140625,0.140625,0.11328125
6bb9ddde18b3991c,06_blissymbolics,Blissymbolics,badge,Blissymbolics char,icon_data/normalized_256/06_blissymbolics/badge_190ce2b38248__6bb9ddde18b3.png,0.4296875,0.011444091796875,1.0,376.0,0.091796875,174.29787234042553,1.0,0.4296875,1.0,0.0,1.0,1.0,0.02599431818181818,0.9746642669251003,1.0,0.0,0.8278457196613358,0.3830743134021759,0.11638334393501282,0.38414266705513,0.1163996160030365,1.0,8.0,0.0,0.0,0.07545900344848633,0.0,0.859375,0.859375,0.0,0.0,0.859375,0.859375,0.0,0.0,0.859375,0.859375,0.0,0.0,0.859375,0.859375,0.0
6bfd058b52069703,08_ghs_hazard_pictograms,GHS Hazard Pictograms,corrosion,chemical hazard,icon_data/normalized_256/08_ghs_hazard_pictograms/corrosion__6bfd058b5206.png,0.16497802734375,0.0230865478515625,13.0,1324.0,0.3232421875,49.49848942598187,0.16758633517267035,1.0,0.33518306104101436,0.01712477500404402,0.8026008669556519,0.7430275673061422,0.3205697373288938,0.7572489144137834,13.0,4.0,0.3076923076923077,0.2527409791946411,0.2979453504085541,0.0889798030257225,0.3603338599205017,0.0,2.0,0.7059985995292664,0.4928953826053809,0.619065672159195,0.0,0.25048828125,0.25048828125,0.0,0.250732421875,0.14453125,0.16748046875,0.251953125,0.30908203125,0.177490234375,0.0849609375,0.25146484375,0.0,0.25048828125,0.25048828125,0.0
6cf83974b645d3a8,09_universal_symbols_healthcare_webfont,Universal Symbols Healthcare Webfont,i smoking,healthcare wayfinding,icon_data/normalized_256/09_universal_symbols_healthcare_webfont/i_smoking__6cf83974b645.png,0.275543212890625,0.0231170654296875,1.0,901.0,0.219970703125,72.7369589345172,0.388494470978013,1.3879781420765027,0.5568644381398791,0.1821132799300119,0.4463756507809371,0.2084588101452185,0.08749584671613689,0.9195437417252266,1.0,2.0,1.0,0.44453102350234985,0.05374087393283844,0.3161811828613281,0.18554691970348358,1.0,7.0,0.0,0.0,0.6994646787643433,0.0,0.08935546875,0.284912109375,0.013427734375,0.0,0.083251953125,0.474365234375,0.415771484375,0.38916015625,0.390625,0.458984375,0.76513671875,0.2646484375,0.265625,0.265625,0.247802734375
6e0d4fcc0f2a575e,04_ocha_humanitarian_icons,OCHA Humanitarian Icons,cold wave,iconsets,icon_data/normalized_256/04_ocha_humanitarian_icons/cold_wave__6e0d4fcc0f2a.png,0.7109375,0.0256195068359375,1.0,376.0,0.091796875,174.29787234042553,1.0,0.7109375,1.0,0.0,1.0,1.0,0.018801510989010988,0.9815454622061178,1.0,0.0,0.8692537313432837,0.15138506889343262,0.13854166865348816,0.5701219439506531,0.13995131850242615,1.0,8.0,0.0,0.0,0.271237313747406,0.421875,1.0,1.0,0.421875,0.421875,1.0,1.0,0.421875,0.421875,1.0,1.0,0.421875,0.421875,1.0,1.0,0.421875
6e687582cf57454e,09_universal_symbols_healthcare_webfont,Universal Symbols Healthcare Webfont,i imaging root category,healthcare wayfinding,icon_data/normalized_256/09_universal_symbols_healthcare_webfont/i_imaging_root_category__6e687582cf57.png,0.4236907958984375,0.0455169677734375,2.0,1609.0,0.392822265625,40.73088875077688,0.4595967955508475,0.921875,0.5225844092294952,0.09435189062006054,0.5707093562620206,0.31941078641007364,0.11265170886303887,0.8987538436640233,2.0,1.0,0.5259798071640999,0.4934108853340149,0.04770839959383011,0.38870784640312195,0.07017285376787186,1.0,7.0,0.0,0.0,0.6705972850322723,0.338134765625,0.570068359375,0.585205078125,0.2998046875,0.234375,0.686279296875,0.7060546875,0.208251953125,0.3095703125,0.4482421875,0.643798828125,0.597412109375,0.0,0.0,0.5625,0.58935546875
6ed6ebc936f61661,03_mapbox_maki_icons,Mapbox Maki,caution,cartography / point of interest,icon_data/normalized_256/03_mapbox_maki_icons/caution__6ed6ebc936f6.png,0.523284912109375,0.0133056640625,1.0,592.0,0.14453125,110.70270270270271,0.6407698056801195,1.0762331838565022,0.9779843723264701,0.10311771010066265,0.9990673273098222,0.49690091663029246,0.02950953519566105,0.971336316773353,1.0,3.0,1.0,0.46646565198898315,0.16287758946418762,0.20899178087711334,0.16166497766971588,1.0,7.0,0.0,0.0,0.6682953834533691,0.0,0.455322265625,0.4560546875,0.0,0.090087890625,0.932861328125,0.93359375,0.092041015625,0.5849609375,0.9970703125,0.9970703125,0.5849609375,0.514892578125,0.609375,0.609375,0.514892578125
6f467e370375ad8a,04_ocha_humanitarian_icons,OCHA Humanitarian Icons,bridge closed,iconsets,icon_data/normalized_256/04_ocha_humanitarian_icons/bridge_closed__6f467e370375.png,0.4274749755859375,0.005126953125,4.0,745.0,0.181884765625,87.96778523489932,0.4274749755859375,1.0,0.5653314499041469,0.13884156847307633,0.5629009762900976,0.20968090159333305,0.06510797786899875,0.9388719461107946,4.0,1.0,0.6575210646137959,0.3623572885990143,0.1505543440580368,0.335367888212204,0.15172047913074493,1.0,7.0,0.0,0.0,0.9016727060079575,0.716796875,0.45654296875,0.0,0.0,0.4853515625,0.284912109375,0.015625,0.015625,0.8388671875,0.838623046875,0.8388671875,0.838623046875,0.37744140625,0.37744140625,0.37744140625,0.37744140625
6f7a2c6a268cf895,02_aiga_dot_symbol_signs,AIGA/DOT Symbol Signs,BSicon RENTALCAR,,icon_data/normalized_256/02_aiga_dot_symbol_signs/bsicon_rentalcar__6f7a2c6a268c.png,0.3362274169921875,0.0375213623046875,2.0,997.0,0.243408203125,65.73319959879639,0.5002951593860685,0.7520661157024794,0.5595124738145115,0.06570691379217997,0.7684590690208668,0.3525042965872821,0.08350351713183572,0.9229319371727749,2.0,4.0,1.0,0.4170387387275696,0.17646993696689606,0.2375398427248001,0.16895148158073425,1.0,1.0,0.0,0.0,1.0,0.138427734375,0.718505859375,0.454833984375,0.073486328125,0.01611328125,0.40234375,0.237060546875,0.00048828125,0.235595703125,0.64306640625,0.640380859375,0.23046875,0.259521484375,0.534912109375,0.534912109375,0.259521484375
6f8e8d450334b31b,10_openmoji,OpenMoji,registered,symbols / other-symbol,icon_data/normalized_256/10_openmoji/00ae__6f8e8d450334.png,0.352996826171875,0.0312957763671875,2.0,1171.0,0.285888671875,55.96584116140051,0.5245804988662132,1.0,0.6556884530355422,0.012552277640740678,0.8908050674295055,0.86504353434376,0.09397423705368721,0.914098308835151,2.0,2.0,1.0,0.2564747929573059,0.20603132247924805,0.3113853633403778,0.22610849142074585,1.0,7.0,0.0,0.0,0.7789944857358932,0.056884765625,0.387939453125,0.376708984375,0.056396484375,0.372314453125,0.69970703125,0.609130859375,0.371826171875,0.3720703125,0.584228515625,0.52734375,0.37158203125,0.056396484375,0.37451171875,0.37451171875,0.056396484375
6fea82fcc2811170,09_universal_symbols_healthcare_webfont,Universal Symbols Healthcare Webfont,ambulance,healthcare wayfinding,icon_data/normalized_256/09_universal_symbols_healthcare_webfont/ambulance__6fea82fcc281.png,0.8274688720703125,0.0330047607421875,4.0,859.0,0.209716796875,76.29336437718277,0.8274688720703125,1.0,0.8435453513151959,0.0125718320382197,0.8450258573761568,0.8810572687224669,0.04846115547032031,0.953778778338639,4.0,4.0,1.0,0.3898988664150238,0.12437925487756729,0.3331438899040222,0.1525779664516449,1.0,7.0,0.0,0.0,0.8812459409236908,0.95068359375,1.0,0.999267578125,0.9443359375,0.653076171875,0.561279296875,0.6708984375,0.96435546875,0.704833984375,0.69091796875,0.499267578125,0.706298828125,0.95556640625,0.99560546875,0.9951171875,0.947998046875
6ff9dd295e18ba9b,09_universal_symbols_healthcare_webfont,Universal Symbols Healthcare Webfont,anesthesia,healthcare wayfinding,icon_data/normalized_256/09_universal_symbols_healthcare_webfont/anesthesia__6ff9dd295e18.png,0.984375,0.0113525390625,1.0,1.0,0.000244140625,65536.0,1.0,0.984375,1.0,0.0,1.0,1.0,0.015749007936507936,0.9844951776339885,1.0,0.0,0.8881057268722466,0.39087799191474915,0.1396367847919464,0.30749261379241943,0.1619926244020462,1.0,8.0,0.0,0.0,0.633150726556778,0.96875,1.0,1.0,0.96875,0.96875,1.0,1.0,0.96875,0.96875,1.0,1.0,0.96875,0.96875,1.0,1.0,0.96875
7053d892be0ae98f,03_mapbox_maki_icons,Mapbox Maki,american football,cartography / point of interest,icon_data/normalized_256/03_mapbox_maki_icons/american_football__7053d892be0a.png,0.481048583984375,0.011444091796875,1.0,451.0,0.110107421875,145.31263858093126,0.7637112403100775,1.3953488372093024,0.9850643669541307,0.0007601073055658487,0.9960744586551855,0.9993658041603247,0.029436021061980587,0.971405681888211,1.0,3.0,1.0,0.38725483417510986,0.2333836555480957,0.14481160044670105,0.23454982042312622,1.0,7.0,0.0,0.0,0.640575498342514,0.01025390625,0.29638671875,0.30126953125,0.010986328125,0.62451171875,0.9892578125,0.9892578125,0.627685546875,0.62451171875,0.9892578125,0.9892578125,0.626953125,0.01025390625,0.29638671875,0.299560546875,0.010986328125
70765ec728503af7,01_mcdougall_symbol_icon_set,McDougall Symbol/Icon Set,Draw,,icon_data/normalized_256/01_mcdougall_symbol_icon_set/mcdougall_071__70765ec72850.png,0.0581512451171875,0.0101318359375,1.0,442.0,0.10791015625,148.2714932126697,0.3062274005624749,0.7251908396946565,0.6337407499792135,0.08140281540355264,0.114979520187244,0.10495795882864599,0.4954080293886119,0.6687138094402527,1.0,102.0,1.0,0.07716098427772522,0.3989403545856476,0.42214295268058777,0.10175572335720062,0.0,4.0,0.09871914982795715,0.007351095302998865,0.8067622035741806,0.0,0.0,0.01611328125,0.0,0.0,0.108154296875,0.496337890625,0.0,0.0,0.209228515625,0.09912109375,0.0,0.0,0.00146484375,0.0,0.0
7077cdcc94cf4878,04_ocha_humanitarian_icons,OCHA Humanitarian Icons,agile,iconsets,icon_data/normalized_256/04_ocha_humanitarian_icons/agile__7077cdcc94cf.png,0.87890625,0.0206298828125,1.0,232.0,0.056640625,282.48275862068965,1.0,0.87890625,1.0,0.002772967769359,0.9911504424778761,1.0,0.01670138888888889,0.983572965404187,1.0,0.0,0.8821367311933349,0.16590891778469086,0.19062064588069916,0.2772842049598694,0.3661862313747406,1.0,8.0,0.0,0.0,0.2768031358718872,0.765625,1.0,1.0,0.75,0.765625,1.0,1.0,0.75,0.765625,1.0,1.0,0.75,0.765625,1.0,1.0,0.75
7086ab62c00bb137,03_mapbox_maki_icons,Mapbox Maki,entrance,cartography / point of interest,icon_data/normalized_256/03_mapbox_maki_icons/entrance__7086ab62c00b.png,0.321258544921875,0.006744384765625,1.0,508.0,0.1240234375,129.00787401574803,0.4445993031358885,1.1268292682926828,0.6944503999340315,0.06436513402316223,0.27917856491888937,0.43419618528610354,0.04540704854184478,0.9565651976374375,1.0,0.0,0.7335377325621907,0.5533031225204468,0.18403179943561554,0.22918309271335602,0.03348204120993614,1.0,7.0,0.0,0.0,0.5496056079864502,0.0,0.30419921875,0.146484375,0.0,0.0,0.531982421875,0.71923828125,0.807373046875,0.108642578125,0.65625,0.803466796875,0.06884765625,0.347900390625,0.578369140625,0.0673828125,0.0
709c56f034c6cb05,10_openmoji,OpenMoji,flag: Belgium,flags / country-flag,icon_data/normalized_256/10_openmoji/1f1e7_1f1ea__709c56f034c6.png,0.5166015625,0.021331787109375,1.0,556.0,0.1357421875,117.87050359712231,0.9995276334435522,1.5890410958904109,1.0,0.0,1.0,1.0,0.022329867674858225,0.9781578643245117,1.0,0.0,0.8484362469927826,0.535068690776825,0.008600475266575813,0.44773030281066895,0.008600475266575813,0.0,34.0,0.4719451069831848,0.5255473159858398,0.6256861686706543,0.11328125,0.140625,0.140625,0.11328125,0.8125,1.0,1.0,0.8125,0.8125,1.0,1.0,0.8125,0.11328125,0.140625,0.140625,0.11328125
70c66f7df237db99,03_mapbox_maki_icons,Mapbox Maki,defibrillator,cartography / point of interest,icon_data/normalized_256/03_mapbox_maki_icons/defibrillator__70c66f7df237.png,0.589691162109375,0.02001953125,1.0,550.0,0.13427734375,119.15636363636364,0.7253378378378378,1.0810810810810811,0.9651366065631087,0.05587495563185717,0.9932948215390963,0.6013757096092488,0.027066190550121615,0.9736470825355236,1.0,1.0,1.0,0.2898929715156555,0.21488510072231293,0.18698012828826904,0.3082418143749237,1.0,7.0,0.0,0.0,0.6261871159076691,0.3916015625,0.535400390625,0.536376953125,0.39111328125,0.867919921875,1.0,0.974853515625,0.867919921875,0.38623046875,1.0,1.0,0.384765625,0.0029296875,0.545166015625,0.5478515625,0.0029296875
70f46d8c5056c65d,09_universal_symbols_healthcare_webfont,Universal Symbols Healthcare Webfont,i gift shop,healthcare wayfinding,icon_data/normalized_256/09_universal_symbols_healthcare_webfont/i_gift_shop__70f46d8c5056.png,0.539276123046875,0.0361175537109375,3.0,1489.0,0.363525390625,44.01343183344527,0.6563289258653989,0.8346456692913385,0.7076112963129811,0.06581198653557026,0.5683159529620591,0.5446003234124382,0.07747156357874484,0.9280987394957984,3.0,7.0,1.0,0.33763793110847473,0.10973436385393143,0.45053863525390625,0.1020890548825264,1.0,7.0,0.0,0.0,0.7511681318283081,0.3935546875,0.7607421875,0.30712890625,0.18505859375,0.196044921875,0.478759765625,0.75927734375,0.569580078125,0.47705078125,0.75634765625,0.726318359375,0.538330078125,0.51171875,0.7412109375,0.70458984375,0.522705078125
70f95fbb8f91b253,11_iso_7010_safety_signs,ISO 7010 Safety Signs,ISO 7010 W028,iconsets,icon_data/normalized_256/11_iso_7010_safety_signs/iso_7010_w028__70f95fbb8f91.png,0.875,0.0394134521484375,1.0,88.0,0.021484375,744.7272727272727,1.0,1.1428571428571428,1.0,0.0,1.0,1.0,0.016741071428571428,0.9835345773874863,1.0,0.0,0.8818897637795275,0.25519460439682007,0.2884298861026764,0.14649777114391327,0.3098777234554291,1.0,8.0,0.0,0.0,0.25036853551864624,0.75,0.75,0.75,0.75,1.0,1.0,1.0,1.0,1.0,1.0,1.0,1.0,0.75,0.75,0.75,0.75
712bb230ef70f459,07_arasaac_pictograms,ARASAAC Pictograms,lower the toilet seat,verb; routine; building facility,icon_data/normalized_256/07_arasaac_pictograms/10144__712bb230ef70.png,0.5075531005859375,0.0711669921875,2.0,784.0,0.19140625,83.59183673469387,0.5803238075299207,0.9471544715447154,0.7379560505385528,0.11080701661018749,0.5111989459815547,0.4961766822598057,0.04551603884195653,0.9564654800586595,2.0,0.0,0.733068870523416,0.3842403292655945,0.117009237408638,0.13942807912826538,0.35932236909866333,0.0,24.0,0.006237052846699953,0.01896257842425874,0.22149288654327393,0.32666015625,0.073974609375,0.2236328125,0.05322265625,0.116455078125,0.74609375,0.9560546875,0.760986328125,0.311279296875,0.74365234375,1.0,0.546142578125,0.50390625,0.90625,0.845703125,0.0068359375
713b4099c1630e63,13_usp_pictograms_manual,USP Pictograms,25,medication instruction,icon_data/normalized_256/13_usp_pictograms_manual/25__713b4099c163.png,0.7734375,0.0598602294921875,1.0,376.0,0.091796875,174.29787234042553,1.0,0.7734375,1.0,0.0,1.0,1.0,0.0179135101010101,0.9824017365687262,1.0,0.0,0.8746548868028713,0.300666481256485,0.15545654296875,0.4230473041534424,0.12082965672016144,1.0,8.0,0.0,0.0,0.2410617470741272,0.546875,1.0,1.0,0.546875,0.546875,1.0,1.0,0.546875,0.546875,1.0,1.0,0.546875,0.546875,1.0,1.0,0.546875
71bd84f092815ba6,04_ocha_humanitarian_icons,OCHA Humanitarian Icons,epidemic,iconsets,icon_data/normalized_256/04_ocha_humanitarian_icons/epidemic__71bd84f09281.png,0.87890625,0.0303802490234375,1.0,232.0,0.056640625,282.48275862068965,1.0,1.1377777777777778,1.0,0.002772967769359,1.0,0.9911504424778761,0.01670138888888889,0.983572965404187,1.0,0.0,0.8821367311933349,0.19728627800941467,0.2732445299625397,0.2546488642692566,0.27482035756111145,1.0,8.0,0.0,0.0,0.4338644742965698,0.765625,0.765625,0.765625,0.765625,1.0,1.0,1.0,1.0,1.0,1.0,1.0,1.0,0.75,0.75,0.75,0.75
71d9b56ddfc7f71c,02_aiga_dot_symbol_signs,AIGA/DOT Symbol Signs,Aiga escalator up,,icon_data/normalized_256/02_aiga_dot_symbol_signs/aiga_escalator_up__71d9b56ddfc7.png,0.3417510986328125,0.0252838134765625,3.0,796.0,0.1943359375,82.33165829145729,0.4453392189612662,1.2828282828282829,0.6219661205220772,0.03864023104651694,0.28165951359084407,0.28925857702049274,0.062240478635531546,0.94140641419024,3.0,0.0,0.6675906882470416,0.30005133152008057,0.5111737847328186,0.11939722299575806,0.06937769055366516,1.0,8.0,0.0,0.0,0.6292509734630585,0.0,0.19921875,0.113037109375,0.212646484375,0.0,0.4970703125,0.898193359375,0.671142578125,0.433349609375,0.901611328125,0.495361328125,0.09521484375,0.451416015625,0.27587890625,0.151611328125,0.072265625
71fdf8b36f8e48fb,07_arasaac_pictograms,ARASAAC Pictograms,happy,qualifying adjective; feeling,icon_data/normalized_256/07_arasaac_pictograms/10192__71fdf8b36f8e.png,0.4792938232421875,0.0427703857421875,1.0,559.0,0.136474609375,117.23792486583184,0.7475249881009043,0.8681818181818182,0.9198758309661171,0.005044479891676999,0.9582917705735661,0.7293949237460772,0.032281684760115885,0.968727833461835,1.0,0.0,0.7947524226399817,0.15679311752319336,0.239826500415802,0.3674939274787903,0.23588652908802032,0.0,30.0,0.5783687233924866,0.5836938164435912,0.2660468816757202,0.00390625,0.525634765625,0.548095703125,0.010498046875,0.295654296875,1.0,1.0,0.31298828125,0.45849609375,0.99951171875,0.996826171875,0.47119140625,0.148681640625,0.378662109375,0.34912109375,0.16943359375
7259932e97995938,05_mulberry_symbols,Mulberry Symbols,Halloween,iconsets,icon_data/normalized_256/05_mulberry_symbols/halloween__7259932e9799.png,0.3288116455078125,0.022857666015625,2.0,802.0,0.19580078125,81.71571072319202,0.45976104117772565,1.013953488372093,0.6326311926605505,0.06050637917934577,0.4886018237082067,0.3770208959038916,0.07601280801893359,0.9293569672661405,2.0,2.0,1.0,0.19315090775489807,0.20440490543842316,0.2514183223247528,0.35102584958076477,0.0,54.0,0.22411760687828064,0.28403088483676253,0.6462581157684326,0.09130859375,0.1376953125,0.38330078125,0.25927734375,0.228759765625,0.791015625,0.74560546875,0.50048828125,0.07080078125,0.94775390625,0.581787109375,0.0,0.0,0.249755859375,0.2734375,0.0
72dc6165b2f79d8b,13_usp_pictograms_manual,USP Pictograms,79,medication instruction,icon_data/normalized_256/13_usp_pictograms_manual/79__72dc6165b2f7.png,0.7890625,0.0578155517578125,1.0,376.0,0.091796875,174.29787234042553,1.0,0.7890625,1.0,0.0,1.0,1.0,0.0177134900990099,0.9825948164475184,1.0,0.0,0.875880758807588,0.29140686988830566,0.12694166600704193,0.4527416527271271,0.12890982627868652,1.0,8.0,0.0,0.0,0.24298155307769775,0.578125,1.0,1.0,0.578125,0.578125,1.0,1.0,0.578125,0.578125,1.0,1.0,0.578125,0.578125,1.0,1.0,0.578125
72e30cf0259cc441,02_aiga_dot_symbol_signs,AIGA/DOT Symbol Signs,Aiga no parking,,icon_data/normalized_256/02_aiga_dot_symbol_signs/aiga_no_parking__72e30cf0259c.png,0.5170440673828125,0.043792724609375,1.0,1330.0,0.32470703125,49.275187969924815,0.5170440673828125,1.0,0.6663258182819275,0.024998721221267242,0.8106764988778454,0.7695441015196616,0.07212630957650878,0.9327259214401717,1.0,2.0,1.0,0.220413938164711,0.14826700091362,0.2306697964668274,0.4006492793560028,1.0,8.0,0.0,0.0,0.9449913315474987,0.304443359375,0.6181640625,0.54443359375,0.282470703125,0.49951171875,0.83642578125,0.956787109375,0.464111328125,0.451904296875,0.53515625,0.6611328125,0.511962890625,0.281982421875,0.520263671875,0.499755859375,0.30419921875
7356c61eeb1541c5,02_aiga_dot_symbol_signs,AIGA/DOT Symbol Signs,Aiga taxi,,icon_data/normalized_256/02_aiga_dot_symbol_signs/aiga_taxi__7356c61eeb15.png,0.2822418212890625,0.0222930908203125,1.0,370.0,0.09033203125,177.12432432432433,0.6933948118158645,1.0961538461538463,0.8427071231690927,0.09140994941362533,0.9844437292136037,0.508235485975212,0.03838460290857977,0.9630343104076639,1.0,0.0,0.765065971791372,0.4682042598724365,0.11325570195913315,0.30169105529785156,0.11684897541999817,1.0,8.0,0.0,0.0,0.7798954248428345,0.0,0.0,0.0,0.0,0.01171875,0.754150390625,0.74609375,0.009765625,0.32568359375,1.0,1.0,0.311767578125,0.05322265625,0.12548828125,0.130615234375,0.04736328125
737226e892a3f49b,09_universal_symbols_healthcare_webfont,Universal Symbols Healthcare Webfont,cardiology,healthcare wayfinding,icon_data/normalized_256/09_universal_symbols_healthcare_webfont/cardiology__737226e892a3.png,0.7448883056640625,0.033050537109375,1.0,901.0,0.219970703125,72.7369589345172,0.7448883056640625,1.0,0.7582281036919684,0.024753745648963987,0.8900073560726315,0.6989280991160298,0.051949116086609175,0.9506163223180729,1.0,2.0,1.0,0.18739742040634155,0.18109619617462158,0.3985999524593353,0.23290641605854034,1.0,7.0,0.0,0.0,0.8811847493052483,0.904541015625,0.77392578125,0.783447265625,0.8974609375,0.694091796875,0.3505859375,0.368896484375,0.628662109375,0.98046875,0.46142578125,0.41943359375,0.970947265625,0.954345703125,0.89306640625,0.870849609375,0.966064453125
741e58a9320cb6b0,13_usp_pictograms_manual,USP Pictograms,67,medication instruction,icon_data/normalized_256/13_usp_pictograms_manual/67__741e58a9320c.png,0.80859375,0.0545196533203125,1.0,280.0,0.068359375,234.05714285714285,1.0,0.80859375,1.0,0.002772967769359,0.9903846153846154,1.0,0.017474335748792272,0.9828257724693052,1.0,0.0,0.8773509933774836,0.33028295636177063,0.13250502943992615,0.45212364196777344,0.08508850634098053,1.0,8.0,0.0,0.0,0.24309980869293213,0.625,1.0,1.0,0.609375,0.625,1.0,1.0,0.609375,0.625,1.0,1.0,0.609375,0.625,1.0,1.0,0.609375
74603b2f7a5b4daf,06_blissymbolics,Blissymbolics,avocado,Blissymbolics char,icon_data/normalized_256/06_blissymbolics/avocado_fdb7388828a7__74603b2f7a5b.png,0.3828125,0.0143890380859375,1.0,376.0,0.091796875,174.29787234042553,1.0,0.3828125,1.0,0.0,1.0,1.0,0.02822066326530612,0.9725538843231509,1.0,0.0,0.8158168574401665,0.18466351926326752,0.28630486130714417,0.3381708264350891,0.19086085259914398,1.0,8.0,0.0,0.0,0.09939426183700562,0.0,0.765625,0.765625,0.0,0.0,0.765625,0.765625,0.0,0.0,0.765625,0.765625,0.0,0.0,0.765625,0.765625,0.0
74bfe75bc1303abf,13_usp_pictograms_manual,USP Pictograms,07A,medication instruction,icon_data/normalized_256/13_usp_pictograms_manual/07a__74bfe75bc130.png,0.4921875,0.035369873046875,1.0,16.0,0.00390625,4096.0,1.0,0.4921875,1.0,0.0,1.0,1.0,0.023685515873015872,0.976862507571169,1.0,0.0,0.8407005838198499,0.34554460644721985,0.10850255936384201,0.4191638231277466,0.12678898870944977,1.0,8.0,0.0,0.0,0.2719166874885559,0.0,0.984375,0.984375,0.0,0.0,0.984375,0.984375,0.0,0.0,0.984375,0.984375,0.0,0.0,0.984375,0.984375,0.0
75fcf2cdc71e0f51,10_openmoji,OpenMoji,ID button,symbols / alphanum,icon_data/normalized_256/10_openmoji/1f194__75fcf2cdc71e.png,0.2021484375,0.02069091796875,3.0,958.0,0.23388671875,68.40918580375782,0.39995169665499336,1.0,0.4085484318623369,0.009556631338137032,0.8316051430941518,0.9275425578350065,0.1482487922705314,0.8708914015251118,3.0,2.0,0.6666666666666666,0.4084201455116272,0.032264307141304016,0.5211601853370667,0.03815542161464691,0.0,24.0,0.5446091890335083,0.3979946235909741,0.43727803230285645,0.106201171875,0.171875,0.171875,0.10595703125,0.171875,0.32080078125,0.372314453125,0.171875,0.171875,0.308837890625,0.36669921875,0.171875,0.10791015625,0.203125,0.203125,0.108154296875
760732f0c2150ee2,12_iso_15223_medical_device_symbols,ISO 15223 Medical Device Symbols,consult instructions for use,medical device label,icon_data/normalized_256/12_iso_15223_medical_device_symbols/consult_instructions_for_use__760732f0c215.png,0.14117431640625,0.0272064208984375,3.0,1072.0,0.26171875,61.134328358208954,0.2648195323009989,1.3478260869565217,0.2767325696168456,0.08148647087632097,0.5130008176614882,0.4060790273556231,0.23216601815823606,0.8115789473684211,3.0,2.0,0.6666666666666666,0.4062284529209137,0.0496482327580452,0.4936673045158386,0.05045599490404129,1.0,7.0,0.0,0.0,0.7966252118349075,0.01171875,0.125244140625,0.128662109375,0.0126953125,0.19287109375,0.067626953125,0.300537109375,0.230224609375,0.125,0.124267578125,0.40869140625,0.2099609375,0.1005859375,0.059814453125,0.05859375,0.102294921875
7616bb30c75b6877,02_aiga_dot_symbol_signs,AIGA/DOT Symbol Signs,Aiga lostandfound,,icon_data/normalized_256/02_aiga_dot_symbol_signs/aiga_lostandfound__7616bb30c75b.png,0.2835235595703125,0.038116455078125,5.0,955.0,0.233154296875,68.62408376963351,0.3059507343739709,1.045643153526971,0.4721322305649782,0.1778706100928667,0.5313169606065601,0.28259819148201837,0.11161939615736505,0.8995884773662551,5.0,0.0,0.5282745287578541,0.6719469428062439,0.10099034011363983,0.1580324023962021,0.06903031468391418,1.0,1.0,0.0,0.0,0.9999432268414239,0.0,0.237060546875,0.15771484375,0.0,0.01123046875,0.267822265625,0.386962890625,0.009765625,0.14990234375,0.6728515625,0.8369140625,0.34228515625,0.05224609375,0.649169921875,0.762451171875,0.0
764514f04c90f5f3,07_arasaac_pictograms,ARASAAC Pictograms,take underpants off,verb; clothes; routine,icon_data/normalized_256/07_arasaac_pictograms/10142__764514f04c90.png,0.4630889892578125,0.058807373046875,2.0,937.0,0.228759765625,69.94236926360726,0.6326662497394204,0.8760683760683761,0.7726225480836547,0.08096968119479911,0.6558817110432126,0.5712658555526793,0.057464825859171634,0.9456579316361824,2.0,1.0,0.685063542583689,0.18445657193660736,0.13277661800384521,0.5349572896957397,0.14780957996845245,0.0,25.0,0.07774899154901505,0.053038592551605326,0.22701793909072876,0.3291015625,0.7744140625,0.66357421875,0.22021484375,0.347900390625,0.982666015625,0.9375,0.133544921875,0.052734375,0.906494140625,0.804443359375,0.1904296875,0.0,0.525390625,0.534912109375,0.006103515625
7658aacd4ef3a3d6,09_universal_symbols_healthcare_webfont,Universal Symbols Healthcare Webfont,i administration,healthcare wayfinding,icon_data/normalized_256/09_universal_symbols_healthcare_webfont/i_administration__7658aacd4ef3.png,0.4871978759765625,0.017822265625,4.0,886.0,0.21630859375,73.96839729119638,0.4871978759765625,1.0,0.6746679908294683,0.0922004977653286,0.16059030933081314,0.22742474916387959,0.06075981083027968,0.942720481856565,4.0,1.0,0.6729119686400136,0.42367252707481384,0.1426268070936203,0.33721837401390076,0.0964822992682457,1.0,7.0,0.0,0.0,0.8361528813838959,0.8515625,0.5888671875,0.050048828125,0.076171875,0.59716796875,0.66845703125,0.400634765625,0.5263671875,0.005859375,0.361083984375,0.915283203125,0.99169921875,0.0009765625,0.15087890625,0.610107421875,1.0
769074ceba58964c,07_arasaac_pictograms,ARASAAC Pictograms,cut up,verb; cookery,icon_data/normalized_256/07_arasaac_pictograms/10185__769074ceba58.png,0.3077545166015625,0.029083251953125,1.0,610.0,0.14892578125,107.43606557377049,0.49144736842105263,1.4035087719298245,0.655337676473933,0.07429091362604044,0.38058730919296324,0.5156684451792289,0.05969557241310923,0.9436672437187105,1.0,3.0,1.0,0.43390798568725586,0.13461942970752716,0.1974814087152481,0.23399128019809723,0.0,43.0,0.4777644872665405,0.5358725260024628,0.4255729913711548,0.0,0.0,0.23681640625,0.008056640625,0.54638671875,0.43798828125,0.820068359375,0.58154296875,0.384765625,0.639404296875,0.24267578125,0.75341796875,0.0,0.0,0.0634765625,0.20947265625
76ab071027cabd1f,09_universal_symbols_healthcare_webfont,Universal Symbols Healthcare Webfont,i imaging alternative mri,healthcare wayfinding,icon_data/normalized_256/09_universal_symbols_healthcare_webfont/i_imaging_alternative_mri__76ab071027ca.png,0.984375,0.0445556640625,1.0,1.0,0.000244140625,65536.0,1.0,0.984375,1.0,0.0,1.0,1.0,0.015749007936507936,0.9844951776339885,1.0,0.0,0.8881057268722466,0.3037380576133728,0.03753456473350525,0.585982084274292,0.07274533808231354,1.0,8.0,0.0,0.0,0.2881002426147461,0.96875,1.0,1.0,0.96875,0.96875,1.0,1.0,0.96875,0.96875,1.0,1.0,0.96875,0.96875,1.0,1.0,0.96875
76af4840134a7355,03_mapbox_maki_icons,Mapbox Maki,building alt1,cartography / point of interest,icon_data/normalized_256/03_mapbox_maki_icons/building_alt1__76af4840134a.png,0.4410247802734375,0.009857177734375,1.0,535.0,0.130615234375,122.49719626168225,0.5961839933993399,0.8416666666666667,0.8138824357620557,0.09564242058872398,0.7922118186891548,0.7143958716412598,0.03127703006608311,0.9696715536618915,1.0,0.0,0.7998616299986162,0.12174070626497269,0.014516080729663372,0.8409451246261597,0.022798044607043266,1.0,7.0,0.0,0.0,0.6150968670845032,0.0,0.57763671875,0.480224609375,0.0,0.0,0.8125,1.0,0.07275390625,0.0,0.8125,1.0,0.078125,0.268798828125,0.7939453125,0.87158203125,0.288330078125
77256bc1bfc6a972,08_ghs_hazard_pictograms,GHS Hazard Pictograms,flame over circle,chemical hazard,icon_data/normalized_256/08_ghs_hazard_pictograms/flame_over_circle__77256bc1bfc6.png,0.2127532958984375,0.01849365234375,2.0,1384.0,0.337890625,47.35260115606936,0.21611693223386447,1.0,0.43224726415971726,0.02087671315288241,0.9298269896193772,0.7020263671875,0.2219034641038514,0.8183952573809943,2.0,7.0,1.0,0.13962078094482422,0.27975893020629883,0.26028841733932495,0.3203318417072296,0.0,2.0,0.6316704154014587,0.530256613599172,0.6988691091537476,0.0,0.27001953125,0.27734375,0.0,0.25048828125,0.4150390625,0.425537109375,0.25048828125,0.25048828125,0.248779296875,0.264404296875,0.25048828125,0.0,0.25048828125,0.25048828125,0.0
7774a1fd1e9a03ca,07_arasaac_pictograms,ARASAAC Pictograms,basketball,sport modality; basketball; core vocabulary-leisure,icon_data/normalized_256/07_arasaac_pictograms/10166__7774a1fd1e9a.png,0.236541748046875,0.042938232421875,4.0,1093.0,0.266845703125,59.95974382433669,0.3796160250759134,0.6747967479674797,0.4675896600609296,0.07843157736826771,0.17975646879756468,0.27714615257867853,0.1566249516191459,0.8645844952593419,4.0,1.0,0.4438527171734524,0.31571221351623535,0.1248595342040062,0.4626304507255554,0.09679775685071945,0.0,78.0,0.2768004536628723,0.3774858502622065,0.5003258883953094,0.252685546875,0.839111328125,0.155517578125,0.0,0.0703125,0.376953125,0.303466796875,0.07373046875,0.0,0.482177734375,0.374755859375,0.179443359375,0.0,0.287841796875,0.268798828125,0.119873046875
780501241887ce4e,09_universal_symbols_healthcare_webfont,Universal Symbols Healthcare Webfont,i registration,healthcare wayfinding,icon_data/normalized_256/09_universal_symbols_healthcare_webfont/i_registration__780501241887.png,0.389892578125,0.0240631103515625,3.0,988.0,0.2412109375,66.33198380566802,0.3960813492063492,0.984375,0.5463448010434262,0.13993211196584268,0.40704845814977975,0.2358887545344619,0.08015028177833437,0.9257971014492754,3.0,1.0,0.6093094238840137,0.29024410247802734,0.20880496501922607,0.37072956562042236,0.1302214115858078,1.0,7.0,0.0,0.0,0.7663591057062149,0.4990234375,0.09521484375,0.422607421875,0.362060546875,0.77685546875,0.3994140625,0.83984375,0.78173828125,0.58349609375,0.4404296875,0.25390625,0.238525390625,0.545166015625,0.0,0.0,0.0
780b88d5896419b9,05_mulberry_symbols,Mulberry Symbols,Lent,iconsets,icon_data/normalized_256/05_mulberry_symbols/lent__780b88d58964.png,0.3089599609375,0.02154541015625,2.0,739.0,0.180419921875,88.68200270635995,0.4305794790005316,0.9288888888888889,0.5934610255433269,0.14770690410543605,0.2499537008457312,0.4060134712867162,0.06203081785855393,0.9415922619047619,2.0,0.0,0.6683390546606812,0.34581872820854187,0.07433795183897018,0.4852368235588074,0.09460645914077759,0.0,44.0,0.24366232752799988,0.24657277214152654,0.3851696252822876,0.0,0.304931640625,0.02978515625,0.008056640625,0.2294921875,0.6064453125,0.647216796875,0.365966796875,0.0,0.375,0.734375,0.609375,0.0,0.10107421875,0.5126953125,0.4189453125
782bc7d9e9f42204,03_mapbox_maki_icons,Mapbox Maki,car repair,cartography / point of interest,icon_data/normalized_256/03_mapbox_maki_icons/car_repair__782bc7d9e9f4.png,0.59393310546875,0.0206146240234375,1.0,916.0,0.2236328125,71.54585152838428,0.7405631659056316,0.9125,0.7944646283218353,0.04250289434621123,0.8577701412752959,0.6805837399076033,0.04115712670845751,0.9604698218427676,1.0,1.0,1.0,0.7436103224754333,0.03998763859272003,0.17927801609039307,0.03712395206093788,1.0,7.0,0.0,0.0,0.583451509475708,0.5107421875,0.68359375,0.609375,0.34716796875,0.416015625,0.819091796875,0.739990234375,0.176513671875,0.535888671875,0.8486328125,0.848388671875,0.535888671875,0.51904296875,0.69677734375,0.69677734375,0.51904296875
782dc4fa727babcf,05_mulberry_symbols,Mulberry Symbols,Moon,iconsets,icon_data/normalized_256/05_mulberry_symbols/moon__782dc4fa727b.png,0.5497589111328125,0.03253173828125,1.0,520.0,0.126953125,126.03076923076924,0.7867280985238886,1.0,1.0,0.00881694204674101,0.9699819563672153,0.9778765920070268,0.023758638874240196,0.9767927341737834,1.0,0.0,0.8402873335354618,0.2458401471376419,0.24378164112567902,0.26595577597618103,0.24442237615585327,0.0,29.0,0.19489504396915436,0.15600469277089818,0.20738685131072998,0.076171875,0.588623046875,0.575927734375,0.061279296875,0.592529296875,1.0,1.0,0.552734375,0.582763671875,1.0,1.0,0.542236328125,0.065185546875,0.559814453125,0.546142578125,0.052734375
7849fdfc251947b4,05_mulberry_symbols,Mulberry Symbols,IT assistant 1b,iconsets,icon_data/normalized_256/05_mulberry_symbols/it_assistant_1b__7849fdfc2519.png,0.3441925048828125,0.0293426513671875,2.0,871.0,0.212646484375,75.24225028702641,0.48364065180102916,0.9636363636363636,0.6723598318876867,0.07555406397221225,0.2724657302420037,0.44438752641352375,0.07146340382143015,0.9333029914353097,2.0,3.0,1.0,0.2775935232639313,0.12716659903526306,0.4761058986186981,0.11913400888442993,0.0,38.0,0.20824366807937622,0.20129066045541164,0.5373446345329285,0.0,0.442626953125,0.168212890625,0.172119140625,0.228515625,0.92822265625,0.566162109375,0.41943359375,0.432861328125,1.0,0.3583984375,0.0,0.085693359375,0.66162109375,0.043212890625,0.0
786becad40b24f1e,13_usp_pictograms_manual,USP Pictograms,58,medication instruction,icon_data/normalized_256/13_usp_pictograms_manual/58__786becad40b2.png,0.5390625,0.0395050048828125,1.0,376.0,0.091796875,174.29787234042553,1.0,1.855072463768116,1.0,0.0,1.0,1.0,0.022305253623188404,0.9781814154391405,1.0,0.0,0.8485780169100692,0.4584733843803406,0.11584337800741196,0.3195236027240753,0.10615959018468857,1.0,8.0,0.0,0.0,0.19679492712020874,0.078125,0.078125,0.078125,0.078125,1.0,1.0,1.0,1.0,1.0,1.0,1.0,1.0,0.078125,0.078125,0.078125,0.078125
786bfbb67f300c8a,04_ocha_humanitarian_icons,OCHA Humanitarian Icons,country,iconsets,icon_data/normalized_256/04_ocha_humanitarian_icons/country__786bfbb67f30.png,0.8984375,0.017181396484375,1.0,376.0,0.091796875,174.29787234042553,1.0,0.8984375,1.0,0.0,1.0,1.0,0.016508152173913042,0.9837599411882644,1.0,0.0,0.8833413346135381,0.3472515046596527,0.022176571190357208,0.6055379509925842,0.025033878162503242,1.0,8.0,0.0,0.0,0.421348512172699,0.796875,1.0,1.0,0.796875,0.796875,1.0,1.0,0.796875,0.796875,1.0,1.0,0.796875,0.796875,1.0,1.0,0.796875
788cbfee6f19259d,13_usp_pictograms_manual,USP Pictograms,29,medication instruction,icon_data/normalized_256/13_usp_pictograms_manual/29__788cbfee6f19.png,0.765625,0.065185546875,1.0,376.0,0.091796875,174.29787234042553,1.0,0.765625,1.0,0.0,1.0,1.0,0.018016581632653062,0.9823022709475333,1.0,0.0,0.8740245261984392,0.3446568250656128,0.18761619925498962,0.25312942266464233,0.21459750831127167,1.0,8.0,0.0,0.0,0.26931893825531006,0.53125,1.0,1.0,0.53125,0.53125,1.0,1.0,0.53125,0.53125,1.0,1.0,0.53125,0.53125,1.0,1.0,0.53125
78beaf3272741543,13_usp_pictograms_manual,USP Pictograms,36,medication instruction,icon_data/normalized_256/13_usp_pictograms_manual/36__78beaf327274.png,0.8515625,0.0691680908203125,1.0,376.0,0.091796875,174.29787234042553,1.0,0.8515625,1.0,0.0,1.0,1.0,0.016986811926605505,0.9832969201494115,1.0,0.0,0.8803634528016153,0.3502776324748993,0.167741060256958,0.27479350566864014,0.2071877419948578,1.0,8.0,0.0,0.0,0.22659611701965332,0.703125,1.0,1.0,0.703125,0.703125,1.0,1.0,0.703125,0.703125,1.0,1.0,0.703125,0.703125,1.0,1.0,0.703125
7939fc56f5e8943d,07_arasaac_pictograms,ARASAAC Pictograms,travel,verb; movement; land transport,icon_data/normalized_256/07_arasaac_pictograms/10186__7939fc56f5e8.png,0.1148529052734375,0.0105133056640625,66.0,646.0,0.15771484375,101.44891640866874,0.16668881211799097,0.9953051643192489,0.26410526315789473,0.059568454258585826,0.5117493472584856,0.3265773704617554,0.26438155971834726,0.790900493853105,66.0,1.0,0.32102187913165864,0.3375495374202728,0.21881994605064392,0.19246245920658112,0.25116801261901855,0.0,26.0,0.6511830687522888,0.6726966121184521,0.7175466418266296,0.0,0.0,0.0302734375,0.126708984375,0.0,0.2998046875,0.186279296875,0.0,0.005615234375,0.465087890625,0.480224609375,0.015380859375,0.125244140625,0.039306640625,0.04052734375,0.023193359375
799c869131311255,05_mulberry_symbols,Mulberry Symbols,Bonfire Night,iconsets,icon_data/normalized_256/05_mulberry_symbols/bonfire_night__799c86913131.png,0.318817138671875,0.0355377197265625,7.0,1087.0,0.265380859375,60.29070837166513,0.4072904483430799,1.0133333333333334,0.5166347283179823,0.11500820347265511,0.263011545668863,0.3554330197859228,0.1134296927347564,0.8981258596973866,7.0,2.0,0.5242635620013048,0.1846112608909607,0.23116125166416168,0.30936533212661743,0.2748621702194214,0.0,58.0,0.3892262279987335,0.40939326086657857,0.6596648395061493,0.0888671875,0.201171875,0.26416015625,0.205322265625,0.148681640625,0.587158203125,0.33203125,0.11669921875,0.19091796875,0.974609375,0.377685546875,0.0,0.3740234375,0.658203125,0.550537109375,0.031005859375
79a746e1ce3aea8f,02_aiga_dot_symbol_signs,AIGA/DOT Symbol Signs,Aiga currencyexchange,,icon_data/normalized_256/02_aiga_dot_symbol_signs/aiga_currencyexchange__79a746e1ce3a.png,0.4168548583984375,0.0430450439453125,4.0,1033.0,0.252197265625,63.44240077444337,0.44838169642857145,1.0756302521008403,0.5370619747382906,0.12420997532220963,0.5821509237273411,0.19510914738177523,0.080822870529668,0.9252209841839673,4.0,1.0,0.6073183202543183,0.4454594552516937,0.14852909743785858,0.2474670112133026,0.1585443913936615,1.0,8.0,0.0,0.0,0.869453638792038,0.544921875,0.49609375,0.507080078125,0.544921875,0.529541015625,0.5205078125,0.639892578125,0.5654296875,0.489013671875,0.33837890625,0.40625,0.19287109375,0.112548828125,0.05908203125,0.719970703125,0.003173828125
79ff0fd7d91ebf5f,10_openmoji,OpenMoji,flag: Belarus,flags / country-flag,icon_data/normalized_256/10_openmoji/1f1e7_1f1fe__79ff0fd7d91e.png,0.501708984375,0.030120849609375,1.0,862.0,0.21044921875,76.02784222737819,0.9707132735002362,1.5890410958904109,0.9819322084515455,0.014318735293892272,0.94234404536862,0.9998783528982422,0.042396593673965935,0.9593277703215265,1.0,17.0,1.0,0.44500240683555603,0.07996460050344467,0.39504408836364746,0.07998897135257721,0.0,61.0,0.6021192073822021,0.5128350527263904,0.5944076180458069,0.11328125,0.140625,0.140625,0.11328125,0.693359375,1.0,1.0,0.8125,0.693359375,1.0,1.0,0.8125,0.11328125,0.140625,0.140625,0.11328125
7a39adc327fef601,03_mapbox_maki_icons,Mapbox Maki,aerialway,cartography / point of interest,icon_data/normalized_256/03_mapbox_maki_icons/aerialway__7a39adc327fe.png,0.7134857177734375,0.0222930908203125,1.0,889.0,0.217041015625,73.71878515185603,0.7856014784946237,0.967741935483871,0.814368441677189,0.023715399106318966,0.8790034157122765,0.5875263122156583,0.039735665861117646,0.9617829154411008,1.0,2.0,1.0,0.5213528871536255,0.025129977613687515,0.4283877909183502,0.025129443034529686,1.0,7.0,0.0,0.0,0.6230987906455994,0.51904296875,0.818603515625,0.723388671875,0.541259765625,0.690185546875,0.855712890625,0.85595703125,0.689453125,0.822998046875,0.416015625,0.416015625,0.822998046875,0.747314453125,0.875,0.875,0.746826171875
7a3cd1de02921376,07_arasaac_pictograms,ARASAAC Pictograms,group,verb; educational task,icon_data/normalized_256/07_arasaac_pictograms/10139__7a3cd1de0292.png,0.330780029296875,0.0547637939453125,16.0,1372.0,0.3349609375,47.7667638483965,0.4263629926835025,1.0224215246636772,0.4509767209636148,0.03882958400909159,0.6712666718063373,0.241865261228231,0.13645170218654856,0.8799318071115441,16.0,0.0,0.4780997750430065,0.14657333493232727,0.20264741778373718,0.4435400664806366,0.20723918080329895,0.0,50.0,0.43877288699150085,0.5800075504843654,0.40846532583236694,0.163818359375,0.275146484375,0.284912109375,0.192138671875,0.52978515625,0.723876953125,0.726318359375,0.528076171875,0.1748046875,0.248291015625,0.1572265625,0.156005859375,0.243896484375,0.285400390625,0.22216796875,0.380615234375
7a833deb4dabbc17,02_aiga_dot_symbol_signs,AIGA/DOT Symbol Signs,Aiga escalator up mirror,,icon_data/normalized_256/02_aiga_dot_symbol_signs/aiga_escalator_up_mirror__7a833deb4dab.png,0.3404083251953125,0.0255889892578125,3.0,799.0,0.195068359375,82.02252816020025,0.4435894376839259,1.2828282828282829,0.6192729947674499,0.037711205345053775,0.2780865081638499,0.28537681493431666,0.06239634228338339,0.9412683009155732,3.0,0.0,0.6670354313051278,0.2902003526687622,0.0739443227648735,0.117950938642025,0.5179044008255005,1.0,8.0,0.0,0.0,0.6277647316455841,0.2109375,0.113525390625,0.19873046875,0.0,0.66845703125,0.895263671875,0.497802734375,0.0,0.08984375,0.48486328125,0.901611328125,0.435302734375,0.068359375,0.15185546875,0.275390625,0.45458984375
7ab1784d29fe4429,04_ocha_humanitarian_icons,OCHA Humanitarian Icons,down,iconsets,icon_data/normalized_256/04_ocha_humanitarian_icons/down__7ab1784d29fe.png,0.9609375,0.0138397216796875,1.0,376.0,0.091796875,174.29787234042553,1.0,0.9609375,1.0,0.0,1.0,1.0,0.015942581300813007,0.9843075961237887,1.0,0.0,0.8868859846777829,0.07130277901887894,0.44281014800071716,0.04409690201282501,0.4417901337146759,1.0,8.0,0.0,0.0,0.19035661220550537,0.921875,1.0,1.0,0.921875,0.921875,1.0,1.0,0.921875,0.921875,1.0,1.0,0.921875,0.921875,1.0,1.0,0.921875
7ab893955ce53d32,02_aiga_dot_symbol_signs,AIGA/DOT Symbol Signs,Aiga restaurant,,icon_data/normalized_256/02_aiga_dot_symbol_signs/aiga_restaurant__7ab893955ce5.png,0.255157470703125,0.04217529296875,2.0,829.0,0.202392578125,79.05428226779252,0.4857516339869281,0.5294117647058824,0.520545386626821,0.08143495238351844,0.3988623055044337,0.5893926432848589,0.09556273173065423,0.9127729257641921,2.0,0.0,0.5667321900630381,0.06424576044082642,0.043227069079875946,0.8457058072090149,0.04682133346796036,1.0,1.0,0.0,0.0,1.0,0.060546875,0.44921875,0.55126953125,0.03466796875,0.02392578125,0.658203125,0.59375,0.046875,0.0,0.390625,0.4638671875,0.046875,0.0,0.370361328125,0.353271484375,0.0390625
7abd603477625b0b,02_aiga_dot_symbol_signs,AIGA/DOT Symbol Signs,Aiga No Entry Red,,icon_data/normalized_256/02_aiga_dot_symbol_signs/aiga_no_entry_red__7abd60347762.png,0.7774658203125,0.02197265625,1.0,592.0,0.14453125,110.70270270270271,0.7774658203125,1.0,1.0,5.4250670735194244e-05,0.9999214978215646,0.9997645119510185,0.020097346522216987,0.9802985993535478,1.0,0.0,0.8614905992154741,0.5693685412406921,0.11652739346027374,0.19726738333702087,0.11683665215969086,0.0,10.0,0.6522997617721558,0.4994617503646916,0.4758695960044861,0.3046875,0.902587890625,0.90283203125,0.3046875,0.90283203125,1.0,1.0,0.90283203125,0.902587890625,1.0,1.0,0.902587890625,0.30419921875,0.902587890625,0.90283203125,0.30419921875
7ac2ba0da1448168,04_ocha_humanitarian_icons,OCHA Humanitarian Icons,children,iconsets,icon_data/normalized_256/04_ocha_humanitarian_icons/children__7ac2ba0da144.png,0.76953125,0.027008056640625,1.0,376.0,0.091796875,174.29787234042553,1.0,1.299492385786802,1.0,0.002772967769359,1.0,0.98989898989899,0.01796478426395939,0.9823522536912229,1.0,0.0,0.8743411927877948,0.13657188415527344,0.1575881391763687,0.5498809814453125,0.15595905482769012,1.0,8.0,0.0,0.0,0.3494999408721924,0.546875,0.546875,0.546875,0.546875,1.0,1.0,1.0,1.0,1.0,1.0,1.0,1.0,0.53125,0.53125,0.53125,0.53125
7adb195617e7d807,01_mcdougall_symbol_icon_set,McDougall Symbol/Icon Set,All operators,,icon_data/normalized_256/01_mcdougall_symbol_icon_set/mcdougall_008__7adb195617e7.png,0.08905029296875,0.022247314453125,3.0,631.0,0.154052734375,103.86053882725832,0.32271621322716215,0.9635036496350365,0.41626248216833095,0.04936151573834058,0.22889029269319858,0.19492219492219492,0.27655928718300204,0.7833557046979865,3.0,2.0,0.6666666666666666,0.0666632354259491,0.1392037272453308,0.4891211986541748,0.30501192808151245,0.0,4.0,0.105662502348423,0.006950323898578807,0.8354175090789795,0.0,0.02001953125,0.019287109375,0.0,0.0,0.27490234375,0.425048828125,0.0,0.001220703125,0.23779296875,0.4189453125,0.001708984375,0.0,0.012451171875,0.012451171875,0.0009765625
7b57bdc41e0a6ece,07_arasaac_pictograms,ARASAAC Pictograms,burrito,traditional dish,icon_data/normalized_256/07_arasaac_pictograms/10219__7b57bdc41e0a.png,0.3946075439453125,0.03936767578125,1.0,463.0,0.113037109375,141.5464362850972,0.577976935455033,1.2659574468085106,0.9854625130989807,0.022205122822921874,0.3399481865284974,0.3458055786844296,0.032945361741618655,0.9681054168382436,1.0,0.0,0.7914129204027297,0.1966918259859085,0.17775093019008636,0.29030436277389526,0.33525288105010986,0.0,62.0,0.35218870639801025,0.3165824405955128,0.31800007820129395,0.224609375,0.353515625,0.00244140625,0.0,0.711181640625,1.0,0.763916015625,0.15625,0.031982421875,0.662109375,1.0,0.779296875,0.0,0.00634765625,0.364990234375,0.257080078125
7cd0b113bfbef88c,05_mulberry_symbols,Mulberry Symbols,Rudolph,iconsets,icon_data/normalized_256/05_mulberry_symbols/rudolph__7cd0b113bfbe.png,0.2908172607421875,0.0266876220703125,2.0,934.0,0.22802734375,70.16702355460386,0.3721588690150746,0.9194915254237288,0.46119224207813575,0.05507307918513236,0.40036737692872887,0.3539106343681182,0.11270266016055407,0.8987126892063941,2.0,11.0,1.0,0.21831360459327698,0.13065481185913086,0.42234206199645996,0.2286895215511322,0.0,39.0,0.5034013390541077,0.30640324454425755,0.651735782623291,0.147216796875,0.102783203125,0.000732421875,0.35888671875,0.415283203125,0.530517578125,0.3876953125,0.3349609375,0.00439453125,0.714111328125,0.73974609375,0.376220703125,0.0,0.28857421875,0.0,0.251953125
7d9a0fa4f3aaf8a9,10_openmoji,OpenMoji,flag: United Arab Emirates,flags / country-flag,icon_data/normalized_256/10_openmoji/1f1e6_1f1ea__7d9a0fa4f3aa.png,0.4338836669921875,0.0168914794921875,1.0,808.0,0.197265625,81.10891089108911,0.8394839395370808,1.5890410958904109,0.849186202777363,0.0375642278978157,0.8224059475741845,0.9905495274763738,0.039177070511693335,0.9622999086263494,1.0,1.0,1.0,0.6410092711448669,0.008744928985834122,0.34251755475997925,0.007728196680545807,0.0,53.0,0.43803340196609497,0.45065741587121827,0.6997455060482025,0.11328125,0.140625,0.140625,0.11328125,0.8125,0.834228515625,0.6875,0.612548828125,0.8125,0.84228515625,0.703125,0.621826171875,0.11328125,0.140625,0.140625,0.11328125
7dc7ffd0cf2b2c5c,06_blissymbolics,Blissymbolics,and,Blissymbolics char,icon_data/normalized_256/06_blissymbolics/and_a03e15375da0__7dc7ffd0cf2b.png,0.23828125,0.003265380859375,1.0,376.0,0.091796875,174.29787234042553,1.0,0.23828125,1.0,0.002772967769359,0.967741935483871,1.0,0.04059938524590164,0.9609846153846154,1.0,0.0,0.7548337200309357,0.437669962644577,0.0644884780049324,0.43335309624671936,0.0644884780049324,1.0,8.0,0.0,0.0,0.03941231966018677,0.0,0.484375,0.46875,0.0,0.0,0.484375,0.46875,0.0,0.0,0.484375,0.46875,0.0,0.0,0.484375,0.46875,0.0
7e5d94ac4461f5ab,03_mapbox_maki_icons,Mapbox Maki,heliport,cartography / point of interest,icon_data/normalized_256/03_mapbox_maki_icons/heliport__7e5d94ac4461.png,0.557586669921875,0.0150299072265625,1.0,700.0,0.1708984375,93.62285714285714,0.7552496693121693,1.3544973544973544,0.8780651904893492,0.07111956265280431,0.5534583173914892,0.4810521622826572,0.03639647528870888,0.9648817068018589,1.0,2.0,1.0,0.7516139149665833,0.039842408150434494,0.08748853951692581,0.12105511873960495,1.0,7.0,0.0,0.0,0.6233439743518829,0.33544921875,0.554443359375,0.58251953125,0.428466796875,1.0,0.860107421875,0.905029296875,0.401611328125,0.2197265625,0.92236328125,0.902099609375,0.980224609375,0.0,0.146484375,0.3427734375,0.340087890625
7e60c57b015c1146,09_universal_symbols_healthcare_webfont,Universal Symbols Healthcare Webfont,i imaging alternative mri two,healthcare wayfinding,icon_data/normalized_256/09_universal_symbols_healthcare_webfont/i_imaging_alternative_mri_two__7e60c57b015c.png,0.383514404296875,0.0274200439453125,3.0,1540.0,0.3759765625,42.555844155844156,0.416015625,0.921875,0.47099167978412415,0.10811980261078516,0.40295841473625454,0.2905113986444855,0.11856449431049575,0.8940029878352422,3.0,2.0,0.6666666666666666,0.3502901494503021,0.06086267903447151,0.51067715883255,0.07817002385854721,1.0,7.0,0.0,0.0,0.7031228542327881,0.4599609375,0.427734375,0.494140625,0.4677734375,0.449951171875,0.448486328125,0.443115234375,0.322998046875,0.289794921875,0.1875,0.38134765625,0.596923828125,0.0,0.0,0.57373046875,0.5927734375
7e75e19f7884d74c,03_mapbox_maki_icons,Mapbox Maki,danger,cartography / point of interest,icon_data/normalized_256/03_mapbox_maki_icons/danger__7e75e19f7884.png,0.63604736328125,0.0244293212890625,1.0,766.0,0.18701171875,85.55613577023499,0.6784505208333333,0.9375,0.7925091496744142,0.03159305055730326,0.9917813455657493,0.6156589147286822,0.038911812685922656,0.9625456056897428,1.0,2.0,1.0,0.44657665491104126,0.13733692467212677,0.277580589056015,0.13850580155849457,1.0,7.0,0.0,0.0,0.5434747040271759,0.1826171875,0.96630859375,0.966064453125,0.18212890625,0.228515625,0.986572265625,0.986572265625,0.228271484375,0.548828125,0.870849609375,0.85546875,0.55517578125,0.521728515625,0.78759765625,0.77978515625,0.5302734375
7ebfa55272c2b7ef,06_blissymbolics,Blissymbolics,back and forth,Blissymbolics char,icon_data/normalized_256/06_blissymbolics/back_and_forth_af7ced58eaad__7ebfa55272c2.png,0.4296875,0.0059051513671875,1.0,376.0,0.091796875,174.29787234042553,1.0,0.4296875,1.0,0.0,1.0,1.0,0.02599431818181818,0.9746642669251003,1.0,0.0,0.8278457196613358,0.5544094443321228,0.20576155185699463,0.034787118434906006,0.20504188537597656,1.0,8.0,0.0,0.0,0.07269895076751709,0.0,0.859375,0.859375,0.0,0.0,0.859375,0.859375,0.0,0.0,0.859375,0.859375,0.0,0.0,0.859375,0.859375,0.0
7ec398ff09ac8543,04_ocha_humanitarian_icons,OCHA Humanitarian Icons,camp coordination and camp management,iconsets,icon_data/normalized_256/04_ocha_humanitarian_icons/camp_coordination_and_camp_management__7ec398ff09ac.png,0.91796875,0.0347137451171875,1.0,376.0,0.091796875,174.29787234042553,1.0,1.0893617021276596,1.0,0.002772967769359,1.0,0.9915254237288136,0.01632313829787234,0.983939027182624,1.0,0.0,0.8844977652317101,0.1661883443593979,0.30230090022087097,0.2275848686695099,0.3039258122444153,1.0,8.0,0.0,0.0,0.4052826762199402,0.84375,0.84375,0.84375,0.84375,1.0,1.0,1.0,1.0,1.0,1.0,1.0,1.0,0.828125,0.828125,0.828125,0.828125
7ed69810d119ef69,01_mcdougall_symbol_icon_set,McDougall Symbol/Icon Set,Female,,icon_data/normalized_256/01_mcdougall_symbol_icon_set/mcdougall_093__7ed69810d119.png,0.0287322998046875,0.0090179443359375,1.0,301.0,0.073486328125,217.72757475083057,0.2597241379310345,0.464,0.37294513765102,0.047775137026620416,0.9392378990731205,0.05786516853932584,0.3335103558151885,0.7499004380724811,1.0,1.0,1.0,0.19855080544948578,0.16702979803085327,0.4661219120025635,0.16829748451709747,0.0,4.0,0.10436248034238815,0.00701265416004977,0.8301853239536285,0.0,0.0,0.0,0.0,0.0,0.13134765625,0.1279296875,0.0,0.0,0.1005859375,0.099853515625,0.0,0.0,0.0,0.0,0.0
7ef9d1f095f4e482,01_mcdougall_symbol_icon_set,McDougall Symbol/Icon Set,Chain reaction,,icon_data/normalized_256/01_mcdougall_symbol_icon_set/mcdougall_036__7ef9d1f095f4.png,0.1025390625,0.0134124755859375,1.0,409.0,0.099853515625,160.23471882640587,0.5303030303030303,0.7734375,0.8436911487758946,0.029447994161359906,0.308411214953271,0.3562058526740666,0.1461309523809524,0.8725006491820306,1.0,4.0,1.0,0.16259294748306274,0.11461304873228073,0.647089421749115,0.07570458948612213,0.0,3.0,0.05653931573033333,0.03412417605908964,0.3554086685180664,0.0,0.0,0.0,0.0,0.0,0.1455078125,0.58349609375,0.0,0.0,0.559326171875,0.352294921875,0.0,0.0,0.0,0.0,0.0
7f001a99a73e35ed,09_universal_symbols_healthcare_webfont,Universal Symbols Healthcare Webfont,i pediatrics,healthcare wayfinding,icon_data/normalized_256/09_universal_symbols_healthcare_webfont/i_pediatrics__7f001a99a73e.png,0.4076385498046875,0.02801513671875,6.0,1129.0,0.275634765625,58.04782993799823,0.5895789194915254,0.69140625,0.6930320639203071,0.017984958978056197,0.8945464860648181,0.4504044736413486,0.07898184540520307,0.9267996530789245,6.0,4.0,0.6666666666666666,0.2659188508987427,0.21257132291793823,0.3081680238246918,0.21334177255630493,1.0,7.0,0.0,0.0,0.7996253818273544,0.043212890625,0.871337890625,0.85546875,0.0224609375,0.049072265625,0.642578125,0.635498046875,0.033935546875,0.375244140625,0.624267578125,0.638916015625,0.3251953125,0.052001953125,0.65087890625,0.65966796875,0.04248046875
7f2e2b2a6bbcf0b9,13_usp_pictograms_manual,USP Pictograms,14,medication instruction,icon_data/normalized_256/13_usp_pictograms_manual/14__7f2e2b2a6bbc.png,0.89453125,0.069000244140625,1.0,376.0,0.091796875,174.29787234042553,1.0,1.1179039301310043,1.0,0.002772967769359,1.0,0.991304347826087,0.01654612445414847,0.983723193610095,1.0,0.0,0.8831043624969873,0.35753872990608215,0.14714302122592926,0.38336509466171265,0.11195316165685654,1.0,8.0,0.0,0.0,0.26241910457611084,0.796875,0.796875,0.796875,0.796875,1.0,1.0,1.0,1.0,1.0,1.0,1.0,1.0,0.78125,0.78125,0.78125,0.78125
7f5e1062793c8e1d,02_aiga_dot_symbol_signs,AIGA/DOT Symbol Signs,Aiga downarrow,,icon_data/normalized_256/02_aiga_dot_symbol_signs/aiga_downarrow__7f5e1062793c.png,0.3158721923828125,0.0253448486328125,1.0,610.0,0.14892578125,107.43606557377049,0.38112860167541196,0.8352941176470589,0.5892684315399943,0.07800196872037113,0.9599507669002083,0.43637246738828755,0.06144630694169364,0.9421107723114732,1.0,0.0,0.6704343038507626,0.0065379031002521515,0.26747655868530273,0.4585089683532715,0.26747655868530273,1.0,1.0,0.0,0.0,1.0,0.0,0.328125,0.3125,0.0,0.210205078125,0.328125,0.3125,0.210205078125,0.440673828125,0.7587890625,0.75830078125,0.425537109375,0.0,0.4921875,0.476806640625,0.0
7f7d3fe4980b22ef,10_openmoji,OpenMoji,VS button,symbols / alphanum,icon_data/normalized_256/10_openmoji/1f19a__7f7d3fe4980b.png,0.45416259765625,0.03131103515625,1.0,868.0,0.2119140625,75.50230414746544,0.8985629754860525,1.0,0.9088521786924791,0.001730614493259819,0.8907381527124889,0.9181542823999485,0.04871657035344712,0.9535464855513551,1.0,2.0,1.0,0.447452187538147,0.030531134456396103,0.47682175040245056,0.045194901525974274,0.0,22.0,0.5324912667274475,0.24698079409420456,0.5319772064685822,0.1767578125,0.421875,0.421875,0.1767578125,0.421875,0.7998046875,0.77294921875,0.421875,0.421875,0.837158203125,0.774658203125,0.421875,0.1767578125,0.421875,0.421875,0.1767578125
7f8bb04a51977a29,03_mapbox_maki_icons,Mapbox Maki,garden,cartography / point of interest,icon_data/normalized_256/03_mapbox_maki_icons/garden__7f8bb04a5197.png,0.56744384765625,0.0153961181640625,1.0,652.0,0.1591796875,100.51533742331289,0.7521844660194175,0.8583333333333333,0.9049496276828735,0.032536582136957364,0.9989249623736831,0.7456696239966202,0.03398945896525761,0.9671278477062312,1.0,2.0,1.0,0.274339884519577,0.16556841135025024,0.3937346041202545,0.16635705530643463,1.0,7.0,0.0,0.0,0.6371015310287476,0.191650390625,0.602294921875,0.602294921875,0.191650390625,0.315673828125,0.998779296875,0.998779296875,0.315673828125,0.582275390625,0.863037109375,0.864501953125,0.58203125,0.17138671875,0.8154296875,0.814208984375,0.16943359375
7fb0123a1d2708e6,05_mulberry_symbols,Mulberry Symbols,Easter egg hunt,iconsets,icon_data/normalized_256/05_mulberry_symbols/easter_egg_hunt__7fb0123a1d27.png,0.3589019775390625,0.022735595703125,3.0,859.0,0.209716796875,76.29336437718277,0.47822462589459985,1.0943396226415094,0.6509021474429931,0.05302783439109824,0.40911814042655165,0.381394256181359,0.06989498745801624,0.9346711702761772,3.0,1.0,0.6413710359119787,0.3782038688659668,0.16356752812862396,0.29345712065696716,0.16477148234844208,0.0,58.0,0.340300053358078,0.3654100172757295,0.6489334404468536,0.10986328125,0.124755859375,0.116455078125,0.340087890625,0.58984375,0.734375,0.528076171875,0.749755859375,0.28955078125,0.6162109375,0.85009765625,0.112060546875,0.0,0.0,0.537841796875,0.04345703125
7ff78ca8ce0ea1b5,10_openmoji,OpenMoji,flag: Cocos (Keeling) Islands,flags / country-flag,icon_data/normalized_256/10_openmoji/1f1e8_1f1e8__7ff78ca8ce0e.png,0.5166015625,0.0329437255859375,1.0,556.0,0.1357421875,117.87050359712231,0.9995276334435522,1.5890410958904109,1.0,0.0,1.0,1.0,0.022329867674858225,0.9781578643245117,1.0,0.0,0.8484362469927826,0.5648821592330933,0.03183422610163689,0.3712128698825836,0.032070763409137726,0.0,20.0,0.6026943325996399,0.3273430252953687,0.5198697745800018,0.11328125,0.140625,0.140625,0.11328125,0.8125,1.0,1.0,0.8125,0.8125,1.0,1.0,0.8125,0.11328125,0.140625,0.140625,0.11328125
805e7bde4faca681,05_mulberry_symbols,Mulberry Symbols,CD player personal,iconsets,icon_data/normalized_256/05_mulberry_symbols/cd_player_personal__805e7bde4fac.png,0.3505859375,0.0226287841796875,1.0,748.0,0.1826171875,87.61497326203208,0.4544213919819624,1.0737327188940091,0.6989747802013934,0.14436817815791314,0.33001447178002896,0.38735583600024154,0.06728760445682451,0.9369545714052687,1.0,0.0,0.6500679040289723,0.23879918456077576,0.2904660105705261,0.28003618121147156,0.1906985342502594,0.0,32.0,0.011445409618318081,0.08550240370323707,0.683651328086853,0.205810546875,0.585205078125,0.16357421875,0.0,0.753662109375,1.0,0.667724609375,0.01220703125,0.356201171875,0.837158203125,0.419677734375,0.312744140625,0.0,0.075439453125,0.1640625,0.055908203125
80696a125e99ab22,07_arasaac_pictograms,ARASAAC Pictograms,blind,special education,icon_data/normalized_256/07_arasaac_pictograms/10198__80696a125e99.png,0.28729248046875,0.0445709228515625,1.0,943.0,0.230224609375,69.49734888653235,0.4216608438591776,0.75,0.5591008299802527,0.17961254393089382,0.29491059147180193,0.3606012429541841,0.10994263862332695,0.9009474590869939,1.0,5.0,1.0,0.17950020730495453,0.15134568512439728,0.42467615008354187,0.2444780468940735,0.0,59.0,0.4339055120944977,0.468355429777847,0.4487302303314209,0.236328125,0.205322265625,0.0,0.0,0.39306640625,0.4931640625,0.0888671875,0.087158203125,0.37939453125,0.554443359375,0.81591796875,0.13916015625,0.30419921875,0.5322265625,0.367431640625,0.0
80a27705be60b57f,09_universal_symbols_healthcare_webfont,Universal Symbols Healthcare Webfont,i pathology,healthcare wayfinding,icon_data/normalized_256/09_universal_symbols_healthcare_webfont/i_pathology__80a27705be60.png,0.984375,0.0430755615234375,1.0,1.0,0.000244140625,65536.0,1.0,0.984375,1.0,0.0,1.0,1.0,0.015749007936507936,0.9844951776339885,1.0,0.0,0.8881057268722466,0.20916683971881866,0.30468234419822693,0.23927058279514313,0.24688023328781128,1.0,8.0,0.0,0.0,0.3032217025756836,0.96875,1.0,1.0,0.96875,0.96875,1.0,1.0,0.96875,0.96875,1.0,1.0,0.96875,0.96875,1.0,1.0,0.96875
80b2d92acb1f6d71,02_aiga_dot_symbol_signs,AIGA/DOT Symbol Signs,Aiga baggage check in,,icon_data/normalized_256/02_aiga_dot_symbol_signs/aiga_baggage_check_in__80b2d92acb1f.png,0.6969146728515625,0.030242919921875,3.0,580.0,0.1416015625,112.99310344827586,0.8415573408018868,1.2075471698113207,0.9474251931753358,0.07555628884621442,0.9994308978680558,0.7220148550314821,0.035381954327502026,0.9658271479625283,3.0,0.0,0.7793894302145015,0.2694564461708069,0.03244926407933235,0.6656293272972107,0.032464977353811264,1.0,8.0,0.0,0.0,0.8806738257408142,0.021728515625,0.359375,0.359375,0.021728515625,0.95654296875,1.0,1.0,0.95654296875,0.984375,1.0,1.0,0.984375,0.5986328125,0.65625,0.65625,0.595458984375
80da3bc198d2b9f3,09_universal_symbols_healthcare_webfont,Universal Symbols Healthcare Webfont,administration,healthcare wayfinding,icon_data/normalized_256/09_universal_symbols_healthcare_webfont/administration__80da3bc198d2.png,0.79656982421875,0.02410888671875,1.0,883.0,0.215576171875,74.21970554926388,0.79656982421875,1.0,0.8097032866471237,0.042586833339068465,0.6465022393237873,0.6937802147886182,0.04631828978622328,0.9557321225879682,1.0,4.0,1.0,0.42125383019447327,0.13942521810531616,0.32781782746315,0.11150319129228592,1.0,7.0,0.0,0.0,0.9007837250828743,0.87060546875,0.91650390625,1.0,0.960205078125,0.8076171875,0.625244140625,0.734130859375,0.92578125,1.0,0.84423828125,0.2421875,0.483642578125,0.9638671875,1.0,0.6845703125,0.6865234375
80fccec5adba6c87,06_blissymbolics,Blissymbolics,birth,Blissymbolics char,icon_data/normalized_256/06_blissymbolics/birth_e461268b795e__80fccec5adba.png,0.4296875,0.010009765625,1.0,376.0,0.091796875,174.29787234042553,1.0,0.4296875,1.0,0.0,1.0,1.0,0.02599431818181818,0.9746642669251003,1.0,0.0,0.8278457196613358,0.054523319005966187,0.39470967650413513,0.1558867245912552,0.3948802947998047,1.0,8.0,0.0,0.0,0.055606067180633545,0.0,0.859375,0.859375,0.0,0.0,0.859375,0.859375,0.0,0.0,0.859375,0.859375,0.0,0.0,0.859375,0.859375,0.0
80fe1732327fae53,06_blissymbolics,Blissymbolics,apple,Blissymbolics char,icon_data/normalized_256/06_blissymbolics/apple_d0be2dc421be__80fe1732327f.png,0.4296875,0.0125885009765625,1.0,376.0,0.091796875,174.29787234042553,1.0,0.4296875,1.0,0.0,1.0,1.0,0.02599431818181818,0.9746642669251003,1.0,0.0,0.8278457196613358,0.28611496090888977,0.29499125480651855,0.2004961222410202,0.21839764714241028,1.0,8.0,0.0,0.0,0.07844597101211548,0.0,0.859375,0.859375,0.0,0.0,0.859375,0.859375,0.0,0.0,0.859375,0.859375,0.0,0.0,0.859375,0.859375,0.0
816b86edbeb4132c,04_ocha_humanitarian_icons,OCHA Humanitarian Icons,airport,iconsets,icon_data/normalized_256/04_ocha_humanitarian_icons/airport__816b86edbeb4.png,0.3614044189453125,0.017791748046875,1.0,607.0,0.148193359375,107.9670510708402,0.3614044189453125,1.0,0.5606049847333665,0.03930699039560524,0.9985655218968863,0.550877422734416,0.05463373443107452,0.9481964850474398,1.0,0.0,0.6958603872256661,0.2623908519744873,0.22158019244670868,0.2949664890766144,0.22106246650218964,1.0,7.0,0.0,0.0,0.904027946293354,0.0,0.351318359375,0.351318359375,0.0,0.2158203125,0.79345703125,0.794189453125,0.21826171875,0.439453125,0.51513671875,0.5146484375,0.439453125,0.0,0.574462890625,0.574951171875,0.0
81cdfb4479630d2b,02_aiga_dot_symbol_signs,AIGA/DOT Symbol Signs,Aiga drinkingfountain,,icon_data/normalized_256/02_aiga_dot_symbol_signs/aiga_drinkingfountain__81cdfb447963.png,0.3021697998046875,0.0314483642578125,17.0,793.0,0.193603515625,82.64312736443884,0.3763111888111888,0.8221343873517787,0.5448017827175438,0.12639654572714662,0.3062664907651715,0.27489860297431273,0.0859465737514518,0.9208556149732621,17.0,0.0,0.5925671025464556,0.18763287365436554,0.1902802586555481,0.4090740382671356,0.21301276981830597,1.0,1.0,0.0,0.0,1.0,0.044677734375,0.416015625,0.52734375,0.03662109375,0.5869140625,0.616943359375,0.588623046875,0.431884765625,0.5625,0.0048828125,0.212158203125,0.29296875,0.51318359375,0.0,0.0,0.0
8208dbb30fd0d234,13_usp_pictograms_manual,USP Pictograms,48,medication instruction,icon_data/normalized_256/13_usp_pictograms_manual/48__8208dbb30fd0.png,0.73046875,0.0530242919921875,1.0,376.0,0.091796875,174.29787234042553,1.0,0.73046875,1.0,0.002772967769359,0.9893617021276596,1.0,0.018507687165775402,0.9818286229952008,1.0,0.0,0.8710334788937409,0.2589315176010132,0.2181926965713501,0.28963032364845276,0.23324550688266754,1.0,8.0,0.0,0.0,0.21653997898101807,0.46875,1.0,1.0,0.453125,0.46875,1.0,1.0,0.453125,0.46875,1.0,1.0,0.453125,0.46875,1.0,1.0,0.453125
82148b7d9eee9653,13_usp_pictograms_manual,USP Pictograms,32,medication instruction,icon_data/normalized_256/13_usp_pictograms_manual/32__82148b7d9eee.png,0.55078125,0.0627288818359375,1.0,376.0,0.091796875,174.29787234042553,1.0,1.8156028368794326,1.0,0.002772967769359,1.0,0.9859154929577465,0.021996897163120567,0.9784765519110871,1.0,0.0,0.8503580851865813,0.4614495038986206,0.12443852424621582,0.2638300061225891,0.15028193593025208,1.0,8.0,0.0,0.0,0.2166457176208496,0.109375,0.109375,0.109375,0.109375,1.0,1.0,1.0,1.0,1.0,1.0,1.0,1.0,0.09375,0.09375,0.09375,0.09375
827a06d7d1a63dd1,04_ocha_humanitarian_icons,OCHA Humanitarian Icons,coordination,iconsets,icon_data/normalized_256/04_ocha_humanitarian_icons/coordination__827a06d7d1a6.png,0.3722381591796875,0.031890869140625,5.0,1192.0,0.291015625,54.97986577181208,0.3722381591796875,1.0,0.37526727890842526,9.788166180294447e-05,0.9986072423398329,0.9994262765347103,0.09575732732117237,0.9126108263813549,5.0,0.0,0.5662326207552864,0.22282736003398895,0.27231600880622864,0.2320859134197235,0.2727707624435425,1.0,7.0,0.0,0.0,0.8469826281070709,0.48486328125,0.254638671875,0.25439453125,0.4853515625,0.25439453125,0.4951171875,0.494873046875,0.254638671875,0.25439453125,0.49462890625,0.4951171875,0.25439453125,0.48486328125,0.254638671875,0.254150390625,0.4853515625
82df9bc2cdddff20,07_arasaac_pictograms,ARASAAC Pictograms,pleasant,qualifying adjective; feeling,icon_data/normalized_256/07_arasaac_pictograms/10212__82df9bc2cddd.png,0.264129638671875,0.0682830810546875,26.0,1249.0,0.304931640625,52.470776621297034,0.28961986347209207,1.0290456431535269,0.4000046216594068,0.1815648907732374,0.6586814871598313,0.22513978342416308,0.2530329289428076,0.7980636237897649,26.0,3.0,0.33065902578796563,0.20379194617271423,0.22640398144721985,0.34692880511283875,0.22287532687187195,0.0,33.0,0.6578271389007568,0.5593032035051801,0.3964398503303528,0.05126953125,0.0751953125,0.086181640625,0.01708984375,0.06884765625,0.291015625,0.358154296875,0.07861328125,0.0,0.887451171875,0.970947265625,0.045654296875,0.0,0.608642578125,0.656005859375,0.031005859375
832f13e7c3d03100,08_ghs_hazard_pictograms,GHS Hazard Pictograms,exploding bomb,chemical hazard,icon_data/normalized_256/08_ghs_hazard_pictograms/exploding_bomb__832f13e7c3d0.png,0.1517181396484375,0.03887939453125,40.0,1201.0,0.293212890625,54.56786011656953,0.15411680823361645,1.0,0.3082431720246768,0.006018895690309885,0.8474544778892605,0.87780925401322,0.28703610580307753,0.7769789794483082,40.0,1.0,0.3033714721586575,0.09749649465084076,0.43082624673843384,0.07335831224918365,0.398318886756897,0.0,2.0,0.7349272966384888,0.4476675583897264,0.5880059897899628,0.0,0.25048828125,0.252685546875,0.0,0.25048828125,0.1162109375,0.113525390625,0.25537109375,0.25048828125,0.118408203125,0.068359375,0.25048828125,0.0,0.25048828125,0.25048828125,0.0
837ca3a8f8bfb1a9,07_arasaac_pictograms,ARASAAC Pictograms,fly,verb; aerial transport,icon_data/normalized_256/07_arasaac_pictograms/10190__837ca3a8f8bf.png,0.30908203125,0.01483154296875,1.0,535.0,0.130615234375,122.49719626168225,0.4257250945775536,1.2512820512820513,0.7666919000757002,0.10888903881425223,0.38530980713992613,0.43924968026147504,0.04996050552922591,0.9524167763776565,1.0,0.0,0.7144469525959368,0.33293530344963074,0.2647291123867035,0.2157573699951172,0.18657813966274261,0.0,90.0,0.8776199817657471,0.7816658362039078,0.5243104994297028,0.159423828125,0.062744140625,0.0,0.0,0.33984375,0.896240234375,0.91650390625,0.392822265625,0.02001953125,0.370849609375,0.73876953125,0.66259765625,0.0,0.0,0.00048828125,0.385009765625
839310bd1c71030a,13_usp_pictograms_manual,USP Pictograms,77,medication instruction,icon_data/normalized_256/13_usp_pictograms_manual/77__839310bd1c71.png,0.78125,0.0449676513671875,1.0,376.0,0.091796875,174.29787234042553,1.0,0.78125,1.0,0.0,1.0,1.0,0.0178125,0.9824992324224747,1.0,0.0,0.87527352297593,0.365135133266449,0.13769268989562988,0.36601021885871887,0.13116209208965302,1.0,8.0,0.0,0.0,0.2080845832824707,0.5625,1.0,1.0,0.5625,0.5625,1.0,1.0,0.5625,0.5625,1.0,1.0,0.5625,0.5625,1.0,1.0,0.5625
83ee3993223f49aa,05_mulberry_symbols,Mulberry Symbols,Shrove Tuesday 1,iconsets,icon_data/normalized_256/05_mulberry_symbols/shrove_tuesday_1__83ee3993223f.png,0.231048583984375,0.0257415771484375,6.0,796.0,0.1943359375,82.33165829145729,0.2951656920077973,1.0133333333333334,0.4848620695176035,0.1884421289231856,0.07275947573503365,0.17955908701409987,0.12429005415400872,0.8894501879699248,6.0,2.0,0.5014239353599576,0.4374285042285919,0.24870823323726654,0.12856653332710266,0.18529680371284485,0.0,46.0,0.328421026468277,0.41348158051400624,0.4930078983306885,0.0,0.0,0.24462890625,0.178466796875,0.322998046875,0.51025390625,0.08544921875,0.064697265625,0.362548828125,0.638427734375,0.298828125,0.00830078125,0.3759765625,0.5986328125,0.007568359375,0.0
8420379b66bcec98,09_universal_symbols_healthcare_webfont,Universal Symbols Healthcare Webfont,i mammography,healthcare wayfinding,icon_data/normalized_256/09_universal_symbols_healthcare_webfont/i_mammography__8420379b66bc.png,0.5962371826171875,0.0341644287109375,2.0,1183.0,0.288818359375,55.39814032121724,0.5962371826171875,1.0,0.7322077727391972,0.16523830239078566,0.49118455197679745,0.4157608695652174,0.06863723608445298,0.9357712479344781,2.0,2.0,1.0,0.2962847054004669,0.13855409622192383,0.49430543184280396,0.07085578143596649,1.0,7.0,0.0,0.0,0.8097073137760162,0.0,0.181884765625,0.508056640625,0.670654296875,0.0029296875,0.52880859375,0.834228515625,0.649169921875,0.826904296875,0.606689453125,0.723388671875,0.97265625,0.55029296875,0.935302734375,0.970947265625,0.577880859375
8432d3baea1cb5b3,10_openmoji,OpenMoji,COOL button,symbols / alphanum,icon_data/normalized_256/10_openmoji/1f192__8432d3baea1c.png,0.425048828125,0.013153076171875,2.0,1054.0,0.25732421875,62.178368121442126,0.8363658199723774,1.0054945054945055,0.8472405979591526,0.0047283264720646605,0.7640428091951111,0.7599191306545363,0.07481332567489948,0.9303941215764863,2.0,4.0,1.0,0.27708545327186584,0.1797121912240982,0.4286985695362091,0.11450381577014923,0.0,18.0,0.38982093334198,0.3042018616471113,0.40038836002349854,0.1767578125,0.421875,0.421875,0.1767578125,0.36767578125,0.820556640625,0.760009765625,0.224609375,0.33447265625,0.7138671875,0.80712890625,0.3779296875,0.1767578125,0.421875,0.421875,0.1767578125
84370c66d972dc97,13_usp_pictograms_manual,USP Pictograms,73,medication instruction,icon_data/normalized_256/13_usp_pictograms_manual/73__84370c66d972.png,0.77734375,0.060089111328125,1.0,376.0,0.091796875,174.29787234042553,1.0,0.77734375,1.0,0.002772967769359,0.99,1.0,0.017862751256281405,0.9824507270413083,1.0,0.0,0.8749656499038198,0.2823249101638794,0.2071041613817215,0.28141358494758606,0.22915731370449066,1.0,8.0,0.0,0.0,0.2289595603942871,0.5625,1.0,1.0,0.546875,0.5625,1.0,1.0,0.546875,0.5625,1.0,1.0,0.546875,0.5625,1.0,1.0,0.546875
8473f788423c44e7,03_mapbox_maki_icons,Mapbox Maki,barrier,cartography / point of interest,icon_data/normalized_256/03_mapbox_maki_icons/barrier__8473f788423c.png,0.6627044677734375,0.021240234375,1.0,574.0,0.14013671875,114.17421602787456,0.8827439024390243,1.170731707317073,0.9411038159006696,0.057860552135939713,0.9938025065417987,0.7680752320468979,0.025603831364693422,0.9750353590912152,1.0,4.0,1.0,0.5669084787368774,0.03563180938363075,0.32158908247947693,0.07587070763111115,1.0,7.0,0.0,0.0,0.5132392644882202,0.51416015625,0.609375,0.607666015625,0.51416015625,0.867919921875,1.0,0.989013671875,0.87255859375,0.7490234375,0.9892578125,1.0,0.7490234375,0.19140625,0.379150390625,0.379150390625,0.19140625
849995188db781d7,03_mapbox_maki_icons,Mapbox Maki,art gallery,cartography / point of interest,icon_data/normalized_256/03_mapbox_maki_icons/art_gallery__849995188db7.png,0.621063232421875,0.025054931640625,1.0,961.0,0.234619140625,68.19562955254943,0.7341630591630591,1.0389610389610389,0.8064433040756078,0.010344281265560697,0.8431372549019608,0.6446581541942783,0.04658247751953221,0.955490868115874,1.0,2.0,1.0,0.5653583407402039,0.014622833579778671,0.40413182973861694,0.015887020155787468,1.0,7.0,0.0,0.0,0.4954371452331543,0.287109375,0.801025390625,0.802734375,0.286865234375,0.64306640625,0.755126953125,0.503173828125,0.61083984375,0.544921875,0.7490234375,0.994873046875,0.741943359375,0.49755859375,0.59912109375,0.609375,0.51025390625
84bfa091ec942c48,01_mcdougall_symbol_icon_set,McDougall Symbol/Icon Set,Confucianism,,icon_data/normalized_256/01_mcdougall_symbol_icon_set/mcdougall_052__84bfa091ec94.png,0.166534423828125,0.0258941650390625,1.0,874.0,0.21337890625,74.98398169336384,0.6302841302841303,0.7905405405405406,0.6863503443071408,0.0325716312967653,0.8765474552957359,0.4622186495176849,0.14275242807403335,0.8750801796023092,1.0,4.0,1.0,0.5099652409553528,0.05393969640135765,0.38269567489624023,0.05339948832988739,0.0,4.0,0.10851124674081802,0.006542475464257734,0.8483822345733643,0.0,0.037353515625,0.033203125,0.0,0.0,0.544189453125,0.561279296875,0.0,0.0,0.617431640625,0.63232421875,0.0,0.0,0.1171875,0.12158203125,0.0
856aa2ce232f9bc0,03_mapbox_maki_icons,Mapbox Maki,car,cartography / point of interest,icon_data/normalized_256/03_mapbox_maki_icons/car__856aa2ce232f.png,0.5134735107421875,0.0175018310546875,1.0,691.0,0.168701171875,94.84225759768451,0.8151889534883721,1.3953488372093024,0.8927652349242565,0.020948184111108905,0.999346444061553,0.6415121951219512,0.03738373302427862,0.9639634478214787,1.0,3.0,1.0,0.6822597980499268,0.04096461832523346,0.2358095794916153,0.04096599668264389,1.0,7.0,0.0,0.0,0.6244619488716125,0.083740234375,0.341796875,0.341796875,0.08349609375,0.645751953125,0.818359375,0.818359375,0.6474609375,0.82421875,0.99365234375,0.99365234375,0.824951171875,0.28564453125,0.113525390625,0.113525390625,0.28564453125
85785951b5839539,07_arasaac_pictograms,ARASAAC Pictograms,cut the bread,verb; ultra-processed food,icon_data/normalized_256/07_arasaac_pictograms/10150__85785951b583.png,0.3181304931640625,0.0358123779296875,1.0,655.0,0.159912109375,100.05496183206107,0.4355246391343402,1.233502538071066,0.6734281884397357,0.16553891160088074,0.484020214961919,0.2778254474135818,0.06235311046093338,0.9413066052643461,1.0,0.0,0.6671893500592019,0.17090463638305664,0.35598286986351013,0.4119628369808197,0.06114963814616203,0.0,30.0,0.23099705576896667,0.20893252551383765,0.30702340602874756,0.0,0.080078125,0.176513671875,0.0,0.0,0.52197265625,0.347412109375,0.31884765625,0.3271484375,0.783447265625,0.87939453125,0.31103515625,0.1689453125,0.2919921875,0.465087890625,0.418212890625
8599b2f6e6959bb2,03_mapbox_maki_icons,Mapbox Maki,castle JP,cartography / point of interest,icon_data/normalized_256/03_mapbox_maki_icons/castle_jp__8599b2f6e695.png,0.461395263671875,0.0113525390625,1.0,724.0,0.1767578125,90.51933701657458,0.6227961772944471,1.1666666666666667,0.6972743624037264,0.031054342395085213,0.9984138523560901,0.3568159382572018,0.03922217077849064,0.9622581466395111,1.0,0.0,0.7611639732165333,0.3820986747741699,0.1412065625190735,0.3372468054294586,0.13944798707962036,1.0,7.0,0.0,0.0,0.5360856056213379,0.028076171875,0.586669921875,0.58642578125,0.028076171875,0.63623046875,0.833984375,0.834228515625,0.635986328125,0.859375,0.239990234375,0.2412109375,0.859375,0.44091796875,0.06494140625,0.06689453125,0.43994140625
860cc7bd5f691f6b,13_usp_pictograms_manual,USP Pictograms,03,medication instruction,icon_data/normalized_256/13_usp_pictograms_manual/03__860cc7bd5f69.png,0.8203125,0.0635528564453125,1.0,376.0,0.091796875,174.29787234042553,1.0,0.8203125,1.0,0.0,1.0,1.0,0.017336309523809525,0.9829591165069845,1.0,0.0,0.8782017773131208,0.33032408356666565,0.14910005033016205,0.4081668555736542,0.11240895092487335,1.0,8.0,0.0,0.0,0.3020157814025879,0.640625,1.0,1.0,0.640625,0.640625,1.0,1.0,0.640625,0.640625,1.0,1.0,0.640625,0.640625,1.0,1.0,0.640625
863377ed74499267,03_mapbox_maki_icons,Mapbox Maki,beer,cartography / point of interest,icon_data/normalized_256/03_mapbox_maki_icons/beer__863377ed7449.png,0.534149169921875,0.013916015625,1.0,691.0,0.168701171875,94.84225759768451,0.8206582895723931,0.6935483870967742,0.9018910702323903,0.0017783139117181117,0.9997714938588974,0.7182545525941196,0.03519396674855739,0.9660025387714554,1.0,2.0,1.0,0.46512776613235474,0.0345078743994236,0.4660487174987793,0.03431567922234535,1.0,7.0,0.0,0.0,0.5949429273605347,0.2509765625,0.685791015625,0.685791015625,0.2509765625,0.33837890625,0.91650390625,0.91650390625,0.338134765625,0.148193359375,1.0,1.0,0.1474609375,0.048095703125,0.8857421875,0.8857421875,0.048095703125
865152ade99fa180,03_mapbox_maki_icons,Mapbox Maki,baseball,cartography / point of interest,icon_data/normalized_256/03_mapbox_maki_icons/baseball__865152ade99f.png,0.38525390625,0.0122528076171875,1.0,583.0,0.142333984375,112.41166380789022,0.5801470588235295,0.6640625,0.730703556854687,0.06564993511714753,0.5170341885477377,0.4451376566882262,0.049984157160963244,0.9523953225198039,1.0,1.0,1.0,0.3600168824195862,0.17036518454551697,0.295055627822876,0.17456232011318207,1.0,7.0,0.0,0.0,0.47472238540649414,0.097412109375,0.832763671875,0.2978515625,0.0,0.29638671875,0.85498046875,0.558349609375,0.0,0.0,0.457763671875,0.90625,0.019775390625,0.176513671875,0.74462890625,0.65234375,0.26904296875
87b2a06ff0274e2d,06_blissymbolics,Blissymbolics,beetle,Blissymbolics char,icon_data/normalized_256/06_blissymbolics/beetle_23668cd2cdff__87b2a06ff027.png,0.6171875,0.0197296142578125,1.0,376.0,0.091796875,174.29787234042553,1.0,0.6171875,1.0,0.0,1.0,1.0,0.020470727848101267,0.9799399166585909,1.0,0.0,0.8592794017675051,0.23699894547462463,0.34212255477905273,0.07834360003471375,0.34253498911857605,1.0,8.0,0.0,0.0,0.0837215781211853,0.234375,1.0,1.0,0.234375,0.234375,1.0,1.0,0.234375,0.234375,1.0,1.0,0.234375,0.234375,1.0,1.0,0.234375
883b9182c3ba1392,10_openmoji,OpenMoji,flag: Andorra,flags / country-flag,icon_data/normalized_256/10_openmoji/1f1e6_1f1e9__883b9182c3ba.png,0.5166015625,0.0286102294921875,1.0,556.0,0.1357421875,117.87050359712231,0.9995276334435522,1.5890410958904109,1.0,0.0,1.0,1.0,0.022329867674858225,0.9781578643245117,1.0,0.0,0.8484362469927826,0.5571157932281494,0.01570223458111286,0.40741777420043945,0.019764237105846405,0.0,63.0,0.6820005774497986,0.5879245356813956,0.5888890326023102,0.11328125,0.140625,0.140625,0.11328125,0.8125,1.0,1.0,0.8125,0.8125,1.0,1.0,0.8125,0.11328125,0.140625,0.140625,0.11328125
8840d65a3a4de83a,07_arasaac_pictograms,ARASAAC Pictograms,banana,fruit,icon_data/normalized_256/07_arasaac_pictograms/10218__8840d65a3a4d.png,0.2292633056640625,0.0123138427734375,1.0,505.0,0.123291015625,129.77425742574258,0.3238146551724138,1.16,0.7004988577556063,0.1927951435995576,0.16935170052144136,0.12876568251821802,0.05843594009983361,0.9447902911400364,1.0,0.0,0.6814367998548687,0.29078438878059387,0.048480324447155,0.19497933983802795,0.4657559096813202,0.0,24.0,0.7030251622200012,0.3735390302514166,0.231692373752594,0.155517578125,0.0,0.0,0.0,0.662109375,0.120361328125,0.0,0.0,0.315185546875,0.868896484375,0.444580078125,0.1025390625,0.0,0.121826171875,0.481689453125,0.3955078125
8897191fe44bb684,09_universal_symbols_healthcare_webfont,Universal Symbols Healthcare Webfont,i care staff area,healthcare wayfinding,icon_data/normalized_256/09_universal_symbols_healthcare_webfont/i_care_staff_area__8897191fe44b.png,0.4498138427734375,0.0281524658203125,3.0,931.0,0.227294921875,70.39312567132116,0.45514760375494073,0.98828125,0.6465685521900292,0.16037451675265071,0.9699946538358728,0.38269230769230766,0.06784490654364124,0.9364655802280886,3.0,8.0,1.0,0.5286333560943604,0.12473050504922867,0.2226182073354721,0.12401792407035828,1.0,7.0,0.0,0.0,0.8168663680553436,0.0,0.63232421875,0.619140625,0.0,0.0,0.48095703125,0.453369140625,0.0,0.10498046875,0.96923828125,0.96484375,0.0908203125,0.585693359375,0.8623046875,0.862548828125,0.57080078125
88b4cd063a20684d,01_mcdougall_symbol_icon_set,McDougall Symbol/Icon Set,Fighter,,icon_data/normalized_256/01_mcdougall_symbol_icon_set/mcdougall_094__88b4cd063a20.png,0.0642242431640625,0.0078887939453125,1.0,295.0,0.072021484375,222.15593220338982,0.33404761904761904,0.7936507936507936,0.5772474799423987,0.07915604045419002,0.2716012084592145,0.9140518417462483,0.1373247802328344,0.8792563191978274,1.0,0.0,0.4765085474923582,0.17608042061328888,0.18327778577804565,0.4429946839809418,0.1976471245288849,0.0,4.0,0.10947772860527039,0.006505426451192258,0.8518301397562027,0.0,0.0,0.0,0.0,0.0,0.115234375,0.390625,0.0,0.0,0.108642578125,0.4130859375,0.0,0.0,0.0,0.0,0.0
88fcecdff7c41294,06_blissymbolics,Blissymbolics,alto,Blissymbolics char,icon_data/normalized_256/06_blissymbolics/alto_ee24bfdc2306__88fcecdff7c4.png,0.3828125,0.00543212890625,1.0,376.0,0.091796875,174.29787234042553,1.0,0.3828125,1.0,0.0,1.0,1.0,0.02822066326530612,0.9725538843231509,1.0,0.0,0.8158168574401665,0.7022780179977417,0.12870799005031586,0.04038497805595398,0.12862901389598846,1.0,8.0,0.0,0.0,0.08324432373046875,0.0,0.765625,0.765625,0.0,0.0,0.765625,0.765625,0.0,0.0,0.765625,0.765625,0.0,0.0,0.765625,0.765625,0.0
8970133a6997b96c,13_usp_pictograms_manual,USP Pictograms,70,medication instruction,icon_data/normalized_256/13_usp_pictograms_manual/70__8970133a6997.png,0.78125,0.0606536865234375,1.0,376.0,0.091796875,174.29787234042553,1.0,0.78125,1.0,0.0,1.0,1.0,0.0178125,0.9824992324224747,1.0,0.0,0.87527352297593,0.322099506855011,0.19928571581840515,0.2868725657463074,0.19174222648143768,1.0,8.0,0.0,0.0,0.22394883632659912,0.5625,1.0,1.0,0.5625,0.5625,1.0,1.0,0.5625,0.5625,1.0,1.0,0.5625,0.5625,1.0,1.0,0.5625
898372ffef23eaa3,07_arasaac_pictograms,ARASAAC Pictograms,fine,verb; land transport; road safety,icon_data/normalized_256/07_arasaac_pictograms/10172__898372ffef23.png,0.7238311767578125,0.049468994140625,1.0,988.0,0.2412109375,66.33198380566802,0.7744057724957555,1.0040485829959513,0.7831894203305321,0.10873228264246732,0.6276205180991594,0.6794236352049847,0.03659590614920842,0.9646960730482175,1.0,3.0,1.0,0.40373659133911133,0.15985435247421265,0.3048245906829834,0.1315845102071762,0.0,82.0,0.3639482259750366,0.4403101532150015,0.6572411954402924,0.332763671875,0.67041015625,0.556396484375,0.73095703125,0.028564453125,0.783447265625,0.895263671875,0.9375,0.353759765625,1.0,0.982177734375,0.81298828125,0.821533203125,0.90625,0.90625,0.863037109375
89ed84c756e89dad,05_mulberry_symbols,Mulberry Symbols,Nativity,iconsets,icon_data/normalized_256/05_mulberry_symbols/nativity__89ed84c756e8.png,0.424713134765625,0.03338623046875,3.0,940.0,0.2294921875,69.71914893617021,0.5659157449577098,0.9137931034482759,0.7159318895004887,0.04570233803940446,0.4660275992836827,0.669605902465359,0.0676870015089459,0.9366040783363618,3.0,6.0,1.0,0.2349947988986969,0.11713764071464539,0.5111271142959595,0.13674046099185944,0.0,74.0,0.447971373796463,0.40762087155061544,0.5663634538650513,0.161376953125,0.296630859375,0.47021484375,0.179443359375,0.518798828125,0.766357421875,0.99072265625,0.090087890625,0.517822265625,0.939453125,1.0,0.17626953125,0.0205078125,0.22119140625,0.42724609375,0.019287109375
8a0d055967c1fa67,04_ocha_humanitarian_icons,OCHA Humanitarian Icons,coordinated assessement,iconsets,icon_data/normalized_256/04_ocha_humanitarian_icons/coordinated_assessement__8a0d055967c1.png,0.4294891357421875,0.00872802734375,5.0,1288.0,0.314453125,50.88198757763975,0.4294891357421875,1.0,0.4329175446421705,3.217794337424788e-05,0.9985089463220675,0.9990767045454545,0.09109318932745941,0.916511998958028,5.0,1.0,0.578454140035759,0.31029775738716125,0.23190398514270782,0.22594015300273895,0.2318580597639084,1.0,7.0,0.0,0.0,0.8562254011631012,0.659423828125,0.10693359375,0.10693359375,0.659423828125,0.27587890625,0.676513671875,0.67626953125,0.27490234375,0.27490234375,0.67626953125,0.67626953125,0.275146484375,0.659423828125,0.10693359375,0.10693359375,0.65966796875
8a54b342dd614c9c,07_arasaac_pictograms,ARASAAC Pictograms,travel,verb; movement; aerial transport,icon_data/normalized_256/07_arasaac_pictograms/10188__8a54b342dd61.png,0.1076202392578125,0.0157623291015625,59.0,769.0,0.187744140625,85.222366710013,0.1547321311043833,0.9953271028037384,0.23857121112182253,0.11627183836401404,0.1970468431771894,0.1054858934169279,0.318446051325677,0.7584686525432842,59.0,1.0,0.2818832180967987,0.33014431595802307,0.21937412023544312,0.10263200104236603,0.34784963726997375,0.0,13.0,0.2239663004875183,0.39442024780393947,0.5315898060798645,0.0,0.0,0.0302734375,0.127685546875,0.0,0.22119140625,0.115234375,0.0322265625,0.018310546875,0.28271484375,0.646728515625,0.00927734375,0.126953125,0.040771484375,0.046142578125,0.0244140625
8a6d5697677ca82e,10_openmoji,OpenMoji,flag: Christmas Island,flags / country-flag,icon_data/normalized_256/10_openmoji/1f1e8_1f1fd__8a6d5697677c.png,0.5128631591796875,0.0325164794921875,1.0,610.0,0.14892578125,107.43606557377049,0.9922945205479452,1.5890410958904109,1.0,0.0029166390806376085,0.9855269376181475,0.9855269376181475,0.027371991312367974,0.9733572731748285,1.0,5.0,1.0,0.5506015419960022,0.04454077407717705,0.35786905884742737,0.04698857665061951,0.0,50.0,0.6245203614234924,0.42191493196026164,0.5975621044635773,0.11328125,0.140625,0.140625,0.11328125,0.79931640625,1.0,1.0,0.8125,0.78369140625,0.982177734375,1.0,0.8125,0.11328125,0.140625,0.140625,0.11328125
8acf14e30966ddb4,03_mapbox_maki_icons,Mapbox Maki,basketball,cartography / point of interest,icon_data/normalized_256/03_mapbox_maki_icons/basketball__8acf14e30966.png,0.5344390869140625,0.01324462890625,1.0,574.0,0.14013671875,114.17421602787456,0.6787790697674418,1.1162790697674418,0.8955395609874586,0.011521851379099633,0.9991438356164384,0.8158958938199917,0.030321199143468952,0.9705711197938316,1.0,2.0,1.0,0.5163811445236206,0.08111681044101715,0.32177191972732544,0.0807301327586174,1.0,7.0,0.0,0.0,0.4827030301094055,0.023681640625,0.53125,0.531005859375,0.023681640625,0.52392578125,0.990478515625,0.990478515625,0.523193359375,0.523193359375,0.997314453125,0.997314453125,0.523193359375,0.03564453125,0.649658203125,0.6513671875,0.03564453125
8b423e73391c967f,13_usp_pictograms_manual,USP Pictograms,44,medication instruction,icon_data/normalized_256/13_usp_pictograms_manual/44__8b423e73391c.png,0.7109375,0.0596466064453125,1.0,376.0,0.091796875,174.29787234042553,1.0,1.4065934065934067,1.0,0.0,1.0,1.0,0.018801510989010988,0.9815454622061178,1.0,0.0,0.8692537313432837,0.5061207413673401,0.10062617808580399,0.27904215455055237,0.11421091109514236,1.0,8.0,0.0,0.0,0.2395167350769043,0.421875,0.421875,0.421875,0.421875,1.0,1.0,1.0,1.0,1.0,1.0,1.0,1.0,0.421875,0.421875,0.421875,0.421875
8c36a9c438f30d0b,03_mapbox_maki_icons,Mapbox Maki,bowling alley,cartography / point of interest,icon_data/normalized_256/03_mapbox_maki_icons/bowling_alley__8c36a9c438f3.png,0.60479736328125,0.013397216796875,1.0,592.0,0.14453125,110.70270270270271,0.6910041841004184,0.9958333333333333,0.8926624926805099,0.14166978819565534,0.7637949448202207,0.50290069389148,0.026491068725401152,0.9741925969621,1.0,0.0,0.8251311516362727,0.23645412921905518,0.1427581012248993,0.46550798416137695,0.15527983009815216,1.0,7.0,0.0,0.0,0.6558269262313843,0.0,0.0,0.254638671875,0.367919921875,0.427734375,0.80078125,0.768310546875,0.61865234375,0.870361328125,1.0,1.0,0.855224609375,0.480712890625,0.8701171875,0.7529296875,0.609375
8c5f5cd5e9c8bdf9,01_mcdougall_symbol_icon_set,McDougall Symbol/Icon Set,Conveyer belt,,icon_data/normalized_256/01_mcdougall_symbol_icon_set/mcdougall_055__8c5f5cd5e9c8.png,0.054412841796875,0.0183563232421875,1.0,523.0,0.127685546875,125.30783938814531,0.39075169844400615,3.1296296296296298,0.4201720278072346,0.0016167955160127506,0.8184599694033656,0.9161740999462654,0.2871564778463264,0.7769063180827886,1.0,3.0,1.0,0.6131129860877991,0.08051205426454544,0.22315645217895508,0.0832185447216034,0.0,4.0,0.10776153951883316,0.006633799871449712,0.845146045088768,0.0,0.0,0.0,0.0,0.049072265625,0.162841796875,0.171630859375,0.05078125,0.051025390625,0.167236328125,0.17041015625,0.047607421875,0.0,0.0,0.0,0.0
8c8fe82ab42c58d3,04_ocha_humanitarian_icons,OCHA Humanitarian Icons,child care child friendly,iconsets,icon_data/normalized_256/04_ocha_humanitarian_icons/child_care_child_friendly__8c8fe82ab42c.png,0.85546875,0.0182647705078125,1.0,376.0,0.091796875,174.29787234042553,1.0,1.1689497716894977,1.0,0.002772967769359,1.0,0.990909090909091,0.0169449200913242,0.9833374258953941,1.0,0.0,0.8806232721789394,0.39349284768104553,0.11439850926399231,0.058700982481241226,0.4334076941013336,1.0,8.0,0.0,0.0,0.46771401166915894,0.71875,0.71875,0.71875,0.71875,1.0,1.0,1.0,1.0,1.0,1.0,1.0,1.0,0.703125,0.703125,0.703125,0.703125
8d956b8fd66bfd40,02_aiga_dot_symbol_signs,AIGA/DOT Symbol Signs,Aiga uparrow,,icon_data/normalized_256/02_aiga_dot_symbol_signs/aiga_uparrow__8d956b8fd66b.png,0.3158721923828125,0.0253448486328125,1.0,610.0,0.14892578125,107.43606557377049,0.38112860167541196,0.8352941176470589,0.5892684315399943,0.07800196872037113,0.9599507669002083,0.43637246738828755,0.06144630694169364,0.9421107723114732,1.0,0.0,0.6704343038507626,0.006537903565913439,0.26747655868530273,0.4585089683532715,0.26747655868530273,1.0,1.0,0.0,0.0,1.0,0.0,0.4921875,0.476806640625,0.0,0.440673828125,0.7587890625,0.75830078125,0.425537109375,0.210205078125,0.328125,0.3125,0.210205078125,0.0,0.328125,0.3125,0.0
8e0a20fadbcbdd58,01_mcdougall_symbol_icon_set,McDougall Symbol/Icon Set,Apple computer,,icon_data/normalized_256/01_mcdougall_symbol_icon_set/mcdougall_010__8e0a20fadbcb.png,0.1177520751953125,0.029266357421875,9.0,685.0,0.167236328125,95.67299270072992,0.5886346300533943,0.6884057971014492,0.601082680998559,0.03772225715260517,0.6577873254564984,0.5471130713712911,0.24854217960347286,0.8009340944473274,9.0,5.0,0.5555555555555556,0.4174470007419586,0.07478443533182144,0.43207815289497375,0.0756903886795044,0.0,4.0,0.10680520534515381,0.006752705670872665,0.8408325612545013,0.0,0.05859375,0.057373046875,0.0,0.0,0.3076171875,0.358642578125,0.0,0.0,0.5458984375,0.441162109375,0.0,0.0,0.05859375,0.05615234375,0.0
8e1af50a575d337e,01_mcdougall_symbol_icon_set,McDougall Symbol/Icon Set,Educate,,icon_data/normalized_256/01_mcdougall_symbol_icon_set/mcdougall_073__8e1af50a575d.png,0.042816162109375,0.0088043212890625,1.0,268.0,0.0654296875,244.53731343283582,0.31756450882752374,1.0,0.44681528662420383,0.13023124036341271,0.628554846198491,0.07222009935040122,0.21026372059871704,0.826266195524146,1.0,0.0,0.37284081849588097,0.32310470938682556,0.10030585527420044,0.47265225648880005,0.10393710434436798,0.0,4.0,0.10976953059434891,0.006377122205030447,0.8539309054613113,0.0,0.0,0.0,0.0,0.0,0.2919921875,0.306884765625,0.0,0.0,0.0,0.086181640625,0.0,0.0,0.0,0.0,0.0
8e903b782ed48bb8,09_universal_symbols_healthcare_webfont,Universal Symbols Healthcare Webfont,i hospital,healthcare wayfinding,icon_data/normalized_256/09_universal_symbols_healthcare_webfont/i_hospital__8e903b782ed4.png,0.5186614990234375,0.019744873046875,1.0,847.0,0.206787109375,77.37426210153482,0.6464871238921222,0.8149606299212598,0.6523433001957548,0.015719637517408295,0.9343842476667426,0.8858743897026188,0.03936336088964726,0.9621274307226358,1.0,0.0,0.7605101241749637,0.26239344477653503,0.013861414045095444,0.7100383043289185,0.01370691042393446,1.0,7.0,0.0,0.0,0.8773685768246651,0.593505859375,0.31103515625,0.28076171875,0.639892578125,0.59375,0.67724609375,0.6630859375,0.640625,0.59375,0.46240234375,0.4384765625,0.640625,0.573974609375,0.300048828125,0.271240234375,0.6181640625
8e9b24aca08393f7,09_universal_symbols_healthcare_webfont,Universal Symbols Healthcare Webfont,hospital,healthcare wayfinding,icon_data/normalized_256/09_universal_symbols_healthcare_webfont/hospital__8e9b24aca083.png,0.8375244140625,0.0244140625,1.0,748.0,0.1826171875,87.61497326203208,0.844119094488189,1.0078740157480315,0.8560333130585318,0.00274036820997276,0.9858895039617931,0.9521286054700003,0.033486372248943304,0.9675986320205902,1.0,1.0,1.0,0.31784898042678833,0.037881381809711456,0.6069037318229675,0.037365883588790894,1.0,7.0,0.0,0.0,0.9145742878317833,0.929443359375,0.9306640625,0.927734375,0.939208984375,1.0,0.509521484375,0.479248046875,1.0,1.0,0.499267578125,0.469482421875,1.0,0.973388671875,0.88525390625,0.8759765625,0.981201171875
8eb2ae5e436bf3d9,11_iso_7010_safety_signs,ISO 7010 Safety Signs,ISO 7010 W032,iconsets,icon_data/normalized_256/11_iso_7010_safety_signs/iso_7010_w032__8eb2ae5e436b.png,0.8671875,0.029937744140625,1.0,376.0,0.091796875,174.29787234042553,1.0,1.1531531531531531,1.0,0.0,1.0,1.0,0.01682150900900901,0.9834567730324635,1.0,0.0,0.8813895781637717,0.2462441325187683,0.31841057538986206,0.10495823621749878,0.3303871154785156,1.0,8.0,0.0,0.0,0.27735573053359985,0.734375,0.734375,0.734375,0.734375,1.0,1.0,1.0,1.0,1.0,1.0,1.0,1.0,0.734375,0.734375,0.734375,0.734375
8ef0c8fc4d1c998c,06_blissymbolics,Blissymbolics,alphabet,Blissymbolics char,icon_data/normalized_256/06_blissymbolics/alphabet_9e599f7819fc__8ef0c8fc4d1c.png,0.4296875,0.010467529296875,1.0,376.0,0.091796875,174.29787234042553,1.0,0.4296875,1.0,0.0,1.0,1.0,0.02599431818181818,0.9746642669251003,1.0,0.0,0.8278457196613358,0.30319058895111084,0.19868406653404236,0.3200741410255432,0.17805121839046478,1.0,8.0,0.0,0.0,0.06023252010345459,0.0,0.859375,0.859375,0.0,0.0,0.859375,0.859375,0.0,0.0,0.859375,0.859375,0.0,0.0,0.859375,0.859375,0.0
8f61498c403f2947,04_ocha_humanitarian_icons,OCHA Humanitarian Icons,assault,iconsets,icon_data/normalized_256/04_ocha_humanitarian_icons/assault__8f61498c403f.png,0.3366241455078125,0.0229949951171875,10.0,1117.0,0.272705078125,58.671441360787824,0.3366241455078125,1.0,0.48965142216648727,0.16639278575996125,0.13552604488367304,0.3325883418906675,0.10371243370654096,0.9060331019754405,10.0,0.0,0.5465378421900161,0.16280914843082428,0.18990258872509003,0.4540124237537384,0.1932758241891861,1.0,7.0,0.0,0.0,0.8334105759859085,0.0,0.0,0.37255859375,0.220947265625,0.00732421875,0.1259765625,0.82861328125,0.771728515625,0.3544921875,0.3896484375,0.501708984375,0.378173828125,0.30712890625,0.35546875,0.404541015625,0.36767578125
8f76c6f61796f541,01_mcdougall_symbol_icon_set,McDougall Symbol/Icon Set,Desk set,,icon_data/normalized_256/01_mcdougall_symbol_icon_set/mcdougall_064__8f76c6f61796.png,0.110687255859375,0.032196044921875,16.0,691.0,0.168701171875,94.84225759768451,0.5954198473282443,0.7099236641221374,0.620318111852232,0.026321369046960787,0.6486363636363637,0.40963855421686746,0.2903225806451613,0.775,16.0,14.0,0.875,0.6585537791252136,0.05276909098029137,0.23870961368083954,0.04996766522526741,0.0,3.0,0.04485980421304703,0.037514544795908225,0.563912570476532,0.0,0.009765625,0.0,0.0,0.0,0.394287109375,0.393310546875,0.0,0.0,0.40234375,0.551513671875,0.0,0.0,0.008544921875,0.01123046875,0.0
8f9ace328a5b5e05,06_blissymbolics,Blissymbolics,ball,Blissymbolics char,icon_data/normalized_256/06_blissymbolics/ball_8bec0406497c__8f9ace328a5b.png,0.23828125,0.0065155029296875,1.0,376.0,0.091796875,174.29787234042553,1.0,0.23828125,1.0,0.002772967769359,0.967741935483871,1.0,0.04059938524590164,0.9609846153846154,1.0,0.0,0.7548337200309357,0.41629424691200256,0.21248255670070648,0.15781715512275696,0.21340607106685638,1.0,8.0,0.0,0.0,0.07634323835372925,0.0,0.484375,0.46875,0.0,0.0,0.484375,0.46875,0.0,0.0,0.484375,0.46875,0.0,0.0,0.484375,0.46875,0.0
9008373984b351a2,06_blissymbolics,Blissymbolics,board material,Blissymbolics char,icon_data/normalized_256/06_blissymbolics/board_material_fdcc85f00530__9008373984b3.png,0.4296875,0.0062255859375,1.0,376.0,0.091796875,174.29787234042553,1.0,0.4296875,1.0,0.0,1.0,1.0,0.02599431818181818,0.9746642669251003,1.0,0.0,0.8278457196613358,0.3610954284667969,0.1422647088766098,0.35465794801712036,0.14198191463947296,1.0,8.0,0.0,0.0,0.05917978286743164,0.0,0.859375,0.859375,0.0,0.0,0.859375,0.859375,0.0,0.0,0.859375,0.859375,0.0,0.0,0.859375,0.859375,0.0
90294276054ef248,03_mapbox_maki_icons,Mapbox Maki,bank JP,cartography / point of interest,icon_data/normalized_256/03_mapbox_maki_icons/bank_jp__90294276054e.png,0.441436767578125,0.0154876708984375,1.0,565.0,0.137939453125,115.9929203539823,0.6337071760273373,0.8938053097345132,0.7904155624163274,0.03653054109403755,0.9972385226095961,0.5498767813136184,0.038506740407881095,0.9629210491279456,1.0,0.0,0.7644944770360974,0.3236583173274994,0.28268131613731384,0.10818924009799957,0.2854711413383484,1.0,7.0,0.0,0.0,0.5637469589710236,0.35400390625,0.331787109375,0.331787109375,0.353515625,0.215087890625,0.95654296875,0.95458984375,0.21630859375,0.315185546875,1.0,1.0,0.315185546875,0.013916015625,0.346923828125,0.34423828125,0.013916015625
907c5316caa3663b,01_mcdougall_symbol_icon_set,McDougall Symbol/Icon Set,Diagnose,,icon_data/normalized_256/01_mcdougall_symbol_icon_set/mcdougall_066__907c5316caa3.png,0.042144775390625,0.0135955810546875,1.0,400.0,0.09765625,163.84,0.22025518341307815,0.7196969696969697,0.2734382734382734,0.032127098888162085,0.04069329314242653,0.14748649771499792,0.35264301230992035,0.7392933618843683,1.0,0.0,0.26170172446465795,0.22379373013973236,0.20527534186840057,0.4580981135368347,0.11283288896083832,0.0,4.0,0.1030011996626854,0.007138150886434703,0.8239951580762863,0.0,0.0029296875,0.0029296875,0.0,0.0,0.166259765625,0.1416015625,0.0,0.0,0.17822265625,0.166015625,0.0,0.0,0.01171875,0.004638671875,0.0
90a3dbd896b83e86,01_mcdougall_symbol_icon_set,McDougall Symbol/Icon Set,Electric shaver outlet,,icon_data/normalized_256/01_mcdougall_symbol_icon_set/mcdougall_075__90a3dbd896b8.png,0.0468292236328125,0.0193023681640625,11.0,574.0,0.14013671875,114.17421602787456,0.22247191011235956,0.5741935483870968,0.23208681513971338,0.03660846556511337,0.24251012145748987,0.13624583487597186,0.43532095144998373,0.6967082860385925,11.0,0.0,0.22308642872719342,0.34252989292144775,0.11677714437246323,0.39076048135757446,0.14993256330490112,0.0,4.0,0.10257066041231155,0.007219702422168571,0.8213890045881271,0.0,0.057373046875,0.062255859375,0.0,0.0,0.08251953125,0.105224609375,0.0,0.0,0.22900390625,0.1259765625,0.0,0.0,0.06787109375,0.01904296875,0.0
91641b7da0d942f1,06_blissymbolics,Blissymbolics,at,Blissymbolics char,icon_data/normalized_256/06_blissymbolics/at_27e90dfa57c3__91641b7da0d9.png,0.23828125,0.00390625,1.0,376.0,0.091796875,174.29787234042553,1.0,0.23828125,1.0,0.002772967769359,0.967741935483871,1.0,0.04059938524590164,0.9609846153846154,1.0,0.0,0.7548337200309357,0.0728248730301857,0.4221944212913513,0.08284879475831985,0.4221319556236267,1.0,8.0,0.0,0.0,0.03607439994812012,0.0,0.484375,0.46875,0.0,0.0,0.484375,0.46875,0.0,0.0,0.484375,0.46875,0.0,0.0,0.484375,0.46875,0.0
9190bb0abb1d97a7,06_blissymbolics,Blissymbolics,addition,Blissymbolics char,icon_data/normalized_256/06_blissymbolics/addition_15f61577feb1__9190bb0abb1d.png,0.4296875,0.00616455078125,1.0,376.0,0.091796875,174.29787234042553,1.0,0.4296875,1.0,0.0,1.0,1.0,0.02599431818181818,0.9746642669251003,1.0,0.0,0.8278457196613358,0.46635493636131287,0.03317250683903694,0.46730005741119385,0.03317250683903694,1.0,8.0,0.0,0.0,0.04307597875595093,0.0,0.859375,0.859375,0.0,0.0,0.859375,0.859375,0.0,0.0,0.859375,0.859375,0.0,0.0,0.859375,0.859375,0.0
9198bbcd6bccdff0,11_iso_7010_safety_signs,ISO 7010 Safety Signs,ISO 7010 W025,iconsets,icon_data/normalized_256/11_iso_7010_safety_signs/iso_7010_w025__9198bbcd6bcc.png,0.875,0.038421630859375,1.0,88.0,0.021484375,744.7272727272727,1.0,1.1428571428571428,1.0,0.0,1.0,1.0,0.016741071428571428,0.9835345773874863,1.0,0.0,0.8818897637795275,0.25768008828163147,0.31778138875961304,0.10271856188774109,0.3218199908733368,1.0,8.0,0.0,0.0,0.21156615018844604,0.75,0.75,0.75,0.75,1.0,1.0,1.0,1.0,1.0,1.0,1.0,1.0,0.75,0.75,0.75,0.75
91e01065df8070b4,02_aiga_dot_symbol_signs,AIGA/DOT Symbol Signs,Aiga nodogs,,icon_data/normalized_256/02_aiga_dot_symbol_signs/aiga_nodogs__91e01065df80.png,0.778106689453125,0.0467376708984375,1.0,592.0,0.14453125,110.70270270270271,0.778106689453125,1.0,1.0,2.7684917948800344e-05,0.9999215624754882,0.9999215624754882,0.020080793818880654,0.9803145065169749,1.0,0.0,0.8615888892643531,0.21850521862506866,0.1539342999458313,0.23553144931793213,0.3920290172100067,1.0,8.0,0.0,0.0,0.6531385779380798,0.30517578125,0.903564453125,0.903564453125,0.3056640625,0.903564453125,1.0,1.0,0.903564453125,0.903564453125,1.0,1.0,0.903564453125,0.30517578125,0.903564453125,0.903564453125,0.30517578125
923f97d8add3610f,04_ocha_humanitarian_icons,OCHA Humanitarian Icons,drowned,iconsets,icon_data/normalized_256/04_ocha_humanitarian_icons/drowned__923f97d8add3.png,0.3633880615234375,0.0292510986328125,4.0,1072.0,0.26171875,61.134328358208954,0.3633880615234375,1.0,0.5319291505662147,0.21956060488859316,0.6454777862226214,0.18594691499427318,0.09431030862901532,0.9138175818272515,4.0,0.0,0.5699686475360792,0.48805472254753113,0.21243023872375488,0.11031205207109451,0.1892029196023941,1.0,7.0,0.0,0.0,0.8517180979251862,0.0,0.38232421875,0.12353515625,0.0,0.0,0.42578125,0.5537109375,0.240234375,0.11572265625,0.580078125,0.523193359375,0.118896484375,0.681884765625,0.693603515625,0.6953125,0.679931640625
9250d8fed60644ba,07_arasaac_pictograms,ARASAAC Pictograms,open hands,usual verbs,icon_data/normalized_256/07_arasaac_pictograms/10137__9250d8fed606.png,0.312408447265625,0.0452117919921875,9.0,1288.0,0.314453125,50.88198757763975,0.3891581608408888,1.15962441314554,0.43991319481747276,0.006851689350594972,0.8807642844019842,0.5299656254670453,0.16518511282602324,0.8582327297116029,9.0,0.0,0.4307595203029666,0.07562917470932007,0.08851034194231033,0.7442455887794495,0.09161488711833954,0.0,23.0,0.07667431980371475,0.052279372652186754,0.26439088582992554,0.15185546875,0.23388671875,0.242431640625,0.15869140625,0.549072265625,0.399169921875,0.4091796875,0.5615234375,0.443115234375,0.22216796875,0.23193359375,0.4541015625,0.313232421875,0.15185546875,0.1552734375,0.321044921875
9259838b775a4f06,05_mulberry_symbols,Mulberry Symbols,Palm Sunday,iconsets,icon_data/normalized_256/05_mulberry_symbols/palm_sunday__9259838b775a.png,0.265380859375,0.0274658203125,2.0,853.0,0.208251953125,76.83001172332942,0.33751867880222786,1.0,0.5087090688389371,0.08443085881975697,0.1586942038640906,0.22006313574184497,0.13178472861085558,0.8835602519813046,2.0,11.0,1.0,0.21057045459747314,0.23055653274059296,0.36111828684806824,0.19775469601154327,0.0,45.0,0.15210460126399994,0.18962633166315965,0.5577905774116516,0.0205078125,0.0888671875,0.240234375,0.361083984375,0.14208984375,0.57666015625,0.343017578125,0.25146484375,0.59033203125,0.9326171875,0.18212890625,0.0,0.168701171875,0.3203125,0.028076171875,0.0
925f9270d2c8a732,01_mcdougall_symbol_icon_set,McDougall Symbol/Icon Set,Communication,,icon_data/normalized_256/01_mcdougall_symbol_icon_set/mcdougall_050__925f9270d2c8.png,0.042816162109375,0.0143585205078125,2.0,412.0,0.1005859375,159.06796116504853,0.2585222037958356,0.6044776119402985,0.343262584867576,0.0480038207987753,0.12060702875399361,0.15425750719868367,0.35138987883107625,0.7399789029535865,2.0,2.0,1.0,0.1967848241329193,0.09791375696659088,0.4521504044532776,0.2531510293483734,0.0,4.0,0.1004931852221489,0.007272871347767219,0.8134146630764008,0.0,0.002197265625,0.0,0.0,0.0,0.153564453125,0.126708984375,0.0,0.0,0.25732421875,0.1171875,0.0,0.0,0.028076171875,0.0,0.0
9268be8c567b5673,06_blissymbolics,Blissymbolics,ability half sized,Blissymbolics char,icon_data/normalized_256/06_blissymbolics/ability_half_sized_c77ff4b49070__9268be8c567b.png,0.5234375,0.0052642822265625,1.0,376.0,0.091796875,174.29787234042553,1.0,0.5234375,1.0,0.0,1.0,1.0,0.02273787313432836,0.9777676433701973,1.0,0.0,0.8460931333859512,0.06301160901784897,0.44398561120033264,0.05144927650690079,0.4415535628795624,1.0,8.0,0.0,0.0,0.023359298706054688,0.046875,1.0,1.0,0.046875,0.046875,1.0,1.0,0.046875,0.046875,1.0,1.0,0.046875,0.046875,1.0,1.0,0.046875
92a4dd5553a11fab,07_arasaac_pictograms,ARASAAC Pictograms,help,medical procedure; verb,icon_data/normalized_256/07_arasaac_pictograms/10141__92a4dd5553a1.png,0.29638671875,0.0331573486328125,2.0,733.0,0.178955078125,89.40791268758527,0.49652351738241307,1.4723926380368098,0.6529185364459907,0.10966125968720371,0.6652949245541838,0.3386629910406616,0.07485584843492586,0.9303573139189577,2.0,3.0,1.0,0.4559975862503052,0.19356805086135864,0.22937676310539246,0.12105754017829895,0.0,88.0,0.5298619866371155,0.46765285413107,0.5496316850185394,0.0,0.026611328125,0.017333984375,0.0,0.136474609375,0.509521484375,0.534423828125,0.24609375,0.474853515625,0.699951171875,0.87744140625,0.468994140625,0.034912109375,0.288818359375,0.316650390625,0.110107421875
92db43e382e5fe15,01_mcdougall_symbol_icon_set,McDougall Symbol/Icon Set,Currency exchan ge,,icon_data/normalized_256/01_mcdougall_symbol_icon_set/mcdougall_059__92db43e382e5.png,0.078582763671875,0.014617919921875,3.0,511.0,0.124755859375,128.2504892367906,0.48266166822867856,0.8818181818181818,0.7608213916383513,0.009106755932250904,0.394907908992416,0.4028874965949333,0.3887378640776699,0.7200782997762863,3.0,50.0,1.0,0.15662723779678345,0.38520491123199463,0.1798703670501709,0.278297483921051,0.0,4.0,0.10071393102407455,0.00733922677274208,0.8142722696065903,0.0,0.0,0.0,0.0,0.0,0.259521484375,0.384765625,0.0,0.0,0.39892578125,0.214111328125,0.0,0.0,0.0,0.0,0.0
932af6d0685fa252,04_ocha_humanitarian_icons,OCHA Humanitarian Icons,borehole,iconsets,icon_data/normalized_256/04_ocha_humanitarian_icons/borehole__932af6d0685f.png,0.6976776123046875,0.0156707763671875,2.0,502.0,0.12255859375,130.54980079681275,0.6976776123046875,1.0,0.794698878943252,0.15570083939085735,0.9999562592948998,0.5125541698369116,0.03757408743958183,0.9637865980902595,2.0,0.0,0.7688802192812821,0.20217081904411316,0.09128668904304504,0.6149654388427734,0.09157712757587433,1.0,7.0,0.0,0.0,0.9506016857922077,0.015625,0.28759765625,0.28759765625,0.015625,1.0,0.671875,0.671875,1.0,1.0,0.74462890625,0.744873046875,1.0,1.0,0.861572265625,0.861572265625,1.0
93743bfff70b23b6,01_mcdougall_symbol_icon_set,McDougall Symbol/Icon Set,Centre of gravity,,icon_data/normalized_256/01_mcdougall_symbol_icon_set/mcdougall_035__93743bfff70b.png,0.075164794921875,0.013214111328125,1.0,502.0,0.12255859375,130.54980079681275,0.22700460829493088,0.7085714285714285,0.39938381709096804,0.007038102764134165,0.8837476099426386,0.7605432451751251,0.18229801055623224,0.8458104395604396,1.0,0.0,0.40677126341866227,0.24709151685237885,0.1471116989850998,0.458541601896286,0.14725513756275177,0.0,4.0,0.10849281400442123,0.006621476780881524,0.8475564122200012,0.0,0.03271484375,0.029296875,0.0,0.0,0.294189453125,0.299560546875,0.0,0.0,0.240966796875,0.244140625,0.0,0.0,0.03369140625,0.028076171875,0.0
9379e0b95c9e1e64,12_iso_15223_medical_device_symbols,ISO 15223 Medical Device Symbols,temperature limit,medical device label,icon_data/normalized_256/12_iso_15223_medical_device_symbols/temperature_limit__9379e0b95c9e.png,0.1148223876953125,0.0157470703125,1.0,661.0,0.161376953125,99.14674735249622,0.20736882716049382,0.7232142857142857,0.35448464292443943,0.08672406302351977,0.5778989305934158,0.3632246376811594,0.16956810631229235,0.8550164754005226,1.0,1.0,1.0,0.12490803003311157,0.34807828068733215,0.4819706082344055,0.04504304379224777,1.0,7.0,0.0,0.0,0.8637576550245285,0.0,0.104736328125,0.17236328125,0.037353515625,0.0,0.146240234375,0.255126953125,0.0,0.0,0.321044921875,0.203125,0.0,0.037353515625,0.312255859375,0.24755859375,0.0
93a829e9d3f555f0,07_arasaac_pictograms,ARASAAC Pictograms,hamburger and chips,ultra-processed food,icon_data/normalized_256/07_arasaac_pictograms/10227__93a829e9d3f5.png,0.554290771484375,0.047271728515625,1.0,628.0,0.1533203125,104.35668789808918,0.635992786735998,1.0168776371308017,0.8924758921442172,0.0829438447009859,0.47726718178121186,0.4760666395774076,0.032428563563288,0.9685900170648464,1.0,1.0,1.0,0.440572589635849,0.16671697795391083,0.22705978155136108,0.16565054655075073,0.0,64.0,0.7127411365509033,0.5887445642777281,0.473030686378479,0.476318359375,0.673583984375,0.05419921875,0.0,0.8232421875,1.0,0.494384765625,0.142578125,0.633544921875,1.0,1.0,0.752197265625,0.0,0.604248046875,0.841552734375,0.372802734375
93ae7d03d236556f,11_iso_7010_safety_signs,ISO 7010 Safety Signs,ISO 7010 W018,iconsets,icon_data/normalized_256/11_iso_7010_safety_signs/iso_7010_w018__93ae7d03d236.png,0.875,0.0424041748046875,1.0,88.0,0.021484375,744.7272727272727,1.0,1.1428571428571428,1.0,0.0,1.0,1.0,0.016741071428571428,0.9835345773874863,1.0,0.0,0.8818897637795275,0.26210662722587585,0.3175193965435028,0.10129158943891525,0.3190824091434479,1.0,8.0,0.0,0.0,0.2218833565711975,0.75,0.75,0.75,0.75,1.0,1.0,1.0,1.0,1.0,1.0,1.0,1.0,0.75,0.75,0.75,0.75
93b6137410d441ee,03_mapbox_maki_icons,Mapbox Maki,cross,cartography / point of interest,icon_data/normalized_256/03_mapbox_maki_icons/cross__93b6137410d4.png,0.4113006591796875,0.0190887451171875,1.0,760.0,0.185546875,86.23157894736842,0.6445480631276901,0.9951219512195122,0.6545494281343338,0.0013282539757685406,0.9913563829787234,0.9932707239517858,0.04681877202745316,0.9552751887160222,1.0,0.0,0.7275107284553723,0.10219718515872955,0.398855060338974,0.09965397417545319,0.39929378032684326,1.0,7.0,0.0,0.0,0.5542819499969482,0.34326171875,0.20849609375,0.2080078125,0.34326171875,0.202880859375,0.8837890625,0.88232421875,0.213134765625,0.207763671875,0.884765625,0.881591796875,0.2080078125,0.34326171875,0.20849609375,0.216552734375,0.34521484375
94c57da7bd24dacc,09_universal_symbols_healthcare_webfont,Universal Symbols Healthcare Webfont,i medical library,healthcare wayfinding,icon_data/normalized_256/09_universal_symbols_healthcare_webfont/i_medical_library__94c57da7bd24.png,0.398223876953125,0.02301025390625,3.0,970.0,0.23681640625,67.56288659793815,0.40935470715562944,0.9881889763779528,0.5909605543227209,0.12156932141129248,0.31139138736746896,0.19946686276312162,0.06943060770940301,0.9350770333213901,3.0,1.0,0.6429028920530128,0.37069225311279297,0.18047203123569489,0.26895755529403687,0.1798781305551529,1.0,7.0,0.0,0.0,0.8221137821674347,0.70947265625,0.231689453125,0.165771484375,0.0,0.20654296875,0.234619140625,0.72314453125,0.00048828125,0.0595703125,0.640380859375,0.567138671875,0.422119140625,0.287841796875,0.805908203125,0.681640625,0.63525390625
94d253eeac1f8494,07_arasaac_pictograms,ARASAAC Pictograms,thin,qualifying adjective; physical features,icon_data/normalized_256/07_arasaac_pictograms/10200__94d253eeac1f.png,0.160369873046875,0.016448974609375,1.0,592.0,0.14453125,110.70270270270271,0.6207181667847862,0.27309236947791166,0.7826345967681883,0.016500487447015787,0.9036406448107227,0.6767708998085513,0.10941960038058991,0.9013722126929674,1.0,0.0,0.5332318619989853,0.12119157612323761,0.11322767287492752,0.6571265459060669,0.10845433920621872,0.0,43.0,0.7154956459999084,0.5924554059792769,0.5350761413574219,0.0,0.2548828125,0.24755859375,0.0,0.0,0.439697265625,0.449462890625,0.0,0.0,0.328369140625,0.338134765625,0.0,0.0,0.25,0.2578125,0.0
9515275c5d1db56d,01_mcdougall_symbol_icon_set,McDougall Symbol/Icon Set,Chain saw,,icon_data/normalized_256/01_mcdougall_symbol_icon_set/mcdougall_037__9515275c5d1d.png,0.0711212158203125,0.02325439453125,4.0,634.0,0.15478515625,103.36908517350157,0.40800070028011204,1.2395833333333333,0.4422410930309787,0.025533793328305326,0.21506777893639206,0.28296173960913845,0.35614674962454407,0.7373833254231925,4.0,7.0,1.0,0.2507970333099365,0.2889799475669861,0.3393881022930145,0.12083496153354645,0.0,4.0,0.10535969585180283,0.0069643286640076185,0.834061786532402,0.0,0.0,0.0,0.0,0.0,0.2978515625,0.34912109375,0.0,0.0,0.275634765625,0.21533203125,0.0,0.0,0.0,0.0,0.0
9519036bb21ea4a8,10_openmoji,OpenMoji,keycap: 2,symbols / keycap,icon_data/normalized_256/10_openmoji/0032_fe0f_20e3__9519036bb21e.png,0.505126953125,0.0265655517578125,1.0,520.0,0.126953125,126.03076923076924,0.9993962081874169,1.0,1.0,0.0,1.0,1.0,0.02199130014499758,0.9784819106171672,1.0,0.0,0.8503904644471845,0.46694958209991455,0.06438302993774414,0.4426286518573761,0.02603866532444954,0.0,23.0,0.3294551372528076,0.23319378659940815,0.39417368173599243,0.1767578125,0.421875,0.421875,0.1767578125,0.421875,1.0,1.0,0.421875,0.421875,1.0,1.0,0.421875,0.1767578125,0.421875,0.421875,0.1767578125
951be4fa343dfcc3,02_aiga_dot_symbol_signs,AIGA/DOT Symbol Signs,Toilet women,,icon_data/normalized_256/02_aiga_dot_symbol_signs/toilet_women__951be4fa343d.png,0.2147064208984375,0.0239715576171875,2.0,703.0,0.171630859375,93.22332859174965,0.5041381534162158,0.4574898785425101,0.7565460508629496,0.013820552428980134,0.9301783264746227,0.6212697315358913,0.0918200554331604,0.9159018420881339,2.0,0.0,0.576514934240177,0.14642104506492615,0.07518292218446732,0.7051886916160583,0.07320733368396759,1.0,1.0,0.0,0.0,1.0,0.0,0.25634765625,0.2412109375,0.0,0.0,0.678955078125,0.6513671875,0.0,0.0,0.5576171875,0.544677734375,0.0,0.0,0.252685546875,0.25244140625,0.0
952bca3b1b2dd5d2,06_blissymbolics,Blissymbolics,bat animal,Blissymbolics char,icon_data/normalized_256/06_blissymbolics/bat_animal_1d6196cd6343__952bca3b1b2d.png,0.4296875,0.015960693359375,1.0,376.0,0.091796875,174.29787234042553,1.0,0.4296875,1.0,0.0,1.0,1.0,0.02599431818181818,0.9746642669251003,1.0,0.0,0.8278457196613358,0.29739129543304443,0.32232728600502014,0.0573338121175766,0.3229476511478424,1.0,8.0,0.0,0.0,0.09786444902420044,0.0,0.859375,0.859375,0.0,0.0,0.859375,0.859375,0.0,0.0,0.859375,0.859375,0.0,0.0,0.859375,0.859375,0.0
9543a5518d428ef5,10_openmoji,OpenMoji,circled zero with slash,extras-unicode / symbol-other,icon_data/normalized_256/10_openmoji/1f10d__9543a5518d42.png,0.367828369140625,0.03228759765625,2.0,1195.0,0.291748046875,54.8418410041841,0.5466213151927438,1.0,0.6832379116830112,0.0008005718364443733,0.9617513020833334,0.9595187774345635,0.09159545341408779,0.9160902941400015,2.0,3.0,1.0,0.23302717506885529,0.2598186135292053,0.30001747608184814,0.20713670551776886,1.0,7.0,0.0,0.0,0.7885637730360031,0.056884765625,0.39990234375,0.399658203125,0.056396484375,0.372314453125,0.627197265625,0.677734375,0.371826171875,0.3720703125,0.6640625,0.603759765625,0.37158203125,0.056396484375,0.399658203125,0.3994140625,0.056396484375
956c90f729f60c60,01_mcdougall_symbol_icon_set,McDougall Symbol/Icon Set,Archive,,icon_data/normalized_256/01_mcdougall_symbol_icon_set/mcdougall_012__956c90f729f6.png,0.0793914794921875,0.0261993408203125,1.0,628.0,0.1533203125,104.35668789808918,0.47624713958810067,1.2105263157894737,0.5588614393125672,0.019658515307431162,0.6178482587064676,0.49683544303797467,0.2955986930616952,0.7718439400682391,1.0,7.0,1.0,0.8404156565666199,0.025262804701924324,0.12274159491062164,0.011579940095543861,0.0,4.0,0.10189346969127655,0.00716891083621089,0.8193597793579102,0.0,0.0,0.0,0.0,0.0,0.2880859375,0.27099609375,0.0,0.0,0.38232421875,0.328857421875,0.0,0.0,0.0,0.0,0.0
95a44f2ef3464f32,05_mulberry_symbols,Mulberry Symbols,IT room,iconsets,icon_data/normalized_256/05_mulberry_symbols/it_room__95a44f2ef346.png,0.280487060546875,0.032073974609375,2.0,1207.0,0.294677734375,54.29660314830157,0.517948717948718,1.242603550295858,0.523524720893142,0.09024913232841243,0.5823362313850392,0.3375536636833297,0.12316396474812316,0.8903419548580839,2.0,3.0,1.0,0.5174970030784607,0.016250375658273697,0.4505789279937744,0.015673700720071793,0.0,22.0,0.16661188006401062,0.18576585515795738,0.6885628402233124,0.1220703125,0.15625,0.15625,0.1171875,0.2216796875,0.40673828125,0.02099609375,0.16259765625,0.397705078125,0.9013671875,0.744140625,0.359375,0.12646484375,0.140625,0.28759765625,0.166748046875
95c077c2cc7c9272,07_arasaac_pictograms,ARASAAC Pictograms,rescue,verb,icon_data/normalized_256/07_arasaac_pictograms/10178__95c077c2cc7c.png,0.4610595703125,0.045013427734375,2.0,1129.0,0.275634765625,58.04782993799823,0.49327412824866135,1.0040485829959513,0.5407059455106697,0.2554508272107908,0.6939118735284224,0.21578883836961332,0.08306857294148795,0.9233025728778341,2.0,6.0,1.0,0.5124698877334595,0.11452803760766983,0.11663566529750824,0.2563663423061371,0.0,75.0,0.5591863393783569,0.33270105044817666,0.5432393848896027,0.125,0.087890625,0.05224609375,0.08203125,0.111083984375,0.509521484375,0.7021484375,0.092041015625,0.418701171875,0.8251953125,0.436279296875,0.376953125,0.849853515625,0.921875,0.921875,0.8642578125
95ff6a8e83fd0fdb,01_mcdougall_symbol_icon_set,McDougall Symbol/Icon Set,Earthing point,,icon_data/normalized_256/01_mcdougall_symbol_icon_set/mcdougall_072__95ff6a8e83fd.png,0.065216064453125,0.00909423828125,3.0,346.0,0.08447265625,189.41040462427745,0.3081470800288392,0.6506849315068494,0.47623823054209147,0.03992845932328707,0.868006993006993,0.4208776595744681,0.14131960692559664,0.8761787617876179,3.0,0.0,0.4693608609707885,0.6096340417861938,0.0256124809384346,0.3365173935890198,0.028236079961061478,0.0,3.0,0.10950654000043869,0.006425978480902749,0.8524121940135956,0.0,0.019775390625,0.01318359375,0.0,0.0,0.207275390625,0.163818359375,0.0,0.0,0.29833984375,0.280517578125,0.0,0.0,0.033203125,0.02734375,0.0
9628a35aba74c3ab,04_ocha_humanitarian_icons,OCHA Humanitarian Icons,diplomatic mission,iconsets,icon_data/normalized_256/04_ocha_humanitarian_icons/diplomatic_mission__9628a35aba74.png,0.699798583984375,0.0060577392578125,4.0,808.0,0.197265625,81.10891089108911,0.699798583984375,1.0,0.7958353216780183,0.12926906624023196,0.5068340123537916,0.6857310887304271,0.047490296977890194,0.9546627810158201,4.0,0.0,0.7246784438896438,0.4829505980014801,0.026238704100251198,0.464200884103775,0.026609869673848152,1.0,7.0,0.0,0.0,0.9228774160146713,0.77490234375,0.90625,0.588623046875,0.38720703125,1.0,1.0,0.90625,0.443359375,0.90625,0.90625,0.8388671875,0.109375,1.0,0.413818359375,0.90625,0.109375
9630a5dd29740c99,01_mcdougall_symbol_icon_set,McDougall Symbol/Icon Set,File manager,,icon_data/normalized_256/01_mcdougall_symbol_icon_set/mcdougall_095__9630a5dd2974.png,0.081451416015625,0.0124969482421875,1.0,487.0,0.118896484375,134.57084188911705,0.6726310483870968,0.5161290322580645,0.7058979106056599,0.017115074174232563,0.45608292416803053,0.6516089108910891,0.44173847883102285,0.6936070686070686,1.0,34.0,1.0,0.43180084228515625,0.02857334166765213,0.5239964723587036,0.015629319474101067,0.0,3.0,0.04206021875143051,0.03445049225152364,0.49923932552337646,0.0,0.0,0.0,0.0,0.0,0.27001953125,0.34130859375,0.0,0.0,0.33154296875,0.3603515625,0.0,0.0,0.0,0.0,0.0
96846e9184249572,07_arasaac_pictograms,ARASAAC Pictograms,tattoo,verb; physical features,icon_data/normalized_256/07_arasaac_pictograms/10182__96846e918424.png,0.440582275390625,0.0573883056640625,5.0,901.0,0.219970703125,72.7369589345172,0.5393380155409444,1.0669642857142858,0.6452867295400706,0.17110953395015446,0.3758040691856864,0.6175004201445298,0.06808893814504398,0.9362516212710765,5.0,5.0,1.0,0.28375333547592163,0.23382514715194702,0.2674163281917572,0.21500517427921295,0.0,27.0,0.08338122069835663,0.08269764052797435,0.24564039707183838,0.36279296875,0.220703125,0.26708984375,0.01025390625,0.8388671875,0.926025390625,0.788330078125,0.287109375,0.67431640625,0.93798828125,0.424072265625,0.248779296875,0.552734375,0.447998046875,0.03369140625,0.028564453125
96955357c8bb7589,02_aiga_dot_symbol_signs,AIGA/DOT Symbol Signs,Aiga escalator,,icon_data/normalized_256/02_aiga_dot_symbol_signs/aiga_escalator__96955357c8bb.png,0.309173583984375,0.0189208984375,2.0,598.0,0.14599609375,109.59197324414716,0.4123321123321123,1.2923076923076924,0.7131117250602707,0.015878909589427493,0.1815955213435969,0.20707732634338138,0.051426315269963475,0.9510889973713856,2.0,0.0,0.7085110846912371,0.3015264570713043,0.5307916402816772,0.09818898141384125,0.06949295103549957,1.0,8.0,0.0,0.0,0.5922118425369263,0.0,0.20068359375,0.105712890625,0.197265625,0.0,0.482177734375,0.8916015625,0.67578125,0.4267578125,0.898193359375,0.33642578125,0.0,0.448974609375,0.283203125,0.0,0.0
969d2464f703154e,11_iso_7010_safety_signs,ISO 7010 Safety Signs,ISO 7010 W024,iconsets,icon_data/normalized_256/11_iso_7010_safety_signs/iso_7010_w024__969d2464f703.png,0.875,0.0398406982421875,1.0,88.0,0.021484375,744.7272727272727,1.0,1.1428571428571428,1.0,0.0,1.0,1.0,0.016741071428571428,0.9835345773874863,1.0,0.0,0.8818897637795275,0.4202617406845093,0.26207658648490906,0.05183122679591179,0.26583048701286316,1.0,8.0,0.0,0.0,0.25207144021987915,0.75,0.75,0.75,0.75,1.0,1.0,1.0,1.0,1.0,1.0,1.0,1.0,0.75,0.75,0.75,0.75
96af31c28fa47114,07_arasaac_pictograms,ARASAAC Pictograms,file,verb; corporal hygiene; hygiene product,icon_data/normalized_256/07_arasaac_pictograms/10169__96af31c28fa4.png,0.350311279296875,0.04290771484375,2.0,673.0,0.164306640625,97.37890044576523,0.4587104637455294,1.2388059701492538,0.6825831004340845,0.025118385170249193,0.32858796296296294,0.39114100466581836,0.0622876557191393,0.94136460554371,2.0,0.0,0.6674225245653816,0.46005022525787354,0.3070223331451416,0.11643773317337036,0.1164897009730339,0.0,31.0,0.1069730892777443,0.11372965929244849,0.2380598783493042,0.2548828125,0.307861328125,0.03955078125,0.0,0.739013671875,0.675537109375,0.740966796875,0.2880859375,0.0,0.4892578125,0.995849609375,0.44287109375,0.0,0.383056640625,0.248046875,0.0
96efa84abf46b3de,04_ocha_humanitarian_icons,OCHA Humanitarian Icons,bridge,iconsets,icon_data/normalized_256/04_ocha_humanitarian_icons/bridge__96efa84abf46.png,0.89453125,0.0077056884765625,1.0,376.0,0.091796875,174.29787234042553,1.0,1.1179039301310043,1.0,0.002772967769359,1.0,0.991304347826087,0.01654612445414847,0.983723193610095,1.0,0.0,0.8831043624969873,0.5596160888671875,0.14318475127220154,0.15485890209674835,0.1423402726650238,1.0,8.0,0.0,0.0,0.5104161500930786,0.796875,0.796875,0.796875,0.796875,1.0,1.0,1.0,1.0,1.0,1.0,1.0,1.0,0.78125,0.78125,0.78125,0.78125
9717e25f4ef2d9d3,04_ocha_humanitarian_icons,OCHA Humanitarian Icons,bacteria,iconsets,icon_data/normalized_256/04_ocha_humanitarian_icons/bacteria__9717e25f4ef2.png,0.5240478515625,0.044586181640625,2.0,1444.0,0.3525390625,45.38504155124654,0.5240478515625,1.0,0.7099388126343642,0.0049701313536477,0.555716615328864,0.5540974704737771,0.0903796878639646,0.9171117282631917,2.0,3.0,1.0,0.1852826327085495,0.35999396443367004,0.18515294790267944,0.26957041025161743,1.0,7.0,0.0,0.0,0.8534833192825317,0.089111328125,0.416259765625,0.63671875,0.277099609375,0.394775390625,0.78662109375,0.990478515625,0.647705078125,0.6611328125,0.721435546875,0.880859375,0.427978515625,0.294677734375,0.66796875,0.403076171875,0.0888671875
971db43104c2be50,04_ocha_humanitarian_icons,OCHA Humanitarian Icons,border closed,iconsets,icon_data/normalized_256/04_ocha_humanitarian_icons/border_closed__971db43104c2.png,0.5605926513671875,0.035614013671875,8.0,1426.0,0.34814453125,45.95792426367461,0.5605926513671875,1.0,0.646409374422676,0.06643961934918188,0.5796964354817904,0.5625637972099353,0.08105827594654182,0.9250195130548632,8.0,1.0,0.606624506712019,0.20715861022472382,0.18567195534706116,0.41829562187194824,0.18887373805046082,1.0,7.0,0.0,0.0,0.8624608367681503,0.716796875,0.498046875,0.765625,0.46923828125,0.66748046875,0.568359375,0.716064453125,0.559814453125,0.504638671875,0.68603515625,0.63134765625,0.3720703125,0.4677734375,0.765625,0.481689453125,0.098876953125
9731d9c4d90e12ac,07_arasaac_pictograms,ARASAAC Pictograms,sausages,cold meat,icon_data/normalized_256/07_arasaac_pictograms/10225__9731d9c4d90e.png,0.5066375732421875,0.045867919921875,1.0,517.0,0.126220703125,126.76208897485493,0.7101638362493049,1.2422680412371134,0.9490367575601669,0.0418236694855069,0.8428706221901537,0.8968807129798904,0.031262235340180106,0.9696854647936685,1.0,1.0,1.0,0.3717486262321472,0.21771983802318573,0.14277556538581848,0.26775601506233215,0.0,68.0,0.6298699378967285,0.4273919360324462,0.5640299618244171,0.025634765625,0.385986328125,0.38427734375,0.05126953125,0.569580078125,1.0,1.0,0.733642578125,0.476806640625,1.0,1.0,0.79638671875,0.0009765625,0.264404296875,0.37890625,0.038330078125
9741497fa74a6912,02_aiga_dot_symbol_signs,AIGA/DOT Symbol Signs,Aiga railtransportation 25 white,,icon_data/normalized_256/02_aiga_dot_symbol_signs/aiga_railtransportation_25_white__9741497fa74a.png,0.3094482421875,0.0,3.0,868.0,0.2119140625,75.50230414746544,0.47154017857142855,0.65625,0.5512966889577556,0.039650717328968674,0.9972424660232421,0.40852896235588276,0.08984220907297831,0.9175640213555334,3.0,4.0,1.0,0.0,0.0,0.0,0.0,1.0,1.0,0.0,0.0,0.0,0.04833984375,0.442626953125,0.442626953125,0.048095703125,0.125,0.4130859375,0.4130859375,0.125,0.1064453125,0.82958984375,0.828857421875,0.1064453125,0.07568359375,0.435302734375,0.435302734375,0.07568359375
977595b4d2a0e30e,10_openmoji,OpenMoji,keycap: 0,symbols / keycap,icon_data/normalized_256/10_openmoji/0030_fe0f_20e3__977595b4d2a0.png,0.505126953125,0.026092529296875,1.0,520.0,0.126953125,126.03076923076924,0.9993962081874169,1.0,1.0,0.0,1.0,1.0,0.02199130014499758,0.9784819106171672,1.0,0.0,0.8503904644471845,0.44481635093688965,0.029622988775372505,0.49596256017684937,0.029598088935017586,0.0,23.0,0.328538715839386,0.23355641173969693,0.3953092098236084,0.1767578125,0.421875,0.421875,0.1767578125,0.421875,1.0,1.0,0.421875,0.421875,1.0,1.0,0.421875,0.1767578125,0.421875,0.421875,0.1767578125
97a734d4f33010cb,09_universal_symbols_healthcare_webfont,Universal Symbols Healthcare Webfont,i text telephone,healthcare wayfinding,icon_data/normalized_256/09_universal_symbols_healthcare_webfont/i_text_telephone__97a734d4f330.png,0.566741943359375,0.0348663330078125,16.0,1684.0,0.4111328125,38.91686460807601,0.617181787969425,0.9254901960784314,0.6762004460425106,0.013937777314491107,0.9658092516142691,0.5108815034780133,0.08852511981045716,0.9186742517932228,16.0,0.0,0.5854112158370898,0.5301273465156555,0.09547349065542221,0.27719712257385254,0.09720200300216675,1.0,7.0,0.0,0.0,0.7558317184448242,0.470703125,0.72607421875,0.72998046875,0.44677734375,0.556884765625,0.548828125,0.5458984375,0.55859375,0.375244140625,0.586181640625,0.584716796875,0.37841796875,0.4541015625,0.828125,0.81884765625,0.45849609375
97c6ee8e53d4c935,05_mulberry_symbols,Mulberry Symbols,F,iconsets,icon_data/normalized_256/05_mulberry_symbols/f__97c6ee8e53d4.png,0.184600830078125,0.011566162109375,1.0,529.0,0.129150390625,123.88657844990549,0.5317802197802198,0.6868131868131868,0.6663178476027869,0.13201628698975887,0.42614641046799484,0.5476525521299731,0.06315093403868408,0.9406002176955373,1.0,0.0,0.6643602416254806,0.5204455852508545,0.012732905335724354,0.45844778418540955,0.008373701013624668,0.0,12.0,0.497109055519104,0.0787881255609968,0.7542364448308945,0.0,0.41064453125,0.453125,0.021240234375,0.0,0.7060546875,0.315185546875,0.002197265625,0.0,0.65234375,0.1611328125,0.0,0.0,0.231689453125,0.0,0.0
97f820055d758ca4,06_blissymbolics,Blissymbolics,bears head,Blissymbolics char,icon_data/normalized_256/06_blissymbolics/bears_head_c16eda03cdf2__97f820055d75.png,0.5234375,0.0164794921875,1.0,376.0,0.091796875,174.29787234042553,1.0,0.5234375,1.0,0.0,1.0,1.0,0.02273787313432836,0.9777676433701973,1.0,0.0,0.8460931333859512,0.26397064328193665,0.24209298193454742,0.250259131193161,0.24367721378803253,1.0,8.0,0.0,0.0,0.08623301982879639,0.046875,1.0,1.0,0.046875,0.046875,1.0,1.0,0.046875,0.046875,1.0,1.0,0.046875,0.046875,1.0,1.0,0.046875
9833acd035e16ac0,05_mulberry_symbols,Mulberry Symbols,Earth inner core,iconsets,icon_data/normalized_256/05_mulberry_symbols/earth_inner_core__9833acd035e1.png,0.5777130126953125,0.04498291015625,1.0,646.0,0.15771484375,101.44891640866874,0.7751888781965971,1.0,0.96801493147883,0.009743463407366232,0.9542169918447404,0.9483841086867023,0.028842344364913765,0.9719662156958385,1.0,1.0,1.0,0.20157906413078308,0.225566104054451,0.3596508800983429,0.21320393681526184,0.0,63.0,0.5324742794036865,0.5840973774023388,0.5390741527080536,0.0888671875,0.4736328125,0.61083984375,0.12060546875,0.6259765625,1.0,1.0,0.615966796875,0.63134765625,1.0,1.0,0.620361328125,0.097412109375,0.634033203125,0.631103515625,0.09326171875
9851b9107478ba03,05_mulberry_symbols,Mulberry Symbols,G,iconsets,icon_data/normalized_256/05_mulberry_symbols/g__9851b9107478.png,0.267608642578125,0.017669677734375,1.0,709.0,0.173095703125,92.43441466854725,0.5455393803658082,0.9095744680851063,0.6506278867021572,0.007539369167100807,0.6456788964999531,0.7190746912370124,0.07150188162846391,0.9332694763729247,1.0,0.0,0.6361262241566921,0.38993149995803833,0.14595215022563934,0.2906692624092102,0.17344708740711212,0.0,16.0,0.4959047734737396,0.0803459253474746,0.751907542347908,0.00341796875,0.377197265625,0.41015625,0.01025390625,0.28759765625,0.374267578125,0.353759765625,0.11865234375,0.26513671875,0.426513671875,0.641845703125,0.296875,0.000244140625,0.31396484375,0.369140625,0.03271484375
9875309b29ecca62,12_iso_15223_medical_device_symbols,ISO 15223 Medical Device Symbols,sterilized using ethylene oxide,medical device label,icon_data/normalized_256/12_iso_15223_medical_device_symbols/sterilized_using_ethylene_oxide__9875309b29ec.png,0.1382598876953125,0.0308685302734375,10.0,1303.0,0.318115234375,50.29623944742901,0.4100371074305367,2.9195402298850577,0.4164445261513007,0.0025897323344696117,0.6340847610459873,0.6898545318910854,0.32844056947356803,0.7527623161917422,10.0,4.0,0.4,0.44392573833465576,0.029721470549702644,0.4800829589366913,0.0462699830532074,1.0,7.0,0.0,0.0,0.7265981733798981,0.0,0.0,0.0,0.0,0.289306640625,0.29541015625,0.252685546875,0.274169921875,0.255859375,0.274658203125,0.284912109375,0.28515625,0.0,0.0,0.0,0.0
9936e5d24a9d04e4,04_ocha_humanitarian_icons,OCHA Humanitarian Icons,destroyed,iconsets,icon_data/normalized_256/04_ocha_humanitarian_icons/destroyed__9936e5d24a9d.png,0.6775360107421875,0.0250701904296875,1.0,907.0,0.221435546875,72.25578831312018,0.6775360107421875,1.0,0.8420264158457148,8.397262442554055e-05,0.999054565099946,0.9996847556856564,0.041438641533229736,0.9602101939753044,1.0,1.0,1.0,0.1420169472694397,0.35811543464660645,0.14268404245376587,0.3571836054325104,1.0,7.0,0.0,0.0,0.9391913525760174,0.347900390625,0.93798828125,0.938232421875,0.347412109375,0.938232421875,0.48681640625,0.486328125,0.93798828125,0.938232421875,0.486328125,0.486083984375,0.93798828125,0.34765625,0.937744140625,0.938232421875,0.347412109375
99778fe6e845e785,03_mapbox_maki_icons,Mapbox Maki,hairdresser,cartography / point of interest,icon_data/normalized_256/03_mapbox_maki_icons/hairdresser__99778fe6e845.png,0.4789276123046875,0.0156707763671875,1.0,814.0,0.19873046875,80.51105651105651,0.5951721783980582,1.2427184466019416,0.6321015003524317,0.07660084158591621,0.6521212759237814,0.9989173353712902,0.05046675375155319,0.9519577810803433,1.0,2.0,1.0,0.47118669748306274,0.1885402500629425,0.15314270555973053,0.18713030219078064,1.0,7.0,0.0,0.0,0.5005502700805664,0.586669921875,0.08349609375,0.05419921875,0.38427734375,0.73095703125,0.749755859375,0.8310546875,0.412109375,0.73193359375,0.749267578125,0.8310546875,0.412109375,0.586181640625,0.0830078125,0.05419921875,0.382568359375
9985fa3d11afd679,13_usp_pictograms_manual,USP Pictograms,50,medication instruction,icon_data/normalized_256/13_usp_pictograms_manual/50__9985fa3d11af.png,0.62109375,0.0480499267578125,1.0,232.0,0.056640625,282.48275862068965,1.0,0.62109375,1.0,0.002772967769359,0.9875,1.0,0.02039111635220126,0.9800163721288583,1.0,0.0,0.8597499155119973,0.3155826926231384,0.18470965325832367,0.3201243281364441,0.17958329617977142,1.0,8.0,0.0,0.0,0.2644460201263428,0.25,1.0,1.0,0.234375,0.25,1.0,1.0,0.234375,0.25,1.0,1.0,0.234375,0.25,1.0,1.0,0.234375
99a91cd1040d7fb9,03_mapbox_maki_icons,Mapbox Maki,entrance alt1,cartography / point of interest,icon_data/normalized_256/03_mapbox_maki_icons/entrance_alt1__99a91cd1040d.png,0.4151458740234375,0.018524169921875,2.0,940.0,0.2294921875,69.71914893617021,0.5083520179372197,0.9291666666666667,0.6077196274207599,0.11798751654088072,0.43436313791649095,0.9853327495621717,0.06241040908589701,0.9412558380902958,2.0,0.0,0.6669853644186218,0.6166216135025024,0.0029730070382356644,0.37729498744010925,0.0031103393994271755,1.0,7.0,0.0,0.0,0.45306676626205444,0.0,0.4140625,0.54736328125,0.4970703125,0.225341796875,0.587890625,0.48388671875,0.546875,0.225341796875,0.5869140625,0.4814453125,0.546875,0.0,0.454833984375,0.54736328125,0.4970703125
99b2b372e99b097d,09_universal_symbols_healthcare_webfont,Universal Symbols Healthcare Webfont,i ear nose throat,healthcare wayfinding,icon_data/normalized_256/09_universal_symbols_healthcare_webfont/i_ear_nose_throat__99b2b372e99b.png,0.607177734375,0.0277557373046875,1.0,880.0,0.21484375,74.47272727272727,0.721942015312602,0.8543307086614174,0.9290358731307565,0.02543659612297326,0.7658649152391941,0.7969653179190751,0.04387816646562123,0.9579661996244403,1.0,17.0,1.0,0.2360784113407135,0.2267632633447647,0.31529033184051514,0.22186802327632904,1.0,7.0,0.0,0.0,0.8711211979389191,0.0751953125,0.79736328125,0.914306640625,0.260986328125,0.3818359375,0.97119140625,0.96875,0.6513671875,0.4853515625,0.927001953125,0.970458984375,0.332275390625,0.12548828125,0.771728515625,0.972900390625,0.108642578125
99bda7c697c0e9be,05_mulberry_symbols,Mulberry Symbols,Q,iconsets,icon_data/normalized_256/05_mulberry_symbols/q__99bda7c697c0.png,0.29229736328125,0.018951416015625,1.0,733.0,0.178955078125,89.40791268758527,0.5156531804355433,0.9014778325123153,0.6462560936524805,0.038297629332194626,0.7498858134648763,0.6435864435864436,0.07078722071413657,0.9338923556942278,1.0,1.0,1.0,0.2379336804151535,0.17194414138793945,0.30538317561149597,0.2847389876842499,0.0,16.0,0.4991987943649292,0.07834156445376737,0.7561787366867065,0.008056640625,0.421142578125,0.4384765625,0.016845703125,0.291015625,0.361328125,0.313232421875,0.33935546875,0.246337890625,0.47705078125,0.610595703125,0.292236328125,0.0,0.276123046875,0.370849609375,0.214111328125
99ecaad15ea16c98,04_ocha_humanitarian_icons,OCHA Humanitarian Icons,doctor,iconsets,icon_data/normalized_256/04_ocha_humanitarian_icons/doctor__99ecaad15ea1.png,0.62890625,0.0162353515625,1.0,232.0,0.056640625,282.48275862068965,1.0,0.62890625,1.0,0.002772967769359,0.9876543209876543,1.0,0.020234860248447204,0.980166468489893,1.0,0.0,0.8606749081189442,0.12726329267024994,0.19263476133346558,0.4864717125892639,0.1936301589012146,1.0,8.0,0.0,0.0,0.35006654262542725,0.265625,1.0,1.0,0.25,0.265625,1.0,1.0,0.25,0.265625,1.0,1.0,0.25,0.265625,1.0,1.0,0.25
9a05e7b439a7ed4c,05_mulberry_symbols,Mulberry Symbols,Earth mantle,iconsets,icon_data/normalized_256/05_mulberry_symbols/earth_mantle__9a05e7b439a7.png,0.579833984375,0.0436248779296875,1.0,661.0,0.161376953125,99.14674735249622,0.7745301862948922,0.9954954954954955,0.940175169478945,0.008175113632480868,0.9472200871124776,0.941846798507844,0.030105263157894736,0.9707745759247906,1.0,1.0,1.0,0.18664686381816864,0.22740639746189117,0.3523346483707428,0.23361214995384216,0.0,62.0,0.5344012975692749,0.5842444926819738,0.5311050713062286,0.0888671875,0.4736328125,0.61083984375,0.156982421875,0.6259765625,1.0,1.0,0.613525390625,0.63134765625,1.0,1.0,0.620361328125,0.097412109375,0.634033203125,0.631103515625,0.09326171875
9a43e4222a4284dc,03_mapbox_maki_icons,Mapbox Maki,blood bank,cartography / point of interest,icon_data/normalized_256/03_mapbox_maki_icons/blood_bank__9a43e4222a42.png,0.4241943359375,0.0086212158203125,1.0,457.0,0.111572265625,143.40481400437636,0.7280536350303792,0.7747747747747747,0.9825578313040098,0.03140968741302879,0.998131244160138,0.7550505050505051,0.030359712230215826,0.9705348415025834,1.0,1.0,1.0,0.26367515325546265,0.20166881382465363,0.33505094051361084,0.19960513710975647,1.0,7.0,0.0,0.0,0.6441931128501892,0.0,0.406494140625,0.409912109375,0.0,0.155517578125,0.966552734375,0.968505859375,0.15625,0.328369140625,0.983642578125,0.983642578125,0.328125,0.02392578125,0.526123046875,0.526123046875,0.02392578125
9a7d1745ebfc9ed1,06_blissymbolics,Blissymbolics,anywhere,Blissymbolics char,icon_data/normalized_256/06_blissymbolics/anywhere_fa6f35734fcd__9a7d1745ebfc.png,0.4296875,0.0032958984375,1.0,376.0,0.091796875,174.29787234042553,1.0,0.4296875,1.0,0.0,1.0,1.0,0.02599431818181818,0.9746642669251003,1.0,0.0,0.8278457196613358,0.6805165410041809,0.03205491229891777,0.029656371101737022,0.25777214765548706,1.0,8.0,0.0,0.0,0.03071647882461548,0.0,0.859375,0.859375,0.0,0.0,0.859375,0.859375,0.0,0.0,0.859375,0.859375,0.0,0.0,0.859375,0.859375,0.0
9a961a17a6716c5f,03_mapbox_maki_icons,Mapbox Maki,home,cartography / point of interest,icon_data/normalized_256/03_mapbox_maki_icons/home__9a961a17a671.png,0.66864013671875,0.020782470703125,1.0,643.0,0.156982421875,101.92223950233281,0.7671568627450981,0.9916666666666667,0.9050820501698836,0.040470815172447765,0.8771418779986292,0.7247894198220892,0.026380648105887722,0.9742974030594095,1.0,0.0,0.8257330217833723,0.5233327746391296,0.05244338512420654,0.37112218141555786,0.05310162901878357,1.0,7.0,0.0,0.0,0.7016255259513855,0.0126953125,0.58740234375,0.692626953125,0.512939453125,0.640625,1.0,1.0,0.72021484375,0.597412109375,1.0,1.0,0.597412109375,0.51953125,0.64892578125,0.64892578125,0.51953125
9aa76e1c2ac046a2,04_ocha_humanitarian_icons,OCHA Humanitarian Icons,distribution site,iconsets,icon_data/normalized_256/04_ocha_humanitarian_icons/distribution_site__9aa76e1c2ac0.png,0.671875,0.01708984375,1.0,376.0,0.091796875,174.29787234042553,1.0,0.671875,1.0,0.0,1.0,1.0,0.019440406976744186,0.9809303154517911,1.0,0.0,0.8654088050314466,0.549930214881897,0.08660717308521271,0.2762194275856018,0.08724312484264374,1.0,8.0,0.0,0.0,0.7607165426015854,0.34375,1.0,1.0,0.34375,0.34375,1.0,1.0,0.34375,0.34375,1.0,1.0,0.34375,0.34375,1.0,1.0,0.34375
9ae7ea5bbc7903d9,05_mulberry_symbols,Mulberry Symbols,M,iconsets,icon_data/normalized_256/05_mulberry_symbols/m__9ae7ea5bbc79.png,0.358154296875,0.0210113525390625,1.0,928.0,0.2265625,70.62068965517241,0.7327672327672328,0.967032967032967,0.7410494411820421,0.015530644368620792,0.8833346706250501,0.5626123427201918,0.06382072256305385,0.9400080096115339,1.0,0.0,0.6620036101083032,0.13505874574184418,0.010158955119550228,0.8454297780990601,0.009352502413094044,0.0,16.0,0.4960605800151825,0.08037308826957255,0.7520596385002136,0.16259765625,0.263427734375,0.243896484375,0.177001953125,0.359375,0.705810546875,0.657958984375,0.390625,0.359375,0.674560546875,0.651123046875,0.390625,0.14013671875,0.2021484375,0.19921875,0.152587890625
9b352ee9d3ea7f71,02_aiga_dot_symbol_signs,AIGA/DOT Symbol Signs,Aiga Exit Green,,icon_data/normalized_256/02_aiga_dot_symbol_signs/aiga_exit_green__9b352ee9d3ea.png,0.587066650390625,0.0204315185546875,2.0,838.0,0.20458984375,78.20525059665871,0.6288245292887029,1.0711297071129706,0.7878204603161603,0.00538229318140634,0.9998960390893025,0.9778943039276167,0.035868378645318916,0.9653736136899684,2.0,0.0,0.7770327584117623,0.11397592723369598,0.1647481620311737,0.5544964671134949,0.16677941381931305,0.0,1.0,1.0,0.17788064113711047,0.6126823127269745,0.287353515625,0.533203125,0.533203125,0.287353515625,0.897705078125,0.65625,0.65625,0.897705078125,0.88671875,0.65625,0.65625,0.88623046875,0.2626953125,0.5166015625,0.5166015625,0.2626953125
9b43091dda8ba6a2,06_blissymbolics,Blissymbolics,air,Blissymbolics char,icon_data/normalized_256/06_blissymbolics/air_0dff832267e6__9b43091dda8b.png,0.4296875,0.0090179443359375,1.0,376.0,0.091796875,174.29787234042553,1.0,0.4296875,1.0,0.0,1.0,1.0,0.02599431818181818,0.9746642669251003,1.0,0.0,0.8278457196613358,0.5520097613334656,0.397320032119751,0.026827950030565262,0.023842256516218185,1.0,8.0,0.0,0.0,0.056099891662597656,0.0,0.859375,0.859375,0.0,0.0,0.859375,0.859375,0.0,0.0,0.859375,0.859375,0.0,0.0,0.859375,0.859375,0.0
9b7026cf7fb5b676,06_blissymbolics,Blissymbolics,beginning,Blissymbolics char,icon_data/normalized_256/06_blissymbolics/beginning_d98cdb7fe8fd__9b7026cf7fb5.png,0.4296875,0.0088348388671875,1.0,376.0,0.091796875,174.29787234042553,1.0,0.4296875,1.0,0.0,1.0,1.0,0.02599431818181818,0.9746642669251003,1.0,0.0,0.8278457196613358,0.33692917227745056,0.13865844905376434,0.3866347074508667,0.1377776712179184,1.0,8.0,0.0,0.0,0.05737483501434326,0.0,0.859375,0.859375,0.0,0.0,0.859375,0.859375,0.0,0.0,0.859375,0.859375,0.0,0.0,0.859375,0.859375,0.0
9b74d2600f4109ef,01_mcdougall_symbol_icon_set,McDougall Symbol/Icon Set,CD-interactive,,icon_data/normalized_256/01_mcdougall_symbol_icon_set/mcdougall_033__9b74d2600f41.png,0.03289794921875,0.014251708984375,7.0,280.0,0.068359375,234.05714285714285,0.4083333333333333,0.6818181818181818,0.5002900568511428,0.03827580778610757,0.26898175397292523,0.28486293206197855,0.5009276437847866,0.6662546353522868,7.0,14.0,1.0,0.4871944189071655,0.03412614390254021,0.4404965937137604,0.0381828211247921,0.0,4.0,0.09955684095621109,0.007339101321602928,0.8089234679937363,0.0,0.0,0.0,0.0,0.0,0.087646484375,0.15478515625,0.0,0.0,0.068359375,0.215576171875,0.0,0.0,0.0,0.0,0.0
9b8db9ceca7b745d,04_ocha_humanitarian_icons,OCHA Humanitarian Icons,clothing,iconsets,icon_data/normalized_256/04_ocha_humanitarian_icons/clothing__9b8db9ceca7b.png,0.87890625,0.0216522216796875,1.0,232.0,0.056640625,282.48275862068965,1.0,1.1377777777777778,1.0,0.002772967769359,1.0,0.9911504424778761,0.01670138888888889,0.983572965404187,1.0,0.0,0.8821367311933349,0.19017210602760315,0.2288747876882553,0.35215628147125244,0.2287967950105667,1.0,8.0,0.0,0.0,0.6079052984714508,0.765625,0.765625,0.765625,0.765625,1.0,1.0,1.0,1.0,1.0,1.0,1.0,1.0,0.75,0.75,0.75,0.75
9bde47de13adfda7,13_usp_pictograms_manual,USP Pictograms,07,medication instruction,icon_data/normalized_256/13_usp_pictograms_manual/07__9bde47de13ad.png,0.72265625,0.057952880859375,1.0,376.0,0.091796875,174.29787234042553,1.0,1.3837837837837839,1.0,0.002772967769359,1.0,0.989247311827957,0.01862331081081081,0.9817171759048132,1.0,0.0,0.8703322552190532,0.4197996258735657,0.12307076901197433,0.3092561364173889,0.1478734016418457,1.0,8.0,0.0,0.0,0.2506537437438965,0.453125,0.453125,0.453125,0.453125,1.0,1.0,1.0,1.0,1.0,1.0,1.0,1.0,0.4375,0.4375,0.4375,0.4375
9c1380a06fa4eb2a,10_openmoji,OpenMoji,flag: Benin,flags / country-flag,icon_data/normalized_256/10_openmoji/1f1e7_1f1ef__9c1380a06fa4.png,0.5166015625,0.0256195068359375,1.0,556.0,0.1357421875,117.87050359712231,0.9995276334435522,1.5890410958904109,1.0,0.0,1.0,1.0,0.022329867674858225,0.9781578643245117,1.0,0.0,0.8484362469927826,0.6206615567207336,0.00794002041220665,0.3639720678329468,0.00742636201903224,0.0,43.0,0.6772122979164124,0.5326692972998222,0.5322400033473969,0.11328125,0.140625,0.140625,0.11328125,0.8125,1.0,1.0,0.8125,0.8125,1.0,1.0,0.8125,0.11328125,0.140625,0.140625,0.11328125
9cb9072e481b2627,03_mapbox_maki_icons,Mapbox Maki,ferry,cartography / point of interest,icon_data/normalized_256/03_mapbox_maki_icons/ferry__9cb9072e481b.png,0.68951416015625,0.015655517578125,1.0,799.0,0.195068359375,82.02252816020025,0.7354817708333333,0.9375,0.8342425669002058,0.044484426026703834,0.9874213836477987,0.762471235227583,0.04067451535805966,0.9609152383787692,1.0,2.0,1.0,0.4291357100009918,0.11093813180923462,0.3537801504135132,0.1061459630727768,1.0,7.0,0.0,0.0,0.6353854238986969,0.270263671875,0.789794921875,0.78955078125,0.27001953125,0.512939453125,0.976318359375,0.980224609375,0.520751953125,0.526123046875,1.0,1.0,0.52197265625,0.58837890625,0.871337890625,0.8388671875,0.57568359375
9cc38dad3f1ec018,10_openmoji,OpenMoji,flag: Austria,flags / country-flag,icon_data/normalized_256/10_openmoji/1f1e6_1f1f9__9cc38dad3f1e.png,0.38848876953125,0.01904296875,1.0,892.0,0.2177734375,73.47085201793722,0.7516532829475673,1.5890410958904109,0.7603404509481858,0.0,1.0,1.0,0.04933228593872742,0.9529869740979189,1.0,1.0,1.0,0.6242112517356873,0.008495789021253586,0.3587971329689026,0.008495789021253586,0.0,25.0,0.6235488057136536,0.46719034845923946,0.6470747590065002,0.11328125,0.140625,0.140625,0.11328125,0.612548828125,0.6875,0.6875,0.612548828125,0.612548828125,0.6875,0.6875,0.612548828125,0.11328125,0.140625,0.140625,0.11328125
9d2b879b70f65e10,11_iso_7010_safety_signs,ISO 7010 Safety Signs,ISO 7010 W002,iconsets,icon_data/normalized_256/11_iso_7010_safety_signs/iso_7010_w002__9d2b879b70f6.png,0.875,0.06005859375,1.0,88.0,0.021484375,744.7272727272727,1.0,1.1428571428571428,1.0,0.0,1.0,1.0,0.016741071428571428,0.9835345773874863,1.0,0.0,0.8818897637795275,0.344556599855423,0.38951388001441956,0.08354174345731735,0.1823878288269043,1.0,8.0,0.0,0.0,0.2978830337524414,0.75,0.75,0.75,0.75,1.0,1.0,1.0,1.0,1.0,1.0,1.0,1.0,0.75,0.75,0.75,0.75
9d9a3de3a8bdf41e,10_openmoji,OpenMoji,flag: Colombia,flags / country-flag,icon_data/normalized_256/10_openmoji/1f1e8_1f1f4__9d9a3de3a8bd.png,0.5166015625,0.03094482421875,1.0,556.0,0.1357421875,117.87050359712231,0.9995276334435522,1.5890410958904109,1.0,0.0,1.0,1.0,0.022329867674858225,0.9781578643245117,1.0,0.0,0.8484362469927826,0.6405038833618164,0.007989722304046154,0.34351664781570435,0.007989722304046154,0.0,44.0,0.7109045386314392,0.6036548034592144,0.5362651646137238,0.11328125,0.140625,0.140625,0.11328125,0.8125,1.0,1.0,0.8125,0.8125,1.0,1.0,0.8125,0.11328125,0.140625,0.140625,0.11328125
9dab784f30e1f379,05_mulberry_symbols,Mulberry Symbols,PE,iconsets,icon_data/normalized_256/05_mulberry_symbols/pe__9dab784f30e1.png,0.313507080078125,0.0221099853515625,3.0,865.0,0.211181640625,75.76416184971099,0.4550609080841639,0.9767441860465116,0.6646717241156204,0.1132877867193458,0.32128617363344053,0.32418149007476155,0.07816606638761803,0.9275009028530156,3.0,0.0,0.6152602263879738,0.36199942231178284,0.2065741866827011,0.24607999622821808,0.18534640967845917,0.0,71.0,0.3604074716567993,0.39416707315272187,0.6375671625137329,0.3515625,0.6875,0.117431640625,0.0,0.413818359375,0.665283203125,0.679931640625,0.247802734375,0.15673828125,0.492431640625,0.8046875,0.117919921875,0.0,0.00048828125,0.1552734375,0.125244140625
9ea0543cdc729b43,01_mcdougall_symbol_icon_set,McDougall Symbol/Icon Set,Cartoons,,icon_data/normalized_256/01_mcdougall_symbol_icon_set/mcdougall_032__9ea0543cdc72.png,0.2032470703125,0.01507568359375,1.0,235.0,0.057373046875,278.87659574468086,0.9666182873730044,0.8153846153846154,0.9921418196715206,0.005132321954629805,0.9394292370413512,0.9631540162122328,0.04744744744744745,0.9547018348623854,1.0,4.0,1.0,0.2441176474094391,0.14353907108306885,0.5040818452835083,0.10826146602630615,1.0,19.0,0.0172674972563982,0.019506759604534688,0.7232355773448944,0.0,0.012939453125,0.012939453125,0.0,0.0,0.81884765625,0.802490234375,0.0,0.0,0.798095703125,0.796875,0.0,0.0,0.006591796875,0.003173828125,0.0
9ed14749475a0308,03_mapbox_maki_icons,Mapbox Maki,building,cartography / point of interest,icon_data/normalized_256/03_mapbox_maki_icons/building__9ed14749475a.png,0.463134765625,0.0233001708984375,1.0,877.0,0.214111328125,74.72748004561004,0.8566267780537368,0.8349514563106796,0.8702708127249007,0.026458059406708555,0.9195547685302302,0.7286706914227133,0.047772799156562996,0.9544053833092259,1.0,5.0,1.0,0.4423946738243103,0.04425430670380592,0.4692245125770569,0.04412650316953659,1.0,7.0,0.0,0.0,0.5837470591068268,0.19580078125,0.609375,0.609375,0.19580078125,0.34375,0.850830078125,0.850830078125,0.34375,0.34375,0.743408203125,0.74658203125,0.34375,0.19580078125,0.57373046875,0.267578125,0.196044921875
9ef3bfdd434636a2,07_arasaac_pictograms,ARASAAC Pictograms,accompanied,qualifying adjective,icon_data/normalized_256/07_arasaac_pictograms/10191__9ef3bfdd4346.png,0.1502532958984375,0.0853271484375,36.0,1711.0,0.417724609375,38.302746931618934,0.22052763594015945,0.75,0.24795407045551834,0.07958178936377576,0.31433529097704216,0.2843354636754924,0.6810195998781354,0.5948770615598381,36.0,6.0,0.16666666666666666,0.14033184945583344,0.16642935574054718,0.5142403841018677,0.17899839580059052,0.0,49.0,0.4870584011077881,0.5832380799262613,0.7690068632364273,0.02685546875,0.098876953125,0.242919921875,0.028076171875,0.056640625,0.420166015625,0.5673828125,0.069580078125,0.041015625,0.294189453125,0.3505859375,0.052490234375,0.01025390625,0.072998046875,0.04931640625,0.022705078125
9f3a9f680953b7bc,03_mapbox_maki_icons,Mapbox Maki,globe,cartography / point of interest,icon_data/normalized_256/03_mapbox_maki_icons/globe__9f3a9f680953.png,0.4937896728515625,0.021942138671875,1.0,574.0,0.14013671875,114.17421602787456,0.6670033184244698,0.8493723849372385,0.9060264576188143,0.1046930342340261,0.6563107789947794,0.6290460609111502,0.03411513859275053,0.9670103092783505,1.0,2.0,1.0,0.37131085991859436,0.1126013994216919,0.30116507411003113,0.2149227410554886,1.0,7.0,0.0,0.0,0.4346119165420532,0.4482421875,0.617431640625,0.48779296875,0.003662109375,0.827392578125,0.962890625,1.0,0.0634765625,0.42138671875,1.0,0.982666015625,0.1826171875,0.0,0.449462890625,0.45361328125,0.0
9f76b8dc9f07a76c,02_aiga_dot_symbol_signs,AIGA/DOT Symbol Signs,Aiga groundtransportation,,icon_data/normalized_256/02_aiga_dot_symbol_signs/aiga_groundtransportation__9f76b8dc9f07.png,0.297637939453125,0.025970458984375,2.0,559.0,0.136474609375,117.23792486583184,0.6537958773252891,1.637037037037037,0.8015450679049125,0.0955958823072725,0.5309630327289852,0.5768795472918351,0.049215625961242696,0.9530929346232776,2.0,0.0,0.7175016552637388,0.5052844285964966,0.08857562392950058,0.3187844157218933,0.0873555913567543,1.0,8.0,0.0,0.0,0.7244805693626404,0.0,0.0,0.1171875,0.072265625,0.190185546875,0.322021484375,0.9404296875,0.706787109375,0.49755859375,0.65869140625,0.70556640625,0.551513671875,0.0,0.0,0.0,0.0
9f79389258c4e556,07_arasaac_pictograms,ARASAAC Pictograms,weak,qualifying adjective,icon_data/normalized_256/07_arasaac_pictograms/10199__9f79389258c4.png,0.331329345703125,0.0479736328125,1.0,733.0,0.178955078125,89.40791268758527,0.5375950087890867,0.7071129707112971,0.7460958303984057,0.12789024474347968,0.23311942756544948,0.6299354451283591,0.06521138436032053,0.938780804150454,1.0,3.0,1.0,0.29061734676361084,0.12995368242263794,0.43954211473464966,0.13988685607910156,0.0,42.0,0.314088374376297,0.4285743766216605,0.28779178857803345,0.054931640625,0.771240234375,0.0927734375,0.0,0.119384765625,0.8984375,0.51416015625,0.1337890625,0.27197265625,0.999755859375,0.30224609375,0.056640625,0.22705078125,0.825439453125,0.033447265625,0.0
9faabe8d9b6c0113,10_openmoji,OpenMoji,circled c with overlaid backslash,extras-unicode / symbol-other,icon_data/normalized_256/10_openmoji/1f16e__9faabe8d9b6c.png,0.3732147216796875,0.0336456298828125,1.0,1198.0,0.29248046875,54.70450751252087,0.554625850340136,1.0,0.6932430134346126,0.020536186469646858,0.7419699451606011,0.8552032766990292,0.09239952573694754,0.9154159961076388,1.0,3.0,1.0,0.24359840154647827,0.1788448840379715,0.23575635254383087,0.34180039167404175,1.0,7.0,0.0,0.0,0.788949266076088,0.056884765625,0.418212890625,0.41259765625,0.056396484375,0.373779296875,0.8642578125,0.37744140625,0.371826171875,0.3720703125,0.69140625,0.66015625,0.37353515625,0.056396484375,0.415771484375,0.414306640625,0.056396484375
9fb85f49f582fad2,06_blissymbolics,Blissymbolics,adult,Blissymbolics char,icon_data/normalized_256/06_blissymbolics/adult_33409eb03025__9fb85f49f582.png,0.23828125,0.0089111328125,1.0,376.0,0.091796875,174.29787234042553,1.0,0.23828125,1.0,0.002772967769359,0.967741935483871,1.0,0.04059938524590164,0.9609846153846154,1.0,0.0,0.7548337200309357,0.3804561197757721,0.15019820630550385,0.3181712329387665,0.1511743664741516,1.0,8.0,0.0,0.0,0.10908693075180054,0.0,0.484375,0.46875,0.0,0.0,0.484375,0.46875,0.0,0.0,0.484375,0.46875,0.0,0.0,0.484375,0.46875,0.0
9fc96269778b3b35,08_ghs_hazard_pictograms,GHS Hazard Pictograms,gas cylinder,chemical hazard,icon_data/normalized_256/08_ghs_hazard_pictograms/gas_cylinder__9fc96269778b.png,0.1769561767578125,0.0330657958984375,2.0,1078.0,0.26318359375,60.79406307977737,0.17975385950771902,1.0,0.35951886412251605,0.010510723574657493,0.7765012254901961,0.7808660933660934,0.19194619298094334,0.8389640454315271,2.0,1.0,0.5,0.2513655126094818,0.3628310263156891,0.023801837116479874,0.36200159788131714,0.0,2.0,0.6835933327674866,0.5133243777224898,0.6431214511394501,0.0,0.25048828125,0.25048828125,0.0,0.25048828125,0.208740234375,0.2978515625,0.25048828125,0.25048828125,0.25439453125,0.06640625,0.25048828125,0.0,0.25048828125,0.25048828125,0.0
a04d06b79ec25611,07_arasaac_pictograms,ARASAAC Pictograms,deaf,special education,icon_data/normalized_256/07_arasaac_pictograms/10214__a04d06b79ec2.png,0.500946044921875,0.035400390625,1.0,604.0,0.1474609375,108.50331125827815,0.6277606746084862,1.1105990783410138,0.8323719939657468,0.10720394382430794,0.604045536717643,0.6593378822340157,0.03423697837343893,0.966896389232491,1.0,0.0,0.7849935440677156,0.19040459394454956,0.3005674481391907,0.3770870566368103,0.13194093108177185,0.0,30.0,0.38764622807502747,0.299430501327322,0.4442305564880371,0.35400390625,0.625244140625,0.641357421875,0.206787109375,0.294921875,0.909423828125,1.0,0.756591796875,0.0,0.843017578125,1.0,0.671142578125,0.0,0.42431640625,0.244873046875,0.04345703125
a078da5a3e833fdc,10_openmoji,OpenMoji,circled anticlockwise arrow,extras-unicode / symbol-other,icon_data/normalized_256/10_openmoji/1f10e__a078da5a3e83.png,0.3577423095703125,0.033660888671875,2.0,1309.0,0.319580078125,50.06569900687548,0.5316326530612245,1.0,0.6645031460801542,0.007238696472612099,0.8917937545388526,0.8986880466472303,0.10040520366815953,0.9087561533392767,2.0,1.0,0.5545568512429926,0.2504033148288727,0.24500146508216858,0.2545124888420105,0.25008276104927063,1.0,7.0,0.0,0.0,0.7752711176872253,0.056884765625,0.39306640625,0.392822265625,0.056396484375,0.395263671875,0.78125,0.565673828125,0.371826171875,0.3720703125,0.50341796875,0.56494140625,0.37158203125,0.056396484375,0.39306640625,0.392822265625,0.056396484375
a08d214801605fdc,09_universal_symbols_healthcare_webfont,Universal Symbols Healthcare Webfont,i waiting area,healthcare wayfinding,icon_data/normalized_256/09_universal_symbols_healthcare_webfont/i_waiting_area__a08d21480160.png,0.421875,0.0360260009765625,3.0,1207.0,0.294677734375,54.29660314830157,0.463519313304721,0.91015625,0.6249194778776064,0.0828225191078313,0.30458170150521396,0.31927279667891395,0.08564814814814815,0.9211087420042644,3.0,7.0,1.0,0.3666696846485138,0.1564432680606842,0.32181504368782043,0.15507198870182037,1.0,7.0,0.0,0.0,0.7312637567520142,0.5322265625,0.217529296875,0.60888671875,0.0,0.0517578125,0.481201171875,0.702880859375,0.279541015625,0.02294921875,0.72021484375,0.816162109375,0.5966796875,0.012939453125,0.5283203125,0.759521484375,0.419189453125
a09e21ebdedab5a7,04_ocha_humanitarian_icons,OCHA Humanitarian Icons,agriculture,iconsets,icon_data/normalized_256/04_ocha_humanitarian_icons/agriculture__a09e21ebdeda.png,0.87890625,0.0388641357421875,1.0,232.0,0.056640625,282.48275862068965,1.0,0.87890625,1.0,0.002772967769359,0.9911504424778761,1.0,0.01670138888888889,0.983572965404187,1.0,0.0,0.8821367311933349,0.17850126326084137,0.17348724603652954,0.48528429865837097,0.16272711753845215,1.0,8.0,0.0,0.0,0.31590408086776733,0.765625,1.0,1.0,0.75,0.765625,1.0,1.0,0.75,0.765625,1.0,1.0,0.75,0.765625,1.0,1.0,0.75
a1475db449de22a6,03_mapbox_maki_icons,Mapbox Maki,emergency phone,cartography / point of interest,icon_data/normalized_256/03_mapbox_maki_icons/emergency_phone__a1475db449de.png,0.4270782470703125,0.0098876953125,2.0,799.0,0.195068359375,82.02252816020025,0.5628305415351204,1.0,0.6917781979510375,0.06635400049963867,0.45276653171390013,0.452841941344407,0.05266354639322591,0.9499711502562536,2.0,0.0,0.7035770845378447,0.280471533536911,0.0702396035194397,0.2796820104122162,0.36960679292678833,1.0,7.0,0.0,0.0,0.4838351607322693,0.24365234375,0.326171875,0.2998046875,0.06298828125,0.86865234375,0.406005859375,0.694580078125,0.2998046875,0.51171875,0.771728515625,0.38818359375,0.328857421875,0.00146484375,0.51171875,0.86865234375,0.249267578125
a1b84eeae2fa0bd3,06_blissymbolics,Blissymbolics,bed,Blissymbolics char,icon_data/normalized_256/06_blissymbolics/bed_fefe2393a7fc__a1b84eeae2fa.png,0.4296875,0.0114288330078125,1.0,376.0,0.091796875,174.29787234042553,1.0,0.4296875,1.0,0.0,1.0,1.0,0.02599431818181818,0.9746642669251003,1.0,0.0,0.8278457196613358,0.25410038232803345,0.18541346490383148,0.5378782749176025,0.02260778844356537,1.0,8.0,0.0,0.0,0.07737451791763306,0.0,0.859375,0.859375,0.0,0.0,0.859375,0.859375,0.0,0.0,0.859375,0.859375,0.0,0.0,0.859375,0.859375,0.0
a24cff2a010fd953,01_mcdougall_symbol_icon_set,McDougall Symbol/Icon Set,Arc ignition by contact,,icon_data/normalized_256/01_mcdougall_symbol_icon_set/mcdougall_011__a24cff2a010f.png,0.036163330078125,0.0101318359375,6.0,328.0,0.080078125,199.8048780487805,0.2760950605778192,0.6379310344827587,0.3883654240065547,0.08378102362824463,0.2748789671866595,0.17676266137040714,0.38143459915611816,0.723885155772755,6.0,1.0,0.2468235784211623,0.30964353680610657,0.17794010043144226,0.43472281098365784,0.07769352942705154,0.0,4.0,0.1043013334274292,0.007093354750103255,0.8292834758758545,0.0,0.0,0.0,0.0,0.0,0.03759765625,0.171142578125,0.0,0.0,0.19384765625,0.176025390625,0.0,0.0,0.0,0.0,0.0
a2849a77c6027ed0,04_ocha_humanitarian_icons,OCHA Humanitarian Icons,case management,iconsets,icon_data/normalized_256/04_ocha_humanitarian_icons/case_management__a2849a77c602.png,0.671875,0.008056640625,1.0,376.0,0.091796875,174.29787234042553,1.0,0.671875,1.0,0.0,1.0,1.0,0.019440406976744186,0.9809303154517911,1.0,0.0,0.8654088050314466,0.40177178382873535,0.0812448039650917,0.43625879287719727,0.08072470128536224,1.0,8.0,0.0,0.0,0.48432475328445435,0.34375,1.0,1.0,0.34375,0.34375,1.0,1.0,0.34375,0.34375,1.0,1.0,0.34375,0.34375,1.0,1.0,0.34375
a2d4a495cac2adae,08_ghs_hazard_pictograms,GHS Hazard Pictograms,health hazard,chemical hazard,icon_data/normalized_256/08_ghs_hazard_pictograms/health_hazard__a2d4a495cac2.png,0.26220703125,0.0462646484375,16.0,1384.0,0.337890625,47.35260115606936,0.2663525327050654,1.0,0.5327215798121337,0.008113588457411574,0.9078494504274454,0.613218174990612,0.188780260707635,0.8411983551987469,16.0,1.0,0.3983679525222552,0.12561319768428802,0.3458266854286194,0.17996832728385925,0.34859174489974976,0.0,2.0,0.5832610726356506,0.517611728595517,0.7508446574211121,0.0,0.322509765625,0.323974609375,0.0,0.25048828125,0.385009765625,0.375244140625,0.25048828125,0.25048828125,0.58056640625,0.601318359375,0.25048828125,0.0,0.305419921875,0.29931640625,0.0
a2d4f891006b2053,04_ocha_humanitarian_icons,OCHA Humanitarian Icons,building facility not affected,iconsets,icon_data/normalized_256/04_ocha_humanitarian_icons/building_facility_not_affected__a2d4f891006b.png,0.6298980712890625,0.0277557373046875,4.0,1027.0,0.250732421875,63.81304771178189,0.6298980712890625,1.0,0.7303721658513282,0.12384367802869899,0.4145079495614035,0.440219097791578,0.06346745476127032,0.9403202660531651,4.0,3.0,0.75,0.4329637885093689,0.14119109511375427,0.31542885303497314,0.11041636019945145,1.0,7.0,0.0,0.0,0.9013729393482208,0.82177734375,0.707275390625,0.90625,0.774658203125,0.534423828125,0.5380859375,0.556396484375,0.67431640625,0.0,0.6357421875,0.90625,0.90625,0.0,0.703125,0.413818359375,1.0
a33b58d3f4327fa1,02_aiga_dot_symbol_signs,AIGA/DOT Symbol Signs,Aiga departingflights,,icon_data/normalized_256/02_aiga_dot_symbol_signs/aiga_departingflights__a33b58d3f432.png,0.3304595947265625,0.02459716796875,1.0,775.0,0.189208984375,84.56258064516129,0.346512,1.0,0.4579808830993064,0.06862827142616006,0.4679726157391717,0.46767416644076987,0.07036985732095859,0.9342565031707002,1.0,0.0,0.6398121067092085,0.18700693547725677,0.35391926765441895,0.18700695037841797,0.2720668613910675,1.0,1.0,0.0,0.0,1.0,0.30322265625,0.14794921875,0.079833984375,0.568115234375,0.1162109375,0.67529296875,0.936767578125,0.07958984375,0.244140625,0.6484375,0.67529296875,0.14697265625,0.00244140625,0.244140625,0.1162109375,0.302734375
a36e415697221bd7,09_universal_symbols_healthcare_webfont,Universal Symbols Healthcare Webfont,i nutrition,healthcare wayfinding,icon_data/normalized_256/09_universal_symbols_healthcare_webfont/i_nutrition__a36e41569722.png,0.3323516845703125,0.0337982177734375,3.0,1213.0,0.296142578125,54.0280296784831,0.34581249503850126,0.9686274509803922,0.442442462776006,0.008300220798120149,0.3509272467902996,0.14933248905070973,0.1170745144851017,0.8951954296987382,3.0,4.0,1.0,0.42375412583351135,0.19914858043193817,0.14640340209007263,0.23069384694099426,1.0,7.0,0.0,0.0,0.7002118229866028,0.123779296875,0.000244140625,0.371337890625,0.444091796875,0.75341796875,0.01513671875,0.380859375,0.729248046875,0.645263671875,0.426025390625,0.3818359375,0.130615234375,0.001708984375,0.470458984375,0.443603515625,0.0
a3a59fd41dbf60b8,07_arasaac_pictograms,ARASAAC Pictograms,baseball,sport modality,icon_data/normalized_256/07_arasaac_pictograms/10165__a3a59fd41dbf.png,0.9309234619140625,0.0472869873046875,1.0,688.0,0.16796875,95.25581395348837,1.0,1.0,1.0,0.0039215686274509665,0.9919354838709677,0.9919354838709677,0.016194331983805668,0.9840637450199203,1.0,0.0,0.885304659498208,0.18408511579036713,0.18895630538463593,0.4409928023815155,0.18596577644348145,0.0,82.0,0.579586386680603,0.46209839175756273,0.3298388719558716,0.849853515625,0.921875,0.921875,0.8642578125,0.921875,1.0,1.0,0.9375,0.921875,1.0,1.0,0.9375,0.8642578125,0.9375,0.9375,0.87890625
a3f9acad014dd8c6,04_ocha_humanitarian_icons,OCHA Humanitarian Icons,affected population,iconsets,icon_data/normalized_256/04_ocha_humanitarian_icons/affected_population__a3f9acad014d.png,0.3585662841796875,0.02972412109375,6.0,1102.0,0.26904296875,59.47005444646098,0.3585662841796875,1.0,0.3614841478609996,0.011974442033265127,0.9987241643276346,0.6196154111241299,0.09430188518660368,0.9138246159828893,6.0,0.0,0.5699905401799792,0.0916532650589943,0.2587771713733673,0.392543762922287,0.2570258378982544,1.0,7.0,0.0,0.0,0.8527306467294693,0.449462890625,0.297119140625,0.29736328125,0.449462890625,0.049560546875,0.807861328125,0.807861328125,0.049072265625,0.000244140625,0.432373046875,0.432373046875,0.000244140625,0.44921875,0.3828125,0.3828125,0.44921875
a4cc6e4609e27918,09_universal_symbols_healthcare_webfont,Universal Symbols Healthcare Webfont,i social services,healthcare wayfinding,icon_data/normalized_256/09_universal_symbols_healthcare_webfont/i_social_services__a4cc6e4609e2.png,0.502105712890625,0.04669189453125,3.0,1282.0,0.31298828125,51.1201248049922,0.5060593011811023,0.9921875,0.6300210606930883,0.030421613218223748,0.6869681123756792,0.41397387418356824,0.0850908648878624,0.9215818069792192,3.0,0.0,0.594980653093697,0.119682177901268,0.18480005860328674,0.49841195344924927,0.19710583984851837,1.0,7.0,0.0,0.0,0.7460404634475708,0.187744140625,0.723876953125,0.521484375,0.02099609375,0.585693359375,0.685791015625,0.739501953125,0.6318359375,0.74853515625,0.196044921875,0.1982421875,0.775390625,0.30810546875,0.706298828125,0.65771484375,0.346435546875
a4d5a65e1d3b125f,01_mcdougall_symbol_icon_set,McDougall Symbol/Icon Set,External cyl indrical grinding,,icon_data/normalized_256/01_mcdougall_symbol_icon_set/mcdougall_084__a4d5a65e1d3b.png,0.055572509765625,0.0157318115234375,4.0,457.0,0.111572265625,143.40481400437636,0.34101123595505617,0.7416666666666667,0.4149008885850991,0.04081014402475017,0.18825448613376836,0.3518930957683742,0.4524986271279517,0.688468809073724,4.0,29.0,1.0,0.4963192343711853,0.05432580038905144,0.391804963350296,0.05754994973540306,0.0,4.0,0.09668730944395065,0.007479775456400319,0.7973829954862595,0.0,0.0,0.0,0.0,0.0,0.089111328125,0.322509765625,0.0,0.0,0.15869140625,0.31884765625,0.0,0.0,0.0,0.0,0.0
a54957be6d0e6dd5,13_usp_pictograms_manual,USP Pictograms,72,medication instruction,icon_data/normalized_256/13_usp_pictograms_manual/72__a54957be6d0e.png,0.6328125,0.0556488037109375,1.0,376.0,0.091796875,174.29787234042553,1.0,0.6328125,1.0,0.0,1.0,1.0,0.02015817901234568,0.9802401437080458,1.0,0.0,0.8611295681063122,0.3305060863494873,0.18983666598796844,0.2958408296108246,0.18381640315055847,1.0,8.0,0.0,0.0,0.29697853326797485,0.265625,1.0,1.0,0.265625,0.265625,1.0,1.0,0.265625,0.265625,1.0,1.0,0.265625,0.265625,1.0,1.0,0.265625
a550646e3a8c8903,11_iso_7010_safety_signs,ISO 7010 Safety Signs,ISO 7010 W017,iconsets,icon_data/normalized_256/11_iso_7010_safety_signs/iso_7010_w017__a550646e3a8c.png,0.875,0.0399017333984375,1.0,88.0,0.021484375,744.7272727272727,1.0,1.1428571428571428,1.0,0.0,1.0,1.0,0.016741071428571428,0.9835345773874863,1.0,0.0,0.8818897637795275,0.2772488594055176,0.2764809727668762,0.14240410923957825,0.3038659989833832,1.0,8.0,0.0,0.0,0.22412151098251343,0.75,0.75,0.75,0.75,1.0,1.0,1.0,1.0,1.0,1.0,1.0,1.0,0.75,0.75,0.75,0.75
a56e7bfc7d2c1661,03_mapbox_maki_icons,Mapbox Maki,confectionery,cartography / point of interest,icon_data/normalized_256/03_mapbox_maki_icons/confectionery__a56e7bfc7d2c.png,0.3875885009765625,0.013671875,1.0,592.0,0.14453125,110.70270270270271,0.516280487804878,1.170731707317073,0.8341324050965454,0.00022205126346020658,0.43532802169859297,0.43581482109547226,0.043462855793079014,0.9583474816072439,1.0,2.0,1.0,0.35496437549591064,0.08725987374782562,0.36716610193252563,0.19060960412025452,1.0,7.0,0.0,0.0,0.5083238184452057,0.0,0.035888671875,0.298828125,0.261474609375,0.035400390625,0.87841796875,0.956298828125,0.635498046875,0.636474609375,0.954345703125,0.8798828125,0.034912109375,0.261474609375,0.29736328125,0.03515625,0.0
a635f597419b42ff,01_mcdougall_symbol_icon_set,McDougall Symbol/Icon Set,Debug,,icon_data/normalized_256/01_mcdougall_symbol_icon_set/mcdougall_062__a635f597419b.png,0.0694732666015625,0.0236358642578125,2.0,517.0,0.126220703125,126.76208897485493,0.41488973938399853,0.788135593220339,0.5321100917431193,0.02368955298257804,0.33951162106501914,0.2872490811422109,0.3123215462332528,0.7620083682008368,2.0,6.0,1.0,0.2735248804092407,0.11183241754770279,0.5430383086204529,0.0716044157743454,0.0,2.0,0.0399993434548378,0.03855314309452554,0.687422901391983,0.0,0.0,0.0,0.0,0.0,0.131591796875,0.405517578125,0.0,0.0,0.33447265625,0.239990234375,0.0,0.0,0.0,0.0,0.0
a673f4a2e23d939c,05_mulberry_symbols,Mulberry Symbols,Father Christmas,iconsets,icon_data/normalized_256/05_mulberry_symbols/father_christmas__a673f4a2e23d.png,0.1989898681640625,0.0219879150390625,1.0,769.0,0.187744140625,85.222366710013,0.5224759615384615,0.43333333333333335,0.6962440938576119,0.01578535986031654,0.652851711026616,0.5336939903563448,0.1237635150678629,0.8898669396110542,1.0,10.0,1.0,0.2335823029279709,0.144287109375,0.48974573612213135,0.13238485157489777,0.0,37.0,0.38654497265815735,0.4933580232849615,0.7259302139282227,0.0,0.163330078125,0.25244140625,0.0,0.0,0.683349609375,0.538330078125,0.0,0.0,0.475830078125,0.43603515625,0.0,0.0,0.29345703125,0.341064453125,0.0
a68760e66b530a61,10_openmoji,OpenMoji,flag: Bolivia,flags / country-flag,icon_data/normalized_256/10_openmoji/1f1e7_1f1f4__a68760e66b53.png,0.5166015625,0.027923583984375,1.0,556.0,0.1357421875,117.87050359712231,0.9995276334435522,1.5890410958904109,1.0,0.0,1.0,1.0,0.022329867674858225,0.9781578643245117,1.0,0.0,0.8484362469927826,0.5945358276367188,0.022376276552677155,0.3606191575527191,0.02246878854930401,0.0,77.0,0.6714656352996826,0.5304936123417171,0.5397185981273651,0.11328125,0.140625,0.140625,0.11328125,0.8125,1.0,1.0,0.8125,0.8125,1.0,1.0,0.8125,0.11328125,0.140625,0.140625,0.11328125
a6de329fe05595c3,03_mapbox_maki_icons,Mapbox Maki,hardware,cartography / point of interest,icon_data/normalized_256/03_mapbox_maki_icons/hardware__a6de329fe055.png,0.3980255126953125,0.0121002197265625,1.0,607.0,0.148193359375,107.9670510708402,0.45286458333333335,1.0,0.8055898702903026,0.02398777911257627,0.18794972219692138,0.18686868686868688,0.042323174238067855,0.9593953437051749,1.0,0.0,0.7470573073288083,0.20809981226921082,0.5433568954467773,0.2033693641424179,0.04517393559217453,1.0,7.0,0.0,0.0,0.6027379333972931,0.0,0.1318359375,0.81005859375,0.23876953125,0.0,0.4423828125,0.95166015625,0.805908203125,0.3583984375,0.97802734375,0.438720703125,0.126708984375,0.72900390625,0.35693359375,0.0,0.0
a71199653dbf8963,07_arasaac_pictograms,ARASAAC Pictograms,coconut,fruit,icon_data/normalized_256/07_arasaac_pictograms/10224__a71199653dbf.png,0.328338623046875,0.0226898193359375,2.0,517.0,0.126220703125,126.76208897485493,0.61737533712056,1.414012738853503,0.8578718654068492,0.060746091946397025,0.5002440214738897,0.5114139214722203,0.043591411841249185,0.9582294264339152,2.0,0.0,0.7414375301495417,0.32419100403785706,0.19872897863388062,0.28762286901474,0.18945719301700592,0.0,26.0,0.3106597661972046,0.11876030000546696,0.5634692013263702,0.0,0.0,0.099853515625,0.03125,0.1728515625,0.32421875,0.945556640625,0.69384765625,0.622314453125,0.906982421875,0.74609375,0.534423828125,0.0625,0.113525390625,0.0,0.0
a71a9f685a222d66,04_ocha_humanitarian_icons,OCHA Humanitarian Icons,bottled water,iconsets,icon_data/normalized_256/04_ocha_humanitarian_icons/bottled_water__a71a9f685a22.png,0.421875,0.0183258056640625,1.0,376.0,0.091796875,174.29787234042553,1.0,0.421875,1.0,0.0,1.0,1.0,0.026331018518518517,0.9743445164928108,1.0,0.0,0.8260038240917782,0.6359710693359375,0.07941414415836334,0.2036752551794052,0.0809393972158432,1.0,8.0,0.0,0.0,0.6980732679367065,0.0,0.84375,0.84375,0.0,0.0,0.84375,0.84375,0.0,0.0,0.84375,0.84375,0.0,0.0,0.84375,0.84375,0.0
a726a4905f6c5858,03_mapbox_maki_icons,Mapbox Maki,fuel,cartography / point of interest,icon_data/normalized_256/03_mapbox_maki_icons/fuel__a726a4905f6c.png,0.6528778076171875,0.0223388671875,1.0,844.0,0.2060546875,77.64928909952607,0.7717712842712843,0.9625,0.8112125434879466,0.04549489575918874,0.5413184438040346,0.7158726339428938,0.03804894009862809,0.9633457165372059,1.0,1.0,1.0,0.3782239854335785,0.0159988384693861,0.5816208720207214,0.024156447499990463,1.0,7.0,0.0,0.0,0.6709897518157959,0.513671875,0.81298828125,0.6767578125,0.307373046875,0.56787109375,0.27587890625,0.62548828125,0.581787109375,0.609375,1.0,0.908935546875,0.950439453125,0.51416015625,0.875,0.689208984375,0.537109375
a731ae58d6d66351,02_aiga_dot_symbol_signs,AIGA/DOT Symbol Signs,BSicon lBUS white,,icon_data/normalized_256/02_aiga_dot_symbol_signs/bsicon_lbus_white__a731ae58d6d6.png,0.0774688720703125,0.0,1.0,454.0,0.11083984375,144.352422907489,0.5128282828282829,0.8181818181818182,0.5643305730006114,0.03924854367786215,0.9980322707595435,0.2551297898640297,0.1705731731337404,0.8542823489819956,1.0,4.0,1.0,0.0,0.0,0.0,0.0,1.0,1.0,0.0,0.0,0.0,0.0,0.0,0.0,0.0,0.0,0.172119140625,0.17333984375,0.0,0.0,0.447021484375,0.447021484375,0.0,0.0,0.0,0.0,0.0
a747a567630e3933,01_mcdougall_symbol_icon_set,McDougall Symbol/Icon Set,Farm kitchen,,icon_data/normalized_256/01_mcdougall_symbol_icon_set/mcdougall_089__a747a567630e.png,0.1093597412109375,0.0295257568359375,2.0,868.0,0.2119140625,75.50230414746544,0.4112583921501119,0.7070063694267515,0.41956445381102914,0.010191062621535265,0.7718170580964153,0.5796782014547057,0.25645318822380353,0.7958911715713493,2.0,3.0,1.0,0.35725095868110657,0.090744748711586,0.46563076972961426,0.08637353032827377,0.0,4.0,0.1078319251537323,0.006655462533350869,0.8451918661594391,0.0,0.1591796875,0.153076171875,0.0,0.0,0.314697265625,0.300048828125,0.0,0.0,0.263427734375,0.25146484375,0.0,0.0,0.156982421875,0.15087890625,0.0
a754e61c95e4fe18,04_ocha_humanitarian_icons,OCHA Humanitarian Icons,advocacy,iconsets,icon_data/normalized_256/04_ocha_humanitarian_icons/advocacy__a754e61c95e4.png,0.69140625,0.0133819580078125,1.0,280.0,0.068359375,234.05714285714285,1.0,1.4463276836158192,1.0,0.002772967769359,1.0,0.9887640449438202,0.019111935028248588,0.9812464810082724,1.0,0.0,0.8673813169984685,0.1867956966161728,0.2275201678276062,0.3577426075935364,0.22794146835803986,1.0,8.0,0.0,0.0,0.4987577199935913,0.390625,0.390625,0.390625,0.390625,1.0,1.0,1.0,1.0,1.0,1.0,1.0,1.0,0.375,0.375,0.375,0.375
a775dde68401f18c,02_aiga_dot_symbol_signs,AIGA/DOT Symbol Signs,Aiga stairs,,icon_data/normalized_256/02_aiga_dot_symbol_signs/aiga_stairs__a775dde68401.png,0.1488494873046875,0.024566650390625,1.0,595.0,0.145263671875,110.14453781512606,0.18360624882364013,1.2047619047619047,0.5448655290864914,0.006302266989291593,0.08256575296859395,0.08521526309934364,0.09492567913890312,0.9133039977530194,1.0,0.0,0.5683738274194489,0.532455563545227,0.028387365862727165,0.43663591146469116,0.0025211055763065815,1.0,1.0,0.0,0.0,1.0,0.0,0.0,0.0390625,0.419921875,0.0,0.0888671875,0.51416015625,0.120361328125,0.099609375,0.5224609375,0.09814453125,0.0,0.414794921875,0.064208984375,0.0,0.0
a7d66717384d32a7,02_aiga_dot_symbol_signs,AIGA/DOT Symbol Signs,Aiga mail,,icon_data/normalized_256/02_aiga_dot_symbol_signs/aiga_mail__a7d66717384d.png,0.2666473388671875,0.0364227294921875,1.0,1462.0,0.35693359375,44.82626538987688,0.4243152680652681,1.3295454545454546,0.42857142857142855,0.011529223243880109,0.7478495699139828,0.6476522722986988,0.15118741058655222,0.8686682905005717,1.0,4.0,1.0,0.399230420589447,0.1601296365261078,0.2792263329029083,0.16141363978385925,1.0,1.0,0.0,0.0,1.0,0.27490234375,0.21875,0.21875,0.263916015625,0.36279296875,0.16943359375,0.194580078125,0.33837890625,0.3818359375,0.261474609375,0.266357421875,0.3623046875,0.249267578125,0.234375,0.234375,0.23486328125
a7e5b840b62cbeac,13_usp_pictograms_manual,USP Pictograms,15,medication instruction,icon_data/normalized_256/13_usp_pictograms_manual/15__a7e5b840b62c.png,0.671875,0.068572998046875,1.0,376.0,0.091796875,174.29787234042553,1.0,1.4883720930232558,1.0,0.0,1.0,1.0,0.019440406976744186,0.9809303154517911,1.0,0.0,0.8654088050314466,0.41706979274749756,0.1547742336988449,0.32046058773994446,0.10769534856081009,1.0,8.0,0.0,0.0,0.2707005739212036,0.34375,0.34375,0.34375,0.34375,1.0,1.0,1.0,1.0,1.0,1.0,1.0,1.0,0.34375,0.34375,0.34375,0.34375
a80a3037a745b575,07_arasaac_pictograms,ARASAAC Pictograms,lift the toilet seat,verb; building facility; routine,icon_data/normalized_256/07_arasaac_pictograms/10168__a80a3037a745.png,0.5080108642578125,0.0720977783203125,2.0,826.0,0.20166015625,79.34140435835351,0.5808472033218186,0.9471544715447154,0.7387527320737133,0.1128006505123976,0.5071525577184246,0.4913545959505465,0.055507163668038324,0.9474118550980336,2.0,47.0,1.0,0.3724009096622467,0.3688817620277405,0.146593376994133,0.11212386935949326,0.0,20.0,0.00597736518830061,0.01899597889969072,0.21990340948104858,0.04736328125,0.2177734375,0.071533203125,0.329345703125,0.751220703125,0.961181640625,0.738525390625,0.147216796875,0.538818359375,1.0,0.74462890625,0.287109375,0.00634765625,0.851806640625,0.921875,0.513427734375
a871075faade7dfe,03_mapbox_maki_icons,Mapbox Maki,highway rest area,cartography / point of interest,icon_data/normalized_256/03_mapbox_maki_icons/highway_rest_area__a871075faade.png,0.48321533203125,0.01287841796875,1.0,787.0,0.192138671875,83.27318932655655,0.552092050209205,1.00418410041841,0.7474773700919358,0.15587986603856507,0.3627092387796377,0.3842119066351954,0.045787545787545784,0.9562171628721541,1.0,1.0,1.0,0.7438510060310364,0.07963684946298599,0.09179215878248215,0.08471998572349548,1.0,7.0,0.0,0.0,0.5736735761165619,0.0,0.051025390625,0.743408203125,0.23291015625,0.0,0.28759765625,1.0,0.620849609375,0.392333984375,0.60107421875,0.866455078125,0.4736328125,0.58154296875,0.63671875,0.780517578125,0.46337890625
a89d93d461a58fbf,01_mcdougall_symbol_icon_set,McDougall Symbol/Icon Set,Diver,,icon_data/normalized_256/01_mcdougall_symbol_icon_set/mcdougall_070__a89d93d461a5.png,0.0421142578125,0.0221099853515625,2.0,562.0,0.13720703125,116.61209964412811,0.23626091422701592,0.8389830508474576,0.28368794326241137,0.02769752391686982,0.6953316953316954,0.19947848761408082,0.5202898550724637,0.657769304099142,2.0,5.0,1.0,0.4465755820274353,0.1388610601425171,0.26796695590019226,0.14659637212753296,0.0,4.0,0.09722254425287247,0.007532334280362459,0.7980262190103531,0.0,0.0,0.0,0.0,0.0,0.150390625,0.152099609375,0.0,0.0,0.183349609375,0.18798828125,0.0,0.0,0.0,0.0,0.0
a8c75f6c29c700d5,07_arasaac_pictograms,ARASAAC Pictograms,sweet,taste; qualifying adjective,icon_data/normalized_256/07_arasaac_pictograms/10201__a8c75f6c29c7.png,0.41558837890625,0.05133056640625,2.0,736.0,0.1796875,89.04347826086956,0.4612518628912072,1.0082644628099173,0.7185331750428703,0.1270480810085869,0.2415553630851985,0.3476496783770411,0.05382581876927596,0.9489234199707337,2.0,0.0,0.6990042090134484,0.1894514113664627,0.2499816119670868,0.33949020504951477,0.22107678651809692,0.0,56.0,0.6743940711021423,0.634243689908628,0.31822603940963745,0.380859375,0.806884765625,0.10888671875,0.0,0.854736328125,1.0,0.446044921875,0.016845703125,0.5,0.630615234375,0.5859375,0.542236328125,0.0,0.174560546875,0.544677734375,0.05712890625
a8caa064219d1a01,02_aiga_dot_symbol_signs,AIGA/DOT Symbol Signs,Aiga forwardandleftarrow,,icon_data/normalized_256/02_aiga_dot_symbol_signs/aiga_forwardandleftarrow__a8caa064219d.png,0.490325927734375,0.0229644775390625,1.0,646.0,0.15771484375,101.44891640866874,0.4941791618608228,1.0,0.5613808284271763,0.18597978806883428,0.2703696382684325,0.2703696382684325,0.050413891827970375,0.9520056882147301,1.0,0.0,0.712600345944028,0.15918302536010742,0.0581187903881073,0.15918302536010742,0.6235150694847107,1.0,1.0,0.0,0.0,1.0,1.0,0.86328125,0.734375,0.263916015625,0.86328125,0.853515625,0.1904296875,0.0,0.734375,0.1904296875,0.853515625,0.1904296875,0.263916015625,0.0,0.1904296875,0.6533203125
a92f8680959133bd,02_aiga_dot_symbol_signs,AIGA/DOT Symbol Signs,Aiga leftanddownarrow,,icon_data/normalized_256/02_aiga_dot_symbol_signs/aiga_leftanddownarrow__a92f86809591.png,0.490325927734375,0.0229644775390625,1.0,646.0,0.15771484375,101.44891640866874,0.4941791618608228,1.0,0.5613808284271763,0.18597978806883428,0.2703696382684325,0.2703696382684325,0.050413891827970375,0.9520056882147301,1.0,0.0,0.712600345944028,0.15918302536010742,0.6235150694847107,0.15918302536010742,0.0581187941133976,1.0,1.0,0.0,0.0,1.0,0.263916015625,0.0,0.1904296875,0.6533203125,0.734375,0.1904296875,0.853515625,0.1904296875,0.86328125,0.853515625,0.1904296875,0.0,1.0,0.86328125,0.734375,0.263916015625
a9cb2fa5661077bd,11_iso_7010_safety_signs,ISO 7010 Safety Signs,ISO 7010 W010,iconsets,icon_data/normalized_256/11_iso_7010_safety_signs/iso_7010_w010__a9cb2fa56610.png,0.875,0.0421600341796875,1.0,88.0,0.021484375,744.7272727272727,1.0,1.1428571428571428,1.0,0.0,1.0,1.0,0.016741071428571428,0.9835345773874863,1.0,0.0,0.8818897637795275,0.24999454617500305,0.3163989186286926,0.11701684445142746,0.31658968329429626,1.0,8.0,0.0,0.0,0.24767249822616577,0.75,0.75,0.75,0.75,1.0,1.0,1.0,1.0,1.0,1.0,1.0,1.0,0.75,0.75,0.75,0.75
aa0c87e09dbe1e9f,09_universal_symbols_healthcare_webfont,Universal Symbols Healthcare Webfont,i stairs,healthcare wayfinding,icon_data/normalized_256/09_universal_symbols_healthcare_webfont/i_stairs__aa0c87e09dbe.png,0.984375,0.013580322265625,1.0,1.0,0.000244140625,65536.0,1.0,0.984375,1.0,0.0,1.0,1.0,0.015749007936507936,0.9844951776339885,1.0,0.0,0.8881057268722466,0.520720362663269,0.06108960136771202,0.41223880648612976,0.005951282102614641,1.0,8.0,0.0,0.0,0.150795578956604,0.96875,1.0,1.0,0.96875,0.96875,1.0,1.0,0.96875,0.96875,1.0,1.0,0.96875,0.96875,1.0,1.0,0.96875
aa2a284fbcd58661,10_openmoji,OpenMoji,AB button (blood type),symbols / alphanum,icon_data/normalized_256/10_openmoji/1f18e__aa2a284fbcd5.png,0.4401092529296875,0.01080322265625,4.0,916.0,0.2236328125,71.54585152838428,0.8707583625166043,1.0,0.8807291825704602,0.00567214153625581,0.8468976115771275,0.9280080213903743,0.052491072357244394,0.9501268241262312,4.0,2.0,0.7042607740202661,0.4379020631313324,0.05092345550656319,0.4613976776599884,0.04977688565850258,0.0,26.0,0.6258593201637268,0.45780473971481483,0.619604229927063,0.1767578125,0.421875,0.421875,0.1767578125,0.421875,0.828125,0.717041015625,0.421875,0.421875,0.71728515625,0.697265625,0.421875,0.1767578125,0.421875,0.421875,0.1767578125
ab45fc2620cc66ce,09_universal_symbols_healthcare_webfont,Universal Symbols Healthcare Webfont,i no smoking,healthcare wayfinding,icon_data/normalized_256/09_universal_symbols_healthcare_webfont/i_no_smoking__ab45fc2620cc.png,0.5821380615234375,0.0446929931640625,1.0,1420.0,0.3466796875,46.15211267605634,0.5913416826833654,1.0,0.7355614895934756,0.03863740903959534,0.6840734528118655,0.6324076847374952,0.07674766061177951,0.928722705031768,1.0,4.0,1.0,0.27192914485931396,0.13909263908863068,0.24230243265628815,0.3466757535934448,1.0,7.0,0.0,0.0,0.7965901345014572,0.32568359375,0.6943359375,0.776611328125,0.36962890625,0.626220703125,0.697265625,0.56298828125,0.775634765625,0.715087890625,0.40625,0.783935546875,0.781982421875,0.272705078125,0.583984375,0.61669921875,0.3251953125
abd343275cedee23,09_universal_symbols_healthcare_webfont,Universal Symbols Healthcare Webfont,i infectious diseases,healthcare wayfinding,icon_data/normalized_256/09_universal_symbols_healthcare_webfont/i_infectious_diseases__abd343275ced.png,0.6304168701171875,0.031585693359375,6.0,1204.0,0.2939453125,54.43189368770764,0.6304168701171875,1.0,0.7436774367743677,0.07101673102825484,0.5613544461660557,0.49871222838901585,0.06999878978579209,0.9345804963014908,6.0,6.0,1.0,0.21225978434085846,0.16728666424751282,0.465941846370697,0.1545116901397705,1.0,7.0,0.0,0.0,0.8134068995714188,0.275146484375,0.384033203125,0.62841796875,0.17529296875,0.62841796875,0.710693359375,0.87744140625,0.6650390625,0.873779296875,0.552001953125,0.95703125,0.95703125,0.78076171875,0.118896484375,0.78857421875,0.714111328125
ac5a5d931d0bb127,04_ocha_humanitarian_icons,OCHA Humanitarian Icons,attack,iconsets,icon_data/normalized_256/04_ocha_humanitarian_icons/attack__ac5a5d931d0b.png,0.43524169921875,0.0282745361328125,2.0,1021.0,0.249267578125,64.18805093046034,0.43524169921875,1.0,0.5412215623399047,0.23304071985424768,0.7073083138804094,0.2069053059152069,0.07537512270368812,0.9299080654626067,2.0,2.0,1.0,0.20121434330940247,0.37202468514442444,0.1987786591053009,0.22798222303390503,1.0,7.0,0.0,0.0,0.8804098814725876,0.0,0.19580078125,0.19580078125,0.2802734375,0.165283203125,0.177734375,0.229248046875,0.579833984375,0.290283203125,0.759765625,0.809326171875,0.34619140625,0.65087890625,0.7822265625,0.781494140625,0.7197265625
ad91312ce6c8ca6c,03_mapbox_maki_icons,Mapbox Maki,farm,cartography / point of interest,icon_data/normalized_256/03_mapbox_maki_icons/farm__ad91312ce6c8.png,0.493804931640625,0.0167083740234375,2.0,718.0,0.17529296875,91.27576601671309,0.6545711974110032,1.1650485436893203,0.7913146601787439,0.06863353417169835,0.5760202590824973,0.6064532141970712,0.04085038007539707,0.9607528797054982,2.0,1.0,0.7536913689505799,0.23482921719551086,0.0521201565861702,0.6620375514030457,0.0510130375623703,1.0,7.0,0.0,0.0,0.647507905960083,0.0,0.034912109375,0.15478515625,0.732666015625,0.5546875,0.876953125,0.482177734375,0.875,0.861328125,0.8544921875,0.746826171875,0.875,0.253662109375,0.080322265625,0.231201171875,0.286865234375
adbab0e201beefba,02_aiga_dot_symbol_signs,AIGA/DOT Symbol Signs,Aiga NoParking Red,,icon_data/normalized_256/02_aiga_dot_symbol_signs/aiga_noparking_red__adbab0e201be.png,0.5170440673828125,0.044189453125,1.0,1330.0,0.32470703125,49.275187969924815,0.5170440673828125,1.0,0.6663258182819275,0.025005143450276292,0.8106764988778454,0.7694516971279374,0.07212630957650878,0.9327259214401717,1.0,2.0,1.0,0.24831081926822662,0.15098387002944946,0.2633535861968994,0.3373517692089081,0.0,17.0,0.6016622185707092,0.5243598741725893,0.6309365034103394,0.304443359375,0.6181640625,0.54443359375,0.282470703125,0.499755859375,0.83642578125,0.956787109375,0.464111328125,0.451904296875,0.53515625,0.6611328125,0.511962890625,0.281982421875,0.520263671875,0.49951171875,0.30419921875
addb113096d7709e,02_aiga_dot_symbol_signs,AIGA/DOT Symbol Signs,Toilets unisex,,icon_data/normalized_256/02_aiga_dot_symbol_signs/toilets_unisex__addb113096d7.png,0.4486236572265625,0.0490264892578125,5.0,1396.0,0.3408203125,46.94555873925501,0.48871343085106383,1.0893617021276596,0.5542913701277278,0.02834210761050448,0.5151249677918063,0.6580757951725693,0.0982959763273358,0.910501378092967,5.0,0.0,0.5597951295672208,0.12563668191432953,0.05901709571480751,0.7530447840690613,0.06230146810412407,1.0,1.0,0.0,0.0,1.0,0.30419921875,0.1337890625,0.232666015625,0.389892578125,0.768310546875,0.51513671875,0.578369140625,0.936279296875,0.640869140625,0.424072265625,0.3759765625,0.679931640625,0.300537109375,0.177001953125,0.25,0.470947265625
ae70c04ba85e2901,09_universal_symbols_healthcare_webfont,Universal Symbols Healthcare Webfont,elevators,healthcare wayfinding,icon_data/normalized_256/09_universal_symbols_healthcare_webfont/elevators__ae70c04ba85e.png,0.984375,0.0384063720703125,1.0,1.0,0.000244140625,65536.0,1.0,0.984375,1.0,0.0,1.0,1.0,0.015749007936507936,0.9844951776339885,1.0,0.0,0.8881057268722466,0.3432557284832001,0.10408975183963776,0.44591841101646423,0.10673605650663376,1.0,8.0,0.0,0.0,0.6974671483039856,0.96875,1.0,1.0,0.96875,0.96875,1.0,1.0,0.96875,0.96875,1.0,1.0,0.96875,0.96875,1.0,1.0,0.96875
af52f65b07817eea,03_mapbox_maki_icons,Mapbox Maki,gate,cartography / point of interest,icon_data/normalized_256/03_mapbox_maki_icons/gate__af52f65b0781.png,0.6659698486328125,0.0171966552734375,1.0,538.0,0.13134765625,121.81412639405204,0.8827872168284789,1.1650485436893203,0.8948782088083327,0.02670623347854657,0.9983974358974359,0.8918508885999133,0.023782792988887615,0.9767696886959246,1.0,0.0,0.8401509172457603,0.08811850845813751,0.018748773261904716,0.8764723539352417,0.01666046306490898,1.0,7.0,0.0,0.0,0.6096275746822357,0.515380859375,0.42578125,0.42578125,0.515380859375,0.875,1.0,1.0,0.875,0.875,0.99462890625,0.99462890625,0.875,0.480712890625,0.164794921875,0.156982421875,0.4814453125
af64a3d1f1c1239d,01_mcdougall_symbol_icon_set,McDougall Symbol/Icon Set,Electric transmission,,icon_data/normalized_256/01_mcdougall_symbol_icon_set/mcdougall_076__af64a3d1f1c1.png,0.061248779296875,0.020477294921875,1.0,508.0,0.1240234375,129.00787401574803,0.34307692307692306,0.6923076923076923,0.3965619442797866,0.03890749709564778,0.8687150837988827,0.22827417380660955,0.3552566018933732,0.7378676470588236,1.0,10.0,1.0,0.29453250765800476,0.1755189150571823,0.35957685112953186,0.17037175595760345,0.0,4.0,0.10102901607751846,0.007285827892577623,0.8153437525033951,0.0,0.000244140625,0.00048828125,0.0,0.0,0.281982421875,0.283935546875,0.0,0.0,0.205078125,0.20556640625,0.0,0.0,0.00146484375,0.001220703125,0.0
af6856d538759389,07_arasaac_pictograms,ARASAAC Pictograms,first,ordinal adjective,icon_data/normalized_256/07_arasaac_pictograms/10210__af6856d53875.png,0.0739288330078125,0.0216827392578125,372.0,829.0,0.202392578125,79.05428226779252,0.0910030052592036,1.1,0.1074112665439954,0.44320321340262014,0.045307443365695796,0.2999731687684465,0.7153766769865841,0.5829623390687041,372.0,1.0,0.1487428238111319,0.18712563812732697,0.20023556053638458,0.4607769548892975,0.15186189115047455,0.0,55.0,0.4631740152835846,0.43225081949736266,0.6340249478816986,0.0,0.0,0.0,0.0419921875,0.02490234375,0.032470703125,0.032470703125,0.281494140625,0.0166015625,0.03076171875,0.021240234375,0.361083984375,0.02392578125,0.031982421875,0.024169921875,0.259765625
af6e923219a171fe,01_mcdougall_symbol_icon_set,McDougall Symbol/Icon Set,Fast forward,,icon_data/normalized_256/01_mcdougall_symbol_icon_set/mcdougall_091__af6e923219a1.png,0.07568359375,0.0084075927734375,1.0,340.0,0.0830078125,192.75294117647059,0.54673721340388,0.7232142857142857,0.7269529532463725,0.04015784396312905,0.4043035107587769,0.9737365698368484,0.12217741935483871,0.8911246855910887,1.0,0.0,0.5057096247960848,0.013634759932756424,0.22677572071552277,0.5352410674095154,0.22434842586517334,0.0,4.0,0.11097269505262375,0.006211452627666838,0.8588200360536575,0.0,0.0,0.0,0.0,0.0,0.32568359375,0.275390625,0.0,0.0,0.333984375,0.27587890625,0.0,0.0,0.0,0.0,0.0
b00273ddec49089e,09_universal_symbols_healthcare_webfont,Universal Symbols Healthcare Webfont,i labor delivery,healthcare wayfinding,icon_data/normalized_256/09_universal_symbols_healthcare_webfont/i_labor_delivery__b00273ddec49.png,0.4423370361328125,0.0284271240234375,2.0,1045.0,0.255126953125,62.713875598086126,0.5690365891959799,0.77734375,0.7892351043410789,0.09311969216834695,0.9101871375856616,0.4347438752783964,0.0787885059850288,0.9269657532056407,2.0,2.0,1.0,0.1736324429512024,0.17852714657783508,0.46621620655059814,0.18162420392036438,1.0,7.0,0.0,0.0,0.8040825426578522,0.0,0.449951171875,0.4609375,0.0,0.093505859375,0.86083984375,0.8642578125,0.104248046875,0.392578125,0.68994140625,0.79541015625,0.40673828125,0.2236328125,0.770751953125,0.72607421875,0.238525390625
b0850ebb310e8c1f,09_universal_symbols_healthcare_webfont,Universal Symbols Healthcare Webfont,i volume control,healthcare wayfinding,icon_data/normalized_256/09_universal_symbols_healthcare_webfont/i_volume_control__b0850ebb310e.png,0.2834014892578125,0.0240631103515625,2.0,598.0,0.14599609375,109.59197324414716,0.45396328795248453,0.649402390438247,0.6349743589743589,0.10061458602421458,0.28019023986765923,0.48110047846889953,0.06084100576105099,0.9426483276658377,2.0,0.0,0.6726179697968347,0.07040171325206757,0.14996744692325592,0.6349427700042725,0.14468806982040405,1.0,7.0,0.0,0.0,0.7277500629425049,0.006591796875,0.606689453125,0.5830078125,0.21240234375,0.181640625,0.69189453125,0.313232421875,0.11865234375,0.20849609375,0.557861328125,0.01416015625,0.0,0.036865234375,0.858154296875,0.144775390625,0.0
b0d4abd08e2cd9d7,10_openmoji,OpenMoji,keycap: 5,symbols / keycap,icon_data/normalized_256/10_openmoji/0035_fe0f_20e3__b0d4abd08e2c.png,0.505126953125,0.02618408203125,1.0,520.0,0.126953125,126.03076923076924,0.9993962081874169,1.0,1.0,0.0,1.0,1.0,0.02199130014499758,0.9784819106171672,1.0,0.0,0.8503904644471845,0.47564437985420227,0.02727282978594303,0.4604003131389618,0.03668235242366791,0.0,23.0,0.3288506269454956,0.2330844833217651,0.3938009738922119,0.1767578125,0.421875,0.421875,0.1767578125,0.421875,1.0,1.0,0.421875,0.421875,1.0,1.0,0.421875,0.1767578125,0.421875,0.421875,0.1767578125
b190ae5652b5fec4,06_blissymbolics,Blissymbolics,a lowercase,Blissymbolics char,icon_data/normalized_256/06_blissymbolics/a_lowercase_f05f1cc8797a__b190ae5652b5.png,0.14453125,0.0036163330078125,1.0,376.0,0.091796875,174.29787234042553,1.0,0.14453125,1.0,0.002772967769359,0.9473684210526315,1.0,0.06186655405405406,0.941737920063631,1.0,0.0,0.6689265536723163,0.3921664357185364,0.20595970749855042,0.24427543580532074,0.15759842097759247,1.0,8.0,0.0,0.0,0.06196802854537964,0.0,0.296875,0.28125,0.0,0.0,0.296875,0.28125,0.0,0.0,0.296875,0.28125,0.0,0.0,0.296875,0.28125,0.0
b2a4d8208fc5eaa5,13_usp_pictograms_manual,USP Pictograms,80,medication instruction,icon_data/normalized_256/13_usp_pictograms_manual/80__b2a4d8208fc5.png,0.94140625,0.055877685546875,1.0,280.0,0.068359375,234.05714285714285,1.0,1.062240663900415,1.0,0.002772967769359,1.0,0.9917355371900827,0.01611125518672199,0.9841442016270537,1.0,0.0,0.8858258672180106,0.22382032871246338,0.24927930533885956,0.24623078107833862,0.28066956996917725,1.0,8.0,0.0,0.0,0.20143824815750122,0.890625,0.890625,0.890625,0.890625,1.0,1.0,1.0,1.0,1.0,1.0,1.0,1.0,0.875,0.875,0.875,0.875
b2c52892d94d612b,05_mulberry_symbols,Mulberry Symbols,T,iconsets,icon_data/normalized_256/05_mulberry_symbols/t__b2c52892d94d.png,0.155487060546875,0.009857177734375,1.0,451.0,0.110107421875,145.31263858093126,0.3861311102690413,0.7967032967032966,0.5672456023157426,0.13577945756307896,0.8982861400894188,0.48542274052478135,0.06418056918547596,0.9396901512357064,1.0,0.0,0.6607443911295552,0.4604104161262512,0.011825940571725368,0.5166268944740295,0.011136636137962341,0.0,12.0,0.5017890334129333,0.07375059273422344,0.7614046484231949,0.04443359375,0.40625,0.40625,0.0634765625,0.01025390625,0.33447265625,0.376953125,0.0146484375,0.0,0.265625,0.3125,0.0,0.0,0.1162109375,0.13671875,0.0
b2e9c5ef50501f82,06_blissymbolics,Blissymbolics,baby boy,Blissymbolics char,icon_data/normalized_256/06_blissymbolics/baby_boy_7ccc7714b45a__b2e9c5ef5050.png,0.4296875,0.00958251953125,1.0,376.0,0.091796875,174.29787234042553,1.0,0.4296875,1.0,0.0,1.0,1.0,0.02599431818181818,0.9746642669251003,1.0,0.0,0.8278457196613358,0.17225253582000732,0.34719887375831604,0.13267134130001068,0.34787726402282715,1.0,8.0,0.0,0.0,0.05625760555267334,0.0,0.859375,0.859375,0.0,0.0,0.859375,0.859375,0.0,0.0,0.859375,0.859375,0.0,0.0,0.859375,0.859375,0.0
b309a2a6c7d1f831,03_mapbox_maki_icons,Mapbox Maki,drinking water,cartography / point of interest,icon_data/normalized_256/03_mapbox_maki_icons/drinking_water__b309a2a6c7d1.png,0.4744110107421875,0.01336669921875,1.0,544.0,0.1328125,120.47058823529412,0.5621835671922465,0.8991935483870968,0.750954060190329,0.07043560374646468,0.3275972500960758,0.40296015522765216,0.03730983242739056,0.9640321230349447,1.0,1.0,1.0,0.6608731746673584,0.03599456697702408,0.2770572602748871,0.02607499621808529,1.0,7.0,0.0,0.0,0.6377652585506439,0.041259765625,0.849365234375,0.875,0.7529296875,0.0654296875,0.98876953125,0.209716796875,0.166259765625,0.5859375,0.8359375,0.517578125,0.0,0.38232421875,1.0,0.320068359375,0.0
b36cda40d4e7f68a,02_aiga_dot_symbol_signs,AIGA/DOT Symbol Signs,Aiga coffeeshop,,icon_data/normalized_256/02_aiga_dot_symbol_signs/aiga_coffeeshop__b36cda40d4e7.png,0.4012451171875,0.0341339111328125,2.0,859.0,0.209716796875,76.29336437718277,0.6542595541401274,1.6305732484076434,0.7516041901876438,0.04412671575669338,0.8515702013800873,0.7238757047331847,0.05247946455734712,0.9501373030784795,2.0,1.0,0.7043068352260553,0.6404359936714172,0.07862122356891632,0.2024357169866562,0.07850708067417145,1.0,1.0,0.0,0.0,1.0,0.032958984375,0.234375,0.234375,0.131103515625,0.140625,1.0,1.0,0.47998046875,0.25634765625,0.8837890625,0.88525390625,0.33154296875,0.185791015625,0.21875,0.21875,0.186279296875
b3d2d456f5c5e85f,05_mulberry_symbols,Mulberry Symbols,Guy Fawkes,iconsets,icon_data/normalized_256/05_mulberry_symbols/guy_fawkes__b3d2d456f5c5.png,0.3289642333984375,0.029144287109375,1.0,835.0,0.203857421875,78.48622754491018,0.48657127381059856,0.9858490566037735,0.614557945297245,0.12927207002524416,0.2859528780196839,0.38251891753238426,0.07987383459344126,0.9260341050642155,1.0,9.0,1.0,0.34594863653182983,0.20495276153087616,0.29218482971191406,0.15691377222537994,0.0,48.0,0.43567779660224915,0.3322733007871924,0.6088630557060242,0.0,0.2919921875,0.047119140625,0.151123046875,0.312744140625,0.95703125,0.55419921875,0.218994140625,0.261962890625,0.80029296875,0.290771484375,0.0,0.359130859375,0.65625,0.36181640625,0.0
b3f82ed91b159a80,04_ocha_humanitarian_icons,OCHA Humanitarian Icons,carjacking,iconsets,icon_data/normalized_256/04_ocha_humanitarian_icons/carjacking__b3f82ed91b15.png,0.4139404296875,0.027740478515625,4.0,1054.0,0.25732421875,62.178368121442126,0.4139404296875,1.0,0.50571369983036,0.11856297716667503,0.9989683884754256,0.2696213787616418,0.07158655263933943,0.9331957344341245,4.0,3.0,0.75,0.3005695641040802,0.19017529487609863,0.31940704584121704,0.1898481547832489,1.0,7.0,0.0,0.0,0.8732045888900757,0.308349609375,0.19775390625,0.19775390625,0.30810546875,0.201416015625,0.527587890625,0.527587890625,0.20166015625,0.365966796875,0.63818359375,0.63818359375,0.36572265625,0.376953125,0.6953125,0.69482421875,0.377685546875
b405731928c019b6,13_usp_pictograms_manual,USP Pictograms,08,medication instruction,icon_data/normalized_256/13_usp_pictograms_manual/08__b405731928c0.png,0.72265625,0.05487060546875,1.0,376.0,0.091796875,174.29787234042553,1.0,1.3837837837837839,1.0,0.002772967769359,1.0,0.989247311827957,0.01862331081081081,0.9817171759048132,1.0,0.0,0.8703322552190532,0.4239625632762909,0.13270124793052673,0.3287913501262665,0.11454478651285172,1.0,8.0,0.0,0.0,0.24874252080917358,0.453125,0.453125,0.453125,0.453125,1.0,1.0,1.0,1.0,1.0,1.0,1.0,1.0,0.4375,0.4375,0.4375,0.4375
b41ea532817d6b6e,10_openmoji,OpenMoji,flag: Cameroon,flags / country-flag,icon_data/normalized_256/10_openmoji/1f1e8_1f1f2__b41ea532817d.png,0.5166015625,0.02734375,1.0,556.0,0.1357421875,117.87050359712231,0.9995276334435522,1.5890410958904109,1.0,0.0,1.0,1.0,0.022329867674858225,0.9781578643245117,1.0,0.0,0.8484362469927826,0.5642422437667847,0.013799205422401428,0.4081593453884125,0.013799204491078854,0.0,39.0,0.6783248782157898,0.5302373788678034,0.5275021195411682,0.11328125,0.140625,0.140625,0.11328125,0.8125,1.0,1.0,0.8125,0.8125,1.0,1.0,0.8125,0.11328125,0.140625,0.140625,0.11328125
b48b856dbb35b7f9,06_blissymbolics,Blissymbolics,back body,Blissymbolics char,icon_data/normalized_256/06_blissymbolics/back_body_6dd92ddb723c__b48b856dbb35.png,0.3828125,0.0047454833984375,1.0,376.0,0.091796875,174.29787234042553,1.0,0.3828125,1.0,0.0,1.0,1.0,0.02822066326530612,0.9725538843231509,1.0,0.0,0.8158168574401665,0.2248830646276474,0.16120502352714539,0.44506311416625977,0.16884875297546387,1.0,8.0,0.0,0.0,0.054764389991760254,0.0,0.765625,0.765625,0.0,0.0,0.765625,0.765625,0.0,0.0,0.765625,0.765625,0.0,0.0,0.765625,0.765625,0.0
b530d043f8b69659,10_openmoji,OpenMoji,flag: Cyprus,flags / country-flag,icon_data/normalized_256/10_openmoji/1f1e8_1f1fe__b530d043f8b6.png,0.191162109375,0.0216064453125,3.0,1264.0,0.30859375,51.848101265822784,0.3698630136986301,1.5890410958904109,0.3741376735851874,0.012467073131790463,0.8321146534074291,0.728,0.16762452107279693,0.8564397046759639,3.0,1.0,0.42716857610474634,0.574211061000824,0.005672627594321966,0.4144436717033386,0.005672627594321966,0.0,28.0,0.206767275929451,0.3154804149425845,0.5255594551563263,0.11328125,0.140625,0.140625,0.11328125,0.19189453125,0.20361328125,0.359375,0.195068359375,0.19189453125,0.405029296875,0.30419921875,0.19189453125,0.11328125,0.140625,0.140625,0.11328125
b5662f5d710c14e0,06_blissymbolics,Blissymbolics,banana,Blissymbolics char,icon_data/normalized_256/06_blissymbolics/banana_250e77f12a5a__b5662f5d710c.png,0.23828125,0.0117950439453125,1.0,376.0,0.091796875,174.29787234042553,1.0,0.23828125,1.0,0.002772967769359,0.967741935483871,1.0,0.04059938524590164,0.9609846153846154,1.0,0.0,0.7548337200309357,0.13670848309993744,0.3195967376232147,0.3327008783817291,0.2109939604997635,1.0,8.0,0.0,0.0,0.13161617517471313,0.0,0.484375,0.46875,0.0,0.0,0.484375,0.46875,0.0,0.0,0.484375,0.46875,0.0,0.0,0.484375,0.46875,0.0
b566cf363514b2ce,12_iso_15223_medical_device_symbols,ISO 15223 Medical Device Symbols,sterilized using steam or dry heat,medical device label,icon_data/normalized_256/12_iso_15223_medical_device_symbols/sterilized_using_steam_or_dry_heat__b566cf363514.png,0.129852294921875,0.0308685302734375,9.0,1219.0,0.297607421875,53.76210008203446,0.38510272422843694,2.9195402298850577,0.39112050739957716,0.033818340564543456,0.5091328249689662,0.664059444661713,0.3339600470035253,0.7496476391825229,9.0,4.0,0.4444444444444444,0.44740647077560425,0.02210400626063347,0.48858094215393066,0.041908662766218185,1.0,7.0,0.0,0.0,0.7097384929656982,0.0,0.0,0.0,0.0,0.289306640625,0.29541015625,0.24853515625,0.19970703125,0.255859375,0.274658203125,0.28076171875,0.2333984375,0.0,0.0,0.0,0.0
b601cb290be4376e,05_mulberry_symbols,Mulberry Symbols,Christmas lights,iconsets,icon_data/normalized_256/05_mulberry_symbols/christmas_lights__b601cb290be4.png,0.1431732177734375,0.0159912109375,1.0,547.0,0.133544921875,119.80987202925046,0.3808035714285714,1.9642857142857142,0.443483398322108,0.012968074500857362,0.8879275653923542,0.43317550022911255,0.12703826068421614,0.8872813238770686,1.0,0.0,0.4959564459009461,0.39085760712623596,0.14828075468540192,0.3140169084072113,0.1468447893857956,0.0,44.0,0.38262733817100525,0.47566858401979856,0.5533809661865234,0.0,0.0,0.0,0.0,0.42919921875,0.165283203125,0.196044921875,0.404052734375,0.28857421875,0.256103515625,0.266357421875,0.28515625,0.0,0.0,0.0,0.0
b60db3e624f42686,06_blissymbolics,Blissymbolics,again,Blissymbolics char,icon_data/normalized_256/06_blissymbolics/again_aaa4d5f872be__b60db3e624f4.png,0.14453125,0.0013427734375,1.0,376.0,0.091796875,174.29787234042553,1.0,0.14453125,1.0,0.002772967769359,0.9473684210526315,1.0,0.06186655405405406,0.941737920063631,1.0,0.0,0.6689265536723163,0.2644042372703552,0.27296578884124756,0.19599297642707825,0.2666369378566742,1.0,8.0,0.0,0.0,0.02466750144958496,0.0,0.296875,0.28125,0.0,0.0,0.296875,0.28125,0.0,0.0,0.296875,0.28125,0.0,0.0,0.296875,0.28125,0.0
b65bfe46733b8163,03_mapbox_maki_icons,Mapbox Maki,garden centre,cartography / point of interest,icon_data/normalized_256/03_mapbox_maki_icons/garden_centre__b65bfe46733b.png,0.4640655517578125,0.0114593505859375,1.0,646.0,0.15771484375,101.44891640866874,0.6151496763754045,1.1650485436893203,0.880872386027921,0.07690653973430263,0.6266245921805638,0.7990535344572611,0.03781277743070398,0.9635649336248139,1.0,2.0,1.0,0.33038777112960815,0.09867221862077713,0.45559683442115784,0.11534316092729568,1.0,7.0,0.0,0.0,0.6035731434822083,0.014404296875,0.551513671875,0.242431640625,0.0,0.603271484375,0.946044921875,0.641357421875,0.30126953125,0.67724609375,1.0,0.9404296875,0.492431640625,0.060302734375,0.60205078125,0.352294921875,0.0
b6d9be56a5aba0a0,13_usp_pictograms_manual,USP Pictograms,23,medication instruction,icon_data/normalized_256/13_usp_pictograms_manual/23__b6d9be56a5ab.png,0.66015625,0.055877685546875,1.0,376.0,0.091796875,174.29787234042553,1.0,0.66015625,1.0,0.002772967769359,0.9882352941176471,1.0,0.01964681952662722,0.9807317404905472,1.0,0.0,0.864173857462448,0.2818674147129059,0.24309740960597992,0.2702345848083496,0.2048005908727646,1.0,8.0,0.0,0.0,0.22815585136413574,0.328125,1.0,1.0,0.3125,0.328125,1.0,1.0,0.3125,0.328125,1.0,1.0,0.3125,0.328125,1.0,1.0,0.3125
b6db2aae4cc76b84,13_usp_pictograms_manual,USP Pictograms,02,medication instruction,icon_data/normalized_256/13_usp_pictograms_manual/02__b6db2aae4cc7.png,0.51953125,0.0305023193359375,1.0,376.0,0.091796875,174.29787234042553,1.0,1.9248120300751879,1.0,0.002772967769359,1.0,0.9850746268656716,0.022850093984962405,0.9776603686900591,1.0,0.0,0.8454509336511721,0.5483331680297852,0.08259260654449463,0.2992068827152252,0.06986722350120544,1.0,8.0,0.0,0.0,0.1251908540725708,0.046875,0.046875,0.046875,0.046875,1.0,1.0,1.0,1.0,1.0,1.0,1.0,1.0,0.03125,0.03125,0.03125,0.03125
b6eb67f6fd0bd88d,13_usp_pictograms_manual,USP Pictograms,38,medication instruction,icon_data/normalized_256/13_usp_pictograms_manual/38__b6eb67f6fd0b.png,0.765625,0.0488433837890625,1.0,376.0,0.091796875,174.29787234042553,1.0,0.765625,1.0,0.0,1.0,1.0,0.018016581632653062,0.9823022709475333,1.0,0.0,0.8740245261984392,0.49071648716926575,0.10028854757547379,0.332268089056015,0.07672683149576187,1.0,8.0,0.0,0.0,0.18755245208740234,0.53125,1.0,1.0,0.53125,0.53125,1.0,1.0,0.53125,0.53125,1.0,1.0,0.53125,0.53125,1.0,1.0,0.53125
b72effac9103513f,06_blissymbolics,Blissymbolics,baby girl,Blissymbolics char,icon_data/normalized_256/06_blissymbolics/baby_girl_552d2ee79524__b72effac9103.png,0.4296875,0.0105133056640625,1.0,376.0,0.091796875,174.29787234042553,1.0,0.4296875,1.0,0.0,1.0,1.0,0.02599431818181818,0.9746642669251003,1.0,0.0,0.8278457196613358,0.15853340923786163,0.2903566062450409,0.25998860597610474,0.29112139344215393,1.0,8.0,0.0,0.0,0.06546217203140259,0.0,0.859375,0.859375,0.0,0.0,0.859375,0.859375,0.0,0.0,0.859375,0.859375,0.0,0.0,0.859375,0.859375,0.0
b7382424c18c5978,01_mcdougall_symbol_icon_set,McDougall Symbol/Icon Set,Brushing by means of brush belt,,icon_data/normalized_256/01_mcdougall_symbol_icon_set/mcdougall_027__b7382424c18c.png,0.055755615234375,0.0195159912109375,2.0,565.0,0.137939453125,115.9929203539823,0.28679067577113254,0.6788321167883211,0.3166377816291161,0.030212802881384882,0.4963144963144963,0.39359267734553777,0.3645320197044335,0.7328519855595668,2.0,4.0,1.0,0.3903367519378662,0.09850366413593292,0.39248865842819214,0.1186710074543953,0.0,4.0,0.10410794615745544,0.007001433487280214,0.8292820453643799,0.0,0.0029296875,0.016845703125,0.0,0.0,0.1884765625,0.205810546875,0.0,0.0,0.171142578125,0.223876953125,0.0,0.0,0.0380859375,0.044921875,0.0
b7d9a21d03ad49ad,04_ocha_humanitarian_icons,OCHA Humanitarian Icons,analysis,iconsets,icon_data/normalized_256/04_ocha_humanitarian_icons/analysis__b7d9a21d03ad.png,0.4520111083984375,0.03387451171875,5.0,1186.0,0.28955078125,55.25801011804384,0.4520111083984375,1.0,0.647582196572228,0.05430104390359605,0.3301751234845083,0.2774591401095347,0.08493400398339128,0.9217150502504745,5.0,1.0,0.5954252175835661,0.19444988667964935,0.24868716299533844,0.33951443433761597,0.2173485904932022,1.0,7.0,0.0,0.0,0.8592917621135712,0.048095703125,0.55615234375,0.479736328125,0.431884765625,0.333984375,0.368408203125,0.595458984375,0.73193359375,0.1904296875,0.755126953125,0.752685546875,0.6630859375,0.75439453125,0.189697265625,0.333251953125,0.0478515625
b7f360bbec980699,01_mcdougall_symbol_icon_set,McDougall Symbol/Icon Set,Airborne troops,,icon_data/normalized_256/01_mcdougall_symbol_icon_set/mcdougall_006__b7f360bbec98.png,0.0285491943359375,0.0148773193359375,1.0,343.0,0.083740234375,191.067055393586,0.16207553707553707,0.527027027027027,0.2558107738583538,0.05034380766946236,0.8691308691308691,0.05646527385657821,0.5248530197755211,0.655800911321416,1.0,2.0,1.0,0.36228615045547485,0.13639739155769348,0.3982122540473938,0.10310425609350204,0.0,4.0,0.09815815091133118,0.007486176176150206,0.8022670596837997,0.0,0.02490234375,0.0244140625,0.0,0.0,0.125244140625,0.114990234375,0.0,0.0,0.08056640625,0.07177734375,0.0,0.0,0.00732421875,0.007568359375,0.0
b7f80ec6bca0f581,06_blissymbolics,Blissymbolics,baggage,Blissymbolics char,icon_data/normalized_256/06_blissymbolics/baggage_335b07d75f38__b7f80ec6bca0.png,0.4296875,0.011199951171875,1.0,376.0,0.091796875,174.29787234042553,1.0,0.4296875,1.0,0.0,1.0,1.0,0.02599431818181818,0.9746642669251003,1.0,0.0,0.8278457196613358,0.570227324962616,0.0702858492732048,0.28962835669517517,0.06985853612422943,1.0,8.0,0.0,0.0,0.07858163118362427,0.0,0.859375,0.859375,0.0,0.0,0.859375,0.859375,0.0,0.0,0.859375,0.859375,0.0,0.0,0.859375,0.859375,0.0
b8170c7e62df15a5,11_iso_7010_safety_signs,ISO 7010 Safety Signs,ISO 7010 W038,iconsets,icon_data/normalized_256/11_iso_7010_safety_signs/iso_7010_w038__b8170c7e62df.png,0.8671875,0.0179901123046875,1.0,376.0,0.091796875,174.29787234042553,1.0,1.1531531531531531,1.0,0.0,1.0,1.0,0.01682150900900901,0.9834567730324635,1.0,0.0,0.8813895781637717,0.20258602499961853,0.2913307845592499,0.20546406507492065,0.3006191849708557,1.0,8.0,0.0,0.0,0.22677940130233765,0.734375,0.734375,0.734375,0.734375,1.0,1.0,1.0,1.0,1.0,1.0,1.0,1.0,0.734375,0.734375,0.734375,0.734375
b823cc6a338f273d,06_blissymbolics,Blissymbolics,b uppercase,Blissymbolics char,icon_data/normalized_256/06_blissymbolics/b_uppercase_118d1ec08d62__b823cc6a338f.png,0.16796875,0.0049591064453125,1.0,376.0,0.091796875,174.29787234042553,1.0,0.16796875,1.0,0.002772967769359,0.9545454545454546,1.0,0.054324127906976744,0.9484749267620196,1.0,0.0,0.6970618034447822,0.4389171600341797,0.10819616168737411,0.3440609276294708,0.10882580280303955,1.0,8.0,0.0,0.0,0.08485662937164307,0.0,0.34375,0.328125,0.0,0.0,0.34375,0.328125,0.0,0.0,0.34375,0.328125,0.0,0.0,0.34375,0.328125,0.0
b88a89dfaf5f63ec,05_mulberry_symbols,Mulberry Symbols,across,iconsets,icon_data/normalized_256/05_mulberry_symbols/across__b88a89dfaf5f.png,0.1480255126953125,0.02618408203125,1.0,802.0,0.19580078125,81.71571072319202,0.2979239604446901,1.2407407407407407,0.33265893971606886,0.0426223212012804,0.7136548313018901,0.7246222222222222,0.17874445933408928,0.8483602973327503,1.0,2.0,1.0,0.573038637638092,0.061072684824466705,0.3029205799102783,0.0629681721329689,0.0,15.0,0.0937386304140091,0.008528190626595213,0.7672291100025177,0.058349609375,0.15625,0.15625,0.053466796875,0.184326171875,0.078125,0.1552734375,0.248779296875,0.206787109375,0.140625,0.21826171875,0.277587890625,0.0634765625,0.15625,0.15625,0.058349609375
b8d532b96649ad9b,11_iso_7010_safety_signs,ISO 7010 Safety Signs,ISO 7010 W015,iconsets,icon_data/normalized_256/11_iso_7010_safety_signs/iso_7010_w015__b8d532b96649.png,0.875,0.040924072265625,1.0,88.0,0.021484375,744.7272727272727,1.0,1.1428571428571428,1.0,0.0,1.0,1.0,0.016741071428571428,0.9835345773874863,1.0,0.0,0.8818897637795275,0.2570789158344269,0.29322925209999084,0.14380739629268646,0.3058845102787018,1.0,8.0,0.0,0.0,0.24543076753616333,0.75,0.75,0.75,0.75,1.0,1.0,1.0,1.0,1.0,1.0,1.0,1.0,0.75,0.75,0.75,0.75
b91cc17cc5f27dee,07_arasaac_pictograms,ARASAAC Pictograms,last,ordinal adjective,icon_data/normalized_256/07_arasaac_pictograms/10216__b91cc17cc5f2.png,0.07421875,0.0206298828125,362.0,859.0,0.209716796875,76.29336437718277,0.09098391320613543,1.1045454545454545,0.10721213189913595,0.43386762333791545,0.046246504624650464,0.2967208744334844,0.7142269736842105,0.5833533221396018,362.0,0.0,0.1489465948064674,0.17969998717308044,0.19720368087291718,0.47151368856430054,0.15158268809318542,0.0,53.0,0.46426984667778015,0.43084962322434517,0.6353603303432465,0.0419921875,0.0,0.0,0.0,0.28466796875,0.033203125,0.03076171875,0.024169921875,0.362060546875,0.02685546875,0.02490234375,0.0185546875,0.262451171875,0.028564453125,0.025390625,0.02392578125
b9643635f7031789,10_openmoji,OpenMoji,flag: Clipperton Island,flags / country-flag,icon_data/normalized_256/10_openmoji/1f1e8_1f1f5__b9643635f703.png,0.387939453125,0.02130126953125,1.0,820.0,0.2001953125,79.9219512195122,0.7505904581955598,1.5890410958904109,0.7592653426907571,0.0,1.0,1.0,0.04483952171176841,0.9570847763890981,1.0,1.0,1.0,0.5553969144821167,0.008911272510886192,0.4267805218696594,0.008911272510886192,0.0,42.0,0.6206728219985962,0.5314889023665132,0.6771889328956604,0.11328125,0.140625,0.140625,0.11328125,0.8125,0.4853515625,0.4853515625,0.8125,0.8125,0.4853515625,0.4853515625,0.8125,0.11328125,0.140625,0.140625,0.11328125
b968762ee8180718,02_aiga_dot_symbol_signs,AIGA/DOT Symbol Signs,Aiga nosmoking,,icon_data/normalized_256/02_aiga_dot_symbol_signs/aiga_nosmoking__b968762ee818.png,0.777099609375,0.0157623291015625,1.0,592.0,0.14453125,110.70270270270271,0.7801470588235294,1.003921568627451,1.0,0.0005449938344742808,0.9997644009895158,0.9980383694927224,0.020067546339930884,0.9803272377285852,1.0,0.0,0.8616675690308608,0.2810589373111725,0.10995402932167053,0.2522228956222534,0.35676416754722595,1.0,8.0,0.0,0.0,0.5984356105327606,0.305419921875,0.903076171875,0.903076171875,0.30517578125,0.9033203125,1.0,1.0,0.902587890625,0.902587890625,1.0,1.0,0.902587890625,0.302734375,0.900390625,0.900146484375,0.302490234375
b9967918912be1e2,09_universal_symbols_healthcare_webfont,Universal Symbols Healthcare Webfont,i family practice,healthcare wayfinding,icon_data/normalized_256/09_universal_symbols_healthcare_webfont/i_family_practice__b9967918912b.png,0.471405029296875,0.030609130859375,2.0,1141.0,0.278564453125,57.437335670464506,0.47886538014415253,1.007905138339921,0.6702827016120284,0.10407198738493774,0.19061199321720365,0.27114878209348253,0.07334757558101897,0.931664656212304,2.0,4.0,1.0,0.22909268736839294,0.15647615492343903,0.49471965432167053,0.11971154063940048,1.0,7.0,0.0,0.0,0.7691913098096848,0.689208984375,0.62158203125,0.09423828125,0.074462890625,0.44921875,0.613525390625,0.5927734375,0.51708984375,0.00439453125,0.372802734375,0.910400390625,0.951171875,0.0,0.126220703125,0.608154296875,0.917236328125
b9de8a34c070b448,04_ocha_humanitarian_icons,OCHA Humanitarian Icons,alert,iconsets,icon_data/normalized_256/04_ocha_humanitarian_icons/alert__b9de8a34c070.png,0.85546875,0.00750732421875,1.0,376.0,0.091796875,174.29787234042553,1.0,1.1689497716894977,1.0,0.002772967769359,1.0,0.990909090909091,0.0169449200913242,0.9833374258953941,1.0,0.0,0.8806232721789394,0.18517985939979553,0.3188391923904419,0.17714042961597443,0.31884047389030457,1.0,8.0,0.0,0.0,0.5401011109352112,0.71875,0.71875,0.71875,0.71875,1.0,1.0,1.0,1.0,1.0,1.0,1.0,1.0,0.703125,0.703125,0.703125,0.703125
ba21616ece836b9d,01_mcdougall_symbol_icon_set,McDougall Symbol/Icon Set,Cloth track steaming,,icon_data/normalized_256/01_mcdougall_symbol_icon_set/mcdougall_045__ba21616ece83.png,0.0530853271484375,0.016021728515625,5.0,493.0,0.120361328125,132.93306288032454,0.3315859702630576,0.7049180327868853,0.3692813926334784,0.043259212324639466,0.5685302073940487,0.3627105366235801,0.31043403276803677,0.7631059442860276,5.0,0.0,0.28706989025497154,0.26763755083084106,0.1029045432806015,0.5336909294128418,0.09576694667339325,0.0,4.0,0.10599344223737717,0.006871411734187522,0.8370404839515686,0.0,0.0,0.0,0.0,0.0,0.220703125,0.263427734375,0.0,0.0,0.185302734375,0.179931640625,0.0,0.0,0.0,0.0,0.0
ba4d90484eb11be6,05_mulberry_symbols,Mulberry Symbols,Mars,iconsets,icon_data/normalized_256/05_mulberry_symbols/mars__ba4d90484eb1.png,0.5704345703125,0.0396270751953125,1.0,529.0,0.129150390625,123.88657844990549,0.7830421850781283,0.9954337899543378,1.0,0.0041361156197007075,0.9852371090223567,0.9909463705597273,0.02337898566231543,0.9771551048146793,1.0,0.0,0.8424373535244275,0.3204675018787384,0.2749705910682678,0.17430849373340607,0.23025335371494293,0.0,33.0,0.7356510162353516,0.48004738458788815,0.41665297746658325,0.078369140625,0.603759765625,0.60986328125,0.08642578125,0.5927734375,1.0,1.0,0.613037109375,0.58837890625,1.0,1.0,0.60888671875,0.074462890625,0.591796875,0.598388671875,0.080810546875
ba68f5f842f11e61,10_openmoji,OpenMoji,flag: Central African Republic,flags / country-flag,icon_data/normalized_256/10_openmoji/1f1e8_1f1eb__ba68f5f842f1.png,0.4371337890625,0.024200439453125,1.0,844.0,0.2060546875,77.64928909952607,0.8457723193197921,1.5890410958904109,0.8555472599671494,0.016131377986955287,1.0,0.69234404536862,0.04328399888299358,0.9585117773019272,1.0,2.0,1.0,0.613440215587616,0.0126945860683918,0.3613918423652649,0.012473327107727528,0.0,93.0,0.6213001608848572,0.5117324421150394,0.555900901556015,0.11328125,0.140625,0.140625,0.11328125,0.5322265625,0.64453125,0.64453125,0.5322265625,0.8125,1.0,1.0,0.8125,0.11328125,0.140625,0.140625,0.11328125
ba8c66f46e983aba,10_openmoji,OpenMoji,NG button,symbols / alphanum,icon_data/normalized_256/10_openmoji/1f196__ba8c66f46e98.png,0.441314697265625,0.0335235595703125,1.0,919.0,0.224365234375,71.31229597388466,0.8731433401763072,1.0,0.8831414699685487,0.002455806366678104,0.8775642690210335,0.9490531706988341,0.053592420994398725,0.9491336308742452,1.0,2.0,1.0,0.3645320236682892,0.06592914462089539,0.46445053815841675,0.10508816689252853,1.0,13.0,0.011557526886463165,0.002614122122036398,0.7050180435180664,0.1767578125,0.421875,0.421875,0.1767578125,0.421875,0.71923828125,0.78564453125,0.421875,0.421875,0.735107421875,0.739013671875,0.421875,0.1767578125,0.421875,0.421875,0.1767578125
baeb2093d6c2ac7e,10_openmoji,OpenMoji,flag: Bosnia & Herzegovina,flags / country-flag,icon_data/normalized_256/10_openmoji/1f1e7_1f1e6__baeb2093d6c2.png,0.5134124755859375,0.032501220703125,1.0,571.0,0.139404296875,114.77408056042032,0.9933573452999528,1.5890410958904109,1.0,0.0010477151197807858,0.9876535916824196,0.9889460306200863,0.027996552441525248,0.9727659082367227,1.0,9.0,1.0,0.5191948413848877,0.049883805215358734,0.340705007314682,0.09021632373332977,0.0,51.0,0.6730274558067322,0.5010891720573583,0.6066858768463135,0.11328125,0.140625,0.140625,0.11328125,0.80322265625,0.984619140625,1.0,0.8125,0.8125,0.983154296875,0.990478515625,0.8125,0.11328125,0.140625,0.140625,0.11328125
bb3026c2cc849802,13_usp_pictograms_manual,USP Pictograms,31,medication instruction,icon_data/normalized_256/13_usp_pictograms_manual/31__bb3026c2cc84.png,0.7734375,0.0565032958984375,1.0,376.0,0.091796875,174.29787234042553,1.0,0.7734375,1.0,0.0,1.0,1.0,0.0179135101010101,0.9824017365687262,1.0,0.0,0.8746548868028713,0.3064485490322113,0.1285303384065628,0.3603458106517792,0.20467530190944672,1.0,8.0,0.0,0.0,0.2645414471626282,0.546875,1.0,1.0,0.546875,0.546875,1.0,1.0,0.546875,0.546875,1.0,1.0,0.546875,0.546875,1.0,1.0,0.546875
bb7408292c419c34,04_ocha_humanitarian_icons,OCHA Humanitarian Icons,airport affected,iconsets,icon_data/normalized_256/04_ocha_humanitarian_icons/airport_affected__bb7408292c41.png,0.351104736328125,0.021820068359375,2.0,865.0,0.211181640625,75.76416184971099,0.351104736328125,1.0,0.5728297941198437,0.1147224341069508,0.16831683168316833,0.23563527011062185,0.0680573663624511,0.936279296875,2.0,2.0,1.0,0.2622474133968353,0.1985914260149002,0.34318873286247253,0.19597244262695312,1.0,7.0,0.0,0.0,0.8892341703176498,0.8076171875,0.560546875,0.124755859375,0.0,0.5498046875,0.413330078125,0.69091796875,0.044921875,0.06201171875,0.4716796875,0.736572265625,0.46044921875,0.0,0.0419921875,0.650634765625,0.00244140625
bbbc47b724173837,10_openmoji,OpenMoji,circled human figure,extras-unicode / symbol-other,icon_data/normalized_256/10_openmoji/1f16f__bbbc47b72417.png,0.289581298828125,0.0288848876953125,2.0,1174.0,0.28662109375,55.82282793867121,0.4303401360544218,1.0,0.5377575019126689,0.003853084802375878,0.9966333508679642,0.9029379324175273,0.10643903467172515,0.9038003619392323,2.0,1.0,0.5400990380784336,0.23192352056503296,0.2044195532798767,0.35897648334503174,0.2046804279088974,1.0,7.0,0.0,0.0,0.7547488212585449,0.056884765625,0.38671875,0.386474609375,0.056884765625,0.37255859375,0.333984375,0.333984375,0.371826171875,0.37255859375,0.34326171875,0.3447265625,0.37255859375,0.056884765625,0.393798828125,0.393798828125,0.056396484375
bbdb16044679062a,03_mapbox_maki_icons,Mapbox Maki,horse riding,cartography / point of interest,icon_data/normalized_256/03_mapbox_maki_icons/horse_riding__bbdb16044679.png,0.5046844482421875,0.0127105712890625,1.0,553.0,0.135009765625,118.50994575045208,0.5046844482421875,1.0,0.6804575472668546,0.09594656681976671,0.3944517053838695,0.36380504700643246,0.04081632653061224,0.9607843137254902,1.0,0.0,0.7538461538461539,0.2614259421825409,0.1664799004793167,0.47338587045669556,0.09870828688144684,1.0,7.0,0.0,0.0,0.5494578182697296,0.0,0.511962890625,0.2451171875,0.020263671875,0.26318359375,0.6640625,0.720703125,0.839111328125,0.9677734375,1.0,0.9443359375,0.231689453125,0.587890625,0.52197265625,0.556884765625,0.0
bbf1fa74378d7d5e,06_blissymbolics,Blissymbolics,a,Blissymbolics char,icon_data/normalized_256/06_blissymbolics/a_cb6008a5c56a__bbf1fa74378d.png,0.14453125,0.0018310546875,1.0,376.0,0.091796875,174.29787234042553,1.0,0.14453125,1.0,0.002772967769359,0.9473684210526315,1.0,0.06186655405405406,0.941737920063631,1.0,0.0,0.6689265536723163,0.05461876094341278,0.0522201769053936,0.05060824006795883,0.8425528407096863,1.0,8.0,0.0,0.0,0.02550297975540161,0.0,0.296875,0.28125,0.0,0.0,0.296875,0.28125,0.0,0.0,0.296875,0.28125,0.0,0.0,0.296875,0.28125,0.0
bc24601861e9e7cf,01_mcdougall_symbol_icon_set,McDougall Symbol/Icon Set,Colour temperatu re lamp,,icon_data/normalized_256/01_mcdougall_symbol_icon_set/mcdougall_049__bc24601861e9.png,0.0455322265625,0.01715087890625,8.0,556.0,0.1357421875,117.87050359712231,0.12260158593204322,0.726775956284153,0.1780748343975652,0.04349134032145538,0.6164680390032503,0.09344082081348479,0.4698391420911528,0.6803465572275422,8.0,2.0,0.25,0.25202301144599915,0.15038524568080902,0.4413544237613678,0.15623736381530762,0.0,4.0,0.09827587008476257,0.00746025873043224,0.8029453754425049,0.0,0.077392578125,0.067138671875,0.0,0.005126953125,0.13330078125,0.12890625,0.0029296875,0.0,0.126220703125,0.122802734375,0.0,0.0,0.04248046875,0.022216796875,0.0
bc4bfd84d1524c17,06_blissymbolics,Blissymbolics,ascending and descending,Blissymbolics char,icon_data/normalized_256/06_blissymbolics/ascending_and_descending_0fd110a6dce8__bc4bfd84d152.png,0.4296875,0.011474609375,1.0,376.0,0.091796875,174.29787234042553,1.0,0.4296875,1.0,0.0,1.0,1.0,0.02599431818181818,0.9746642669251003,1.0,0.0,0.8278457196613358,0.2938045859336853,0.38275936245918274,0.2930525839328766,0.030383488163352013,1.0,8.0,0.0,0.0,0.07165110111236572,0.0,0.859375,0.859375,0.0,0.0,0.859375,0.859375,0.0,0.0,0.859375,0.859375,0.0,0.0,0.859375,0.859375,0.0
bc50c2ede9c1d905,01_mcdougall_symbol_icon_set,McDougall Symbol/Icon Set,Eject,,icon_data/normalized_256/01_mcdougall_symbol_icon_set/mcdougall_074__bc50c2ede9c1.png,0.135528564453125,0.0070343017578125,2.0,400.0,0.09765625,163.84,0.5533956386292835,0.7133333333333334,0.7814534576808024,0.08362589518630932,0.9790552584670231,0.31643693493404473,0.07565863544246791,0.929662968390203,2.0,0.0,0.6229485201290503,0.5056645274162292,0.16556817293167114,0.17419008910655975,0.15457722544670105,0.0,4.0,0.11165023595094681,0.0060872060114412156,0.8616733849048615,0.0,0.01318359375,0.0107421875,0.0,0.0,0.44189453125,0.42578125,0.0,0.0,0.50537109375,0.503173828125,0.0,0.0,0.134033203125,0.13427734375,0.0
bc92b50db823c79f,01_mcdougall_symbol_icon_set,McDougall Symbol/Icon Set,Entrance,,icon_data/normalized_256/01_mcdougall_symbol_icon_set/mcdougall_082__bc92b50db823.png,0.1238250732421875,0.01751708984375,2.0,538.0,0.13134765625,121.81412639405204,0.43652501344809036,0.9090909090909091,0.48898797866891625,0.05474710539626818,0.3349235071557822,0.9312232270347454,0.12914356130622304,0.8856269780639529,2.0,0.0,0.4918479907873204,0.4684126377105713,0.0450216569006443,0.44102543592453003,0.04554031416773796,0.0,4.0,0.1080070436000824,0.0066226358723264905,0.8459470421075821,0.0,0.072265625,0.125,0.001953125,0.00244140625,0.380859375,0.390869140625,0.015625,0.00244140625,0.38916015625,0.410888671875,0.015625,0.0,0.063232421875,0.109375,0.00146484375
bc979143c09e5b46,10_openmoji,OpenMoji,hyphen-minus,extras-unicode / symbol-other,icon_data/normalized_256/10_openmoji/002d__bc979143c09e.png,0.0179443359375,0.011962890625,1.0,1.0,0.000244140625,65536.0,0.186429930247305,4.368421052631579,0.1928817451205511,0.0,1.0,1.0,0.673469387755102,0.5975609756097561,1.0,1.0,1.0,0.32616347074508667,0.17383654415607452,0.32616347074508667,0.17383654415607452,1.0,1.0,0.0,0.0,1.0,0.0,0.0,0.0,0.0,0.02490234375,0.046875,0.046875,0.02490234375,0.02490234375,0.046875,0.046875,0.02490234375,0.0,0.0,0.0,0.0
bce8a1363361a0e1,09_universal_symbols_healthcare_webfont,Universal Symbols Healthcare Webfont,i interpreter services,healthcare wayfinding,icon_data/normalized_256/09_universal_symbols_healthcare_webfont/i_interpreter_services__bce8a1363361.png,0.4395751953125,0.0421295166015625,11.0,1210.0,0.29541015625,54.16198347107438,0.513511586452763,1.1590909090909092,0.6803807184525638,0.0229213017407802,0.8947645356485135,0.4408322496749025,0.08018605942793669,0.9257664374317115,11.0,0.0,0.6092031805109118,0.20646528899669647,0.13711266219615936,0.5171319842338562,0.13929006457328796,1.0,7.0,0.0,0.0,0.7207549810409546,0.06494140625,0.36279296875,0.38623046875,0.053955078125,0.3466796875,0.72216796875,0.72119140625,0.330810546875,0.969970703125,0.695068359375,0.712158203125,0.9248046875,0.07763671875,0.283447265625,0.29052734375,0.0908203125
bcf5e0e6e8900b38,03_mapbox_maki_icons,Mapbox Maki,cricket,cartography / point of interest,icon_data/normalized_256/03_mapbox_maki_icons/cricket__bcf5e0e6e890.png,0.410430908203125,0.0126953125,3.0,820.0,0.2001953125,79.9219512195122,0.46952241307080017,0.9314516129032258,0.6355634842810391,0.103586790888194,0.34101106790308106,0.3469878311382643,0.059112201650680346,0.9441870261162595,3.0,0.0,0.6789338179615326,0.25100740790367126,0.05119045451283455,0.6367555856704712,0.06104652211070061,1.0,7.0,0.0,0.0,0.47104793787002563,0.0,0.72021484375,0.223876953125,0.0,0.311279296875,0.76953125,0.63720703125,0.01416015625,0.580078125,0.849365234375,0.47802734375,0.150146484375,0.489990234375,0.53515625,0.391845703125,0.416015625
bd0846cac643fbd3,04_ocha_humanitarian_icons,OCHA Humanitarian Icons,dead,iconsets,icon_data/normalized_256/04_ocha_humanitarian_icons/dead__bd0846cac643.png,0.87890625,0.0236968994140625,1.0,232.0,0.056640625,282.48275862068965,1.0,0.87890625,1.0,0.002772967769359,0.9911504424778761,1.0,0.01670138888888889,0.983572965404187,1.0,0.0,0.8821367311933349,0.1141318827867508,0.20023661851882935,0.48418837785720825,0.20144304633140564,1.0,8.0,0.0,0.0,0.3246530294418335,0.765625,1.0,1.0,0.75,0.765625,1.0,1.0,0.75,0.765625,1.0,1.0,0.75,0.765625,1.0,1.0,0.75
bd7774dcad9acd79,09_universal_symbols_healthcare_webfont,Universal Symbols Healthcare Webfont,i ambulance,healthcare wayfinding,icon_data/normalized_256/09_universal_symbols_healthcare_webfont/i_ambulance__bd7774dcad9a.png,0.4367828369140625,0.0238037109375,1.0,919.0,0.224365234375,71.31229597388466,0.6465273856578204,1.4457142857142857,0.7738159602076125,0.059355014309277435,0.6641474332887622,0.6534773567467652,0.05582532751091703,0.947126360718658,1.0,11.0,1.0,0.41403132677078247,0.11857840418815613,0.3141499161720276,0.1532403528690338,1.0,7.0,0.0,0.0,0.8039718568325043,0.0,0.0,0.16748046875,0.0,0.9326171875,0.734375,0.77392578125,0.369873046875,0.930419921875,0.7431640625,0.930419921875,0.91015625,0.141845703125,0.105224609375,0.122314453125,0.126708984375
bda5f7eeaa6728f8,05_mulberry_symbols,Mulberry Symbols,Y,iconsets,icon_data/normalized_256/05_mulberry_symbols/y__bda5f7eeaa67.png,0.166473388671875,0.0127105712890625,1.0,496.0,0.12109375,132.1290322580645,0.35470446713050263,0.9285714285714286,0.5867484134667097,0.10584979625643229,0.9371448863636364,0.15829705913578937,0.0773602199816682,0.9281946571379955,1.0,0.0,0.6177103385800022,0.1634262353181839,0.3172314167022705,0.20154748857021332,0.3177948594093323,0.0,16.0,0.49992990493774414,0.07624242363375182,0.7584740519523621,0.083740234375,0.2158203125,0.201904296875,0.0908203125,0.002197265625,0.615478515625,0.605224609375,0.00390625,0.0,0.296630859375,0.31298828125,0.0,0.0,0.1142578125,0.12060546875,0.0
bdaff5e5e0944ee9,06_blissymbolics,Blissymbolics,after,Blissymbolics char,icon_data/normalized_256/06_blissymbolics/after_0ab22b09b6e5__bdaff5e5e094.png,0.14453125,0.0039520263671875,1.0,376.0,0.091796875,174.29787234042553,1.0,0.14453125,1.0,0.002772967769359,0.9473684210526315,1.0,0.06186655405405406,0.941737920063631,1.0,0.0,0.6689265536723163,0.054409388452768326,0.05732627958059311,0.832379937171936,0.055884309113025665,1.0,8.0,0.0,0.0,0.07903081178665161,0.0,0.296875,0.28125,0.0,0.0,0.296875,0.28125,0.0,0.0,0.296875,0.28125,0.0,0.0,0.296875,0.28125,0.0
bdd745c2d8c16514,04_ocha_humanitarian_icons,OCHA Humanitarian Icons,blanket,iconsets,icon_data/normalized_256/04_ocha_humanitarian_icons/blanket__bdd745c2d8c1.png,0.5,0.020050048828125,1.0,16.0,0.00390625,4096.0,1.0,0.5,1.0,0.0,1.0,1.0,0.0234375,0.9770992366412213,1.0,0.0,0.8421052631578947,0.5545292496681213,0.06434263288974762,0.31673428416252136,0.06439380347728729,1.0,8.0,0.0,0.0,0.84493288397789,0.0,1.0,1.0,0.0,0.0,1.0,1.0,0.0,0.0,1.0,1.0,0.0,0.0,1.0,1.0,0.0
be5d68a9174d204c,13_usp_pictograms_manual,USP Pictograms,41,medication instruction,icon_data/normalized_256/13_usp_pictograms_manual/41__be5d68a9174d.png,0.78125,0.05572509765625,1.0,376.0,0.091796875,174.29787234042553,1.0,0.78125,1.0,0.0,1.0,1.0,0.0178125,0.9824992324224747,1.0,0.0,0.87527352297593,0.3995264768600464,0.1709594428539276,0.27093276381492615,0.15858133137226105,1.0,8.0,0.0,0.0,0.2258676290512085,0.5625,1.0,1.0,0.5625,0.5625,1.0,1.0,0.5625,0.5625,1.0,1.0,0.5625,0.5625,1.0,1.0,0.5625
be6faf870910b02c,04_ocha_humanitarian_icons,OCHA Humanitarian Icons,about,iconsets,icon_data/normalized_256/04_ocha_humanitarian_icons/about__be6faf870910.png,0.931793212890625,0.00628662109375,1.0,268.0,0.0654296875,244.53731343283582,0.931793212890625,1.0,0.9430023009095542,0.005030832521706039,0.9979061017503681,0.9542370711725551,0.023319031867160122,0.9772123539766363,1.0,2.0,1.0,0.19854553043842316,0.16559617221355438,0.4395305812358856,0.19632762670516968,1.0,7.0,0.0,0.0,0.9865243202075362,0.9814453125,0.93701171875,0.93701171875,0.981201171875,1.0,0.891845703125,0.900390625,1.0,1.0,0.734375,0.734375,1.0,0.981201171875,0.927734375,0.921142578125,0.98095703125
be7f46d86371c27f,09_universal_symbols_healthcare_webfont,Universal Symbols Healthcare Webfont,i surgery,healthcare wayfinding,icon_data/normalized_256/09_universal_symbols_healthcare_webfont/i_surgery__be7f46d86371.png,0.54278564453125,0.0367431640625,4.0,1093.0,0.266845703125,59.95974382433669,0.5558125,1.024,0.6862015085167538,0.14345624269270568,0.49682305912055547,0.35760628959621404,0.06949285955245699,0.9350226054042687,4.0,2.0,0.6426971164269711,0.3579382002353668,0.19007143378257751,0.2780090570449829,0.17398123443126678,1.0,7.0,0.0,0.0,0.7943013161420822,0.734619140625,0.231689453125,0.46044921875,0.0,0.12646484375,0.614990234375,0.908447265625,0.176025390625,0.215087890625,0.59326171875,0.796875,0.40625,0.510009765625,0.934326171875,0.977294921875,0.998779296875
be90217f11758a14,07_arasaac_pictograms,ARASAAC Pictograms,play computer games,verb; video game,icon_data/normalized_256/07_arasaac_pictograms/10162__be90217f1175.png,0.4723663330078125,0.038421630859375,1.0,754.0,0.18408203125,86.91777188328912,0.5620268332092736,0.902834008097166,0.7250477205391542,0.0913377328781622,0.2794263514630517,0.3151924547540148,0.04496559744161256,0.9569693035333395,1.0,0.0,0.7354429477585347,0.3455222547054291,0.10201389342546463,0.42961549758911133,0.12284837663173676,0.0,84.0,0.47906893491744995,0.3964042376436107,0.6810595393180847,0.6865234375,0.9375,0.510009765625,0.0,0.734375,1.0,0.54638671875,0.0,0.176025390625,0.51513671875,0.597900390625,0.360595703125,0.0,0.5224609375,0.33349609375,0.637451171875
beb01358e580a3dd,06_blissymbolics,Blissymbolics,airplane,Blissymbolics char,icon_data/normalized_256/06_blissymbolics/airplane_7b64f539fb71__beb01358e580.png,0.4296875,0.01263427734375,1.0,376.0,0.091796875,174.29787234042553,1.0,0.4296875,1.0,0.0,1.0,1.0,0.02599431818181818,0.9746642669251003,1.0,0.0,0.8278457196613358,0.23190391063690186,0.2962518036365509,0.17476363480091095,0.29708072543144226,1.0,8.0,0.0,0.0,0.0813702940940857,0.0,0.859375,0.859375,0.0,0.0,0.859375,0.859375,0.0,0.0,0.859375,0.859375,0.0,0.0,0.859375,0.859375,0.0
bee446dc2d4c2aad,05_mulberry_symbols,Mulberry Symbols,Christmas cake,iconsets,icon_data/normalized_256/05_mulberry_symbols/christmas_cake__bee446dc2d4c.png,0.2178802490234375,0.0482940673828125,1.0,1516.0,0.3701171875,43.229551451187334,0.3365148944193062,1.1510416666666667,0.39011529424621605,0.05058128210973424,0.8815390697061536,0.33348898020171835,0.24455494082218643,0.8035000844071802,1.0,5.0,1.0,0.4536582827568054,0.17933326959609985,0.18954329192638397,0.17746511101722717,0.0,31.0,0.17236512899398804,0.1643735575019829,0.7177306115627289,0.066650390625,0.19189453125,0.177734375,0.063720703125,0.20751953125,0.610595703125,0.6220703125,0.20751953125,0.24365234375,0.2431640625,0.246826171875,0.240966796875,0.059814453125,0.122802734375,0.123046875,0.05810546875
bef06f496dedc04c,07_arasaac_pictograms,ARASAAC Pictograms,cut the bread,verb; ultra-processed food,icon_data/normalized_256/07_arasaac_pictograms/10149__bef06f496ded.png,0.4268646240234375,0.0409088134765625,1.0,682.0,0.16650390625,96.09384164222874,0.4921710063335679,1.0560344827586208,0.6735121340523883,0.059043104469820466,0.48961661341853036,0.49479027518033664,0.0470420017873101,0.9550715236762145,1.0,0.0,0.7265667610316079,0.21403725445270538,0.3732209801673889,0.3185102939605713,0.09423145651817322,0.0,29.0,0.24721544981002808,0.2190957476515415,0.29919326305389404,0.3828125,0.246826171875,0.0078125,0.323974609375,0.3603515625,0.455078125,0.647216796875,0.58349609375,0.72021484375,1.0,0.928466796875,0.374755859375,0.35986328125,0.4228515625,0.01611328125,0.0
bf3dc9f7d43e8167,09_universal_symbols_healthcare_webfont,Universal Symbols Healthcare Webfont,i health services,healthcare wayfinding,icon_data/normalized_256/09_universal_symbols_healthcare_webfont/i_health_services__bf3dc9f7d43e.png,0.567169189453125,0.014923095703125,1.0,688.0,0.16796875,95.25581395348837,0.5853174603174603,1.0,0.7629388643151099,0.00017454427522935772,0.998816949881695,0.9992469879518072,0.02728006456820016,0.9734443746071653,1.0,0.0,0.8208559692593084,0.48144498467445374,0.017503971233963966,0.48217228055000305,0.018878791481256485,1.0,7.0,0.0,0.0,0.8974095731973648,0.0,0.677490234375,0.67919921875,0.0,0.677734375,0.911376953125,0.91162109375,0.67822265625,0.67919921875,0.91162109375,0.912109375,0.67919921875,0.0,0.677734375,0.67919921875,0.0
bf6bb12d6272bd03,09_universal_symbols_healthcare_webfont,Universal Symbols Healthcare Webfont,cath lab,healthcare wayfinding,icon_data/normalized_256/09_universal_symbols_healthcare_webfont/cath_lab__bf6bb12d6272.png,0.8626556396484375,0.0277252197265625,1.0,1078.0,0.26318359375,60.79406307977737,0.8626556396484375,1.0,0.8780226436192518,0.023081114930328606,0.8341822664893099,0.8920682730923695,0.04835942336605643,0.9538713323997368,1.0,4.0,1.0,0.5142907500267029,0.10824816673994064,0.23919983208179474,0.13826122879981995,1.0,7.0,0.0,0.0,0.8784573748707771,0.95458984375,0.930419921875,0.798095703125,0.953369140625,0.958740234375,0.90087890625,0.881591796875,0.88134765625,0.875244140625,0.791015625,0.75927734375,0.771728515625,0.958740234375,0.92822265625,0.674072265625,0.78515625
bf862718e3a648de,01_mcdougall_symbol_icon_set,McDougall Symbol/Icon Set,Fast,,icon_data/normalized_256/01_mcdougall_symbol_icon_set/mcdougall_090__bf862718e3a6.png,0.115631103515625,0.01171875,1.0,430.0,0.10498046875,152.4093023255814,0.444405348346235,0.7891156462585034,0.6840276210678341,0.008555640110422409,0.5386802030456853,0.4970367443698143,0.110055423594616,0.9008559201141226,1.0,2.0,1.0,0.20127438008785248,0.3466217517852783,0.28011345863342285,0.17199043929576874,0.0,4.0,0.11024580150842667,0.006365962125163598,0.8554984927177429,0.0,0.020751953125,0.0,0.0,0.0,0.522216796875,0.40966796875,0.0,0.0,0.3896484375,0.486572265625,0.0,0.0,0.011474609375,0.009765625,0.0
bf9857071daccae9,09_universal_symbols_healthcare_webfont,Universal Symbols Healthcare Webfont,chapel,healthcare wayfinding,icon_data/normalized_256/09_universal_symbols_healthcare_webfont/chapel__bf9857071dac.png,0.816162109375,0.021728515625,2.0,646.0,0.15771484375,101.44891640866874,0.816162109375,1.0,0.8309719115088242,0.03697652722462734,0.9781796664077813,0.7193185470909675,0.035671552497756505,0.9655570799335692,2.0,1.0,0.7779846404468234,0.2759171724319458,0.13011886179447174,0.46530798077583313,0.12865589559078217,1.0,7.0,0.0,0.0,0.9216002970933914,0.949951171875,0.953125,0.941650390625,0.939697265625,1.0,0.789306640625,0.764892578125,1.0,0.97119140625,0.314697265625,0.298828125,0.956787109375,0.938720703125,0.66259765625,0.66259765625,0.91455078125
bfa75bdcad51ef35,06_blissymbolics,Blissymbolics,animal bovine,Blissymbolics char,icon_data/normalized_256/06_blissymbolics/animal_bovine_4f4dcc862811__bfa75bdcad51.png,0.4296875,0.0126800537109375,1.0,376.0,0.091796875,174.29787234042553,1.0,0.4296875,1.0,0.0,1.0,1.0,0.02599431818181818,0.9746642669251003,1.0,0.0,0.8278457196613358,0.24118737876415253,0.33376258611679077,0.09060719609260559,0.3344429135322571,1.0,8.0,0.0,0.0,0.07937014102935791,0.0,0.859375,0.859375,0.0,0.0,0.859375,0.859375,0.0,0.0,0.859375,0.859375,0.0,0.0,0.859375,0.859375,0.0
bfae58f1fddea6ca,06_blissymbolics,Blissymbolics,ago,Blissymbolics char,icon_data/normalized_256/06_blissymbolics/ago_f84888448dc3__bfae58f1fdde.png,0.09375,0.00238037109375,1.0,376.0,0.091796875,174.29787234042553,1.0,0.09375,1.0,0.0,1.0,1.0,0.09114583333333333,0.9164677804295943,1.0,0.0,0.5783132530120483,0.03607384115457535,0.27551278471946716,0.41143837571144104,0.27697500586509705,1.0,8.0,0.0,0.0,0.059711992740631104,0.0,0.1875,0.1875,0.0,0.0,0.1875,0.1875,0.0,0.0,0.1875,0.1875,0.0,0.0,0.1875,0.1875,0.0
c0729f03c2fb10c0,13_usp_pictograms_manual,USP Pictograms,68,medication instruction,icon_data/normalized_256/13_usp_pictograms_manual/68__c0729f03c2fb.png,0.83203125,0.0526885986328125,1.0,376.0,0.091796875,174.29787234042553,1.0,0.83203125,1.0,0.002772967769359,0.9906542056074766,1.0,0.017202171361502348,0.9830887390473443,1.0,0.0,0.8790301779726593,0.39361071586608887,0.10797157138586044,0.39605337381362915,0.10236427932977676,1.0,8.0,0.0,0.0,0.20959943532943726,0.671875,1.0,1.0,0.65625,0.671875,1.0,1.0,0.65625,0.671875,1.0,1.0,0.65625,0.671875,1.0,1.0,0.65625
c083fe1a331cc852,03_mapbox_maki_icons,Mapbox Maki,fence,cartography / point of interest,icon_data/normalized_256/03_mapbox_maki_icons/fence__c083fe1a331c.png,0.5909423828125,0.02349853515625,1.0,664.0,0.162109375,98.6987951807229,0.8675627240143369,1.2903225806451613,0.9282392982119745,0.037170713590011305,1.0,0.8617440630708586,0.02964263581904565,0.9712107533353396,1.0,0.0,0.8083152446151278,0.05315782129764557,0.10483505576848984,0.7371720671653748,0.10483506321907043,1.0,7.0,0.0,0.0,0.521669864654541,0.302978515625,0.52099609375,0.52099609375,0.302978515625,0.71533203125,1.0,1.0,0.71533203125,0.71484375,1.0,1.0,0.71484375,0.17236328125,0.301025390625,0.301025390625,0.17236328125
c0bca04634f803ce,05_mulberry_symbols,Mulberry Symbols,Boxing Day,iconsets,icon_data/normalized_256/05_mulberry_symbols/boxing_day__c0bca04634f8.png,0.151336669921875,0.0308074951171875,7.0,1141.0,0.278564453125,57.437335670464506,0.2070045082651528,1.0660377358490567,0.3126142595978062,0.14564653138128938,0.26360045865715376,0.14951321279554938,0.26497277676951,0.7905308464849354,7.0,11.0,1.0,0.4519580602645874,0.16742096841335297,0.1778324544429779,0.20278847217559814,0.0,47.0,0.29227444529533386,0.3795829633051485,0.6088858842849731,0.0,0.0,0.2431640625,0.32763671875,0.0,0.082275390625,0.28955078125,0.15625,0.13916015625,0.241943359375,0.346923828125,0.081298828125,0.10595703125,0.150146484375,0.173828125,0.083251953125
c0dd79f9687dde74,13_usp_pictograms_manual,USP Pictograms,26,medication instruction,icon_data/normalized_256/13_usp_pictograms_manual/26__c0dd79f9687d.png,0.5390625,0.0609588623046875,1.0,376.0,0.091796875,174.29787234042553,1.0,1.855072463768116,1.0,0.0,1.0,1.0,0.022305253623188404,0.9781814154391405,1.0,0.0,0.8485780169100692,0.4625246226787567,0.1143266037106514,0.3041453957557678,0.11900334805250168,1.0,8.0,0.0,0.0,0.20781046152114868,0.078125,0.078125,0.078125,0.078125,1.0,1.0,1.0,1.0,1.0,1.0,1.0,1.0,0.078125,0.078125,0.078125,0.078125
c10e5b19a56b94e6,07_arasaac_pictograms,ARASAAC Pictograms,ring,verb; building facility,icon_data/normalized_256/07_arasaac_pictograms/10171__c10e5b19a56b.png,0.33050537109375,0.04150390625,2.0,697.0,0.170166015625,94.025824964132,0.4024900120784168,1.0262008733624455,0.6716383199739531,0.19051191127185144,0.28477371137078117,0.2751677852348993,0.061218836565096954,0.9423127120856173,2.0,1.0,0.6712532539977686,0.18081064522266388,0.0700821503996849,0.5742608904838562,0.17484630644321442,0.0,21.0,0.05529671162366867,0.05452508058077564,0.23510664701461792,0.057373046875,0.380615234375,0.349365234375,0.0,0.080810546875,0.59375,0.578125,0.0,0.0,0.1787109375,0.915283203125,0.43994140625,0.0,0.07958984375,0.8486328125,0.785888671875
c133c064a2ef2993,01_mcdougall_symbol_icon_set,McDougall Symbol/Icon Set,Air vent - right and left outlets,,icon_data/normalized_256/01_mcdougall_symbol_icon_set/mcdougall_005__c133c064a2ef.png,0.0716552734375,0.018035888671875,6.0,502.0,0.12255859375,130.54980079681275,0.39277350284376045,0.8032786885245902,0.4565206824478686,0.004665997569261657,0.8912605718888441,0.834375,0.26277683134582625,0.7919055649241147,6.0,0.0,0.32235035694673253,0.3928792178630829,0.1766476035118103,0.2585945129394531,0.17187872529029846,0.0,4.0,0.10557141900062561,0.006913253828509588,0.8351906985044479,0.0,0.0,0.0,0.0,0.0,0.29638671875,0.295654296875,0.0,0.0,0.2783203125,0.276123046875,0.0,0.0,0.0,0.0,0.0
c1531f2f3b3ce601,03_mapbox_maki_icons,Mapbox Maki,college JP,cartography / point of interest,icon_data/normalized_256/03_mapbox_maki_icons/college_jp__c1531f2f3b3c.png,0.508514404296875,0.01837158203125,1.0,721.0,0.176025390625,90.89597780859917,0.593411680911681,0.975,0.7360632564714198,0.007899042626820943,0.9988004558267858,0.4890974084003575,0.039068595090920005,0.9624003696430634,1.0,1.0,1.0,0.4149543344974518,0.23206087946891785,0.12041942030191422,0.23256541788578033,1.0,7.0,0.0,0.0,0.5944220423698425,0.254150390625,0.57421875,0.57373046875,0.253662109375,0.481201171875,0.9169921875,0.91796875,0.48095703125,0.010986328125,0.8779296875,0.8798828125,0.010986328125,0.246826171875,0.704833984375,0.705322265625,0.24658203125
c1fe10b957ecb8aa,03_mapbox_maki_icons,Mapbox Maki,clothing store,cartography / point of interest,icon_data/normalized_256/03_mapbox_maki_icons/clothing_store__c1fe10b957ec.png,0.539642333984375,0.0102081298828125,1.0,520.0,0.126953125,126.03076923076924,0.715331715210356,1.1650485436893203,0.8703441656720274,0.040205120709720835,0.9993216123014302,0.5763059368871457,0.028049539105355428,0.9727157709444963,1.0,0.0,0.8167290194448293,0.36759471893310547,0.10651344805955887,0.41986820101737976,0.1060236394405365,1.0,7.0,0.0,0.0,0.7529952973127365,0.270263671875,0.468994140625,0.468994140625,0.273193359375,0.858642578125,0.998046875,0.998046875,0.858642578125,0.076904296875,1.0,1.0,0.076904296875,0.037353515625,0.60546875,0.60546875,0.037353515625
c27fd1be1f63bdd2,05_mulberry_symbols,Mulberry Symbols,Earth outer core,iconsets,icon_data/normalized_256/05_mulberry_symbols/earth_outer_core__c27fd1be1f63.png,0.5793914794921875,0.043975830078125,1.0,661.0,0.161376953125,99.14674735249622,0.7774410843348826,1.0,0.9471675521963631,0.008625558616766728,0.948429802955665,0.9431451819251829,0.029812225119169894,0.9710508145155103,1.0,1.0,1.0,0.19595025479793549,0.22636641561985016,0.355381041765213,0.2223023623228073,0.0,62.0,0.5304608345031738,0.5826126759240223,0.5351828932762146,0.0888671875,0.4736328125,0.61083984375,0.14990234375,0.6259765625,1.0,1.0,0.613525390625,0.63134765625,1.0,1.0,0.620361328125,0.097412109375,0.634033203125,0.631103515625,0.09326171875
c2a73fcdac5f1b14,13_usp_pictograms_manual,USP Pictograms,24,medication instruction,icon_data/normalized_256/13_usp_pictograms_manual/24__c2a73fcdac5f.png,0.2075347900390625,0.0410614013671875,12.0,1564.0,0.3818359375,41.90281329923274,0.2075347900390625,1.0,0.26089041490035103,0.08558253882642143,0.2082259927156436,0.11960816595324333,0.3214469524299684,0.7567462304567963,12.0,48.0,1.0,0.3503968119621277,0.24300098419189453,0.24404844641685486,0.1625538468360901,1.0,7.0,0.0,0.0,0.6772823929786682,0.400634765625,0.20263671875,0.0,0.0,0.4580078125,0.27392578125,0.303466796875,0.216552734375,0.0,0.30859375,0.444580078125,0.06298828125,0.0546875,0.14501953125,0.33203125,0.117431640625
c2ffefeef2a9694f,05_mulberry_symbols,Mulberry Symbols,Earth crust,iconsets,icon_data/normalized_256/05_mulberry_symbols/earth_crust__c2ffefeef2a9.png,0.5851593017578125,0.04486083984375,1.0,649.0,0.158447265625,100.97996918335902,0.7746333777723913,0.9955156950672646,0.9378576669112252,0.030667057898630855,0.8593454545454545,0.8344415211671848,0.032334611071996665,0.9686781681780292,1.0,1.0,1.0,0.1940569430589676,0.21802867949008942,0.3537857234477997,0.23412862420082092,0.0,62.0,0.5383288264274597,0.5882274353516467,0.529864490032196,0.080810546875,0.417724609375,0.5166015625,0.198486328125,0.655029296875,0.998046875,1.0,0.530517578125,0.708251953125,1.0,1.0,0.584228515625,0.159912109375,0.726806640625,0.68701171875,0.09912109375
c379e23ac1f927b1,05_mulberry_symbols,Mulberry Symbols,R,iconsets,icon_data/normalized_256/05_mulberry_symbols/r__c379e23ac1f9.png,0.2735748291015625,0.017333984375,1.0,700.0,0.1708984375,93.62285714285714,0.6006767622621281,0.9010989010989011,0.6560310287418357,0.042813359736258196,0.6741992716406761,0.5579596802224539,0.06503430196887723,0.9389368944749934,1.0,1.0,1.0,0.36747312545776367,0.06315823644399643,0.3228357434272766,0.2465328723192215,0.0,16.0,0.5016455054283142,0.0756145228093945,0.7602787762880325,0.0615234375,0.4375,0.38525390625,0.010986328125,0.140625,0.61328125,0.64306640625,0.131591796875,0.140625,0.581787109375,0.681640625,0.023681640625,0.05712890625,0.177734375,0.169189453125,0.12158203125
c44fc9812fde67c2,06_blissymbolics,Blissymbolics,alphabet,Blissymbolics char,icon_data/normalized_256/06_blissymbolics/alphabet_931f3d12290b__c44fc9812fde.png,0.5234375,0.011749267578125,1.0,376.0,0.091796875,174.29787234042553,1.0,0.5234375,1.0,0.0,1.0,1.0,0.02273787313432836,0.9777676433701973,1.0,0.0,0.8460931333859512,0.3331921398639679,0.12345101684331894,0.4237744212150574,0.11958233267068863,1.0,8.0,0.0,0.0,0.06264710426330566,0.046875,1.0,1.0,0.046875,0.046875,1.0,1.0,0.046875,0.046875,1.0,1.0,0.046875,0.046875,1.0,1.0,0.046875
c4a09fba92005581,02_aiga_dot_symbol_signs,AIGA/DOT Symbol Signs,BSicon PASSPORT,,icon_data/normalized_256/02_aiga_dot_symbol_signs/bsicon_passport__c4a09fba9200.png,0.44366455078125,0.04425048828125,5.0,1084.0,0.2646484375,60.457564575645755,0.48956088362068967,0.90625,0.5952585677435205,0.0878516737695718,0.2207061589487384,0.3185198621440232,0.07683312697757601,0.9286489939316512,5.0,0.0,0.6193235068586521,0.28457891941070557,0.22509974241256714,0.3238579034805298,0.16646333038806915,1.0,8.0,0.0,0.0,0.972109466791153,0.63427734375,0.06982421875,0.7998046875,0.179443359375,0.54248046875,0.268798828125,0.6455078125,0.280029296875,0.289794921875,0.4951171875,0.6640625,0.806640625,0.0,0.029296875,0.673095703125,0.720458984375
c51f7cbaacbb516d,03_mapbox_maki_icons,Mapbox Maki,city,cartography / point of interest,icon_data/normalized_256/03_mapbox_maki_icons/city__c51f7cbaacbb.png,0.582916259765625,0.017730712890625,1.0,571.0,0.139404296875,114.77408056042032,0.9002262230181921,1.0,0.9517189835575486,0.045374783059230116,0.9278360920468308,0.8174984537799134,0.026281346526359876,0.9743916747436617,1.0,2.0,1.0,0.3092147409915924,0.10706638544797897,0.5138082504272461,0.06991058588027954,1.0,7.0,0.0,0.0,0.6038802862167358,0.0625,0.59326171875,0.29443359375,0.06201171875,0.605224609375,1.0,0.999267578125,0.605224609375,0.602294921875,0.981201171875,1.0,0.609375,0.340576171875,0.604736328125,0.609375,0.357177734375
c5290415bc5ab0aa,05_mulberry_symbols,Mulberry Symbols,absent,iconsets,icon_data/normalized_256/05_mulberry_symbols/absent__c5290415bc5a.png,0.2893829345703125,0.0223388671875,4.0,814.0,0.19873046875,80.51105651105651,0.5067874512318957,0.7012987012987013,0.6800050198103229,0.015476898461353087,0.667985927880387,0.42540398346486286,0.08141312944898497,0.9247159783509679,4.0,0.0,0.6055816329788932,0.14575962722301483,0.32398778200149536,0.2592516243457794,0.2710008919239044,0.0,58.0,0.5701632499694824,0.5208352844462728,0.4729611277580261,0.064697265625,0.4150390625,0.266845703125,0.0185546875,0.12548828125,0.579833984375,0.63330078125,0.124267578125,0.0,0.721923828125,0.8134765625,0.0576171875,0.0,0.24853515625,0.5400390625,0.0205078125
c5860218ae2b92f3,10_openmoji,OpenMoji,keycap: 3,symbols / keycap,icon_data/normalized_256/10_openmoji/0033_fe0f_20e3__c5860218ae2b.png,0.505126953125,0.0264129638671875,1.0,520.0,0.126953125,126.03076923076924,0.9993962081874169,1.0,1.0,0.0,1.0,1.0,0.02199130014499758,0.9784819106171672,1.0,0.0,0.8503904644471845,0.4611532986164093,0.04277513548731804,0.45288440585136414,0.04318707808852196,0.0,23.0,0.33057698607444763,0.23286421473696375,0.391399085521698,0.1767578125,0.421875,0.421875,0.1767578125,0.421875,1.0,1.0,0.421875,0.421875,1.0,1.0,0.421875,0.1767578125,0.421875,0.421875,0.1767578125
c62734ba3861f412,09_universal_symbols_healthcare_webfont,Universal Symbols Healthcare Webfont,i diabetes education,healthcare wayfinding,icon_data/normalized_256/09_universal_symbols_healthcare_webfont/i_diabetes_education__c62734ba3861.png,0.46942138671875,0.029327392578125,2.0,670.0,0.16357421875,97.81492537313433,0.8230950342465754,1.7534246575342465,0.8470497535725102,0.06969031688278801,0.691630924887276,0.7581437878614699,0.050383565206085036,0.9520331744754595,2.0,18.0,1.0,0.6078029274940491,0.11670377105474472,0.15302187204360962,0.1224714070558548,1.0,7.0,0.0,0.0,0.7964373826980591,0.09375,0.09375,0.09375,0.085205078125,0.99951171875,0.970947265625,0.93310546875,0.586669921875,0.998046875,0.9921875,0.471923828125,0.817626953125,0.13916015625,0.119873046875,0.017822265625,0.097412109375
c64a2fe00bfc7abb,10_openmoji,OpenMoji,keycap: 8,symbols / keycap,icon_data/normalized_256/10_openmoji/0038_fe0f_20e3__c64a2fe00bfc.png,0.505126953125,0.025970458984375,1.0,520.0,0.126953125,126.03076923076924,0.9993962081874169,1.0,1.0,0.0,1.0,1.0,0.02199130014499758,0.9784819106171672,1.0,0.0,0.8503904644471845,0.45770734548568726,0.03513506054878235,0.47225072979927063,0.034906841814517975,0.0,23.0,0.3259090781211853,0.23404734590271298,0.4006812572479248,0.1767578125,0.421875,0.421875,0.1767578125,0.421875,1.0,1.0,0.421875,0.421875,1.0,1.0,0.421875,0.1767578125,0.421875,0.421875,0.1767578125
c686cceaaaee0213,06_blissymbolics,Blissymbolics,bigness,Blissymbolics char,icon_data/normalized_256/06_blissymbolics/bigness_9b33527f6834__c686cceaaaee.png,0.23828125,0.006195068359375,1.0,376.0,0.091796875,174.29787234042553,1.0,0.23828125,1.0,0.002772967769359,0.967741935483871,1.0,0.04059938524590164,0.9609846153846154,1.0,0.0,0.7548337200309357,0.46784648299217224,0.03227834776043892,0.46759679913520813,0.03227834776043892,1.0,8.0,0.0,0.0,0.07752102613449097,0.0,0.484375,0.46875,0.0,0.0,0.484375,0.46875,0.0,0.0,0.484375,0.46875,0.0,0.0,0.484375,0.46875,0.0
c69c6c1810dd8dad,13_usp_pictograms_manual,USP Pictograms,28,medication instruction,icon_data/normalized_256/13_usp_pictograms_manual/28__c69c6c1810dd.png,0.54296875,0.054779052734375,1.0,376.0,0.091796875,174.29787234042553,1.0,1.841726618705036,1.0,0.002772967769359,1.0,0.9857142857142858,0.022200989208633094,0.9782811898608896,1.0,0.0,0.8491790759831997,0.5328671932220459,0.10451405495405197,0.24637258052825928,0.11624623835086823,1.0,8.0,0.0,0.0,0.1990639567375183,0.09375,0.09375,0.09375,0.09375,1.0,1.0,1.0,1.0,1.0,1.0,1.0,1.0,0.078125,0.078125,0.078125,0.078125
c6d431f31b6ec59b,01_mcdougall_symbol_icon_set,McDougall Symbol/Icon Set,Axe,,icon_data/normalized_256/01_mcdougall_symbol_icon_set/mcdougall_015__c6d431f31b6e.png,0.031463623046875,0.007110595703125,1.0,256.0,0.0625,256.0,0.36709987537831584,0.29927007299270075,0.5444224422442244,0.10890441104029394,0.3521311475409836,0.4103967168262654,0.2405431619786615,0.8060985144644254,1.0,1.0,1.0,0.16088159382343292,0.08867649734020233,0.6539030075073242,0.0965389609336853,0.0,4.0,0.10698732733726501,0.006755573840974125,0.8415467441082001,0.0,0.010009765625,0.0068359375,0.0,0.0,0.141357421875,0.1962890625,0.0,0.0,0.0,0.140625,0.0,0.0,0.0,0.00830078125,0.0
c712f8a41903fe28,02_aiga_dot_symbol_signs,AIGA/DOT Symbol Signs,Aiga NoDogs Red,,icon_data/normalized_256/02_aiga_dot_symbol_signs/aiga_nodogs_red__c712f8a41903.png,0.5096588134765625,0.0443878173828125,1.0,1435.0,0.350341796875,45.669686411149826,0.5096588134765625,1.0,0.6567953671749795,0.004461249192352477,0.8320991717404421,0.7996228448275862,0.0784407652465495,0.9272646511757031,1.0,2.0,1.0,0.21451754868030548,0.1545805186033249,0.23557820916175842,0.3953237533569336,0.0,15.0,0.5993415713310242,0.5230626278488749,0.6618689894676208,0.3046875,0.511962890625,0.463134765625,0.282470703125,0.614501953125,0.792724609375,0.69384765625,0.56884765625,0.451904296875,0.642822265625,0.70458984375,0.511962890625,0.281982421875,0.488525390625,0.536376953125,0.30419921875
c717fb6948d4373d,04_ocha_humanitarian_icons,OCHA Humanitarian Icons,computer,iconsets,icon_data/normalized_256/04_ocha_humanitarian_icons/computer__c717fb6948d4.png,0.5643463134765625,0.02667236328125,2.0,973.0,0.237548828125,67.35457348406989,0.5643463134765625,1.0,0.5842027531848014,0.13754893248886405,0.9517150395778364,0.3694090639810427,0.06391780451534405,0.9399222343642787,2.0,3.0,1.0,0.6051331758499146,0.04261930286884308,0.310209184885025,0.042038340121507645,1.0,7.0,0.0,0.0,0.9009612202644348,0.562744140625,0.375,0.375,0.562255859375,0.390625,0.0,0.0,0.390625,0.671875,0.6875,0.6875,0.67041015625,0.88330078125,0.870849609375,1.0,0.90185546875
c76f1030330c1010,11_iso_7010_safety_signs,ISO 7010 Safety Signs,ISO 7010 W005,iconsets,icon_data/normalized_256/11_iso_7010_safety_signs/iso_7010_w005__c76f1030330c.png,0.875,0.04071044921875,1.0,88.0,0.021484375,744.7272727272727,1.0,1.1428571428571428,1.0,0.0,1.0,1.0,0.016741071428571428,0.9835345773874863,1.0,0.0,0.8818897637795275,0.19755826890468597,0.29975950717926025,0.2029593586921692,0.29972293972969055,1.0,8.0,0.0,0.0,0.23816817998886108,0.75,0.75,0.75,0.75,1.0,1.0,1.0,1.0,1.0,1.0,1.0,1.0,0.75,0.75,0.75,0.75
c76fe00c8106821e,07_arasaac_pictograms,ARASAAC Pictograms,let past,verb; road safety,icon_data/normalized_256/07_arasaac_pictograms/10154__c76fe00c8106.png,0.5153045654296875,0.0414886474609375,1.0,1069.0,0.260986328125,61.305893358278766,0.5558097432521396,0.9879032258064516,0.6668443812570345,0.22350651638151423,0.6009765810182991,0.32658993597046,0.05880785289153416,0.9444584277204463,1.0,3.0,1.0,0.20696863532066345,0.21962954103946686,0.4636361300945282,0.10976576805114746,0.0,94.0,0.3230806291103363,0.41037967506444356,0.4675410985946655,0.091064453125,0.534423828125,0.001220703125,0.0,0.004638671875,0.649169921875,0.480712890625,0.420166015625,0.368408203125,0.76416015625,0.711669921875,0.662109375,0.839111328125,0.932861328125,0.927001953125,0.858154296875
c775760930f1a497,05_mulberry_symbols,Mulberry Symbols,Neptune,iconsets,icon_data/normalized_256/05_mulberry_symbols/neptune__c775760930f1.png,0.5875244140625,0.0393218994140625,1.0,544.0,0.1328125,120.47058823529412,0.7848029024499613,1.004524886877828,1.0,0.0036254535489264627,0.9997922509608393,0.9851515776448753,0.023010596301682944,0.9775069814673775,1.0,0.0,0.8445341287945253,0.3626631796360016,0.18510933220386505,0.20131328701972961,0.25091424584388733,0.0,38.0,0.3550458550453186,0.25364521756959396,0.3765222430229187,0.089111328125,0.61767578125,0.617919921875,0.089111328125,0.62548828125,1.0,1.0,0.625732421875,0.631103515625,1.0,1.0,0.631591796875,0.098388671875,0.637939453125,0.637939453125,0.098388671875
c7c869c80e33e3be,01_mcdougall_symbol_icon_set,McDougall Symbol/Icon Set,Centre alig nment,,icon_data/normalized_256/01_mcdougall_symbol_icon_set/mcdougall_034__c7c869c80e33.png,0.0591278076171875,0.0146636962890625,5.0,394.0,0.09619140625,166.33502538071065,0.4363738738738739,0.7207207207207207,0.44594050290580584,0.0038436615162711118,0.9933127572016461,0.8321513002364066,0.1935483870967742,0.8378378378378378,5.0,0.0,0.3924050632911392,0.7890967130661011,0.03373336046934128,0.14538832008838654,0.031781572848558426,0.0,4.0,0.10903242230415344,0.0064565917918050185,0.8509952127933502,0.0,0.0,0.0,0.0,0.0,0.23388671875,0.23291015625,0.0,0.0,0.240234375,0.239013671875,0.0,0.0,0.0,0.0,0.0
c886cf62317f691a,01_mcdougall_symbol_icon_set,McDougall Symbol/Icon Set,Beating process of fabrics,,icon_data/normalized_256/01_mcdougall_symbol_icon_set/mcdougall_018__c886cf62317f.png,0.026580810546875,0.01513671875,3.0,400.0,0.09765625,163.84,0.1722194760257044,0.7142857142857143,0.22872899159663865,0.05558722272652851,0.4185667752442997,0.13190383365821962,0.5878300803673938,0.6297903109182935,3.0,6.0,1.0,0.506966769695282,0.12335626780986786,0.2576499879360199,0.1120268926024437,0.0,4.0,0.0929671972990036,0.00774389951585866,0.7789686024188995,0.0,0.0,0.0,0.0,0.0,0.10302734375,0.087890625,0.0,0.0,0.120361328125,0.114013671875,0.0,0.0,0.0,0.0,0.0
c8e1fa46f71f5718,09_universal_symbols_healthcare_webfont,Universal Symbols Healthcare Webfont,accessibility,healthcare wayfinding,icon_data/normalized_256/09_universal_symbols_healthcare_webfont/accessibility__c8e1fa46f71f.png,0.9324951171875,0.0327606201171875,1.0,802.0,0.19580078125,81.71571072319202,0.9361519607843137,0.99609375,0.9498807053538816,0.00010068402951339161,0.8987727202112785,0.8990677439403356,0.03989396517868831,0.9616365066876476,1.0,2.0,1.0,0.36406806111335754,0.1382094919681549,0.34147393703460693,0.15624850988388062,1.0,7.0,0.0,0.0,0.8980220705270767,0.9677734375,0.79052734375,1.0,0.94384765625,1.0,0.84375,0.96142578125,0.984375,0.92431640625,0.9482421875,0.8818359375,0.963623046875,0.9677734375,0.894775390625,0.927490234375,0.920166015625
c9e4fa22bc2a7d6a,04_ocha_humanitarian_icons,OCHA Humanitarian Icons,church,iconsets,icon_data/normalized_256/04_ocha_humanitarian_icons/church__c9e4fa22bc2a.png,0.43963623046875,0.0274810791015625,5.0,916.0,0.2236328125,71.54585152838428,0.43963623046875,1.0,0.701739003361099,0.22345801142144409,0.9990286546867412,0.2737400530503979,0.07670415104817437,0.9287602346721682,5.0,0.0,0.6197195216381314,0.5414888262748718,0.07172966003417969,0.3148960471153259,0.07188550382852554,1.0,7.0,0.0,0.0,0.8484406024217606,0.0,0.347900390625,0.34765625,0.0,0.0,0.46875,0.468994140625,0.0,0.38232421875,0.89208984375,0.892822265625,0.38330078125,0.615234375,0.8095703125,0.809814453125,0.61572265625
c9eae4ccfb329389,01_mcdougall_symbol_icon_set,McDougall Symbol/Icon Set,Added fabric web width,,icon_data/normalized_256/01_mcdougall_symbol_icon_set/mcdougall_002__c9eae4ccfb32.png,0.032073974609375,0.015960693359375,12.0,571.0,0.139404296875,114.77408056042032,0.12930610236220472,1.0078740157480315,0.16775738228252196,0.008443325715170721,0.8751115075825157,0.5698282300224048,0.6660323501427212,0.6002284408909194,12.0,0.0,0.15802135017290633,0.3498808443546295,0.07921753078699112,0.47891515493392944,0.0919865295290947,0.0,4.0,0.09157059341669083,0.007688487408206257,0.7741542458534241,0.0,0.0,0.0,0.0,0.0,0.108642578125,0.124267578125,0.0,0.0,0.13427734375,0.14599609375,0.0,0.0,0.0,0.0,0.0
ca1ceddca66ebf54,10_openmoji,OpenMoji,FREE button,symbols / alphanum,icon_data/normalized_256/10_openmoji/1f193__ca1ceddca66e.png,0.2225799560546875,0.0241241455078125,4.0,1078.0,0.26318359375,60.79406307977737,0.44037555850742666,1.0,0.4498411817312733,0.01024252387331003,0.4614768059312694,0.4431143648595172,0.16274765201892097,0.8600318377454159,4.0,2.0,0.5,0.393071711063385,0.03209784999489784,0.5429142117500305,0.031916145235300064,0.0,23.0,0.5101141929626465,0.391021340748559,0.4113718867301941,0.12158203125,0.22314453125,0.171875,0.10595703125,0.28759765625,0.519775390625,0.13330078125,0.171875,0.171875,0.11279296875,0.614990234375,0.238037109375,0.10791015625,0.203125,0.25439453125,0.123046875
ca23afbda277bc1a,04_ocha_humanitarian_icons,OCHA Humanitarian Icons,deployment,iconsets,icon_data/normalized_256/04_ocha_humanitarian_icons/deployment__ca23afbda277.png,0.38372802734375,0.0258331298828125,3.0,946.0,0.23095703125,69.276955602537,0.38372802734375,1.0,0.5912724536819336,0.11086430477171991,0.2895748935952002,0.2659451296249685,0.07396214410688723,0.9311315165876777,3.0,0.0,0.6282602178475067,0.1233242005109787,0.508624792098999,0.1600814163684845,0.20796962082386017,1.0,7.0,0.0,0.0,0.8874136433005333,0.0,0.000244140625,0.2216796875,0.51318359375,0.02978515625,0.269287109375,0.559814453125,0.68310546875,0.746337890625,0.717041015625,0.60888671875,0.4375,0.387939453125,0.443115234375,0.109619140625,0.412109375
ca282d9b8d67354b,03_mapbox_maki_icons,Mapbox Maki,fire station,cartography / point of interest,icon_data/normalized_256/03_mapbox_maki_icons/fire_station__ca282d9b8d67.png,0.640350341796875,0.020477294921875,1.0,697.0,0.170166015625,94.025824964132,0.7316248256624825,1.00418410041841,0.8876339139355098,0.022437620257833826,0.9980003808798324,0.7529657477025898,0.032645474908259066,0.968386560827026,1.0,1.0,1.0,0.12242364883422852,0.24079447984695435,0.39502206444740295,0.24175982177257538,1.0,7.0,0.0,0.0,0.6505833566188812,0.26171875,0.487060546875,0.48828125,0.261474609375,0.82421875,0.990966796875,0.990966796875,0.8271484375,0.83251953125,0.66064453125,0.663818359375,0.833740234375,0.2490234375,0.813232421875,0.812744140625,0.248046875
ca4e085ad90126ca,05_mulberry_symbols,Mulberry Symbols,IT assistant 2a,iconsets,icon_data/normalized_256/05_mulberry_symbols/it_assistant_2a__ca4e085ad901.png,0.3642578125,0.0314788818359375,2.0,829.0,0.202392578125,79.05428226779252,0.49119341563786006,0.96,0.6829938200961319,0.07837001416695663,0.27856033420813026,0.4595255563707508,0.0719671581769437,0.9328644001563111,2.0,2.0,1.0,0.24200747907161713,0.14804482460021973,0.4723467528820038,0.13760098814964294,0.0,48.0,0.1625395119190216,0.17307493227247808,0.48441755771636963,0.0,0.56494140625,0.1767578125,0.185791015625,0.240966796875,0.94287109375,0.565673828125,0.445556640625,0.45849609375,1.0,0.36962890625,0.0,0.112548828125,0.700439453125,0.064453125,0.0
ca5abe3bb570b6c5,05_mulberry_symbols,Mulberry Symbols,Christmas sock,iconsets,icon_data/normalized_256/05_mulberry_symbols/christmas_sock__ca5abe3bb570.png,0.1945953369140625,0.023651123046875,1.0,526.0,0.12841796875,124.59315589353612,0.4265217391304348,0.5652173913043478,0.6633550065019506,0.12658382849646832,0.4085487077534791,0.3587257617728532,0.08860660236807026,0.9186054887272204,1.0,2.0,1.0,0.08456847071647644,0.3245527744293213,0.2525291442871094,0.3383495807647705,0.0,25.0,0.5974169373512268,0.5798903859648762,0.6829490959644318,0.0,0.06201171875,0.202392578125,0.0,0.0,0.4091796875,0.3662109375,0.0,0.01220703125,0.918701171875,0.333740234375,0.0,0.0,0.298583984375,0.510498046875,0.0
ca7aa1510cf132ea,10_openmoji,OpenMoji,flag: Afghanistan,flags / country-flag,icon_data/normalized_256/10_openmoji/1f1e6_1f1eb__ca7aa1510cf1.png,0.5137939453125,0.033538818359375,1.0,556.0,0.1357421875,117.87050359712231,0.9940954180444025,1.5890410958904109,1.0,0.00013891703625342597,0.9995249406175772,0.9903061827639201,0.030054644808743168,0.9708222811671088,1.0,14.0,1.0,0.4767153263092041,0.06608107686042786,0.3906567692756653,0.06654688715934753,0.0,71.0,0.37139055132865906,0.38242654970811,0.6741833686828613,0.11328125,0.140625,0.140625,0.11328125,0.8125,0.98876953125,0.989013671875,0.8125,0.8125,0.988037109375,0.9892578125,0.8125,0.11328125,0.140625,0.140625,0.11328125
ca814b950d81443f,05_mulberry_symbols,Mulberry Symbols,W,iconsets,icon_data/normalized_256/05_mulberry_symbols/w__ca814b950d81.png,0.360626220703125,0.020294189453125,1.0,871.0,0.212646484375,75.24225028702641,0.543335325762104,1.3131868131868132,0.6691961378373021,0.023577732971028307,0.9394387001477105,0.28438671811314603,0.06752982990606753,0.9367419738406658,1.0,0.0,0.6492500412065271,0.12844251096248627,0.011263211257755756,0.8495705723762512,0.010723691433668137,0.0,16.0,0.49907270073890686,0.07807694228131816,0.7563113421201706,0.25439453125,0.16259765625,0.1787109375,0.24951171875,0.581298828125,0.530029296875,0.539794921875,0.572998046875,0.39990234375,0.645751953125,0.620361328125,0.410888671875,0.09765625,0.21630859375,0.208251953125,0.1015625
caa10031b566259d,13_usp_pictograms_manual,USP Pictograms,19,medication instruction,icon_data/normalized_256/13_usp_pictograms_manual/19__caa10031b566.png,0.7109375,0.057647705078125,1.0,376.0,0.091796875,174.29787234042553,1.0,0.7109375,1.0,0.0,1.0,1.0,0.018801510989010988,0.9815454622061178,1.0,0.0,0.8692537313432837,0.23556514084339142,0.20683911442756653,0.34148749709129333,0.2161082625389099,1.0,8.0,0.0,0.0,0.23738867044448853,0.421875,1.0,1.0,0.421875,0.421875,1.0,1.0,0.421875,0.421875,1.0,1.0,0.421875,0.421875,1.0,1.0,0.421875
cac9afb08dc96b4c,05_mulberry_symbols,Mulberry Symbols,Wii Fit,iconsets,icon_data/normalized_256/05_mulberry_symbols/wii_fit__cac9afb08dc9.png,0.1959075927734375,0.039154052734375,5.0,1456.0,0.35546875,45.010989010989015,0.274443161899876,1.0917874396135265,0.3641288163473674,0.1366203370943209,0.3898029876596666,0.2151239825856521,0.2448788846483371,0.8032909966839767,5.0,5.0,1.0,0.5825769305229187,0.030414344742894173,0.3580491542816162,0.028959523886442184,0.0,19.0,0.059920117259025574,0.009826193949907337,0.600734293460846,0.0,0.0,0.2109375,0.5068359375,0.0615234375,0.1259765625,0.30810546875,0.268310546875,0.216796875,0.248046875,0.225830078125,0.208740234375,0.179443359375,0.200927734375,0.199462890625,0.173583984375
cad61736ae362480,12_iso_15223_medical_device_symbols,ISO 15223 Medical Device Symbols,do not use if package is damaged,medical device label,icon_data/normalized_256/12_iso_15223_medical_device_symbols/do_not_use_if_package_is_damaged__cad61736ae36.png,0.1610260009765625,0.045013427734375,1.0,1321.0,0.322509765625,49.6109008327025,0.2923268698060942,1.0,0.3695416185173513,0.007380995899038876,0.5845345345345345,0.5311955890887986,0.2914810954231024,0.7743047912539438,1.0,6.0,1.0,0.16494761407375336,0.24990008771419525,0.2515157461166382,0.3336365818977356,1.0,7.0,0.0,0.0,0.765838161110878,0.005615234375,0.143798828125,0.14453125,0.005615234375,0.143310546875,0.39794921875,0.236328125,0.143310546875,0.1435546875,0.33544921875,0.4345703125,0.1435546875,0.005615234375,0.143798828125,0.143798828125,0.005615234375
cae05cc3965c36ba,01_mcdougall_symbol_icon_set,McDougall Symbol/Icon Set,Fallout shelter,,icon_data/normalized_256/01_mcdougall_symbol_icon_set/mcdougall_087__cae05cc3965c.png,0.1294708251953125,0.013092041015625,44.0,481.0,0.117431640625,136.24948024948026,0.6479572355861015,0.7185185185185186,0.8256702184595923,0.006366119574643076,0.8184740677239606,0.6245452804901398,0.2826163818503241,0.7796563447578793,44.0,15.0,0.3409090909090909,0.2200789451599121,0.23652957379817963,0.3177100718021393,0.22568151354789734,0.0,4.0,0.10461036115884781,0.007083472076018661,0.8301910907030106,0.0,0.01171875,0.012451171875,0.0,0.0,0.55126953125,0.557861328125,0.0,0.0,0.45361328125,0.471923828125,0.0,0.0,0.00634765625,0.00634765625,0.0
cb06e22875c9a7ef,10_openmoji,OpenMoji,keycap: 9,symbols / keycap,icon_data/normalized_256/10_openmoji/0039_fe0f_20e3__cb06e22875c9.png,0.505157470703125,0.025115966796875,1.0,520.0,0.126953125,126.03076923076924,0.9994565873686753,1.0,1.0,3.0321220700414805e-05,1.0,0.9998791832789659,0.021989971606355345,0.9784831825973872,1.0,0.0,0.8503981505265862,0.4386734068393707,0.04109402000904083,0.48380765318870544,0.03642493858933449,0.0,23.0,0.3362058699131012,0.23237917009938655,0.38409918546676636,0.1767578125,0.421875,0.421875,0.1767578125,0.421875,1.0,1.0,0.421875,0.421875,1.0,1.0,0.421875,0.177001953125,0.421875,0.421875,0.177001953125
cb42c40961b71681,11_iso_7010_safety_signs,ISO 7010 Safety Signs,ISO 7010 W037,iconsets,icon_data/normalized_256/11_iso_7010_safety_signs/iso_7010_w037__cb42c40961b7.png,0.8671875,0.01800537109375,1.0,376.0,0.091796875,174.29787234042553,1.0,1.1531531531531531,1.0,0.0,1.0,1.0,0.01682150900900901,0.9834567730324635,1.0,0.0,0.8813895781637717,0.2792242765426636,0.3234092593193054,0.10842695087194443,0.2889394760131836,1.0,8.0,0.0,0.0,0.23124605417251587,0.734375,0.734375,0.734375,0.734375,1.0,1.0,1.0,1.0,1.0,1.0,1.0,1.0,0.734375,0.734375,0.734375,0.734375
cb5766817ef7b577,03_mapbox_maki_icons,Mapbox Maki,dog park,cartography / point of interest,icon_data/normalized_256/03_mapbox_maki_icons/dog_park__cb5766817ef7.png,0.630706787109375,0.013641357421875,1.0,784.0,0.19140625,83.59183673469387,0.6784073004201681,1.0756302521008403,0.7828409090909091,0.05067663465749205,0.6122791278230683,0.6498622919410849,0.03551555620070644,0.9657025372646139,1.0,0.0,0.7787407212027582,0.11317846924066544,0.09723471105098724,0.4749036133289337,0.31468331813812256,1.0,7.0,0.0,0.0,0.5938763618469238,0.404296875,0.472412109375,0.583984375,0.33935546875,0.609375,0.816650390625,0.932861328125,0.96435546875,0.9013671875,0.88134765625,0.97119140625,0.100830078125,0.763916015625,0.5751953125,0.536865234375,0.2373046875
cb84e329bdddd496,02_aiga_dot_symbol_signs,AIGA/DOT Symbol Signs,Aiga escalator mirror,,icon_data/normalized_256/02_aiga_dot_symbol_signs/aiga_escalator_mirror__cb84e329bddd.png,0.2685089111328125,0.0259246826171875,2.0,508.0,0.1240234375,129.00787401574803,0.40796123707516113,1.3021978021978022,0.7122849625581866,0.036597775861528126,0.16629109225874866,0.18570177211778183,0.05512303233505711,0.947756772768891,2.0,0.0,0.6939701068738415,0.303588330745697,0.06948065757751465,0.09532302618026733,0.5316079258918762,1.0,8.0,0.0,0.0,0.5867909789085388,0.2021484375,0.104736328125,0.15478515625,0.0,0.607177734375,0.87939453125,0.382568359375,0.0,0.0,0.311279296875,0.8681640625,0.398193359375,0.0,0.0,0.195556640625,0.192138671875
cba3c54a651b13c2,02_aiga_dot_symbol_signs,AIGA/DOT Symbol Signs,Aiga carrental,,icon_data/normalized_256/02_aiga_dot_symbol_signs/aiga_carrental__cba3c54a651b.png,0.353851318359375,0.03839111328125,2.0,1066.0,0.26025390625,61.47842401500938,0.5000431257547007,0.7540322580645161,0.5595704892320685,0.05140107639717882,0.7480777928539123,0.3598780273265701,0.08141440275981027,0.9247148895446208,2.0,4.0,1.0,0.42380908131599426,0.17032289505004883,0.2406943440437317,0.16517361998558044,1.0,1.0,0.0,0.0,1.0,0.1416015625,0.798095703125,0.47265625,0.114013671875,0.013671875,0.3818359375,0.252685546875,0.00341796875,0.2841796875,0.66943359375,0.66943359375,0.25439453125,0.307373046875,0.505615234375,0.5205078125,0.272705078125
cba9f9e738878828,03_mapbox_maki_icons,Mapbox Maki,amusement park,cartography / point of interest,icon_data/normalized_256/03_mapbox_maki_icons/amusement_park__cba9f9e73887.png,0.6749267578125,0.0207977294921875,1.0,784.0,0.19140625,83.59183673469387,0.7809322033898305,0.9833333333333333,0.9341696762339226,0.01060257160686891,0.9990960860526078,0.8215962441314554,0.03508771929824561,0.9661016949152542,1.0,8.0,1.0,0.31048521399497986,0.13864868879318237,0.41156381368637085,0.13930228352546692,1.0,7.0,0.0,0.0,0.4469149112701416,0.226806640625,0.801513671875,0.801513671875,0.226318359375,0.76123046875,0.90966796875,0.909423828125,0.7607421875,0.67236328125,0.891357421875,0.892333984375,0.670166015625,0.2626953125,0.875,0.875,0.2626953125
cbf1da703f258668,05_mulberry_symbols,Mulberry Symbols,S,iconsets,icon_data/normalized_256/05_mulberry_symbols/s__cbf1da703f25.png,0.24407958984375,0.0164642333984375,1.0,613.0,0.149658203125,106.91027732463296,0.5710409824360988,0.7925531914893617,0.6746805010755409,0.0133587279075547,0.6971883289124668,0.5826654793707332,0.07514378594648662,0.9301081521107105,1.0,0.0,0.62455099172263,0.4312984347343445,0.12363740056753159,0.18084736168384552,0.264216810464859,0.0,16.0,0.4981134235858917,0.07849444780494658,0.7552018165588379,0.0,0.393798828125,0.386474609375,0.0,0.02490234375,0.712890625,0.49462890625,0.015625,0.056396484375,0.4140625,0.672607421875,0.10546875,0.0,0.304443359375,0.32373046875,0.000244140625
cc8a456f6b0ec3cf,06_blissymbolics,Blissymbolics,apostrophe,Blissymbolics char,icon_data/normalized_256/06_blissymbolics/apostrophe_99b7a1aa29ff__cc8a456f6b0e.png,0.0703125,0.0008392333984375,1.0,376.0,0.091796875,174.29787234042553,1.0,0.0703125,1.0,0.0,1.0,1.0,0.1189236111111111,0.8937160589604345,1.0,0.0,0.5124555160142349,0.13958954811096191,0.22339364886283875,0.38708919286727905,0.24992769956588745,1.0,8.0,0.0,0.0,0.03401249647140503,0.0,0.140625,0.140625,0.0,0.0,0.140625,0.140625,0.0,0.0,0.140625,0.140625,0.0,0.0,0.140625,0.140625,0.0
cd021108f39584de,07_arasaac_pictograms,ARASAAC Pictograms,bowls,sport modality,icon_data/normalized_256/07_arasaac_pictograms/10163__cd021108f395.png,0.9346466064453125,0.07354736328125,1.0,688.0,0.16796875,95.25581395348837,0.9959837398373984,1.016260162601626,1.0,0.002764651195843636,0.9919674796747967,0.9998367560155408,0.016391033908543254,0.9838732993880206,1.0,2.0,1.0,0.23452870547771454,0.24374248087406158,0.3764520287513733,0.14527678489685059,0.0,95.0,0.5647759437561035,0.5892728492897,0.4080228805541992,0.86474609375,0.921875,0.921875,0.87841796875,0.93701171875,1.0,1.0,0.953125,0.9375,1.0,1.0,0.953125,0.8642578125,0.921875,0.921875,0.878662109375
cd5619b633268dc9,10_openmoji,OpenMoji,CL button,symbols / alphanum,icon_data/normalized_256/10_openmoji/1f191__cd5619b63326.png,0.46881103515625,0.01080322265625,1.0,787.0,0.192138671875,83.27318932655655,0.9275449824900375,1.0,0.9381660508717824,0.0033673085670719895,0.9040654437283093,0.9821935483870968,0.040684806665798726,0.9609057359104273,1.0,2.0,1.0,0.4466072916984558,0.03784549608826637,0.4735671579837799,0.0419800840318203,0.0,25.0,0.6474955677986145,0.4556124546359281,0.6276462078094482,0.1767578125,0.421875,0.421875,0.1767578125,0.421875,0.8330078125,0.90966796875,0.421875,0.421875,0.833251953125,0.843017578125,0.421875,0.1767578125,0.421875,0.421875,0.1767578125
cd6253a30ae401c4,01_mcdougall_symbol_icon_set,McDougall Symbol/Icon Set,Blow moulding,,icon_data/normalized_256/01_mcdougall_symbol_icon_set/mcdougall_024__cd6253a30ae4.png,0.0929412841796875,0.0065765380859375,1.0,295.0,0.072021484375,222.15593220338982,0.7607093792931185,0.3248407643312102,0.9066686513843406,0.07375075723619927,0.9466283157558325,0.5522426095820592,0.07190937448694795,0.9329146883136774,1.0,0.0,0.6348097967691506,0.1479491889476776,0.11230545490980148,0.6287950873374939,0.1109502911567688,0.0,4.0,0.11381467431783676,0.00541950669060348,0.871180385351181,0.0,0.03857421875,0.035400390625,0.0,0.0,0.2412109375,0.22314453125,0.0,0.0,0.40625,0.390625,0.0,0.0,0.077392578125,0.074462890625,0.0
cd8791b9983f4f14,09_universal_symbols_healthcare_webfont,Universal Symbols Healthcare Webfont,i internal medicine,healthcare wayfinding,icon_data/normalized_256/09_universal_symbols_healthcare_webfont/i_internal_medicine__cd8791b9983f.png,0.4720458984375,0.0290985107421875,2.0,1246.0,0.30419921875,52.597110754414125,0.6619308456008216,0.7244094488188977,0.8092709341564862,0.11001234511458627,0.8715063520871144,0.4838833461243285,0.08630721489526764,0.9205499018032495,2.0,2.0,1.0,0.31959855556488037,0.11471357196569443,0.4565885663032532,0.10909928381443024,1.0,7.0,0.0,0.0,0.7483248114585876,0.0,0.51904296875,0.470947265625,0.0,0.2509765625,0.703125,0.713623046875,0.22412109375,0.46875,0.741455078125,0.75439453125,0.40625,0.389404296875,0.7646484375,0.803955078125,0.342041015625
cdbf6f4d8199a8ff,10_openmoji,OpenMoji,keycap: *,symbols / keycap,icon_data/normalized_256/10_openmoji/002a_fe0f_20e3__cdbf6f4d8199.png,0.505126953125,0.026641845703125,1.0,520.0,0.126953125,126.03076923076924,0.9993962081874169,1.0,1.0,0.0,1.0,1.0,0.02199130014499758,0.9784819106171672,1.0,0.0,0.8503904644471845,0.44473785161972046,0.04654962196946144,0.4626516103744507,0.046060994267463684,0.0,23.0,0.32490718364715576,0.23391744527610034,0.4028867483139038,0.1767578125,0.421875,0.421875,0.1767578125,0.421875,1.0,1.0,0.421875,0.421875,1.0,1.0,0.421875,0.1767578125,0.421875,0.421875,0.1767578125
cddd255cbebb9d8e,08_ghs_hazard_pictograms,GHS Hazard Pictograms,environment,chemical hazard,icon_data/normalized_256/08_ghs_hazard_pictograms/environment__cddd255cbebb.png,0.49609375,0.0184173583984375,1.0,376.0,0.091796875,174.29787234042553,0.5039370078740157,1.0,1.0,0.0,1.0,1.0,0.03125,0.9696969696969697,1.0,0.0,0.8,0.21888814866542816,0.3586007058620453,0.12774962186813354,0.2947615087032318,0.0,16.0,0.22238345444202423,0.41849680682975393,0.2620553970336914,0.0,0.4921875,0.4921875,0.0,0.4921875,1.0,1.0,0.4921875,0.4921875,1.0,1.0,0.4921875,0.0,0.4921875,0.4921875,0.0
cdfb5a95be06b4cf,07_arasaac_pictograms,ARASAAC Pictograms,sponge cake,baking,icon_data/normalized_256/07_arasaac_pictograms/10234__cdfb5a95be06.png,0.47100830078125,0.0425872802734375,2.0,670.0,0.16357421875,97.81492537313433,0.6372682604566663,1.1304347826086956,0.857670774232089,0.08968807602523136,0.9362689750345,0.4724991651958212,0.04127251522612414,0.9603633874681102,2.0,0.0,0.7517778860204579,0.3015822768211365,0.2800959646701813,0.1660079061985016,0.25231385231018066,0.0,30.0,0.3262994885444641,0.2034985037785317,0.22844868898391724,0.2265625,0.575927734375,0.561279296875,0.210693359375,0.764404296875,0.9501953125,0.91259765625,0.78173828125,0.163818359375,0.703125,0.672119140625,0.141357421875,0.0,0.44384765625,0.428466796875,0.0
ce2045d9f501bec1,03_mapbox_maki_icons,Mapbox Maki,circle,cartography / point of interest,icon_data/normalized_256/03_mapbox_maki_icons/circle__ce2045d9f501.png,0.730255126953125,0.01287841796875,1.0,496.0,0.12109375,132.1290322580645,0.8308680555555555,1.0,0.9955172808303951,0.0003901356446227206,0.9989140422688163,0.9984132286621012,0.020059342220736347,0.9803351222909582,1.0,0.0,0.8617163023515431,0.25545382499694824,0.24480007588863373,0.2561618387699127,0.24358423054218292,1.0,7.0,0.0,0.0,0.801948070526123,0.25146484375,0.83642578125,0.836181640625,0.25048828125,0.837158203125,1.0,1.0,0.83447265625,0.833984375,1.0,1.0,0.8349609375,0.25048828125,0.83447265625,0.833984375,0.25
ce262294a18e33a8,13_usp_pictograms_manual,USP Pictograms,65,medication instruction,icon_data/normalized_256/13_usp_pictograms_manual/65__ce262294a18e.png,0.83203125,0.0462799072265625,1.0,376.0,0.091796875,174.29787234042553,1.0,0.83203125,1.0,0.002772967769359,0.9906542056074766,1.0,0.017202171361502348,0.9830887390473443,1.0,0.0,0.8790301779726593,0.31017422676086426,0.16012725234031677,0.32301822304725647,0.2066802680492401,1.0,8.0,0.0,0.0,0.2299652099609375,0.671875,1.0,1.0,0.65625,0.671875,1.0,1.0,0.65625,0.671875,1.0,1.0,0.65625,0.671875,1.0,1.0,0.65625
ce58aa96f15b05b1,01_mcdougall_symbol_icon_set,McDougall Symbol/Icon Set,Belt drive,,icon_data/normalized_256/01_mcdougall_symbol_icon_set/mcdougall_019__ce58aa96f15b.png,0.0436553955078125,0.0193634033203125,3.0,508.0,0.1240234375,129.00787401574803,0.2571685393258427,1.404494382022472,0.32099180971614494,0.011725650486650915,0.15269943593875906,0.7121484141232794,0.4683677036001398,0.6810283265889074,3.0,5.0,1.0,0.36773502826690674,0.12164177000522614,0.393761545419693,0.11686157435178757,0.0,4.0,0.10322485119104385,0.007133532474072766,0.824556291103363,0.0,0.0,0.0,0.0,0.0,0.17138671875,0.181884765625,0.0,0.0,0.165283203125,0.179931640625,0.0,0.0,0.0,0.0,0.0
ce7058592b078331,06_blissymbolics,Blissymbolics,barrier contraceptive,Blissymbolics char,icon_data/normalized_256/06_blissymbolics/barrier_contraceptive_7d41e94e393c__ce7058592b07.png,0.6171875,0.0106201171875,1.0,376.0,0.091796875,174.29787234042553,1.0,0.6171875,1.0,0.0,1.0,1.0,0.020470727848101267,0.9799399166585909,1.0,0.0,0.8592794017675051,0.3252372145652771,0.18786734342575073,0.29971393942832947,0.1871814876794815,1.0,8.0,0.0,0.0,0.04778742790222168,0.234375,1.0,1.0,0.234375,0.234375,1.0,1.0,0.234375,0.234375,1.0,1.0,0.234375,0.234375,1.0,1.0,0.234375
ce70d90a77bf5ba9,11_iso_7010_safety_signs,ISO 7010 Safety Signs,ISO 7010 W009,iconsets,icon_data/normalized_256/11_iso_7010_safety_signs/iso_7010_w009__ce70d90a77bf.png,0.875,0.045501708984375,1.0,88.0,0.021484375,744.7272727272727,1.0,1.1428571428571428,1.0,0.0,1.0,1.0,0.016741071428571428,0.9835345773874863,1.0,0.0,0.8818897637795275,0.25673815608024597,0.3123832046985626,0.11847978830337524,0.31239885091781616,1.0,8.0,0.0,0.0,0.23101657629013062,0.75,0.75,0.75,0.75,1.0,1.0,1.0,1.0,1.0,1.0,1.0,1.0,0.75,0.75,0.75,0.75
ce7c0d5d2acaf790,03_mapbox_maki_icons,Mapbox Maki,charging station,cartography / point of interest,icon_data/normalized_256/03_mapbox_maki_icons/charging_station__ce7c0d5d2aca.png,0.3943634033203125,0.0108795166015625,1.0,490.0,0.11962890625,133.74693877551022,0.50478515625,0.78125,0.8278214634615076,0.0003658216765713058,0.6935325339099666,0.6935325339099666,0.038150512671696654,0.9632514628601245,1.0,0.0,0.7661636972697358,0.28131669759750366,0.3992619514465332,0.2510329484939575,0.06838838011026382,1.0,7.0,0.0,0.0,0.6350165903568268,0.0,0.398681640625,0.584228515625,0.0,0.172119140625,0.9580078125,0.76513671875,0.274169921875,0.274169921875,0.76513671875,0.959716796875,0.172119140625,0.0,0.58447265625,0.40185546875,0.0
ceac370adc90a2d5,01_mcdougall_symbol_icon_set,McDougall Symbol/Icon Set,Connect,,icon_data/normalized_256/01_mcdougall_symbol_icon_set/mcdougall_053__ceac370adc90.png,0.03521728515625,0.018707275390625,11.0,373.0,0.091064453125,175.69973190348526,0.1918218085106383,0.734375,0.28465712876171684,0.0693797110265928,0.18846549948506694,0.06261510128913444,0.5944540727902946,0.6271739130434782,11.0,2.0,0.18181818181818182,0.8741401433944702,0.04299910366535187,0.06979840993881226,0.013062376528978348,0.0,4.0,0.09721689671278,0.007517794679800101,0.7978453785181046,0.0,0.0,0.0,0.0,0.0,0.095947265625,0.2685546875,0.0,0.0,0.15625,0.042724609375,0.0,0.0,0.0,0.0,0.0
cf87e7ba473875c5,02_aiga_dot_symbol_signs,AIGA/DOT Symbol Signs,Aiga bus trans,,icon_data/normalized_256/02_aiga_dot_symbol_signs/aiga_bus_trans__cf87e7ba4738.png,0.4187469482421875,0.042755126953125,1.0,1153.0,0.281494140625,56.839549002601906,0.5380980392156862,0.816,0.585519367605799,0.07852385433839568,0.9973071324599709,0.27999067164179103,0.07061910141019567,0.9340390047990198,1.0,4.0,1.0,0.47515663504600525,0.07904008030891418,0.3703068494796753,0.07549652457237244,1.0,1.0,0.0,0.0,1.0,0.23974609375,0.44482421875,0.445068359375,0.24658203125,0.27197265625,0.03125,0.03125,0.27294921875,0.457763671875,0.9609375,0.9609375,0.457763671875,0.42578125,0.513671875,0.513671875,0.42578125
cfb5182dc1998eb7,02_aiga_dot_symbol_signs,AIGA/DOT Symbol Signs,Aiga fire extinguisher,,icon_data/normalized_256/02_aiga_dot_symbol_signs/aiga_fire_extinguisher__cfb5182dc199.png,0.3362274169921875,0.0232696533203125,1.0,544.0,0.1328125,120.47058823529412,0.48820206048521103,0.6941176470588235,0.6546345811051694,0.11305981430015691,0.23210691120554686,0.5905153746210481,0.05082822781937826,0.9516303174260419,1.0,0.0,0.7109211163090821,0.31275153160095215,0.15513506531715393,0.43747586011886597,0.09463755041360855,1.0,8.0,0.0,0.0,0.9892945718020201,0.08984375,0.659912109375,0.4833984375,0.271240234375,0.11962890625,0.996826171875,0.160400390625,0.0,0.125,1.0,0.1875,0.0,0.119873046875,0.984375,0.181640625,0.0
cfe619b95fb327f9,04_ocha_humanitarian_icons,OCHA Humanitarian Icons,environment,iconsets,icon_data/normalized_256/04_ocha_humanitarian_icons/environment__cfe619b95fb3.png,0.50360107421875,0.01739501953125,3.0,649.0,0.158447265625,100.97996918335902,0.50360107421875,1.0,0.7099161109916111,0.2010278330967878,0.6656068634872572,0.2259118936186019,0.04350987759059508,0.9583042973286876,3.0,0.0,0.7417962779825586,0.1841731071472168,0.20475788414478302,0.3924288749694824,0.21864014863967896,1.0,7.0,0.0,0.0,0.9370870068669319,0.97314453125,0.474365234375,0.371826171875,0.97998046875,0.89599609375,0.9892578125,0.760498046875,0.757080078125,0.216064453125,0.721435546875,0.42431640625,0.009765625,0.0,0.02880859375,0.455078125,0.0
d0268aa624c97425,12_iso_15223_medical_device_symbols,ISO 15223 Medical Device Symbols,sterilized using irradiation,medical device label,icon_data/normalized_256/12_iso_15223_medical_device_symbols/sterilized_using_irradiation__d0268aa624c9.png,0.1297454833984375,0.0308685302734375,9.0,1240.0,0.302734375,52.851612903225806,0.3847859534799529,2.9195402298850577,0.390798786653185,0.03444621361569204,0.6279915757227647,0.6604178871314197,0.32717864283194165,0.7534780682321666,9.0,4.0,0.4444444444444444,0.44087281823158264,0.018155625090003014,0.4991726875305176,0.04179881513118744,1.0,7.0,0.0,0.0,0.720506489276886,0.0,0.0,0.0,0.0,0.289306640625,0.29541015625,0.24853515625,0.220703125,0.255859375,0.274658203125,0.28076171875,0.210693359375,0.0,0.0,0.0,0.0
d02c52a39160157d,01_mcdougall_symbol_icon_set,McDougall Symbol/Icon Set,Crop,,icon_data/normalized_256/01_mcdougall_symbol_icon_set/mcdougall_057__d02c52a39160.png,0.0657501220703125,0.021484375,5.0,550.0,0.13427734375,119.15636363636364,0.3852136599320579,0.7899159663865546,0.4724003727457107,0.041503086051605555,0.5008707767328457,0.34782608695652173,0.28034346716175446,0.7810404205183977,5.0,0.0,0.3083804480068704,0.5463129878044128,0.006007745862007141,0.43649351596832275,0.011185670271515846,0.0,4.0,0.10322482883930206,0.0070633851601286275,0.8253374099731445,0.0,0.0,0.0,0.0,0.0,0.29638671875,0.18408203125,0.0,0.0,0.264404296875,0.30712890625,0.0,0.0,0.0,0.0,0.0
d09cc374bed0bf4a,06_blissymbolics,Blissymbolics,bar,Blissymbolics char,icon_data/normalized_256/06_blissymbolics/bar_217dea7542ea__d09cc374bed0.png,0.4296875,0.0096435546875,1.0,376.0,0.091796875,174.29787234042553,1.0,0.4296875,1.0,0.0,1.0,1.0,0.02599431818181818,0.9746642669251003,1.0,0.0,0.8278457196613358,0.49498268961906433,0.13496842980384827,0.23505665361881256,0.13499228656291962,1.0,8.0,0.0,0.0,0.08806055784225464,0.0,0.859375,0.859375,0.0,0.0,0.859375,0.859375,0.0,0.0,0.859375,0.859375,0.0,0.0,0.859375,0.859375,0.0
d0c0ab7c7e910d84,03_mapbox_maki_icons,Mapbox Maki,castle,cartography / point of interest,icon_data/normalized_256/03_mapbox_maki_icons/castle__d0c0ab7c7e91.png,0.6375732421875,0.015655517578125,1.0,544.0,0.1328125,120.47058823529412,0.680078125,0.9375,0.7952041107622039,0.014694105480119925,0.9994257823715188,0.7778912432984427,0.03096879188206012,0.9699614652490831,1.0,1.0,1.0,0.3559267520904541,0.0526047945022583,0.5386273860931396,0.052841123193502426,1.0,7.0,0.0,0.0,0.6856353580951691,0.341064453125,1.0,1.0,0.341064453125,0.133056640625,0.99755859375,0.99755859375,0.13134765625,0.30712890625,0.923095703125,0.923828125,0.306640625,0.559814453125,0.839599609375,0.839599609375,0.559814453125
d138c4c104f3a785,04_ocha_humanitarian_icons,OCHA Humanitarian Icons,bridge destroyed,iconsets,icon_data/normalized_256/04_ocha_humanitarian_icons/bridge_destroyed__d138c4c104f3.png,0.44134521484375,0.00390625,2.0,655.0,0.159912109375,100.05496183206107,0.44134521484375,1.0,0.583674704873373,0.13931804013657048,0.5357332483805883,0.2330647567890182,0.05953533397870281,0.9438099588853358,2.0,1.0,0.6773770491803278,0.29790058732032776,0.2138531506061554,0.27550479769706726,0.21274146437644958,1.0,7.0,0.0,0.0,0.9132887795567513,0.77197265625,0.529541015625,0.0,0.0,0.545166015625,0.31884765625,0.015625,0.015625,0.8388671875,0.838623046875,0.8388671875,0.838623046875,0.37744140625,0.37744140625,0.37744140625,0.37744140625
d15f06894cecabac,05_mulberry_symbols,Mulberry Symbols,Christmas wreath,iconsets,icon_data/normalized_256/05_mulberry_symbols/christmas_wreath__d15f06894cec.png,0.310028076171875,0.0623931884765625,1.0,1411.0,0.344482421875,46.44649184975195,0.4735799361350022,0.8325991189427313,0.6473586949595361,0.027320385638273808,0.8619868035190615,0.5326242739684695,0.22216753617482035,0.8182184278350515,1.0,19.0,1.0,0.2924714982509613,0.22643588483333588,0.25938695669174194,0.22170569002628326,0.0,42.0,0.2742736339569092,0.4027315775147193,0.6679326593875885,0.0,0.20166015625,0.20068359375,0.0,0.09130859375,0.837646484375,0.847900390625,0.0869140625,0.233154296875,0.791748046875,0.8037109375,0.227294921875,0.004150390625,0.35595703125,0.275390625,0.0029296875
d166e71133e07068,02_aiga_dot_symbol_signs,AIGA/DOT Symbol Signs,Aiga hotelinformation,,icon_data/normalized_256/02_aiga_dot_symbol_signs/aiga_hotelinformation__d166e71133e0.png,0.4572601318359375,0.0607452392578125,5.0,1027.0,0.250732421875,63.81304771178189,0.4996498599439776,0.9444444444444444,0.6200689034420683,0.06568818585296726,0.8672191413795252,0.2978345604157644,0.07134514632762706,0.9334060115246846,5.0,0.0,0.6366340209470799,0.3751588463783264,0.15020491182804108,0.3528751730918884,0.12176105380058289,1.0,8.0,0.0,0.0,0.8545842170715332,0.0,0.682373046875,0.669189453125,0.0,0.187744140625,0.51904296875,0.48486328125,0.0,0.6748046875,0.7216796875,0.828125,0.633056640625,0.551513671875,0.40625,0.40625,0.55126953125
d16a5611563a0245,01_mcdougall_symbol_icon_set,McDougall Symbol/Icon Set,External honing,,icon_data/normalized_256/01_mcdougall_symbol_icon_set/mcdougall_086__d16a5611563a.png,0.0802459716796875,0.03021240234375,31.0,706.0,0.17236328125,92.8271954674221,0.3082107484029772,0.7483443708609272,0.3412054758969701,0.010009859892897727,0.7736930860033727,0.30853446130878326,0.45598022437725805,0.6868225153454356,31.0,3.0,0.21515362271406946,0.6565828323364258,0.005965991877019405,0.33298394083976746,0.004467308055609465,0.0,4.0,0.0997949093580246,0.0073096895676220556,0.8101001381874084,0.0,0.010986328125,0.014404296875,0.0,0.0,0.307861328125,0.311767578125,0.0,0.0,0.317138671875,0.299560546875,0.0,0.0,0.012451171875,0.009765625,0.0
d176e3613fd2e8ca,12_iso_15223_medical_device_symbols,ISO 15223 Medical Device Symbols,udi,medical device label,icon_data/normalized_256/12_iso_15223_medical_device_symbols/udi__d176e3613fd2.png,0.186737060546875,0.032318115234375,4.0,1369.0,0.334228515625,47.87143900657414,0.3981391111978658,1.5460992907801419,0.40283080974325214,0.007796979614327488,0.6842829617396091,0.8581840267233526,0.19137113907501227,0.8393689986282579,4.0,2.0,0.5,0.4838440418243408,0.02396341785788536,0.46552225947380066,0.026670310646295547,1.0,7.0,0.0,0.0,0.8196603953838348,0.076904296875,0.109375,0.109375,0.076904296875,0.274658203125,0.259521484375,0.3212890625,0.274658203125,0.2412109375,0.333251953125,0.31689453125,0.2744140625,0.06591796875,0.09375,0.09375,0.06591796875
d18991de5335188d,13_usp_pictograms_manual,USP Pictograms,51,medication instruction,icon_data/normalized_256/13_usp_pictograms_manual/51__d18991de5335.png,0.72265625,0.0565948486328125,1.0,376.0,0.091796875,174.29787234042553,1.0,0.72265625,1.0,0.002772967769359,0.989247311827957,1.0,0.01862331081081081,0.9817171759048132,1.0,0.0,0.8703322552190532,0.34871113300323486,0.14674325287342072,0.3147975504398346,0.18974806368350983,1.0,8.0,0.0,0.0,0.2481706142425537,0.453125,1.0,1.0,0.4375,0.453125,1.0,1.0,0.4375,0.453125,1.0,1.0,0.4375,0.453125,1.0,1.0,0.4375
d194bf8c78734d43,01_mcdougall_symbol_icon_set,McDougall Symbol/Icon Set,Co-operate,,icon_data/normalized_256/01_mcdougall_symbol_icon_set/mcdougall_046__d194bf8c7873.png,0.100830078125,0.0160064697265625,1.0,448.0,0.109375,146.28571428571428,0.5269537480063796,0.7196969696969697,0.6564021058905334,0.04891046364772929,0.4943464495703302,0.31738437001594894,0.1864406779661017,0.8428571428571429,1.0,19.0,1.0,0.20267674326896667,0.14616484940052032,0.4722645580768585,0.1788938343524933,0.0,4.0,0.10724689811468124,0.006689693504734293,0.8430793583393097,0.0,0.01025390625,0.01025390625,0.0,0.0,0.609619140625,0.3359375,0.0,0.0,0.241455078125,0.40185546875,0.0,0.0,0.003173828125,0.000732421875,0.0
d1ba84dd83f9e198,03_mapbox_maki_icons,Mapbox Maki,aquarium,cartography / point of interest,icon_data/normalized_256/03_mapbox_maki_icons/aquarium__d1ba84dd83f9.png,0.593963623046875,0.0147247314453125,1.0,697.0,0.170166015625,94.025824964132,0.7873381877022654,1.1650485436893203,0.9369035441362297,0.052915680180485626,0.7133676658303623,0.8911723266773551,0.03216359245748343,0.9688386679277217,1.0,1.0,1.0,0.462835431098938,0.1801426112651825,0.23212824761867523,0.1248936727643013,1.0,7.0,0.0,0.0,0.6528202891349792,0.004150390625,0.385009765625,0.60595703125,0.416748046875,0.496826171875,0.995361328125,0.974609375,0.642333984375,0.7822265625,0.95849609375,0.974609375,0.644775390625,0.082275390625,0.518310546875,0.609375,0.412353515625
d1c151bd66a4a9da,13_usp_pictograms_manual,USP Pictograms,71,medication instruction,icon_data/normalized_256/13_usp_pictograms_manual/71__d1c151bd66a4.png,0.78515625,0.058868408203125,1.0,376.0,0.091796875,174.29787234042553,1.0,0.78515625,1.0,0.002772967769359,0.9900990099009901,1.0,0.017762748756218905,0.9825472598816116,1.0,0.0,0.8755785461475633,0.3177756369113922,0.17199499905109406,0.341365247964859,0.16886408627033234,1.0,8.0,0.0,0.0,0.272308349609375,0.578125,1.0,1.0,0.5625,0.578125,1.0,1.0,0.5625,0.578125,1.0,1.0,0.5625,0.578125,1.0,1.0,0.5625
d2c3e451f7bf6056,07_arasaac_pictograms,ARASAAC Pictograms,tell off,verb; disruptive behavior,icon_data/normalized_256/07_arasaac_pictograms/10175__d2c3e451f7bf.png,0.2715606689453125,0.02935791015625,8.0,1228.0,0.2998046875,53.36807817589577,0.3514762516046213,0.8299595141700404,0.40129880379268745,0.045404669092749074,0.5866096104127664,0.4172971251095007,0.15092431308647525,0.8688668652052922,8.0,7.0,0.875,0.26092177629470825,0.13654659688472748,0.4828953444957733,0.11963636428117752,0.0,87.0,0.5532803535461426,0.43695973696184665,0.574705183506012,0.31396484375,0.331787109375,0.1728515625,0.095458984375,0.41552734375,0.263427734375,0.1865234375,0.365966796875,0.4130859375,0.046630859375,0.022705078125,0.41943359375,0.3740234375,0.204345703125,0.275146484375,0.444091796875
d2f44ce71a53d90a,01_mcdougall_symbol_icon_set,McDougall Symbol/Icon Set,Diamond extraction,,icon_data/normalized_256/01_mcdougall_symbol_icon_set/mcdougall_067__d2f44ce71a53.png,0.0429229736328125,0.0172882080078125,1.0,445.0,0.108642578125,147.27191011235956,0.2825999598151497,0.626984126984127,0.5194349552211246,0.001402411319318508,0.7747634069400631,0.8113329040566645,0.4166370423035905,0.7058971141781681,1.0,6.0,1.0,0.11664088070392609,0.20638905465602875,0.4791654646396637,0.19780468940734863,0.0,4.0,0.09694325923919678,0.0075344850174391175,0.796806737780571,0.0,0.0,0.0,0.0,0.0,0.166259765625,0.167724609375,0.0,0.0,0.177001953125,0.17578125,0.0,0.0,0.0,0.0,0.0
d3540cffc32f571d,04_ocha_humanitarian_icons,OCHA Humanitarian Icons,earthquake,iconsets,icon_data/normalized_256/04_ocha_humanitarian_icons/earthquake__d3540cffc32f.png,0.828125,0.01531982421875,1.0,376.0,0.091796875,174.29787234042553,1.0,0.828125,1.0,0.0,1.0,1.0,0.017246462264150945,0.9830459353716853,1.0,0.0,0.8787564766839379,0.008058312349021435,0.4262951612472534,0.21469755470752716,0.3509489893913269,1.0,8.0,0.0,0.0,0.7104952037334442,0.65625,1.0,1.0,0.65625,0.65625,1.0,1.0,0.65625,0.65625,1.0,1.0,0.65625,0.65625,1.0,1.0,0.65625
d37c3d383dc062e1,10_openmoji,OpenMoji,flag: Ascension Island,flags / country-flag,icon_data/normalized_256/10_openmoji/1f1e6_1f1e8__d37c3d383dc0.png,0.494842529296875,0.038482666015625,1.0,874.0,0.21337890625,74.98398169336384,0.9574279641001417,1.5890410958904109,0.9684933552336867,0.013590325418293771,0.9157608695652174,0.9157608695652174,0.05322232500770891,0.9494671507202248,1.0,8.0,1.0,0.5118750929832458,0.07523909211158752,0.33267855644226074,0.08020734041929245,0.0,111.0,0.5918750762939453,0.38142028733874084,0.6690098643302917,0.11328125,0.140625,0.140625,0.11328125,0.695068359375,0.787109375,1.0,0.8125,0.8125,1.0,0.982177734375,0.8125,0.11328125,0.140625,0.140625,0.11328125
d3a0982f1bf0c15d,02_aiga_dot_symbol_signs,AIGA/DOT Symbol Signs,Aiga noparking,,icon_data/normalized_256/02_aiga_dot_symbol_signs/aiga_noparking__d3a0982f1bf0.png,0.5170440673828125,0.0437774658203125,1.0,1330.0,0.32470703125,49.275187969924815,0.5170440673828125,1.0,0.6663258182819275,0.025005143450276292,0.8106764988778454,0.7694516971279374,0.07212630957650878,0.9327259214401717,1.0,2.0,1.0,0.22048327326774597,0.1483161300420761,0.23033982515335083,0.4008607268333435,1.0,8.0,0.0,0.0,0.9449904076755047,0.304443359375,0.6181640625,0.54443359375,0.282470703125,0.499755859375,0.83642578125,0.956787109375,0.464111328125,0.451904296875,0.53515625,0.6611328125,0.511962890625,0.281982421875,0.520263671875,0.49951171875,0.30419921875
d3f467915ab405c8,07_arasaac_pictograms,ARASAAC Pictograms,magic,performing artist; professional artist; show,icon_data/normalized_256/07_arasaac_pictograms/10157__d3f467915ab4.png,0.3313446044921875,0.02728271484375,8.0,1126.0,0.27490234375,58.202486678507995,0.40188403383117727,0.8714859437751004,0.5186414769877475,0.11293941779686462,0.24505475603463103,0.38206466395112015,0.10969376007368178,0.9011495206872224,8.0,5.0,0.625,0.24005430936813354,0.1855783313512802,0.3849182724952698,0.1894490122795105,0.0,38.0,0.1349593847990036,0.20760547493544848,0.7164372205734253,0.027099609375,0.06689453125,0.461669921875,0.0,0.2568359375,0.4833984375,0.82958984375,0.18994140625,0.33447265625,0.440185546875,0.656005859375,0.0,0.488037109375,0.580322265625,0.487060546875,0.0
d4210720f38f1b27,05_mulberry_symbols,Mulberry Symbols,Advent,iconsets,icon_data/normalized_256/05_mulberry_symbols/advent__d4210720f38f.png,0.301544189453125,0.0590667724609375,1.0,1591.0,0.388427734375,41.191703331238216,0.4064582476347182,0.995475113122172,0.5149975243009408,0.09802078705845654,0.7602208960541552,0.3792573981016192,0.21809533448031576,0.8209538052509139,1.0,12.0,1.0,0.20952479541301727,0.18482202291488647,0.4037943482398987,0.201858788728714,0.0,43.0,0.30575162172317505,0.39622897473279617,0.6794578731060028,0.021728515625,0.19921875,0.193359375,0.0146484375,0.064453125,0.5087890625,0.48974609375,0.05859375,0.319580078125,0.82275390625,0.792724609375,0.308349609375,0.139892578125,0.383056640625,0.37353515625,0.13427734375
d4240d07a1e75756,09_universal_symbols_healthcare_webfont,Universal Symbols Healthcare Webfont,i intensive care,healthcare wayfinding,icon_data/normalized_256/09_universal_symbols_healthcare_webfont/i_intensive_care__d4240d07a1e7.png,0.5410919189453125,0.0349884033203125,2.0,1498.0,0.36572265625,43.748998664886514,0.5453524852362205,0.9921875,0.6164932502325258,0.0987947817622208,0.5841411659593477,0.35944029135518496,0.08832238233552353,0.9188453864690488,2.0,2.0,1.0,0.4670671224594116,0.05710703879594803,0.4094288945198059,0.06639693677425385,1.0,7.0,0.0,0.0,0.7333117723464966,0.0,0.29736328125,0.4970703125,0.6728515625,0.224365234375,0.58251953125,0.257080078125,0.321044921875,0.844970703125,0.906005859375,0.953125,0.95263671875,0.6533203125,0.40625,0.40625,0.6826171875
d45d4b57a878fbd9,13_usp_pictograms_manual,USP Pictograms,33,medication instruction,icon_data/normalized_256/13_usp_pictograms_manual/33__d45d4b57a878.png,0.66796875,0.04522705078125,1.0,376.0,0.091796875,174.29787234042553,1.0,0.66796875,1.0,0.002772967769359,0.9883720930232558,1.0,0.019508406432748537,0.9808648890880574,1.0,0.0,0.8650015807777427,0.27413561940193176,0.2228354811668396,0.25752493739128113,0.2455039620399475,1.0,8.0,0.0,0.0,0.2171887755393982,0.34375,1.0,1.0,0.328125,0.34375,1.0,1.0,0.328125,0.34375,1.0,1.0,0.328125,0.34375,1.0,1.0,0.328125
d48fc2007a551e37,06_blissymbolics,Blissymbolics,balloon hot air,Blissymbolics char,icon_data/normalized_256/06_blissymbolics/balloon_hot_air_fd8be2c9f888__d48fc2007a55.png,0.4296875,0.0138702392578125,1.0,376.0,0.091796875,174.29787234042553,1.0,0.4296875,1.0,0.0,1.0,1.0,0.02599431818181818,0.9746642669251003,1.0,0.0,0.8278457196613358,0.30813121795654297,0.19011181592941284,0.3102235496044159,0.19153344631195068,1.0,8.0,0.0,0.0,0.08847171068191528,0.0,0.859375,0.859375,0.0,0.0,0.859375,0.859375,0.0,0.0,0.859375,0.859375,0.0,0.0,0.859375,0.859375,0.0
d49b650b98139110,01_mcdougall_symbol_icon_set,McDougall Symbol/Icon Set,Bridging troops,,icon_data/normalized_256/01_mcdougall_symbol_icon_set/mcdougall_026__d49b650b9813.png,0.016204833984375,0.0121612548828125,2.0,1.0,0.000244140625,65536.0,0.10997204100652376,1.2758620689655173,0.11227402473834443,0.004164001755912125,0.9309090909090909,0.8216123499142367,0.6497175141242938,0.6061643835616438,2.0,0.0,0.16134913400182316,0.9514718651771545,0.033672090619802475,0.0,0.014856081455945969,0.0,4.0,0.09475445002317429,0.007669937507515685,0.7867891490459442,0.0,0.0,0.0,0.0,0.0,0.061279296875,0.06005859375,0.0,0.0,0.069091796875,0.06884765625,0.0,0.0,0.0,0.0,0.0
d4bd83d86acca29e,13_usp_pictograms_manual,USP Pictograms,30,medication instruction,icon_data/normalized_256/13_usp_pictograms_manual/30__d4bd83d86acc.png,0.546875,0.0462646484375,1.0,376.0,0.091796875,174.29787234042553,1.0,1.8285714285714285,1.0,0.0,1.0,1.0,0.022098214285714287,0.9783795588556453,1.0,0.0,0.849772382397572,0.4924375116825104,0.13560649752616882,0.2290736436843872,0.1428823471069336,1.0,8.0,0.0,0.0,0.2212265133857727,0.09375,0.09375,0.09375,0.09375,1.0,1.0,1.0,1.0,1.0,1.0,1.0,1.0,0.09375,0.09375,0.09375,0.09375
d4c6f693f4078d30,01_mcdougall_symbol_icon_set,McDougall Symbol/Icon Set,Creel,,icon_data/normalized_256/01_mcdougall_symbol_icon_set/mcdougall_056__d4c6f693f407.png,0.0435333251953125,0.017303466796875,1.0,490.0,0.11962890625,133.74693877551022,0.40025252525252525,0.7272727272727273,0.4100316182811153,0.001960392460210966,0.8819261213720316,0.823003194888179,0.416403785488959,0.7060133630289532,1.0,12.0,1.0,0.41563698649406433,0.118175208568573,0.35132643580436707,0.11486133188009262,0.0,4.0,0.10207103192806244,0.00716339100118774,0.8209035098552704,0.0,0.0,0.0,0.0,0.0,0.1787109375,0.172119140625,0.0,0.0,0.175048828125,0.170654296875,0.0,0.0,0.0,0.0,0.0
d5402667624ce8d1,09_universal_symbols_healthcare_webfont,Universal Symbols Healthcare Webfont,i mental health,healthcare wayfinding,icon_data/normalized_256/09_universal_symbols_healthcare_webfont/i_mental_health__d5402667624c.png,0.55615234375,0.0321197509765625,3.0,1072.0,0.26171875,61.134328358208954,0.6501141552511416,0.85546875,0.8359728895973577,0.03608673408261085,0.6232297140821235,0.6315129811996419,0.061292800702370503,0.9422470399669097,3.0,4.0,1.0,0.21361470222473145,0.23314668238162994,0.3265627920627594,0.2266758233308792,1.0,7.0,0.0,0.0,0.8369948416948318,0.078369140625,0.693115234375,0.669921875,0.2470703125,0.3837890625,0.837158203125,0.5263671875,0.564453125,0.529296875,1.0,0.927978515625,0.36181640625,0.128662109375,0.794921875,1.0,0.155517578125
d5648b9afa5b48db,06_blissymbolics,Blissymbolics,beard,Blissymbolics char,icon_data/normalized_256/06_blissymbolics/beard_c8dc9f4db4b2__d5648b9afa5b.png,0.4765625,0.0179901123046875,1.0,376.0,0.091796875,174.29787234042553,1.0,0.4765625,1.0,0.0,1.0,1.0,0.02420594262295082,0.976366137301488,1.0,0.0,0.8377682403433477,0.2193092256784439,0.235066220164299,0.29815149307250977,0.2474730908870697,1.0,8.0,0.0,0.0,0.11940330266952515,0.0,0.953125,0.953125,0.0,0.0,0.953125,0.953125,0.0,0.0,0.953125,0.953125,0.0,0.0,0.953125,0.953125,0.0
d5bcbb12e0c2cfc4,03_mapbox_maki_icons,Mapbox Maki,cinema,cartography / point of interest,icon_data/normalized_256/03_mapbox_maki_icons/cinema__d5bcbb12e0c2.png,0.4969940185546875,0.0082855224609375,1.0,571.0,0.139404296875,114.77408056042032,0.772795216741405,1.17989417989418,0.9123018318301496,0.03430312494612975,0.6859568300636679,0.8011944920643699,0.031009179945350157,0.9699234686280933,1.0,1.0,1.0,0.46089380979537964,0.08096617460250854,0.3654370605945587,0.09270291775465012,1.0,7.0,0.0,0.0,0.6364126205444336,0.15966796875,0.40478515625,0.550048828125,0.014404296875,0.59521484375,1.0,0.91162109375,0.18310546875,0.609375,1.0,1.0,0.631591796875,0.194091796875,0.34375,0.3388671875,0.015380859375
d6c71997ec76816f,01_mcdougall_symbol_icon_set,McDougall Symbol/Icon Set,Engage pile- raising roller,,icon_data/normalized_256/01_mcdougall_symbol_icon_set/mcdougall_080__d6c71997ec76.png,0.0478973388671875,0.0215606689453125,4.0,556.0,0.1357421875,117.87050359712231,0.20238555770470665,0.7801418439716312,0.23801941158629056,0.06008462405640228,0.19946503630110815,0.2545963229416467,0.482956355527238,0.6743286788399571,4.0,2.0,0.5,0.3439441919326782,0.09545774012804031,0.44002565741539,0.12057246267795563,0.0,4.0,0.0991753414273262,0.007363105827084606,0.8080196380615234,0.0,0.0,0.008544921875,0.0,0.0,0.135986328125,0.186279296875,0.0,0.0,0.195068359375,0.10986328125,0.0,0.0,0.050048828125,0.08056640625,0.0
d6d03492bf008216,11_iso_7010_safety_signs,ISO 7010 Safety Signs,ISO 7010 W001,iconsets,icon_data/normalized_256/11_iso_7010_safety_signs/iso_7010_w001__d6d03492bf00.png,0.875,0.031951904296875,1.0,88.0,0.021484375,744.7272727272727,1.0,1.1428571428571428,1.0,0.0,1.0,1.0,0.016741071428571428,0.9835345773874863,1.0,0.0,0.8818897637795275,0.2514159083366394,0.3195815086364746,0.10936307907104492,0.31963953375816345,1.0,8.0,0.0,0.0,0.22691327333450317,0.75,0.75,0.75,0.75,1.0,1.0,1.0,1.0,1.0,1.0,1.0,1.0,0.75,0.75,0.75,0.75
d74e97163a1f4662,03_mapbox_maki_icons,Mapbox Maki,airport,cartography / point of interest,icon_data/normalized_256/03_mapbox_maki_icons/airport__d74e97163a1f.png,0.4921722412109375,0.011260986328125,1.0,427.0,0.104248046875,153.480093676815,0.4921722412109375,1.0,0.6461855917942143,0.027723705760421772,0.9854117936722886,0.6445724774384337,0.03881568749031158,0.962634673351837,1.0,0.0,0.7630526838731044,0.5608646869659424,0.10478176921606064,0.23757430911064148,0.09677916765213013,1.0,7.0,0.0,0.0,0.5895794630050659,0.0,0.50537109375,0.50732421875,0.0,0.595703125,0.919677734375,0.939208984375,0.623779296875,0.421142578125,0.627197265625,0.626708984375,0.421142578125,0.026123046875,0.814208984375,0.81884765625,0.0283203125
d763c55e1eec506e,05_mulberry_symbols,Mulberry Symbols,K,iconsets,icon_data/normalized_256/05_mulberry_symbols/k__d763c55e1eec.png,0.24993896484375,0.0174713134765625,1.0,571.0,0.139404296875,114.77408056042032,0.5487804878048781,0.9010989010989011,0.5602969094733962,0.02441216282659853,0.5055147058823529,0.6763893153208475,0.07045177045177045,0.9341850119767309,1.0,0.0,0.6395439637669842,0.15555812418460846,0.2592256963253021,0.34125176072120667,0.24396437406539917,0.0,16.0,0.4985472857952118,0.07841044278499319,0.7553286403417587,0.041015625,0.21875,0.244873046875,0.098876953125,0.09375,0.7353515625,0.58203125,0.0,0.09375,0.64794921875,0.658447265625,0.0380859375,0.0380859375,0.203125,0.16064453125,0.144287109375
d7796777d41886a0,02_aiga_dot_symbol_signs,AIGA/DOT Symbol Signs,Aiga waitingroom,,icon_data/normalized_256/02_aiga_dot_symbol_signs/aiga_waitingroom__d7796777d418.png,0.2874298095703125,0.0292205810546875,4.0,826.0,0.20166015625,79.34140435835351,0.40350877192982454,0.7651821862348178,0.5445478723404256,0.10133698362068672,0.35889482037224063,0.3162602194116414,0.08281573498964803,0.9235181644359465,4.0,0.0,0.6014943960149439,0.25476139783859253,0.1591324806213379,0.40131041407585144,0.18479573726654053,1.0,8.0,0.0,0.0,0.8438773453235626,0.08837890625,0.439208984375,0.569091796875,0.37939453125,0.220703125,0.657470703125,0.08837890625,0.04638671875,0.236328125,0.8125,0.595458984375,0.0,0.0,0.0908203125,0.374755859375,0.0
d7b4dad618fe8c2b,10_openmoji,OpenMoji,keycap: 4,symbols / keycap,icon_data/normalized_256/10_openmoji/0034_fe0f_20e3__d7b4dad618fe.png,0.505126953125,0.0254058837890625,1.0,520.0,0.126953125,126.03076923076924,0.9993962081874169,1.0,1.0,0.0,1.0,1.0,0.02199130014499758,0.9784819106171672,1.0,0.0,0.8503904644471845,0.4515579044818878,0.045655373483896255,0.47599169611930847,0.026794999837875366,0.0,23.0,0.33098047971725464,0.2326376949371725,0.3833983540534973,0.1767578125,0.421875,0.421875,0.1767578125,0.421875,1.0,1.0,0.421875,0.421875,1.0,1.0,0.421875,0.1767578125,0.421875,0.421875,0.1767578125
d7c62f4eefad9e5d,11_iso_7010_safety_signs,ISO 7010 Safety Signs,ISO 7010 W013,iconsets,icon_data/normalized_256/11_iso_7010_safety_signs/iso_7010_w013__d7c62f4eefad.png,0.91015625,0.0355224609375,1.0,376.0,0.091796875,174.29787234042553,1.0,1.0987124463519313,1.0,0.002772967769359,1.0,0.9914529914529915,0.016396190987124463,0.9838683073268895,1.0,0.0,0.8840407872895423,0.2597976326942444,0.3674190640449524,0.04769429937005043,0.3250890374183655,1.0,8.0,0.0,0.0,0.2538357973098755,0.828125,0.828125,0.828125,0.828125,1.0,1.0,1.0,1.0,1.0,1.0,1.0,1.0,0.8125,0.8125,0.8125,0.8125
d7c72455059bc182,13_usp_pictograms_manual,USP Pictograms,56,medication instruction,icon_data/normalized_256/13_usp_pictograms_manual/56__d7c72455059b.png,0.71484375,0.0538787841796875,1.0,376.0,0.091796875,174.29787234042553,1.0,0.71484375,1.0,0.002772967769359,0.9891304347826086,1.0,0.01874146174863388,0.9816033189456481,1.0,0.0,0.8696168696168696,0.24731892347335815,0.207576721906662,0.26392892003059387,0.2811753749847412,1.0,8.0,0.0,0.0,0.21802610158920288,0.4375,1.0,1.0,0.421875,0.4375,1.0,1.0,0.421875,0.4375,1.0,1.0,0.421875,0.4375,1.0,1.0,0.421875
d8304814c8c214ff,02_aiga_dot_symbol_signs,AIGA/DOT Symbol Signs,Aiga rightarrow,,icon_data/normalized_256/02_aiga_dot_symbol_signs/aiga_rightarrow__d8304814c8c2.png,0.3158721923828125,0.0253448486328125,1.0,610.0,0.14892578125,107.43606557377049,0.38112860167541196,1.1971830985915493,0.5892684315399943,0.07800196872037113,0.43637246738828755,0.9599507669002083,0.06144630694169364,0.9421107723114732,1.0,0.0,0.6704343038507626,0.45850899815559387,0.26747655868530273,0.006537904031574726,0.26747655868530273,1.0,1.0,0.0,0.0,1.0,0.0,0.210205078125,0.440673828125,0.0,0.328125,0.328125,0.7587890625,0.4921875,0.3125,0.3125,0.75830078125,0.476806640625,0.0,0.210205078125,0.425537109375,0.0
d879928d5d662c7b,04_ocha_humanitarian_icons,OCHA Humanitarian Icons,airport closed,iconsets,icon_data/normalized_256/04_ocha_humanitarian_icons/airport_closed__d879928d5d66.png,0.330230712890625,0.0254669189453125,4.0,1012.0,0.2470703125,64.7588932806324,0.330230712890625,1.0,0.5387736811969429,0.08607987589830371,0.18094510531485322,0.2543905407755173,0.08659088808797707,0.9203095764585814,4.0,1.0,0.5907626794780805,0.3080424666404724,0.19191622734069824,0.3084941804409027,0.1915471851825714,1.0,7.0,0.0,0.0,0.8584779798984528,0.7158203125,0.456787109375,0.125,0.0,0.470458984375,0.354248046875,0.69091796875,0.044921875,0.06201171875,0.4716796875,0.736572265625,0.46044921875,0.0,0.0419921875,0.650390625,0.00244140625
d8b035da8f412942,11_iso_7010_safety_signs,ISO 7010 Safety Signs,ISO 7010 W034,iconsets,icon_data/normalized_256/11_iso_7010_safety_signs/iso_7010_w034__d8b035da8f41.png,0.8671875,0.01800537109375,1.0,376.0,0.091796875,174.29787234042553,1.0,1.1531531531531531,1.0,0.0,1.0,1.0,0.01682150900900901,0.9834567730324635,1.0,0.0,0.8813895781637717,0.2734958231449127,0.35012903809547424,0.06500910222530365,0.31136608123779297,1.0,8.0,0.0,0.0,0.32175368070602417,0.734375,0.734375,0.734375,0.734375,1.0,1.0,1.0,1.0,1.0,1.0,1.0,1.0,0.734375,0.734375,0.734375,0.734375
d8f8d26e8372db82,01_mcdougall_symbol_icon_set,McDougall Symbol/Icon Set,End of reel,,icon_data/normalized_256/01_mcdougall_symbol_icon_set/mcdougall_079__d8f8d26e8372.png,0.022216796875,0.0141754150390625,1.0,313.0,0.076416015625,209.38019169329073,0.14869281045751634,0.9411764705882353,0.22198505869797225,0.017660136544787867,0.08737864077669903,0.48723186925434114,0.6923076923076923,0.5909090909090909,1.0,1.0,1.0,0.41202792525291443,0.2108311802148819,0.12608768045902252,0.25105324387550354,0.0,4.0,0.08963096886873245,0.007798688298334195,0.7662885636091232,0.0,0.0,0.0,0.0,0.0,0.090087890625,0.124755859375,0.0,0.0,0.097900390625,0.042724609375,0.0,0.0,0.0,0.0,0.0
d90a53fc6a52fc3e,04_ocha_humanitarian_icons,OCHA Humanitarian Icons,dangerous area,iconsets,icon_data/normalized_256/04_ocha_humanitarian_icons/dangerous_area__d90a53fc6a52.png,0.8984375,0.0280914306640625,1.0,376.0,0.091796875,174.29787234042553,1.0,0.8984375,1.0,0.0,1.0,1.0,0.016508152173913042,0.9837599411882644,1.0,0.0,0.8833413346135381,0.2996685802936554,0.23839320242404938,0.23613665997982025,0.2258014976978302,1.0,8.0,0.0,0.0,0.4561488628387451,0.796875,1.0,1.0,0.796875,0.796875,1.0,1.0,0.796875,0.796875,1.0,1.0,0.796875,0.796875,1.0,1.0,0.796875
d9b047269b0168a3,07_arasaac_pictograms,ARASAAC Pictograms,blow out,verb; birthday,icon_data/normalized_256/07_arasaac_pictograms/10179__d9b047269b01.png,0.4842987060546875,0.057373046875,2.0,994.0,0.24267578125,65.93158953722335,0.5309833706962893,0.979757085020243,0.6725575580348155,0.1449239878735035,0.2603844015566675,0.2627411975333201,0.06477834840417153,0.9391625980174582,2.0,7.0,1.0,0.2889012396335602,0.1924709975719452,0.37805041670799255,0.14057737588882446,0.0,69.0,0.5736236572265625,0.47253613965972696,0.48920100927352905,0.580810546875,0.8232421875,0.008056640625,0.0,0.625244140625,0.961181640625,0.1005859375,0.0302734375,0.7548828125,0.135986328125,0.69384765625,0.49853515625,0.765625,0.218994140625,0.8681640625,0.683349609375
d9f590abaff7b509,12_iso_15223_medical_device_symbols,ISO 15223 Medical Device Symbols,md,medical device label,icon_data/normalized_256/12_iso_15223_medical_device_symbols/md__d9f590abaff7.png,0.242279052734375,0.0222930908203125,3.0,1267.0,0.309326171875,51.72533543804262,0.4932587760173967,1.5310344827586206,0.4989629815850669,0.015029341456983774,0.6049732133832002,0.7916948770029338,0.16185917621866733,0.8606895056374675,3.0,2.0,0.6666666666666666,0.42930954694747925,0.021625913679599762,0.5259251594543457,0.023139432072639465,1.0,7.0,0.0,0.0,0.8438310325145721,0.093505859375,0.125,0.125,0.093505859375,0.356689453125,0.481201171875,0.368408203125,0.309814453125,0.318603515625,0.504150390625,0.361083984375,0.305908203125,0.091796875,0.125,0.125,0.091796875
da1cc0b972f266c1,02_aiga_dot_symbol_signs,AIGA/DOT Symbol Signs,Aiga escalator down mirror,,icon_data/normalized_256/02_aiga_dot_symbol_signs/aiga_escalator_down_mirror__da1cc0b972f2.png,0.3419647216796875,0.0254364013671875,3.0,754.0,0.18408203125,86.91777188328912,0.4456175932553885,1.2828282828282829,0.625856989262326,0.043859109354153304,0.26287614110222024,0.24298391569606212,0.062023113649547094,0.9415990924751061,3.0,0.0,0.6683665861441651,0.2977099120616913,0.06686834245920181,0.12317907810211182,0.5122426152229309,1.0,8.0,0.0,0.0,0.6280483305454254,0.19970703125,0.110107421875,0.201416015625,0.0,0.6787109375,0.898193359375,0.4970703125,0.0,0.05224609375,0.441162109375,0.90087890625,0.431884765625,0.00439453125,0.31591796875,0.283447265625,0.456298828125
daa1fde0ba6f8545,04_ocha_humanitarian_icons,OCHA Humanitarian Icons,early recovery,iconsets,icon_data/normalized_256/04_ocha_humanitarian_icons/early_recovery__daa1fde0ba6f.png,0.93359375,0.017822265625,1.0,280.0,0.068359375,234.05714285714285,1.0,1.0711297071129706,1.0,0.002772967769359,1.0,0.9916666666666667,0.016180700836820085,0.9840769453469296,1.0,0.0,0.8853901366056958,0.07128777354955673,0.47488150000572205,0.04157660901546478,0.4122541546821594,1.0,8.0,0.0,0.0,0.2883257269859314,0.875,0.875,0.875,0.875,1.0,1.0,1.0,1.0,1.0,1.0,1.0,1.0,0.859375,0.859375,0.859375,0.859375
daf8ff6405884069,06_blissymbolics,Blissymbolics,aunt,Blissymbolics char,icon_data/normalized_256/06_blissymbolics/aunt_28909cfb89b1__daf8ff640588.png,0.80859375,0.0251922607421875,1.0,280.0,0.068359375,234.05714285714285,1.0,0.80859375,1.0,0.002772967769359,0.9903846153846154,1.0,0.017474335748792272,0.9828257724693052,1.0,0.0,0.8773509933774836,0.18925531208515167,0.35110044479370117,0.1644650548696518,0.29517918825149536,1.0,8.0,0.0,0.0,0.07807368040084839,0.625,1.0,1.0,0.609375,0.625,1.0,1.0,0.609375,0.625,1.0,1.0,0.609375,0.625,1.0,1.0,0.609375
db7e3477d2e2096c,13_usp_pictograms_manual,USP Pictograms,57,medication instruction,icon_data/normalized_256/13_usp_pictograms_manual/57__db7e3477d2e2.png,0.7890625,0.052978515625,1.0,376.0,0.091796875,174.29787234042553,1.0,0.7890625,1.0,0.0,1.0,1.0,0.0177134900990099,0.9825948164475184,1.0,0.0,0.875880758807588,0.374258816242218,0.12714503705501556,0.36833420395851135,0.13026195764541626,1.0,8.0,0.0,0.0,0.3002479672431946,0.578125,1.0,1.0,0.578125,0.578125,1.0,1.0,0.578125,0.578125,1.0,1.0,0.578125,0.578125,1.0,1.0,0.578125
db880bbd1926c28f,10_openmoji,OpenMoji,flag: Czechia,flags / country-flag,icon_data/normalized_256/10_openmoji/1f1e8_1f1ff__db880bbd1926.png,0.3767852783203125,0.0196533203125,1.0,856.0,0.208984375,76.5607476635514,0.7290092111478508,1.5890410958904109,0.7374346722413021,0.09007407770767749,0.755759385665529,0.45870746691871456,0.05183655286923419,0.9507180533631079,1.0,1.0,1.0,0.617235004901886,0.008069408126175404,0.30487295985221863,0.06982266157865524,0.0,60.0,0.5852560997009277,0.5346659554561471,0.6613669097423553,0.11328125,0.140625,0.140625,0.11328125,0.7294921875,0.3837890625,0.062744140625,0.2119140625,0.8125,1.0,1.0,0.8125,0.11328125,0.140625,0.140625,0.11328125
dba059eecacc18fe,07_arasaac_pictograms,ARASAAC Pictograms,cut fingernails,verb; corporal hygiene; hygiene product,icon_data/normalized_256/07_arasaac_pictograms/10152__dba059eecacc.png,0.485198974609375,0.0540924072265625,1.0,604.0,0.1474609375,108.50331125827815,0.6977836295808646,1.3172043010752688,0.8385106270766309,0.16012563085089765,0.4721977869345803,0.41752853067047074,0.03490785583998993,0.9662696000972408,1.0,1.0,1.0,0.34555763006210327,0.1416008174419403,0.26865795254707336,0.24418368935585022,0.0,22.0,0.08242184668779373,0.0520003220789876,0.23986190557479858,0.0,0.0,0.0,0.0,0.474609375,0.695556640625,0.91259765625,0.784912109375,0.813720703125,1.0,0.850341796875,0.275634765625,0.756103515625,0.953125,0.24658203125,0.0
dbacbbee1b8418a3,02_aiga_dot_symbol_signs,AIGA/DOT Symbol Signs,Aiga nursery,,icon_data/normalized_256/02_aiga_dot_symbol_signs/aiga_nursery__dbacbbee1b84.png,0.74609375,0.023040771484375,1.0,208.0,0.05078125,315.0769230769231,1.0,0.74609375,1.0,0.002772967769359,0.9895833333333334,1.0,0.018283704188481676,0.9820445872665193,1.0,0.0,0.8723950899229231,0.18601296842098236,0.3339405953884125,0.14612317085266113,0.33392322063446045,1.0,8.0,0.0,0.0,0.36066126823425293,0.5,1.0,1.0,0.484375,0.5,1.0,1.0,0.484375,0.5,1.0,1.0,0.484375,0.5,1.0,1.0,0.484375
dbada631f89a9400,09_universal_symbols_healthcare_webfont,Universal Symbols Healthcare Webfont,diabetes education,healthcare wayfinding,icon_data/normalized_256/09_universal_symbols_healthcare_webfont/diabetes_education__dbada631f89a.png,0.8259429931640625,0.0338134765625,1.0,946.0,0.23095703125,69.276955602537,0.8259429931640625,1.0,0.8407278262287698,0.023314174394116732,0.8059253327995196,0.8610624033006704,0.04910491603391897,0.9531935125997147,1.0,10.0,1.0,0.516081690788269,0.12022671848535538,0.2352612316608429,0.1284302920103073,1.0,7.0,0.0,0.0,0.8753136843442917,0.9482421875,1.0,1.0,0.95166015625,0.635498046875,0.55908203125,0.6142578125,0.822265625,0.617431640625,0.455078125,0.81982421875,0.8681640625,0.96044921875,1.0,1.0,0.963134765625
dbaf6973f9c41be0,09_universal_symbols_healthcare_webfont,Universal Symbols Healthcare Webfont,i cardiology,healthcare wayfinding,icon_data/normalized_256/09_universal_symbols_healthcare_webfont/i_cardiology__dbaf6973f9c4.png,0.6654052734375,0.0328369140625,2.0,1078.0,0.26318359375,60.79406307977737,0.6759253518507037,1.0,0.9166447707231967,0.11664659062582726,0.8945173342601442,0.47628558854395886,0.05448541552008806,0.9483298538622129,2.0,0.0,0.6964354158681487,0.13352617621421814,0.1778070330619812,0.44230639934539795,0.24636037647724152,1.0,7.0,0.0,0.0,0.8596252351999283,0.779541015625,0.822998046875,0.82177734375,0.805908203125,0.8984375,0.8271484375,0.864990234375,0.8984375,0.39697265625,0.94775390625,0.9072265625,0.4658203125,0.00732421875,0.590576171875,0.601318359375,0.01025390625
dbf6fad42dc662b6,10_openmoji,OpenMoji,A button (blood type),symbols / alphanum,icon_data/normalized_256/10_openmoji/1f170__dbf6fad42dc6.png,0.4411468505859375,0.01080322265625,2.0,796.0,0.1943359375,82.33165829145729,0.8728112546793866,1.0,0.8828055818498275,0.005833579689014618,0.9970297713614699,0.8672737841503585,0.043305316315589225,0.9584921924211782,2.0,1.0,0.7426978703727489,0.4355369210243225,0.048143383115530014,0.4683751165866852,0.047944579273462296,0.0,25.0,0.6442607641220093,0.459149911038142,0.6327681839466095,0.1767578125,0.421875,0.421875,0.1767578125,0.421875,0.8095703125,0.807373046875,0.421875,0.421875,0.679931640625,0.679443359375,0.421875,0.1767578125,0.421875,0.421875,0.1767578125
dc00f37fcd3db2aa,09_universal_symbols_healthcare_webfont,Universal Symbols Healthcare Webfont,i radiology,healthcare wayfinding,icon_data/normalized_256/09_universal_symbols_healthcare_webfont/i_radiology__dc00f37fcd3d.png,0.405731201171875,0.032012939453125,5.0,1360.0,0.33203125,48.188235294117646,0.5675802595628415,0.71484375,0.718687496621439,0.08598029963663759,0.8214823948486094,0.4461304182302714,0.10259496051147048,0.9069513609386725,5.0,3.0,0.6,0.6187838912010193,0.06356904655694962,0.25609472393989563,0.06155234947800636,1.0,7.0,0.0,0.0,0.7141890227794647,0.0,0.3857421875,0.480712890625,0.0,0.182861328125,0.690185546875,0.714111328125,0.236083984375,0.390625,0.56103515625,0.5595703125,0.46875,0.123046875,0.753662109375,0.76416015625,0.18115234375
dc257e448d984cff,12_iso_15223_medical_device_symbols,ISO 15223 Medical Device Symbols,caution,medical device label,icon_data/normalized_256/12_iso_15223_medical_device_symbols/caution__dc257e448d98.png,0.1161651611328125,0.025665283203125,3.0,754.0,0.18408203125,86.91777188328912,0.20761972291916658,1.1573033707865168,0.4081490416834205,0.13968394298184644,0.9981627296587926,0.15470954042165933,0.22435308025745435,0.8167578585988627,3.0,1.0,0.3578042017201673,0.24886807799339294,0.31560903787612915,0.1194520965218544,0.3160708546638489,1.0,7.0,0.0,0.0,0.788881242275238,0.0,0.050048828125,0.050048828125,0.0,0.0,0.269287109375,0.26904296875,0.0,0.09765625,0.193115234375,0.193603515625,0.097412109375,0.134033203125,0.18505859375,0.18505859375,0.13427734375
dc2cc73accbc7db7,09_universal_symbols_healthcare_webfont,Universal Symbols Healthcare Webfont,i neurology,healthcare wayfinding,icon_data/normalized_256/09_universal_symbols_healthcare_webfont/i_neurology__dc2cc73accbc.png,0.5120697021484375,0.039031982421875,1.0,1351.0,0.329833984375,48.50925240562546,0.6173927441312826,0.84251968503937,0.7916445513841218,0.0389142328725522,0.5840925182912438,0.5694977083528201,0.07878661461902917,0.9269673783940557,1.0,7.0,1.0,0.2780476212501526,0.21615758538246155,0.32194772362709045,0.1838470995426178,1.0,7.0,0.0,0.0,0.786263108253479,0.07861328125,0.533935546875,0.580810546875,0.218505859375,0.383056640625,0.67919921875,0.620361328125,0.512939453125,0.51123046875,1.0,0.92138671875,0.3125,0.114990234375,0.772216796875,0.86279296875,0.090576171875
dc37412fd4449826,05_mulberry_symbols,Mulberry Symbols,Z,iconsets,icon_data/normalized_256/05_mulberry_symbols/z__dc37412fd444.png,0.2230682373046875,0.0155029296875,1.0,613.0,0.149658203125,106.91027732463296,0.5427309177309178,0.8131868131868132,0.5733278428142832,0.013929650395027741,0.5229711428273779,0.5124146492861577,0.0699090225049593,0.9346589092769004,1.0,0.0,0.6413248519412152,0.5202129483222961,0.3517867922782898,0.11763900518417358,0.01036127656698227,0.0,16.0,0.49871355295181274,0.07756337464915089,0.7562828958034515,0.0,0.40869140625,0.421875,0.046142578125,0.0,0.18408203125,0.653564453125,0.01123046875,0.0283203125,0.682861328125,0.143310546875,0.013427734375,0.059326171875,0.421875,0.421875,0.072509765625
dc6c0656ce5c1453,06_blissymbolics,Blissymbolics,about,Blissymbolics char,icon_data/normalized_256/06_blissymbolics/about_bec2ac547a1f__dc6c0656ce5c.png,0.14453125,0.00323486328125,1.0,376.0,0.091796875,174.29787234042553,1.0,0.14453125,1.0,0.002772967769359,0.9473684210526315,1.0,0.06186655405405406,0.941737920063631,1.0,0.0,0.6689265536723163,0.030980613082647324,0.4547174274921417,0.05791957303881645,0.4563824534416199,1.0,8.0,0.0,0.0,0.047762274742126465,0.0,0.296875,0.28125,0.0,0.0,0.296875,0.28125,0.0,0.0,0.296875,0.28125,0.0,0.0,0.296875,0.28125,0.0
dc91b82f4ee4bcc8,10_openmoji,OpenMoji,flag: Bhutan,flags / country-flag,icon_data/normalized_256/10_openmoji/1f1e7_1f1f9__dc91b82f4ee4.png,0.501983642578125,0.0326385498046875,1.0,772.0,0.1884765625,84.89119170984456,0.9712446858762399,1.5890410958904109,0.9824697625802599,0.0005200045712131329,0.9562347624427663,0.9578646670237457,0.04024560763572253,0.9613114370872539,1.0,9.0,1.0,0.5609824657440186,0.04778255894780159,0.3538976013660431,0.03733743727207184,0.0,51.0,0.680452823638916,0.5132307417044969,0.49692612886428833,0.11328125,0.140625,0.140625,0.11328125,0.8125,0.9794921875,0.918212890625,0.8125,0.8125,0.910888671875,0.95751953125,0.8125,0.11328125,0.140625,0.140625,0.11328125
dcb740fe58d93d77,05_mulberry_symbols,Mulberry Symbols,DVD player portable,iconsets,icon_data/normalized_256/05_mulberry_symbols/dvd_player_portable__dcb740fe58d9.png,0.5829620361328125,0.04498291015625,1.0,544.0,0.1328125,120.47058823529412,0.6806156806156806,0.9506172839506173,0.9462421517999777,0.06196665514553955,0.6294890386419858,0.6830396475770925,0.02481350608559089,0.9757872959926442,1.0,0.0,0.8343707003865558,0.5247171521186829,0.13467837870121002,0.2895703911781311,0.05103414133191109,1.0,7.0,0.0,0.0,0.6009386777877808,0.0,0.730712890625,0.780517578125,0.51171875,0.000732421875,0.952392578125,1.0,0.677001953125,0.457275390625,1.0,1.0,0.472900390625,0.271728515625,0.580078125,0.8037109375,0.088623046875
dced7e945687618c,04_ocha_humanitarian_icons,OCHA Humanitarian Icons,airport destroyed,iconsets,icon_data/normalized_256/04_ocha_humanitarian_icons/airport_destroyed__dced7e945687.png,0.3441162109375,0.02459716796875,2.0,922.0,0.22509765625,71.08026030368764,0.3441162109375,1.0,0.5614279668401005,0.1056790680496109,0.17232416696990174,0.2415767452103061,0.07857396239801348,0.9271501397796416,2.0,1.0,0.6140274450010891,0.24526065587997437,0.25237709283828735,0.25349193811416626,0.2488703727722168,1.0,7.0,0.0,0.0,0.8751917853951454,0.77197265625,0.52978515625,0.124755859375,0.0,0.529541015625,0.38818359375,0.69091796875,0.044921875,0.06201171875,0.4716796875,0.736572265625,0.46044921875,0.0,0.0419921875,0.650634765625,0.00244140625
dd259e27900bf9f3,02_aiga_dot_symbol_signs,AIGA/DOT Symbol Signs,Aiga bar reduced,,icon_data/normalized_256/02_aiga_dot_symbol_signs/aiga_bar_reduced__dd259e27900b.png,0.38330078125,0.0256500244140625,1.0,658.0,0.16064453125,99.59878419452887,0.39089975413152406,0.9960629921259843,0.4689279247325879,0.16229586373041996,0.8905697298110935,0.4125850531406399,0.058439490445859874,0.9447871220099293,1.0,1.0,1.0,0.30668148398399353,0.22965224087238312,0.23581859469413757,0.22784766554832458,1.0,1.0,0.0,0.0,1.0,0.563720703125,1.0,0.96484375,0.548095703125,0.011962890625,0.704345703125,0.43310546875,0.009521484375,0.0,0.23681640625,0.22119140625,0.0,0.15283203125,0.57421875,0.566162109375,0.14599609375
dd565afcc7ca25e8,06_blissymbolics,Blissymbolics,blissymbol,Blissymbolics char,icon_data/normalized_256/06_blissymbolics/blissymbol_5f26cd184bfc__dd565afcc7ca.png,0.4296875,0.0118560791015625,1.0,376.0,0.091796875,174.29787234042553,1.0,0.4296875,1.0,0.0,1.0,1.0,0.02599431818181818,0.9746642669251003,1.0,0.0,0.8278457196613358,0.5697985887527466,0.01812245510518551,0.01613197848200798,0.39594703912734985,1.0,8.0,0.0,0.0,0.07244473695755005,0.0,0.859375,0.859375,0.0,0.0,0.859375,0.859375,0.0,0.0,0.859375,0.859375,0.0,0.0,0.859375,0.859375,0.0
ddc9b81cca44b9dc,06_blissymbolics,Blissymbolics,before,Blissymbolics char,icon_data/normalized_256/06_blissymbolics/before_362be96881e1__ddc9b81cca44.png,0.14453125,0.0039520263671875,1.0,376.0,0.091796875,174.29787234042553,1.0,0.14453125,1.0,0.002772967769359,0.9473684210526315,1.0,0.06186655405405406,0.941737920063631,1.0,0.0,0.6689265536723163,0.05373316630721092,0.057685717940330505,0.8312227129936218,0.05735841020941734,1.0,8.0,0.0,0.0,0.07903122901916504,0.0,0.296875,0.28125,0.0,0.0,0.296875,0.28125,0.0,0.0,0.296875,0.28125,0.0,0.0,0.296875,0.28125,0.0
de019c7277f5b437,01_mcdougall_symbol_icon_set,McDougall Symbol/Icon Set,Films,,icon_data/normalized_256/01_mcdougall_symbol_icon_set/mcdougall_096__de019c7277f5.png,0.10968017578125,0.01251220703125,1.0,298.0,0.07275390625,219.91946308724832,0.46147919876733434,0.8939393939393939,0.8552561127967161,0.011572159658533587,0.3686214775323686,0.37833173537871523,0.08903728436282693,0.9182422074603985,1.0,6.0,1.0,0.18314938247203827,0.34451010823249817,0.3094072937965393,0.16293323040008545,0.0,19.0,0.02653133124113083,0.01988605371932289,0.7492311000823975,0.0,0.0,0.005126953125,0.0,0.0,0.18896484375,0.650634765625,0.0,0.0,0.614501953125,0.29443359375,0.0,0.0,0.001220703125,0.0,0.0
de0e179e264a5123,13_usp_pictograms_manual,USP Pictograms,16,medication instruction,icon_data/normalized_256/13_usp_pictograms_manual/16__de0e179e264a.png,0.890625,0.082275390625,1.0,376.0,0.091796875,174.29787234042553,1.0,1.1228070175438596,1.0,0.0,1.0,1.0,0.016584429824561403,0.9836861264662262,1.0,0.0,0.882865440464666,0.40161892771720886,0.16894371807575226,0.31474971771240234,0.11468753963708878,1.0,8.0,0.0,0.0,0.2759823203086853,0.78125,0.78125,0.78125,0.78125,1.0,1.0,1.0,1.0,1.0,1.0,1.0,1.0,0.78125,0.78125,0.78125,0.78125
de1b5d31be9de9ed,06_blissymbolics,Blissymbolics,bass,Blissymbolics char,icon_data/normalized_256/06_blissymbolics/bass_62abc4b47858__de1b5d31be9d.png,0.3828125,0.00543212890625,1.0,376.0,0.091796875,174.29787234042553,1.0,0.3828125,1.0,0.0,1.0,1.0,0.02822066326530612,0.9725538843231509,1.0,0.0,0.8158168574401665,0.7020895481109619,0.12850451469421387,0.0403745099902153,0.1290314495563507,1.0,8.0,0.0,0.0,0.08324462175369263,0.0,0.765625,0.765625,0.0,0.0,0.765625,0.765625,0.0,0.0,0.765625,0.765625,0.0,0.0,0.765625,0.765625,0.0
de58ce130cb203a3,10_openmoji,OpenMoji,circled dollar sign with overlaid backslash,extras-unicode / symbol-other,icon_data/normalized_256/10_openmoji/1f10f__de58ce130cb2.png,0.338623046875,0.03363037109375,1.0,1240.0,0.302734375,52.851612903225806,0.5032199546485261,1.0,0.6289892863216371,7.808183295122641e-05,0.8102618484378824,0.8099665606394258,0.10328046142754145,0.9063878451233458,1.0,2.0,1.0,0.21689239144325256,0.18155238032341003,0.233051136136055,0.3685040771961212,1.0,7.0,0.0,0.0,0.7732332348823547,0.056884765625,0.41650390625,0.414306640625,0.056396484375,0.373779296875,0.647216796875,0.3720703125,0.371826171875,0.3720703125,0.370849609375,0.649169921875,0.37353515625,0.056396484375,0.41455078125,0.416015625,0.056396484375
dec92ad3c878eaad,09_universal_symbols_healthcare_webfont,Universal Symbols Healthcare Webfont,i elevators,healthcare wayfinding,icon_data/normalized_256/09_universal_symbols_healthcare_webfont/i_elevators__dec92ad3c878.png,0.984375,0.0396575927734375,1.0,1.0,0.000244140625,65536.0,1.0,0.984375,1.0,0.0,1.0,1.0,0.015749007936507936,0.9844951776339885,1.0,0.0,0.8881057268722466,0.25894662737846375,0.132801353931427,0.4734989106655121,0.1347530633211136,1.0,8.0,0.0,0.0,0.35784298181533813,0.96875,1.0,1.0,0.96875,0.96875,1.0,1.0,0.96875,0.96875,1.0,1.0,0.96875,0.96875,1.0,1.0,0.96875
ded26fef294285a1,04_ocha_humanitarian_icons,OCHA Humanitarian Icons,community building,iconsets,icon_data/normalized_256/04_ocha_humanitarian_icons/community_building__ded26fef2942.png,0.671875,0.01708984375,1.0,376.0,0.091796875,174.29787234042553,1.0,0.671875,1.0,0.0,1.0,1.0,0.019440406976744186,0.9809303154517911,1.0,0.0,0.8654088050314466,0.4870024025440216,0.10347806662321091,0.30703845620155334,0.10248107463121414,1.0,8.0,0.0,0.0,0.7452642321586609,0.34375,1.0,1.0,0.34375,0.34375,1.0,1.0,0.34375,0.34375,1.0,1.0,0.34375,0.34375,1.0,1.0,0.34375
df022be4182118d4,13_usp_pictograms_manual,USP Pictograms,55,medication instruction,icon_data/normalized_256/13_usp_pictograms_manual/55__df022be41821.png,0.73828125,0.040771484375,1.0,376.0,0.091796875,174.29787234042553,1.0,0.73828125,1.0,0.002772967769359,0.9894736842105263,1.0,0.01839451058201058,0.9819377359256403,1.0,0.0,0.8717209570481407,0.2316736876964569,0.309680700302124,0.20335522294044495,0.2552904486656189,1.0,8.0,0.0,0.0,0.2134374976158142,0.484375,1.0,1.0,0.46875,0.484375,1.0,1.0,0.46875,0.484375,1.0,1.0,0.46875,0.484375,1.0,1.0,0.46875
dff644806b6755a1,07_arasaac_pictograms,ARASAAC Pictograms,biscuits and milk,beverage,icon_data/normalized_256/07_arasaac_pictograms/10228__dff644806b67.png,0.5001983642578125,0.0346527099609375,3.0,754.0,0.18408203125,86.91777188328912,0.668195438145906,1.144927536231884,0.839150635487463,0.08650875438699204,0.47962085308056873,0.6770348391057451,0.04087733748207803,0.9607279974209432,3.0,1.0,0.7535688834739431,0.5974588990211487,0.10916052758693695,0.18620085716247559,0.1071796715259552,0.0,43.0,0.32617154717445374,0.3408030637392618,0.27036118507385254,0.0,0.03662109375,0.412109375,0.311279296875,0.423095703125,0.513427734375,1.0,0.804931640625,0.64892578125,0.619384765625,1.0,0.720458984375,0.325927734375,0.504150390625,0.42529296875,0.257568359375
dff96e8252b00b04,07_arasaac_pictograms,ARASAAC Pictograms,canape,gastronomy,icon_data/normalized_256/07_arasaac_pictograms/10221__dff96e8252b0.png,0.3930511474609375,0.021331787109375,1.0,517.0,0.126220703125,126.76208897485493,0.5138747581143894,0.9393939393939394,0.8109239729261766,0.22428121051887437,0.8429562853258925,0.2065670523209518,0.03618152878605536,0.9650818628001948,1.0,0.0,0.7755231070299564,0.352054625749588,0.20051702857017517,0.2443942129611969,0.20303410291671753,0.0,47.0,0.43058013916015625,0.3467430158931305,0.3446827530860901,0.0,0.0,0.091552734375,0.0,0.0458984375,0.3505859375,0.5625,0.027099609375,0.629638671875,1.0,1.0,0.56005859375,0.229248046875,0.718017578125,0.761962890625,0.312255859375
e010a11652c12e7f,06_blissymbolics,Blissymbolics,arm,Blissymbolics char,icon_data/normalized_256/06_blissymbolics/arm_ed945d6b996f__e010a11652c1.png,0.23828125,0.003265380859375,1.0,376.0,0.091796875,174.29787234042553,1.0,0.23828125,1.0,0.002772967769359,0.967741935483871,1.0,0.04059938524590164,0.9609846153846154,1.0,0.0,0.7548337200309357,0.46552741527557373,0.023800509050488472,0.46804752945899963,0.042624581605196,1.0,8.0,0.0,0.0,0.03987157344818115,0.0,0.484375,0.46875,0.0,0.0,0.484375,0.46875,0.0,0.0,0.484375,0.46875,0.0,0.0,0.484375,0.46875,0.0
e06f2924b7be0828,05_mulberry_symbols,Mulberry Symbols,Advent calendar,iconsets,icon_data/normalized_256/05_mulberry_symbols/advent_calendar__e06f2924b7be.png,0.4867401123046875,0.0268707275390625,1.0,718.0,0.17529296875,91.27576601671309,0.5928300624442462,0.9661016949152542,0.7590572166236362,0.14563326890369044,0.4401354401805869,0.5490967365967366,0.056490799084610806,0.9465297765644937,1.0,14.0,1.0,0.3942701518535614,0.05603218078613281,0.48992758989334106,0.05977011099457741,0.0,47.0,0.46298038959503174,0.5027330994690247,0.7115066647529602,0.089599609375,0.125,0.187255859375,0.379638671875,0.71875,1.0,0.7626953125,0.116943359375,0.71875,1.0,0.734375,0.0,0.57275390625,0.796875,0.585205078125,0.0
e0760c68f28e0892,09_universal_symbols_healthcare_webfont,Universal Symbols Healthcare Webfont,i pharmacy,healthcare wayfinding,icon_data/normalized_256/09_universal_symbols_healthcare_webfont/i_pharmacy__e0760c68f28e.png,0.3973388671875,0.024322509765625,3.0,976.0,0.23828125,67.14754098360656,0.7163292253521126,0.5546875,0.7772554286993508,0.01824030821335829,0.7087735415709693,0.7685411572942136,0.07980030721966205,0.9260971619603101,3.0,2.0,0.6666666666666666,0.3222527801990509,0.06700922548770905,0.5365177392959595,0.07422026991844177,1.0,7.0,0.0,0.0,0.7579827159643173,0.036865234375,0.930419921875,0.945556640625,0.107177734375,0.0,0.72802734375,0.516845703125,0.0,0.0,0.51171875,0.7099609375,0.0,0.0,0.90283203125,0.968017578125,0.0
e0b937854c78230b,04_ocha_humanitarian_icons,OCHA Humanitarian Icons,bridge not affected,iconsets,icon_data/normalized_256/04_ocha_humanitarian_icons/bridge_not_affected__e0b937854c78.png,0.445892333984375,0.00390625,2.0,625.0,0.152587890625,104.8576,0.445892333984375,1.0,0.5896882252043184,0.1397695723257664,0.5273886681998745,0.24645964852414265,0.05489015125590309,0.9479660027249724,2.0,1.0,0.6948685024016741,0.31414544582366943,0.22262150049209595,0.28738951683044434,0.1758434921503067,1.0,7.0,0.0,0.0,0.921247623860836,0.82177734375,0.5224609375,0.0,0.0,0.550048828125,0.343994140625,0.015625,0.015625,0.8388671875,0.838623046875,0.8388671875,0.838623046875,0.37744140625,0.37744140625,0.37744140625,0.37744140625
e0d5dd73749c15ef,13_usp_pictograms_manual,USP Pictograms,40,medication instruction,icon_data/normalized_256/13_usp_pictograms_manual/40__e0d5dd73749c.png,0.65234375,0.0512542724609375,1.0,376.0,0.091796875,174.29787234042553,1.0,0.65234375,1.0,0.002772967769359,0.9880952380952381,1.0,0.019788547904191617,0.9805954401578054,1.0,0.0,0.8633279483037156,0.2877569794654846,0.18464726209640503,0.3264436423778534,0.20115210115909576,1.0,8.0,0.0,0.0,0.23397964239120483,0.3125,1.0,1.0,0.296875,0.3125,1.0,1.0,0.296875,0.3125,1.0,1.0,0.296875,0.3125,1.0,1.0,0.296875
e10d9991ba50e65b,07_arasaac_pictograms,ARASAAC Pictograms,young,teenager; core vocabulary-living being,icon_data/normalized_256/07_arasaac_pictograms/10206__e10d9991ba50.png,0.176666259765625,0.0189666748046875,1.0,517.0,0.126220703125,126.76208897485493,0.5789,0.32,0.7655635269613515,0.029916458404708586,0.8620135091669348,0.6889861415025529,0.08067023665572638,0.9253516624040921,1.0,0.0,0.6077690288713911,0.22893480956554413,0.13386760652065277,0.5086336731910706,0.12856389582157135,0.0,54.0,0.5612483024597168,0.5140540527938928,0.5476474761962891,0.0,0.236572265625,0.298828125,0.0,0.0,0.484619140625,0.513427734375,0.0,0.0,0.411376953125,0.423583984375,0.0,0.0,0.230224609375,0.22802734375,0.0
e1e19f398129b606,09_universal_symbols_healthcare_webfont,Universal Symbols Healthcare Webfont,health services,healthcare wayfinding,icon_data/normalized_256/09_universal_symbols_healthcare_webfont/health_services__e1e19f398129.png,0.81915283203125,0.024261474609375,1.0,547.0,0.133544921875,119.80987202925046,0.81915283203125,1.0,0.8338225929204914,0.00016843966202705835,0.9994785653096949,0.9994785653096949,0.030176588927799716,0.9707073629393895,1.0,1.0,1.0,0.42754337191581726,0.07332707196474075,0.4257468283176422,0.07338275015354156,1.0,7.0,0.0,0.0,0.928062841296196,0.954345703125,0.9462890625,0.9462890625,0.95654296875,0.9462890625,0.42822265625,0.42822265625,0.9462890625,0.946044921875,0.42822265625,0.427734375,0.9462890625,0.95654296875,0.946044921875,0.9462890625,0.956787109375
e22046506b44b5b2,07_arasaac_pictograms,ARASAAC Pictograms,frightened,qualifying adjective; feeling; halloween,icon_data/normalized_256/07_arasaac_pictograms/10208__e22046506b44.png,0.331451416015625,0.023773193359375,1.0,466.0,0.11376953125,140.6351931330472,0.8009587020648967,0.5309734513274337,0.9260348723195635,0.09134666910205577,0.9483361736478608,0.6356927710843373,0.036460731056072185,0.9648218886026473,1.0,0.0,0.7741820514648229,0.17963889241218567,0.17319312691688538,0.4570121467113495,0.1901557743549347,0.0,28.0,0.5207012295722961,0.49764610540191445,0.48300206661224365,0.0,0.38623046875,0.33837890625,0.0,0.0,0.697021484375,0.639404296875,0.0,0.0,0.8720703125,0.88037109375,0.0,0.0,0.74951171875,0.740234375,0.0
e31f416bb9957b0a,07_arasaac_pictograms,ARASAAC Pictograms,clip fingernails,verb; corporal hygiene; hygiene product,icon_data/normalized_256/07_arasaac_pictograms/10153__e31f416bb995.png,0.3923187255859375,0.047760009765625,1.0,805.0,0.196533203125,81.4111801242236,0.49533772588910724,1.1658767772511849,0.6353964586242262,0.235824457665727,0.5917167089704699,0.17940366972477065,0.058185212554937575,0.9450141507700224,1.0,5.0,1.0,0.5452327728271484,0.1513165831565857,0.19048050045967102,0.11297016590833664,0.0,21.0,0.07274042069911957,0.054356470476312146,0.23806512355804443,0.0,0.0,0.0,0.0205078125,0.2578125,0.221435546875,0.191162109375,0.316162109375,0.902099609375,0.887451171875,0.774658203125,0.777099609375,0.388427734375,0.162353515625,0.526611328125,0.851318359375
e372b378dd85df0c,09_universal_symbols_healthcare_webfont,Universal Symbols Healthcare Webfont,i immunizations,healthcare wayfinding,icon_data/normalized_256/09_universal_symbols_healthcare_webfont/i_immunizations__e372b378dd85.png,0.6091156005859375,0.03057861328125,3.0,1306.0,0.31884765625,50.18070444104135,0.618745737491475,1.0,0.6310655821931344,0.04796827824488132,0.632745715571189,0.5814515490056256,0.06152458728926075,0.9420412979351033,3.0,1.0,0.6701529370288919,0.24551528692245483,0.1749417930841446,0.44407427310943604,0.13546861708164215,1.0,7.0,0.0,0.0,0.8415009826421738,0.779541015625,0.069580078125,0.030029296875,0.822265625,0.8515625,0.55908203125,0.624267578125,0.869873046875,0.74462890625,0.50146484375,0.608642578125,0.81298828125,0.96875,0.6083984375,0.114990234375,0.77978515625
e383e6a5a9c495a3,02_aiga_dot_symbol_signs,AIGA/DOT Symbol Signs,Aiga litterdisposal,,icon_data/normalized_256/02_aiga_dot_symbol_signs/aiga_litterdisposal__e383e6a5a9c4.png,0.2335205078125,0.0384368896484375,6.0,931.0,0.227294921875,70.39312567132116,0.39372266529457167,0.7347826086956522,0.5426854133791954,0.10711154470129121,0.20144449678128434,0.41900788131664346,0.12232096184004182,0.8910107126222636,6.0,0.0,0.5054161162483487,0.18399199843406677,0.1105407327413559,0.6272897720336914,0.07817752659320831,1.0,1.0,0.0,0.0,1.0,0.0,0.0,0.379150390625,0.012451171875,0.0009765625,0.25927734375,0.839599609375,0.24462890625,0.14404296875,0.23779296875,0.677490234375,0.064697265625,0.134521484375,0.2509765625,0.49072265625,0.0
e3d4981d527441fd,06_blissymbolics,Blissymbolics,bath,Blissymbolics char,icon_data/normalized_256/06_blissymbolics/bath_e2f67dc9de81__e3d4981d5274.png,0.4296875,0.009429931640625,1.0,376.0,0.091796875,174.29787234042553,1.0,0.4296875,1.0,0.0,1.0,1.0,0.02599431818181818,0.9746642669251003,1.0,0.0,0.8278457196613358,0.3405064642429352,0.2511330544948578,0.12989912927150726,0.2784613072872162,1.0,8.0,0.0,0.0,0.057222604751586914,0.0,0.859375,0.859375,0.0,0.0,0.859375,0.859375,0.0,0.0,0.859375,0.859375,0.0,0.0,0.859375,0.859375,0.0
e46cb208a324b797,06_blissymbolics,Blissymbolics,alcoholic drink,Blissymbolics char,icon_data/normalized_256/06_blissymbolics/alcoholic_drink_cb9aa1e95680__e46cb208a324.png,0.4296875,0.010528564453125,1.0,376.0,0.091796875,174.29787234042553,1.0,0.4296875,1.0,0.0,1.0,1.0,0.02599431818181818,0.9746642669251003,1.0,0.0,0.8278457196613358,0.34214046597480774,0.2461998611688614,0.16549783945083618,0.24616186320781708,1.0,8.0,0.0,0.0,0.06242579221725464,0.0,0.859375,0.859375,0.0,0.0,0.859375,0.859375,0.0,0.0,0.859375,0.859375,0.0,0.0,0.859375,0.859375,0.0
e4a6d918dc5a6f28,06_blissymbolics,Blissymbolics,balloon,Blissymbolics char,icon_data/normalized_256/06_blissymbolics/balloon_326de722b35a__e4a6d918dc5a.png,0.4296875,0.013671875,1.0,376.0,0.091796875,174.29787234042553,1.0,0.4296875,1.0,0.0,1.0,1.0,0.02599431818181818,0.9746642669251003,1.0,0.0,0.8278457196613358,0.24269066751003265,0.3063174784183502,0.24312527477741241,0.2078665941953659,1.0,8.0,0.0,0.0,0.0829169750213623,0.0,0.859375,0.859375,0.0,0.0,0.859375,0.859375,0.0,0.0,0.859375,0.859375,0.0,0.0,0.859375,0.859375,0.0
e4b011095af72272,10_openmoji,OpenMoji,flag: Costa Rica,flags / country-flag,icon_data/normalized_256/10_openmoji/1f1e8_1f1f7__e4b011095af7.png,0.40118408203125,0.01959228515625,1.0,1156.0,0.2822265625,56.69204152249135,0.7762163438828531,1.5890410958904109,0.7851873973420935,0.0,1.0,1.0,0.06374562604594554,0.9400743707093822,1.0,2.0,1.0,0.670179009437561,0.010698895901441574,0.30842316150665283,0.010698895901441574,0.0,40.0,0.574129581451416,0.5156698690871023,0.6323058307170868,0.11328125,0.140625,0.140625,0.11328125,0.632080078125,0.71875,0.71875,0.632080078125,0.632080078125,0.71875,0.71875,0.632080078125,0.11328125,0.140625,0.140625,0.11328125
e53a47b5300662eb,05_mulberry_symbols,Mulberry Symbols,Christmas bauble,iconsets,icon_data/normalized_256/05_mulberry_symbols/christmas_bauble__e53a47b53006.png,0.3138885498046875,0.0217132568359375,1.0,466.0,0.11376953125,140.6351931330472,0.5757669055082848,0.6637931034482759,0.8850216189472325,0.15908156530635417,0.989073680139238,0.372497998398719,0.04219532351368431,0.9595130369886655,1.0,1.0,1.0,0.20827794075012207,0.21256496012210846,0.3649597764015198,0.2141973376274109,0.0,36.0,0.7122815251350403,0.5804006584602424,0.6475285589694977,0.0,0.097412109375,0.098388671875,0.0,0.001220703125,0.582763671875,0.58251953125,0.000732421875,0.163818359375,1.0,1.0,0.153076171875,0.021484375,0.6533203125,0.6484375,0.01904296875
e56869f80c3514ce,12_iso_15223_medical_device_symbols,ISO 15223 Medical Device Symbols,in vitro diagnostic medical device,medical device label,icon_data/normalized_256/12_iso_15223_medical_device_symbols/in_vitro_diagnostic_medical_device__e56869f80c35.png,0.18096923828125,0.0311431884765625,4.0,1378.0,0.33642578125,47.55878084179971,0.3924293560982066,1.5869565217391304,0.3971203750209275,0.010808746688145368,0.5973063973063973,0.6935599028987577,0.19342327150084318,0.8379256747209269,4.0,2.0,0.5,0.43618297576904297,0.016712745651602745,0.5296904444694519,0.01741383969783783,1.0,7.0,0.0,0.0,0.8146281838417053,0.044677734375,0.0625,0.0625,0.0439453125,0.261474609375,0.351806640625,0.39208984375,0.2109375,0.258056640625,0.345703125,0.3359375,0.205322265625,0.067138671875,0.09375,0.09375,0.06591796875
e628a386ba47d4cb,02_aiga_dot_symbol_signs,AIGA/DOT Symbol Signs,Aiga BeautySalon,,icon_data/normalized_256/02_aiga_dot_symbol_signs/aiga_beautysalon__e628a386ba47.png,0.34332275390625,0.0682525634765625,4.0,1588.0,0.3876953125,41.269521410579344,0.36162005785920925,0.9568627450980393,0.48638132295719844,0.04885519047323449,0.23321457933680462,0.3283740701381509,0.13848888888888888,0.8783572767020612,4.0,0.0,0.4744033060639285,0.34718313813209534,0.07646938413381577,0.49391791224479675,0.08242949843406677,1.0,8.0,0.0,0.0,0.9491515532135963,0.126708984375,0.370849609375,0.38671875,0.455078125,0.236328125,0.51806640625,0.4365234375,0.597900390625,0.32470703125,0.410400390625,0.341796875,0.126220703125,0.390625,0.47314453125,0.298095703125,0.0
e64d4e32ce5a8902,02_aiga_dot_symbol_signs,AIGA/DOT Symbol Signs,Smoking AIGA symbol,,icon_data/normalized_256/02_aiga_dot_symbol_signs/smoking_aiga_symbol__e64d4e32ce5a.png,0.1813201904296875,0.0305938720703125,5.0,838.0,0.20458984375,78.20525059665871,0.2678281644428417,1.2553191489361701,0.3921782178217822,0.21078580354533175,0.40710479573712255,0.10365004179437169,0.14070520912227552,0.8766506824050166,5.0,0.0,0.47044617760006335,0.43441489338874817,0.04562583565711975,0.34905222058296204,0.17090703547000885,1.0,1.0,0.0,0.0,0.9960784316062927,0.0,0.07958984375,0.1201171875,0.0,0.0,0.078125,0.27685546875,0.11962890625,0.16650390625,0.171875,0.272705078125,0.32275390625,0.36328125,0.375,0.375,0.1796875
e6a3b72d0f5d4961,13_usp_pictograms_manual,USP Pictograms,34,medication instruction,icon_data/normalized_256/13_usp_pictograms_manual/34__e6a3b72d0f5d.png,0.87109375,0.05548095703125,1.0,232.0,0.056640625,282.48275862068965,1.0,0.87109375,1.0,0.002772967769359,0.9910714285714286,1.0,0.016781109865470854,0.9834958481204562,1.0,0.0,0.8816407215221151,0.2691858112812042,0.1829128861427307,0.3644736111164093,0.18342767655849457,1.0,8.0,0.0,0.0,0.1880122423171997,0.75,1.0,1.0,0.734375,0.75,1.0,1.0,0.734375,0.75,1.0,1.0,0.734375,0.75,1.0,1.0,0.734375
e6a519ba8dd89268,08_ghs_hazard_pictograms,GHS Hazard Pictograms,flame,chemical hazard,icon_data/normalized_256/08_ghs_hazard_pictograms/flame__e6a519ba8dd8.png,0.20648193359375,0.0169525146484375,3.0,1327.0,0.323974609375,49.38658628485305,0.20974641949283898,1.0,0.4195058436928419,0.0034643976073757896,0.8132118451025057,0.6991461577096936,0.21696718888560448,0.8217148409035706,3.0,1.0,0.36553214478660184,0.15115685760974884,0.3046863377094269,0.22524799406528473,0.31890881061553955,0.0,2.0,0.6394661664962769,0.5299247473416161,0.6904991269111633,0.0,0.2548828125,0.251953125,0.0,0.25048828125,0.34326171875,0.36279296875,0.25048828125,0.25048828125,0.30322265625,0.28466796875,0.25048828125,0.0,0.25048828125,0.25048828125,0.0
e6d5c3c396e54b89,10_openmoji,OpenMoji,flag: Bangladesh,flags / country-flag,icon_data/normalized_256/10_openmoji/1f1e7_1f1e9__e6d5c3c396e5.png,0.5166015625,0.0252838134765625,1.0,556.0,0.1357421875,117.87050359712231,0.9995276334435522,1.5890410958904109,1.0,0.0,1.0,1.0,0.022329867674858225,0.9781578643245117,1.0,0.0,0.8484362469927826,0.6016527414321899,0.009300866164267063,0.37967392802238464,0.009372416883707047,0.0,18.0,0.5985032916069031,0.36493952069903307,0.5685550570487976,0.11328125,0.140625,0.140625,0.11328125,0.8125,1.0,1.0,0.8125,0.8125,1.0,1.0,0.8125,0.11328125,0.140625,0.140625,0.11328125
e6e2d33ceb0e83af,12_iso_15223_medical_device_symbols,ISO 15223 Medical Device Symbols,latex,medical device label,icon_data/normalized_256/12_iso_15223_medical_device_symbols/latex__e6e2d33ceb0e.png,0.121490478515625,0.033203125,6.0,1027.0,0.250732421875,63.81304771178189,0.21077990151956372,1.0802139037433156,0.2961117206240586,0.11653709595809082,0.7522007042253521,0.11247729495598714,0.29163526752072344,0.7742123687281214,6.0,2.0,0.3333333333333333,0.3088400959968567,0.24476762115955353,0.19830459356307983,0.24808776378631592,1.0,7.0,0.0,0.0,0.7472937703132629,0.07861328125,0.139404296875,0.139404296875,0.0791015625,0.2197265625,0.260986328125,0.3125,0.203369140625,0.04931640625,0.102294921875,0.102783203125,0.049560546875,0.0,0.103515625,0.103271484375,0.0
e6fa7ad07cdc064f,04_ocha_humanitarian_icons,OCHA Humanitarian Icons,data,iconsets,icon_data/normalized_256/04_ocha_humanitarian_icons/data__e6fa7ad07cdc.png,0.75,0.0150146484375,1.0,40.0,0.009765625,1638.4,1.0,0.75,1.0,0.0,1.0,1.0,0.018229166666666668,0.9820971867007673,1.0,0.0,0.8727272727272728,0.24665550887584686,0.0789409801363945,0.6135187745094299,0.06088479235768318,1.0,8.0,0.0,0.0,0.5135084092617035,0.5,1.0,1.0,0.5,0.5,1.0,1.0,0.5,0.5,1.0,1.0,0.5,0.5,1.0,1.0,0.5
e74717ef0d0ae17c,03_mapbox_maki_icons,Mapbox Maki,doctor,cartography / point of interest,icon_data/normalized_256/03_mapbox_maki_icons/doctor__e74717ef0d0a.png,0.441619873046875,0.018218994140625,1.0,865.0,0.211181640625,75.76416184971099,0.5456636500754147,0.9208333333333333,0.7401478147456717,0.0123218090778666,0.3882386799693016,0.3470166620124732,0.053417179185958126,0.9492915245342429,1.0,1.0,1.0,0.26408886909484863,0.09021342545747757,0.5646803975105286,0.08101726323366165,1.0,7.0,0.0,0.0,0.42118245363235474,0.4853515625,0.41845703125,0.44482421875,0.0,0.55419921875,0.50732421875,0.77001953125,0.35302734375,0.064697265625,0.839111328125,0.558837890625,0.6396484375,0.0,0.53759765625,0.733154296875,0.15966796875
e8047a1a1124b66f,10_openmoji,OpenMoji,flag: Curaçao,flags / country-flag,icon_data/normalized_256/10_openmoji/1f1e8_1f1fc__e8047a1a1124.png,0.514617919921875,0.03021240234375,1.0,586.0,0.14306640625,111.83617747440273,0.9956896551724138,1.5890410958904109,1.0,0.0017950587751653644,0.992320415879017,0.992320415879017,0.025381011682381546,0.9752472384477474,1.0,2.0,1.0,0.6284241676330566,0.024156730622053146,0.3230361342430115,0.02438296191394329,0.0,39.0,0.6764184236526489,0.4624378349102655,0.6572993397712708,0.11328125,0.140625,0.140625,0.11328125,0.78466796875,0.99609375,1.0,0.8125,0.8125,1.0,1.0,0.8125,0.11328125,0.140625,0.140625,0.11328125
e862c4c05430d6af,05_mulberry_symbols,Mulberry Symbols,Jesus,iconsets,icon_data/normalized_256/05_mulberry_symbols/jesus__e862c4c05430.png,0.3633880615234375,0.033905029296875,7.0,1024.0,0.25,64.0,0.48761261261261263,1.009090909090909,0.5566918734440561,0.029594768760402013,0.9578263729036501,0.46140157093765344,0.0921268108335083,0.9156445845668807,7.0,0.0,0.5757004375468369,0.2258169800043106,0.19119103252887726,0.39428964257240295,0.18870232999324799,0.0,74.0,0.40211716294288635,0.4155167354724485,0.5275440216064453,0.031494140625,0.49169921875,0.48193359375,0.03173828125,0.096923828125,0.764404296875,0.7451171875,0.09716796875,0.13818359375,0.675537109375,0.67431640625,0.14404296875,0.24169921875,0.484375,0.478271484375,0.2373046875
e88a2ed9a41b9ba6,09_universal_symbols_healthcare_webfont,Universal Symbols Healthcare Webfont,i oncology,healthcare wayfinding,icon_data/normalized_256/09_universal_symbols_healthcare_webfont/i_oncology__e88a2ed9a41b.png,0.5674285888671875,0.0563201904296875,4.0,1549.0,0.378173828125,42.308586184635246,0.571896530511811,1.0078740157480315,0.7131597115679656,0.020140683840325507,0.8832674972146257,0.4653242966348806,0.1018097722322317,0.9075976862812096,4.0,10.0,1.0,0.17977797985076904,0.257049560546875,0.3016623258590698,0.26151007413864136,1.0,7.0,0.0,0.0,0.7383672595024109,0.0751953125,0.751953125,0.70703125,0.085205078125,0.6103515625,0.852783203125,0.814453125,0.600341796875,0.752685546875,0.51025390625,0.522705078125,0.75439453125,0.346435546875,0.677734375,0.656494140625,0.36083984375
e8f0a1cc1666633d,09_universal_symbols_healthcare_webfont,Universal Symbols Healthcare Webfont,health education,healthcare wayfinding,icon_data/normalized_256/09_universal_symbols_healthcare_webfont/health_education__e8f0a1cc1666.png,0.984375,0.0394744873046875,1.0,1.0,0.000244140625,65536.0,1.0,1.0158730158730158,1.0,0.0,1.0,1.0,0.015749007936507936,0.9844951776339885,1.0,0.0,0.8881057268722466,0.34145691990852356,0.12118019163608551,0.41317275166511536,0.12419002503156662,1.0,8.0,0.0,0.0,0.7364169955253601,0.96875,0.96875,0.96875,0.96875,1.0,1.0,1.0,1.0,1.0,1.0,1.0,1.0,0.96875,0.96875,0.96875,0.96875
e91f2f4527df5131,09_universal_symbols_healthcare_webfont,Universal Symbols Healthcare Webfont,i physical therapy,healthcare wayfinding,icon_data/normalized_256/09_universal_symbols_healthcare_webfont/i_physical_therapy__e91f2f4527df.png,0.435150146484375,0.01763916015625,1.0,1015.0,0.247802734375,64.56748768472906,0.48434103260869565,1.1130434782608696,0.7146472873073549,0.2767486712756045,0.582048152668368,0.24767029793936213,0.08499894803282138,0.921659879775063,1.0,15.0,1.0,0.5837196707725525,0.19387014210224152,0.12276618182659149,0.09964391589164734,1.0,7.0,0.0,0.0,0.7852471470832825,0.0,0.2451171875,0.162841796875,0.0,0.033203125,0.727783203125,0.359375,0.0,0.377685546875,0.8291015625,0.457763671875,0.220458984375,0.79345703125,0.894775390625,0.9375,0.92333984375
e9258fe0fe9d3548,10_openmoji,OpenMoji,flag: Cape Verde,flags / country-flag,icon_data/normalized_256/10_openmoji/1f1e8_1f1fb__e9258fe0fe9d.png,0.4950714111328125,0.03887939453125,1.0,907.0,0.221435546875,72.25578831312018,0.9578708077468115,1.5890410958904109,0.9689413170076153,0.007105535230942806,0.9836757153338225,0.9166469754253308,0.046971798428109106,0.955135564779652,1.0,6.0,1.0,0.710726797580719,0.019676625728607178,0.24994587898254395,0.01965070702135563,0.0,87.0,0.6375693082809448,0.43282832739305643,0.6699071526527405,0.11328125,0.140625,0.140625,0.11328125,0.8125,1.0,1.0,0.8125,0.746337890625,0.926513671875,0.875,0.732666015625,0.11328125,0.140625,0.140625,0.11328125
e93973679234ed81,13_usp_pictograms_manual,USP Pictograms,54,medication instruction,icon_data/normalized_256/13_usp_pictograms_manual/54__e93973679234.png,0.89453125,0.0502777099609375,1.0,376.0,0.091796875,174.29787234042553,1.0,0.89453125,1.0,0.002772967769359,0.991304347826087,1.0,0.01654612445414847,0.983723193610095,1.0,0.0,0.8831043624969873,0.34517669677734375,0.1854187399148941,0.24300308525562286,0.22640152275562286,1.0,8.0,0.0,0.0,0.17923730611801147,0.796875,1.0,1.0,0.78125,0.796875,1.0,1.0,0.78125,0.796875,1.0,1.0,0.78125,0.796875,1.0,1.0,0.78125
e9c3880ab579e44e,10_openmoji,OpenMoji,flag: Belize,flags / country-flag,icon_data/normalized_256/10_openmoji/1f1e7_1f1ff__e9c3880ab579.png,0.5088043212890625,0.03173828125,1.0,682.0,0.16650390625,96.09384164222874,0.9844414265470005,1.5890410958904109,0.9958190234433328,0.00023742172296362677,0.9956310970135855,0.9918164984170599,0.032088768930874194,0.9689089060002906,1.0,2.0,1.0,0.5602899193763733,0.05058765411376953,0.34042054414749146,0.0487019419670105,0.0,100.0,0.6389608979225159,0.4825832169034883,0.6662803292274475,0.113037109375,0.140625,0.140625,0.113525390625,0.8125,0.964111328125,0.9638671875,0.8125,0.8125,0.974609375,0.97265625,0.8125,0.113037109375,0.140625,0.140625,0.113525390625
e9d53d00d7ddb27c,04_ocha_humanitarian_icons,OCHA Humanitarian Icons,boat,iconsets,icon_data/normalized_256/04_ocha_humanitarian_icons/boat__e9d53d00d7dd.png,0.59912109375,0.0149383544921875,3.0,811.0,0.197998046875,80.80887792848335,0.59912109375,1.0,0.8574142618493891,0.15131548602670836,0.7436717292832401,0.4649106443308585,0.04232885085574572,0.9593901187509163,3.0,0.0,0.7470319634703196,0.3746908903121948,0.14334549009799957,0.3265168368816376,0.15544679760932922,1.0,7.0,0.0,0.0,0.9380068741738796,0.0,0.45068359375,0.69482421875,0.027587890625,0.027587890625,0.708984375,1.0,0.453369140625,0.519287109375,0.90380859375,1.0,0.737548828125,0.735595703125,0.7939453125,0.796875,0.73583984375
ea948ff387b812ea,03_mapbox_maki_icons,Mapbox Maki,attraction,cartography / point of interest,icon_data/normalized_256/03_mapbox_maki_icons/attraction__ea948ff387b8.png,0.6129913330078125,0.011077880859375,1.0,496.0,0.12109375,132.1290322580645,0.8856481481481482,1.2698412698412698,0.9750609822696327,0.0022579448751385797,0.9998506571087217,0.8294548932100733,0.021457197620292235,0.9789935420982089,1.0,0.0,0.8534916824236758,0.49037253856658936,0.07199468463659286,0.36549699306488037,0.0721358060836792,1.0,7.0,0.0,0.0,0.6549976170063019,0.048095703125,0.504638671875,0.50439453125,0.048095703125,0.863037109375,1.0,1.0,0.863037109375,0.874267578125,1.0,1.0,0.8740234375,0.2705078125,0.34375,0.34375,0.270263671875
eaa0673bcc3f4683,07_arasaac_pictograms,ARASAAC Pictograms,bad,qualifying adjective,icon_data/normalized_256/07_arasaac_pictograms/10207__eaa0673bcc3f.png,0.4541015625,0.045379638671875,1.0,625.0,0.152587890625,104.8576,0.7398935905723236,0.8235294117647058,0.810435445657798,0.01721017332888639,0.9606034653139206,0.8027622970680882,0.03971774193548387,0.9617994958309094,1.0,0.0,0.7588739290085679,0.18029649555683136,0.22282028198242188,0.3767922818660736,0.22009094059467316,0.0,36.0,0.5764567255973816,0.6061388123459348,0.3233708143234253,0.106689453125,0.364013671875,0.3828125,0.10791015625,0.21875,1.0,1.0,0.230712890625,0.392822265625,1.0,0.999267578125,0.40234375,0.121337890625,0.41357421875,0.385986328125,0.139404296875
eb072651e5f10455,10_openmoji,OpenMoji,NEW button,symbols / alphanum,icon_data/normalized_256/10_openmoji/1f195__eb072651e5f1.png,0.2173004150390625,0.01348876953125,3.0,1018.0,0.24853515625,64.37721021611002,0.4299299601497404,1.0,0.4397066769587032,0.008510386823450141,0.805629516926588,0.8610820700470465,0.15953935819113826,0.8624114334160964,3.0,1.0,0.43930653669371006,0.3680560290813446,0.030766429379582405,0.556907594203949,0.04426996037364006,0.0,14.0,0.5097739696502686,0.39155289602155924,0.4055892825126648,0.1025390625,0.171875,0.171875,0.1025390625,0.25048828125,0.361328125,0.338623046875,0.244873046875,0.250732421875,0.35791015625,0.31005859375,0.19677734375,0.10546875,0.203125,0.203125,0.10546875
eb4be66b92e969b4,01_mcdougall_symbol_icon_set,McDougall Symbol/Icon Set,Cube,,icon_data/normalized_256/01_mcdougall_symbol_icon_set/mcdougall_058__eb4be66b92e9.png,0.14599609375,0.009429931640625,1.0,277.0,0.067626953125,236.59205776173286,0.9089009214401064,0.71900826446281,1.0,0.003686529677183597,0.8107494322482968,0.812807881773399,0.043478260869565216,0.9583333333333334,1.0,0.0,0.7419354838709677,0.20738568902015686,0.012595662847161293,0.5719279050827026,0.20809079706668854,0.0,18.0,0.057146064937114716,0.037082893780942795,0.42515242099761963,0.0,0.0,0.0,0.0,0.0,0.654541015625,0.522705078125,0.0,0.0,0.52880859375,0.6298828125,0.0,0.0,0.0,0.0,0.0
eb73627a553a2298,10_openmoji,OpenMoji,flag: American Samoa,flags / country-flag,icon_data/normalized_256/10_openmoji/1f1e6_1f1f8__eb73627a553a.png,0.405548095703125,0.0284271240234375,1.0,1042.0,0.25439453125,62.89443378119002,0.7846598960793576,1.5890410958904109,0.7937285351649993,0.039614363469366504,0.7232704402515723,0.8911341966699872,0.06682218376100535,0.9373633349791917,1.0,3.0,1.0,0.517221987247467,0.06900172680616379,0.35380783677101135,0.059968363493680954,0.0,74.0,0.5034815669059753,0.3714376600405063,0.6603651940822601,0.11328125,0.140625,0.140625,0.11328125,0.79052734375,0.72998046875,0.5888671875,0.665283203125,0.79052734375,0.72998046875,0.73193359375,0.446044921875,0.11328125,0.140625,0.140625,0.11328125
eb80d959661c129a,01_mcdougall_symbol_icon_set,McDougall Symbol/Icon Set,Calendar,,icon_data/normalized_256/01_mcdougall_symbol_icon_set/mcdougall_030__eb80d959661c.png,0.085235595703125,0.023681640625,7.0,604.0,0.1474609375,108.50331125827815,0.5047438330170778,0.7815126050420168,0.5797612869745719,0.03835805961532006,0.48287762144942925,0.4192073170731707,0.28177586824203366,0.7801675977653632,7.0,8.0,1.0,0.46127209067344666,0.06493137776851654,0.4349770247936249,0.038819484412670135,0.0,3.0,0.037080004811286926,0.03360943938875247,0.5514431595802307,0.0,0.0,0.0,0.0,0.0,0.254638671875,0.356201171875,0.0,0.0,0.3203125,0.4326171875,0.0,0.0,0.0,0.0,0.0
ebb27d9f901db57b,10_openmoji,OpenMoji,copyright,symbols / other-symbol,icon_data/normalized_256/10_openmoji/00a9__ebb27d9f901d.png,0.3367767333984375,0.030792236328125,2.0,1204.0,0.2939453125,54.43189368770764,0.5004761904761905,1.0,0.6255597755229295,0.026646305512599264,0.7843803056027164,0.9984607026439696,0.09822844456526664,0.9105573662279797,2.0,1.0,0.5599644805277179,0.26188623905181885,0.23679009079933167,0.2641463875770569,0.23717722296714783,1.0,7.0,0.0,0.0,0.7774950712919235,0.056884765625,0.416259765625,0.41259765625,0.056396484375,0.372314453125,0.66259765625,0.34619140625,0.371826171875,0.3720703125,0.662109375,0.34619140625,0.37158203125,0.056396484375,0.415771484375,0.412841796875,0.056396484375
ebf7d1acd0e0dea5,07_arasaac_pictograms,ARASAAC Pictograms,fine,verb; land transport; road safety,icon_data/normalized_256/07_arasaac_pictograms/10173__ebf7d1acd0e0.png,0.401885986328125,0.03857421875,4.0,1084.0,0.2646484375,60.457564575645755,0.4771376811594203,1.0434782608695652,0.5556188426892813,0.11014584473145314,0.29718282111899136,0.33350210115943496,0.08474447566254081,0.9218760938046903,4.0,3.0,0.75,0.3272385895252228,0.17896832525730133,0.3120667040348053,0.181726336479187,0.0,78.0,0.6337331533432007,0.7565405869302737,0.679597407579422,0.0,0.278564453125,0.28662109375,0.258544921875,0.471435546875,0.385498046875,0.170654296875,0.5927734375,0.90185546875,0.946533203125,0.082275390625,0.448486328125,0.475341796875,0.660888671875,0.0302734375,0.4404296875
ec6eb5391460a566,05_mulberry_symbols,Mulberry Symbols,Christmas tree,iconsets,icon_data/normalized_256/05_mulberry_symbols/christmas_tree__ec6eb5391460.png,0.3200531005859375,0.0288848876953125,1.0,544.0,0.1328125,120.47058823529412,0.5589755889564012,0.673728813559322,0.8345269356250498,0.07628385828589257,0.9704086425551902,0.6205671019083675,0.04901072705601907,0.9532790983047766,1.0,0.0,0.7183465187163944,0.3100460469722748,0.2870238423347473,0.11822669208049774,0.2847033739089966,0.0,31.0,0.5333923101425171,0.38670000698793405,0.6162066757678986,0.0,0.357666015625,0.341552734375,0.0,0.0,0.64453125,0.6259765625,0.0,0.0302734375,0.93017578125,0.91943359375,0.02294921875,0.07373046875,0.5517578125,0.5537109375,0.069091796875
ecc6078949d79002,07_arasaac_pictograms,ARASAAC Pictograms,sit on the toilet,verb; routine,icon_data/normalized_256/07_arasaac_pictograms/10177__ecc6078949d7.png,0.2898406982421875,0.041961669921875,2.0,841.0,0.205322265625,77.92627824019024,0.368305735448094,0.8879668049792531,0.5222280262832321,0.147112922141384,0.18135456185086138,0.29464285714285715,0.08444327454593314,0.9221321423370067,2.0,1.0,0.5968203097998555,0.3541167378425598,0.1504562944173813,0.39280590415000916,0.10262110084295273,0.0,46.0,0.27399638295173645,0.3340939035517949,0.3943944573402405,0.0,0.0,0.364990234375,0.293701171875,0.3427734375,0.258056640625,0.477294921875,0.006103515625,0.728759765625,0.58544921875,0.453125,0.0,0.18603515625,0.49755859375,0.443603515625,0.0
ece390633444297a,05_mulberry_symbols,Mulberry Symbols,Houses of Parliament,iconsets,icon_data/normalized_256/05_mulberry_symbols/houses_of_parliament__ece390633444.png,0.2427978515625,0.014862060546875,1.0,535.0,0.130615234375,122.49719626168225,0.4683443708609272,1.490066225165563,0.6216839226411408,0.20957531328632154,0.7196584891386577,0.10071942446043165,0.06058320764203117,0.942877459113534,1.0,1.0,1.0,0.4548627734184265,0.05431352183222771,0.4368324279785156,0.05399124696850777,0.0,29.0,0.3168157935142517,0.321630477310979,0.6126201450824738,0.0,0.0,0.0,0.020263671875,0.00537109375,0.0,0.00634765625,0.342529296875,0.634765625,0.69970703125,0.81005859375,0.7158203125,0.140380859375,0.1875,0.1875,0.134521484375
ed13f562f8b87324,01_mcdougall_symbol_icon_set,McDougall Symbol/Icon Set,Chess,,icon_data/normalized_256/01_mcdougall_symbol_icon_set/mcdougall_039__ed13f562f8b8.png,0.0988922119140625,0.01812744140625,1.0,298.0,0.07275390625,219.91946308724832,0.6936001712328768,0.5703125,0.8459731105599791,0.028098922084119814,0.7722176647525294,0.6970411102382823,0.10739083474772412,0.9030235474432214,1.0,11.0,1.0,0.38917621970176697,0.15167462825775146,0.3204576373100281,0.13869144022464752,0.0,3.0,0.027839476242661476,0.033286883514714725,0.7531730979681015,0.0,0.0,0.0,0.0,0.0,0.410400390625,0.339111328125,0.0,0.0,0.42529296875,0.407470703125,0.0,0.0,0.0,0.0,0.0
ed5fe56c4b108d43,04_ocha_humanitarian_icons,OCHA Humanitarian Icons,drought,iconsets,icon_data/normalized_256/04_ocha_humanitarian_icons/drought__ed5fe56c4b10.png,0.3471832275390625,0.029449462890625,10.0,1171.0,0.285888671875,55.96584116140051,0.3471832275390625,1.0,0.40573481815669105,0.13031267369902702,0.3156586099225165,0.16467035217035217,0.1155891530787149,0.8963873458614033,10.0,0.0,0.5195579202155596,0.27825796604156494,0.2165849357843399,0.3116701543331146,0.19348691403865814,1.0,7.0,0.0,0.0,0.8300766199827194,0.353759765625,0.4248046875,0.00732421875,0.0,0.424072265625,0.48779296875,0.2607421875,0.4814453125,0.00732421875,0.07958984375,0.703125,0.208251953125,0.441650390625,0.483154296875,0.75048828125,0.44140625
edfa3e2542af43be,04_ocha_humanitarian_icons,OCHA Humanitarian Icons,earthmound,iconsets,icon_data/normalized_256/04_ocha_humanitarian_icons/earthmound__edfa3e2542af.png,0.9609375,0.0108184814453125,1.0,376.0,0.091796875,174.29787234042553,1.0,0.9609375,1.0,0.0,1.0,1.0,0.015942581300813007,0.9843075961237887,1.0,0.0,0.8868859846777829,0.4841272532939911,0.25195831060409546,0.01354689709842205,0.25036752223968506,1.0,8.0,0.0,0.0,0.32441502809524536,0.921875,1.0,1.0,0.921875,0.921875,1.0,1.0,0.921875,0.921875,1.0,1.0,0.921875,0.921875,1.0,1.0,0.921875
edfba09a2c1e1d80,05_mulberry_symbols,Mulberry Symbols,acne spots,iconsets,icon_data/normalized_256/05_mulberry_symbols/acne_spots__edfba09a2c1e.png,0.5547027587890625,0.0457000732421875,1.0,559.0,0.136474609375,117.23792486583184,0.8282752335383914,1.0047846889952152,0.9928444626519186,0.043387816518721256,0.995663153271849,0.7218301520390281,0.028828432316452563,0.9719793588406727,1.0,9.0,1.0,0.3156554102897644,0.19292210042476654,0.29855597019195557,0.1928664594888687,0.0,49.0,0.2080889642238617,0.15411021348914078,0.22435933351516724,0.333740234375,0.53076171875,0.5263671875,0.322998046875,0.63427734375,0.995361328125,0.995361328125,0.634765625,0.405029296875,0.99951171875,0.999755859375,0.4052734375,0.010009765625,0.53564453125,0.5361328125,0.01025390625
ee0850811e394b6c,11_iso_7010_safety_signs,ISO 7010 Safety Signs,ISO 7010 W008,iconsets,icon_data/normalized_256/11_iso_7010_safety_signs/iso_7010_w008__ee0850811e39.png,0.875,0.038604736328125,1.0,88.0,0.021484375,744.7272727272727,1.0,1.1428571428571428,1.0,0.0,1.0,1.0,0.016741071428571428,0.9835345773874863,1.0,0.0,0.8818897637795275,0.25908464193344116,0.3426392674446106,0.06981082260608673,0.3284652531147003,1.0,8.0,0.0,0.0,0.23166245222091675,0.75,0.75,0.75,0.75,1.0,1.0,1.0,1.0,1.0,1.0,1.0,1.0,0.75,0.75,0.75,0.75
ee16114a8ffa2410,07_arasaac_pictograms,ARASAAC Pictograms,hockey,sport modality,icon_data/normalized_256/07_arasaac_pictograms/10161__ee16114a8ffa.png,0.9309234619140625,0.0740203857421875,1.0,688.0,0.16796875,95.25581395348837,1.0,1.0,1.0,0.0039215686274509665,0.9919354838709677,0.9919354838709677,0.016194331983805668,0.9840637450199203,1.0,0.0,0.885304659498208,0.18096967041492462,0.2297898679971695,0.33948519825935364,0.24975526332855225,0.0,142.0,0.6451449394226074,0.5442066557166563,0.39523202180862427,0.849853515625,0.921875,0.921875,0.8642578125,0.921875,1.0,1.0,0.9375,0.921875,1.0,1.0,0.9375,0.8642578125,0.9375,0.9375,0.87890625
ee272ca9eab2e486,07_arasaac_pictograms,ARASAAC Pictograms,open your eyes,verb; human anatomy; visual system,icon_data/normalized_256/07_arasaac_pictograms/10138__ee272ca9eab2.png,0.08966064453125,0.01214599609375,5.0,403.0,0.098388671875,162.62034739454094,0.1425521591460456,1.2722222222222221,0.2050458875667376,0.08320076478769513,0.9698290311766677,0.13986420950533462,0.16609938733832538,0.8575598365440747,5.0,0.0,0.4294066062554808,0.2680566906929016,0.24569052457809448,0.23510652780532837,0.25114619731903076,0.0,30.0,0.06975360959768295,0.08406158450943146,0.6071082949638367,0.043701171875,0.001220703125,0.00048828125,0.04296875,0.34912109375,0.216552734375,0.212158203125,0.354248046875,0.060302734375,0.02783203125,0.0263671875,0.0615234375,0.0,0.0185546875,0.01953125,0.0
ee325e9428f2c308,03_mapbox_maki_icons,Mapbox Maki,florist,cartography / point of interest,icon_data/normalized_256/03_mapbox_maki_icons/florist__ee325e9428f2.png,0.653717041015625,0.0123291015625,1.0,985.0,0.240478515625,66.53401015228427,0.653717041015625,1.0,0.7395477300189884,0.043023052126936655,0.572818385403282,0.5798362711114389,0.047383408804444235,0.9547602068104831,1.0,1.0,1.0,0.21291950345039368,0.289716511964798,0.2880912125110626,0.20927280187606812,1.0,7.0,0.0,0.0,0.43916529417037964,0.4873046875,0.885009765625,0.705322265625,0.804931640625,0.19873046875,0.645751953125,0.824951171875,0.72705078125,0.54052734375,0.9775390625,0.646728515625,0.88916015625,0.906982421875,0.53955078125,0.193115234375,0.48681640625
ee41a1309a43b3de,05_mulberry_symbols,Mulberry Symbols,I,iconsets,icon_data/normalized_256/05_mulberry_symbols/i__ee41a1309a43.png,0.1448974609375,0.009490966796875,1.0,328.0,0.080078125,199.8048780487805,0.6033803532850426,0.46994535519125685,0.6138729071045317,0.016805426151544726,0.7930513595166163,0.9431143851033353,0.06676495366470092,0.9374136229022705,1.0,0.0,0.6518396485447556,0.43123191595077515,0.01582798920571804,0.5365304350852966,0.016409700736403465,0.0,11.0,0.49116116762161255,0.0827407405532439,0.7456787526607513,0.0,0.255859375,0.296630859375,0.0,0.0,0.25,0.34375,0.0,0.0,0.255859375,0.349609375,0.0,0.0,0.263671875,0.302978515625,0.0
ee8ac0ecc490b24b,09_universal_symbols_healthcare_webfont,Universal Symbols Healthcare Webfont,i billing,healthcare wayfinding,icon_data/normalized_256/09_universal_symbols_healthcare_webfont/i_billing__ee8ac0ecc490.png,0.5403900146484375,0.0409088134765625,5.0,1426.0,0.34814453125,45.95792426367461,0.5622142494284988,1.0241935483870968,0.6225444957152274,0.021488172836502277,0.7053498338710454,0.5725323031836952,0.08109558096851617,0.9249875937002116,5.0,6.0,1.0,0.29882147908210754,0.16675643622875214,0.3959495425224304,0.13847245275974274,1.0,7.0,0.0,0.0,0.771475687623024,0.379150390625,0.215576171875,0.17236328125,0.4755859375,0.78515625,0.662353515625,0.71337890625,0.856201171875,0.703125,0.539794921875,0.5283203125,0.7529296875,0.658935546875,0.381103515625,0.2587890625,0.5634765625
eeb6b3cdd0343f66,02_aiga_dot_symbol_signs,AIGA/DOT Symbol Signs,Aiga forwardandrightarrow,,icon_data/normalized_256/02_aiga_dot_symbol_signs/aiga_forwardandrightarrow__eeb6b3cdd034.png,0.490325927734375,0.0229644775390625,1.0,646.0,0.15771484375,101.44891640866874,0.4941791618608228,1.0,0.5613808284271763,0.18597978806883428,0.2703696382684325,0.2703696382684325,0.050413891827970375,0.9520056882147301,1.0,0.0,0.712600345944028,0.15918302536010742,0.6235150694847107,0.15918302536010742,0.0581187941133976,1.0,1.0,0.0,0.0,1.0,0.263916015625,0.734375,0.86328125,1.0,0.0,0.1904296875,0.853515625,0.86328125,0.1904296875,0.853515625,0.1904296875,0.734375,0.6533203125,0.1904296875,0.0,0.263916015625
ef4f2e8dd25ad9aa,13_usp_pictograms_manual,USP Pictograms,69,medication instruction,icon_data/normalized_256/13_usp_pictograms_manual/69__ef4f2e8dd25a.png,0.85546875,0.0529327392578125,1.0,376.0,0.091796875,174.29787234042553,1.0,0.85546875,1.0,0.002772967769359,0.990909090909091,1.0,0.0169449200913242,0.9833374258953941,1.0,0.0,0.8806232721789394,0.23254571855068207,0.21642227470874786,0.3271469175815582,0.22388504445552826,1.0,8.0,0.0,0.0,0.17937767505645752,0.71875,1.0,1.0,0.703125,0.71875,1.0,1.0,0.703125,0.71875,1.0,1.0,0.703125,0.71875,1.0,1.0,0.703125
f1209f1a3da4b4eb,02_aiga_dot_symbol_signs,AIGA/DOT Symbol Signs,Aiga customs,,icon_data/normalized_256/02_aiga_dot_symbol_signs/aiga_customs__f1209f1a3da4.png,0.34326171875,0.0482940673828125,6.0,1216.0,0.296875,53.89473684210526,0.4296081277213353,1.1650943396226414,0.5129865687638246,0.20075558544818828,0.3293936886892802,0.2836519258202568,0.09317211948790896,0.9147690305790501,6.0,0.0,0.5729421352893236,0.4133020043373108,0.25131380558013916,0.2816118896007538,0.053772345185279846,1.0,1.0,0.0,0.0,1.0,0.0,0.0,0.281005859375,0.2255859375,0.19140625,0.010986328125,0.533447265625,0.410888671875,0.453125,0.404296875,0.47119140625,0.8466796875,0.276611328125,0.50537109375,0.35205078125,0.529541015625
f1c37bc051fbda70,01_mcdougall_symbol_icon_set,McDougall Symbol/Icon Set,Atomic site,,icon_data/normalized_256/01_mcdougall_symbol_icon_set/mcdougall_013__f1c37bc051fb.png,0.06451416015625,0.0189971923828125,2.0,583.0,0.142333984375,112.41166380789022,0.3562521065048871,0.6231884057971014,0.4686322323209931,0.002078091537876014,0.7869822485207101,0.7653444676409186,0.34058656575212864,0.7459421312632322,2.0,13.0,1.0,0.15102963149547577,0.22650913894176483,0.3780634105205536,0.24439777433872223,0.0,4.0,0.10272788256406784,0.00716433217895741,0.8230773061513901,0.0,0.00732421875,0.004150390625,0.0,0.0,0.252197265625,0.2490234375,0.0,0.0,0.253662109375,0.253662109375,0.0,0.0,0.004638671875,0.007568359375,0.0
f1c82e0e3033e0f2,12_iso_15223_medical_device_symbols,ISO 15223 Medical Device Symbols,batch code,medical device label,icon_data/normalized_256/12_iso_15223_medical_device_symbols/batch_code__f1c82e0e3033.png,0.1676788330078125,0.032623291015625,4.0,1363.0,0.332763671875,48.08217168011739,0.36794348088126966,1.5912408759124088,0.3723822433073534,0.008255704482648219,0.7061015370284117,0.7667202572347267,0.20001820001820003,0.8333206946234928,4.0,2.0,0.5,0.5416181683540344,0.03093131259083748,0.39654338359832764,0.030907128006219864,1.0,7.0,0.0,0.0,0.8179462999105453,0.054443359375,0.078125,0.078125,0.054443359375,0.29443359375,0.202392578125,0.3544921875,0.24853515625,0.29541015625,0.313232421875,0.3017578125,0.194580078125,0.0439453125,0.0625,0.0625,0.0439453125
f1cd0e53f62b488c,01_mcdougall_symbol_icon_set,McDougall Symbol/Icon Set,Baggage lockers,,icon_data/normalized_256/01_mcdougall_symbol_icon_set/mcdougall_016__f1cd0e53f62b.png,0.0849761962890625,0.0202484130859375,5.0,667.0,0.162841796875,98.25487256371814,0.5121861491768601,0.6335877862595419,0.5704773611964762,0.033936257141602345,0.7177668106107341,0.3659553593328428,0.24744119231459868,0.8016409961134302,5.0,3.0,0.6,0.3495579659938812,0.06254144757986069,0.5213879346847534,0.06651260703802109,0.0,4.0,0.10278793424367905,0.007129804909635365,0.8228646814823151,0.0,0.0205078125,0.02001953125,0.0,0.0,0.37841796875,0.373291015625,0.0,0.0,0.232666015625,0.33251953125,0.0,0.0,0.0,0.002197265625,0.0
f1dbaaccf91a93c6,06_blissymbolics,Blissymbolics,arrow bent,Blissymbolics char,icon_data/normalized_256/06_blissymbolics/arrow_bent_92c4c925e45e__f1dbaaccf91a.png,0.23828125,0.007293701171875,1.0,376.0,0.091796875,174.29787234042553,1.0,0.23828125,1.0,0.002772967769359,0.967741935483871,1.0,0.04059938524590164,0.9609846153846154,1.0,0.0,0.7548337200309357,0.1281430423259735,0.33128300309181213,0.13994042575359344,0.40063348412513733,1.0,8.0,0.0,0.0,0.07313865423202515,0.0,0.484375,0.46875,0.0,0.0,0.484375,0.46875,0.0,0.0,0.484375,0.46875,0.0,0.0,0.484375,0.46875,0.0
f1e85686fa1897f6,10_openmoji,OpenMoji,flag: Bahamas,flags / country-flag,icon_data/normalized_256/10_openmoji/1f1e7_1f1f8__f1e85686fa18.png,0.5166015625,0.023529052734375,1.0,556.0,0.1357421875,117.87050359712231,0.9995276334435522,1.5890410958904109,1.0,0.0,1.0,1.0,0.022329867674858225,0.9781578643245117,1.0,0.0,0.8484362469927826,0.5949191451072693,0.0544663742184639,0.29614800214767456,0.0544663742184639,0.0,54.0,0.4639829099178314,0.48727786688545927,0.4908753037452698,0.11328125,0.140625,0.140625,0.11328125,0.8125,1.0,1.0,0.8125,0.8125,1.0,1.0,0.8125,0.11328125,0.140625,0.140625,0.11328125
f220892a4f910590,09_universal_symbols_healthcare_webfont,Universal Symbols Healthcare Webfont,family practice,healthcare wayfinding,icon_data/normalized_256/09_universal_symbols_healthcare_webfont/family_practice__f220892a4f91.png,0.84722900390625,0.03582763671875,1.0,796.0,0.1943359375,82.33165829145729,0.84722900390625,1.0,0.8623881709741551,0.03474157099992742,0.7373509809443349,0.7670984373508163,0.04650241337079461,0.9555639692974908,1.0,12.0,1.0,0.23968277871608734,0.17358310520648956,0.44465795159339905,0.14207619428634644,1.0,7.0,0.0,0.0,0.8636530935764313,0.8876953125,0.92724609375,1.0,0.9609375,0.88916015625,0.91064453125,0.7060546875,0.94775390625,1.0,0.83203125,0.482421875,0.58154296875,0.950439453125,1.0,0.756103515625,0.7236328125
f28e9602df36d1ae,01_mcdougall_symbol_icon_set,McDougall Symbol/Icon Set,Device driver,,icon_data/normalized_256/01_mcdougall_symbol_icon_set/mcdougall_065__f28e9602df36.png,0.0615081787109375,0.01141357421875,2.0,421.0,0.102783203125,155.66745843230404,0.3314967105263158,0.7421875,0.5992715379469263,0.0035183073582874414,0.5228560634680771,0.9268642447418738,0.19846192011907715,0.8344028151521424,2.0,0.0,0.38644425270827343,0.23445342481136322,0.2615818679332733,0.23348113894462585,0.2704835832118988,0.0,4.0,0.10576582700014114,0.006892656233374376,0.8360503315925598,0.0,0.0,0.0,0.0,0.0,0.244873046875,0.242919921875,0.0,0.0,0.246826171875,0.24951171875,0.0,0.0,0.0,0.0,0.0
f29e44fba07b073d,04_ocha_humanitarian_icons,OCHA Humanitarian Icons,download,iconsets,icon_data/normalized_256/04_ocha_humanitarian_icons/download__f29e44fba07b.png,0.4792633056640625,0.022064208984375,2.0,772.0,0.1884765625,84.89119170984456,0.4792633056640625,1.0,0.6469146482122261,0.17106097697663922,0.9710699717602761,0.34906794948887554,0.05960075137699385,0.9437516901535411,2.0,2.0,1.0,0.22066159546375275,0.2314353734254837,0.31709492206573486,0.23080812394618988,1.0,7.0,0.0,0.0,0.9079937785863876,0.99755859375,0.89208984375,0.863525390625,0.913818359375,0.195068359375,0.404296875,0.404296875,0.195068359375,0.24755859375,0.507080078125,0.507080078125,0.247802734375,0.010986328125,0.635498046875,0.635498046875,0.010986328125
f2d0aeb8201782a5,05_mulberry_symbols,Mulberry Symbols,N,iconsets,icon_data/normalized_256/05_mulberry_symbols/n__f2d0aeb82017.png,0.272125244140625,0.017059326171875,1.0,715.0,0.174560546875,91.65874125874126,0.6720934614659884,0.7923497267759563,0.6805181920515903,0.011394437327313264,0.6086956521739131,0.6445960900036887,0.06324997196366491,0.9405126041556798,1.0,0.0,0.6640107230620299,0.14610111713409424,0.008658337406814098,0.5698357820510864,0.2754048705101013,0.0,16.0,0.4982677698135376,0.0792012193051043,0.7549902498722076,0.070556640625,0.25146484375,0.1982421875,0.049560546875,0.15625,0.86376953125,0.51416015625,0.109375,0.15625,0.483154296875,0.883544921875,0.109375,0.063232421875,0.15869140625,0.2421875,0.044189453125
f384a76ae3e95393,06_blissymbolics,Blissymbolics,although,Blissymbolics char,icon_data/normalized_256/06_blissymbolics/although_dea713fc735e__f384a76ae3e9.png,0.33203125,0.0095062255859375,1.0,376.0,0.091796875,174.29787234042553,1.0,0.33203125,1.0,0.002772967769359,0.9767441860465116,1.0,0.03134191176470588,0.9696105516442385,1.0,0.0,0.7995296884185773,0.03021121583878994,0.45647358894348145,0.05721093341708183,0.45610424876213074,1.0,8.0,0.0,0.0,0.06140190362930298,0.0,0.671875,0.65625,0.0,0.0,0.671875,0.65625,0.0,0.0,0.671875,0.65625,0.0,0.0,0.671875,0.65625,0.0
f3865a56dcf2e368,05_mulberry_symbols,Mulberry Symbols,Harvest Festival,iconsets,icon_data/normalized_256/05_mulberry_symbols/harvest_festival__f3865a56dcf2.png,0.3766326904296875,0.02880859375,2.0,763.0,0.186279296875,85.89252948885976,0.4944313128480429,1.0504587155963303,0.6629868385710449,0.13232564685939713,0.41864474969825854,0.5746730462519937,0.06911639590001216,0.9353518511501004,2.0,1.0,0.6439435443896584,0.2464495599269867,0.13706356287002563,0.49750572443008423,0.11898109316825867,0.0,72.0,0.405764102935791,0.38128961484690127,0.6345526576042175,0.081298828125,0.348388671875,0.0,0.0,0.454345703125,0.832763671875,0.320556640625,0.31787109375,0.69775390625,0.952392578125,0.712890625,0.4189453125,0.2763671875,0.5087890625,0.103759765625,0.0
f3969292766785a3,10_openmoji,OpenMoji,flag: Switzerland,flags / country-flag,icon_data/normalized_256/10_openmoji/1f1e8_1f1ed__f39692927667.png,0.27001953125,0.00860595703125,1.0,592.0,0.14453125,110.70270270270271,0.8301745167948958,1.0,0.8419850597135652,0.0,1.0,1.0,0.051537070524412296,0.9509888220120378,1.0,1.0,1.0,0.4857156574726105,0.01327107846736908,0.48774227499961853,0.01327107846736908,0.0,23.0,0.5956727862358093,0.46284495086594163,0.6390533149242401,0.01904296875,0.140625,0.140625,0.01904296875,0.140625,0.77978515625,0.77978515625,0.140625,0.140625,0.77978515625,0.77978515625,0.140625,0.01904296875,0.140625,0.140625,0.01904296875
f417df4ed4f3890e,03_mapbox_maki_icons,Mapbox Maki,diamond,cartography / point of interest,icon_data/normalized_256/03_mapbox_maki_icons/diamond__f417df4ed4f3.png,0.466156005859375,0.0121917724609375,1.0,463.0,0.113037109375,141.5464362850972,0.6239787581699346,0.85,0.9812423716836899,0.01225203682092108,0.9958189063827008,0.9158409632509721,0.029067103109656302,0.9717539283669444,1.0,0.0,0.8113347851489882,0.03632403910160065,0.4529118537902832,0.0584283247590065,0.45233580470085144,1.0,7.0,0.0,0.0,0.7333588600158691,0.000732421875,0.542236328125,0.54638671875,0.000732421875,0.3994140625,1.0,1.0,0.403564453125,0.29150390625,0.9970703125,0.996826171875,0.29443359375,0.0,0.49072265625,0.494873046875,0.0
f48e58bdca318ff2,01_mcdougall_symbol_icon_set,McDougall Symbol/Icon Set,Distressed vessel,,icon_data/normalized_256/01_mcdougall_symbol_icon_set/mcdougall_069__f48e58bdca31.png,0.04119873046875,0.010772705078125,1.0,262.0,0.06396484375,250.13740458015266,0.267644726407613,1.0721649484536082,0.36777225362664306,0.06228853262324418,0.3874614594039055,0.3030888030888031,0.2762962962962963,0.783517121300058,1.0,0.0,0.3114905399169358,0.04752594232559204,0.3579811453819275,0.1871674507856369,0.40732547640800476,0.0,4.0,0.1049875020980835,0.006998016144680313,0.8323994427919388,0.0,0.0,0.0,0.0,0.0,0.1455078125,0.056396484375,0.0,0.0,0.228515625,0.228759765625,0.0,0.0,0.0,0.0,0.0
f48e7f2e93921b95,09_universal_symbols_healthcare_webfont,Universal Symbols Healthcare Webfont,i kidney,healthcare wayfinding,icon_data/normalized_256/09_universal_symbols_healthcare_webfont/i_kidney__f48e7f2e9392.png,0.5135040283203125,0.0243682861328125,2.0,880.0,0.21484375,74.47272727272727,0.6992395279255319,0.734375,0.8537795085814316,0.109206917081928,0.9445856928232983,0.5126303487953974,0.05217959765845541,0.9504080883391228,2.0,2.0,1.0,0.1685764640569687,0.12285129725933075,0.5873701572418213,0.12120197713375092,1.0,7.0,0.0,0.0,0.8487660884857178,0.0,0.500244140625,0.519287109375,0.0,0.23193359375,0.813720703125,0.820556640625,0.259765625,0.46875,0.892578125,0.878173828125,0.46875,0.41650390625,0.76220703125,0.760009765625,0.423583984375
f49ec6679d749177,09_universal_symbols_healthcare_webfont,Universal Symbols Healthcare Webfont,first aid,healthcare wayfinding,icon_data/normalized_256/09_universal_symbols_healthcare_webfont/first_aid__f49ec6679d74.png,0.984375,0.02490234375,1.0,1.0,0.000244140625,65536.0,1.0,0.984375,1.0,0.0,1.0,1.0,0.015749007936507936,0.9844951776339885,1.0,0.0,0.8881057268722466,0.4824109673500061,0.03746769204735756,0.4430164098739624,0.03710484132170677,1.0,8.0,0.0,0.0,0.6986686289310455,0.96875,1.0,1.0,0.96875,0.96875,1.0,1.0,0.96875,0.96875,1.0,1.0,0.96875,0.96875,1.0,1.0,0.96875
f4b2db93819b99e5,05_mulberry_symbols,Mulberry Symbols,V,iconsets,icon_data/normalized_256/05_mulberry_symbols/v__f4b2db93819b.png,0.2021636962890625,0.011383056640625,1.0,550.0,0.13427734375,119.15636363636364,0.43074972364913194,0.9285714285714286,0.6968206800431272,0.03610589649219977,0.8929847121017288,0.1950031568503653,0.07291116310664957,0.9320436158986986,1.0,0.0,0.6315965104638412,0.1292852908372879,0.01865651272237301,0.8324612379074097,0.01959700509905815,0.0,15.0,0.4988236129283905,0.07806740759354137,0.7560837417840958,0.117431640625,0.151611328125,0.164794921875,0.0966796875,0.057373046875,0.569580078125,0.570068359375,0.033203125,0.0,0.591552734375,0.554443359375,0.0,0.0,0.173583984375,0.154296875,0.0
f4d5b6559851a6d7,06_blissymbolics,Blissymbolics,barred window,Blissymbolics char,icon_data/normalized_256/06_blissymbolics/barred_window_99c9f6fdb671__f4d5b6559851.png,0.4296875,0.020599365234375,1.0,376.0,0.091796875,174.29787234042553,1.0,0.4296875,1.0,0.0,1.0,1.0,0.02599431818181818,0.9746642669251003,1.0,0.0,0.8278457196613358,0.47485437989234924,0.02496378682553768,0.4752179682254791,0.02496378682553768,1.0,8.0,0.0,0.0,0.15852326154708862,0.0,0.859375,0.859375,0.0,0.0,0.859375,0.859375,0.0,0.0,0.859375,0.859375,0.0,0.0,0.859375,0.859375,0.0
f4e0f087b7f3ce12,13_usp_pictograms_manual,USP Pictograms,64,medication instruction,icon_data/normalized_256/13_usp_pictograms_manual/64__f4e0f087b7f3.png,0.81640625,0.0490264892578125,1.0,280.0,0.068359375,234.05714285714285,1.0,0.81640625,1.0,0.002772967769359,0.9904761904761905,1.0,0.017381877990430623,0.9829150898335599,1.0,0.0,0.8779207140981885,0.33889859914779663,0.17416369915008545,0.26853182911872864,0.21840588748455048,1.0,8.0,0.0,0.0,0.1976766586303711,0.640625,1.0,1.0,0.625,0.640625,1.0,1.0,0.625,0.640625,1.0,1.0,0.625,0.640625,1.0,1.0,0.625
f549efcb4ba6e0ed,06_blissymbolics,Blissymbolics,around,Blissymbolics char,icon_data/normalized_256/06_blissymbolics/around_405928ee9a48__f549efcb4ba6.png,0.23828125,0.0064544677734375,1.0,376.0,0.091796875,174.29787234042553,1.0,0.23828125,1.0,0.002772967769359,0.967741935483871,1.0,0.04059938524590164,0.9609846153846154,1.0,0.0,0.7548337200309357,0.24974565207958221,0.25281909108161926,0.24362745881080627,0.25380775332450867,1.0,8.0,0.0,0.0,0.069038987159729,0.0,0.484375,0.46875,0.0,0.0,0.484375,0.46875,0.0,0.0,0.484375,0.46875,0.0,0.0,0.484375,0.46875,0.0
f566e992afa9517d,05_mulberry_symbols,Mulberry Symbols,DVD player,iconsets,icon_data/normalized_256/05_mulberry_symbols/dvd_player__f566e992afa9.png,0.2601470947265625,0.0237579345703125,1.0,394.0,0.09619140625,166.33502538071065,0.6701650943396227,2.2641509433962264,0.9466670368416669,0.005908639914494333,0.7266558638849504,0.7324458896453613,0.042583142706317086,0.9591561181434599,1.0,0.0,0.7458984118650742,0.6349536180496216,0.08394730091094971,0.10041821748018265,0.18068082630634308,1.0,18.0,0.0017028433503583074,0.008598249509113608,0.6708349287509918,0.0,0.0,0.0,0.0,0.32861328125,0.581787109375,0.740478515625,0.406005859375,0.455078125,0.760986328125,0.511962890625,0.37744140625,0.0,0.0,0.0,0.0
f5a2afb4a116927b,10_openmoji,OpenMoji,keycap: #,symbols / keycap,icon_data/normalized_256/10_openmoji/0023_fe0f_20e3__f5a2afb4a116.png,0.505126953125,0.027496337890625,1.0,520.0,0.126953125,126.03076923076924,0.9993962081874169,1.0,1.0,0.0,1.0,1.0,0.02199130014499758,0.9784819106171672,1.0,0.0,0.8503904644471845,0.4591256380081177,0.04053590074181557,0.4638688266277313,0.03646962344646454,0.0,23.0,0.31798237562179565,0.23492254001776292,0.42252057790756226,0.1767578125,0.421875,0.421875,0.1767578125,0.421875,1.0,1.0,0.421875,0.421875,1.0,1.0,0.421875,0.1767578125,0.421875,0.421875,0.1767578125
f5fdc491cee039e0,07_arasaac_pictograms,ARASAAC Pictograms,deaf,special education,icon_data/normalized_256/07_arasaac_pictograms/10215__f5fdc491cee0.png,0.517303466796875,0.0375213623046875,1.0,646.0,0.15771484375,101.44891640866874,0.648258982350804,1.1105990783410138,0.8096676737160121,0.10641139022499164,0.5737628818122738,0.690788489352152,0.0362810453660551,0.9649891836502335,1.0,0.0,0.7750445795802662,0.1573999971151352,0.31081250309944153,0.3582072854042053,0.17358021438121796,0.0,29.0,0.41774871945381165,0.3337567039984284,0.4697929620742798,0.35400390625,0.625244140625,0.64111328125,0.206787109375,0.294189453125,0.909423828125,1.0,0.75732421875,0.0,0.8427734375,1.0,0.75732421875,0.0,0.434326171875,0.26220703125,0.192138671875
f63ece07c6bc36b8,05_mulberry_symbols,Mulberry Symbols,X,iconsets,icon_data/normalized_256/05_mulberry_symbols/x__f63ece07c6bc.png,0.2252044677734375,0.017333984375,1.0,634.0,0.15478515625,103.36908517350157,0.47984264256453607,0.9285714285714286,0.5032907075873828,0.011029381195181437,0.8818054315950529,0.7147670500755199,0.07805406870384173,0.9275972597574006,1.0,0.0,0.615599582898853,0.17672286927700043,0.40522438287734985,0.01264073047786951,0.40541204810142517,0.0,16.0,0.4989112913608551,0.07813752603039496,0.7562433481216431,0.0546875,0.259033203125,0.275634765625,0.03662109375,0.0,0.591796875,0.558349609375,0.0,0.006591796875,0.64208984375,0.625244140625,0.001708984375,0.08740234375,0.188232421875,0.20849609375,0.0673828125
f67adff43efd12df,09_universal_symbols_healthcare_webfont,Universal Symbols Healthcare Webfont,alternative complementary,healthcare wayfinding,icon_data/normalized_256/09_universal_symbols_healthcare_webfont/alternative_complementary__f67adff43efd.png,0.984375,0.0419158935546875,1.0,1.0,0.000244140625,65536.0,1.0,1.0158730158730158,1.0,0.0,1.0,1.0,0.015749007936507936,0.9844951776339885,1.0,0.0,0.8881057268722466,0.4318400025367737,0.1554628610610962,0.26917529106140137,0.14352181553840637,1.0,8.0,0.0,0.0,0.7239856421947479,0.96875,0.96875,0.96875,0.96875,1.0,1.0,1.0,1.0,1.0,1.0,1.0,1.0,0.96875,0.96875,0.96875,0.96875
f6aa07dce193fa26,12_iso_15223_medical_device_symbols,ISO 15223 Medical Device Symbols,ce,medical device label,icon_data/normalized_256/12_iso_15223_medical_device_symbols/ce__f6aa07dce193.png,0.178253173828125,0.01776123046875,2.0,682.0,0.16650390625,96.09384164222874,0.35254707870593915,1.4342105263157894,0.3916323041335613,0.017313483401837623,0.15640467234211047,0.9948770491803278,0.11076870398904297,0.9002774352651048,2.0,0.0,0.5301806299355541,0.31949928402900696,0.19794617593288422,0.28307604789733887,0.19947843253612518,1.0,7.0,0.0,0.0,0.9040595293045044,0.002685546875,0.102783203125,0.00341796875,0.101806640625,0.375244140625,0.168701171875,0.432861328125,0.2412109375,0.375732421875,0.169189453125,0.432861328125,0.2412109375,0.002685546875,0.099609375,0.00341796875,0.0986328125
f6c4ee1532ff71f9,13_usp_pictograms_manual,USP Pictograms,04,medication instruction,icon_data/normalized_256/13_usp_pictograms_manual/04__f6c4ee1532ff.png,0.76953125,0.0592498779296875,1.0,376.0,0.091796875,174.29787234042553,1.0,0.76953125,1.0,0.002772967769359,0.98989898989899,1.0,0.01796478426395939,0.9823522536912229,1.0,0.0,0.8743411927877948,0.3825833797454834,0.15547193586826324,0.3467349708080292,0.11520972847938538,1.0,8.0,0.0,0.0,0.27804505825042725,0.546875,1.0,1.0,0.53125,0.546875,1.0,1.0,0.53125,0.546875,1.0,1.0,0.53125,0.546875,1.0,1.0,0.53125
f731377d8226fd66,10_openmoji,OpenMoji,flag: Albania,flags / country-flag,icon_data/normalized_256/10_openmoji/1f1e6_1f1f1__f731377d8226.png,0.5166015625,0.01123046875,1.0,556.0,0.1357421875,117.87050359712231,0.9995276334435522,1.5890410958904109,1.0,0.0,1.0,1.0,0.022329867674858225,0.9781578643245117,1.0,0.0,0.8484362469927826,0.5789028406143188,0.027420541271567345,0.3661390244960785,0.0275376308709383,0.0,15.0,0.6890472173690796,0.4580463783899561,0.6713460683822632,0.11328125,0.140625,0.140625,0.11328125,0.8125,1.0,1.0,0.8125,0.8125,1.0,1.0,0.8125,0.11328125,0.140625,0.140625,0.11328125
f75079a07981e7fb,07_arasaac_pictograms,ARASAAC Pictograms,handball,sport modality,icon_data/normalized_256/07_arasaac_pictograms/10159__f75079a07981.png,0.2118072509765625,0.037353515625,2.0,853.0,0.208251953125,76.83001172332942,0.2856760650339576,1.0511627906976744,0.3989022357606759,0.04198320622825555,0.3599490545703929,0.377356618376662,0.1344283553058137,0.8815012383311107,2.0,1.0,0.5,0.255968302488327,0.23752377927303314,0.32039156556129456,0.1861163079738617,0.0,127.0,0.5392445921897888,0.59009312728899,0.48734527826309204,0.000732421875,0.1025390625,0.19189453125,0.16650390625,0.07421875,0.6484375,0.65966796875,0.120849609375,0.2138671875,0.36962890625,0.482666015625,0.102294921875,0.033203125,0.171630859375,0.01318359375,0.03759765625
f7ca89edb397a88d,03_mapbox_maki_icons,Mapbox Maki,convenience,cartography / point of interest,icon_data/normalized_256/03_mapbox_maki_icons/convenience__f7ca89edb397.png,0.613494873046875,0.0224456787109375,1.0,709.0,0.173095703125,92.43441466854725,0.6980208333333333,1.0,0.8534222005242881,0.061078504168489624,0.998707496520183,0.6625728817764546,0.033726309506043876,0.967374043597517,1.0,1.0,1.0,0.5706150531768799,0.0405750498175621,0.3486528992652893,0.04015709459781647,1.0,7.0,0.0,0.0,0.5529974102973938,0.2001953125,0.746826171875,0.7470703125,0.198974609375,0.61865234375,0.391357421875,0.392578125,0.6162109375,0.723388671875,1.0,1.0,0.72314453125,0.354248046875,0.875,0.875,0.353271484375
f7ce5773fb8e052e,04_ocha_humanitarian_icons,OCHA Humanitarian Icons,building facility affected,iconsets,icon_data/normalized_256/04_ocha_humanitarian_icons/building_facility_affected__f7ce5773fb8e.png,0.632354736328125,0.0266876220703125,4.0,1000.0,0.244140625,65.536,0.632354736328125,1.0,0.7332206898382003,0.12239014939390568,0.41837223629269626,0.4377601998334721,0.06109743738236571,0.9424205212170829,4.0,4.0,1.0,0.4379757344722748,0.09817111492156982,0.3688417673110962,0.09501135349273682,1.0,7.0,0.0,0.0,0.9031728729605675,0.8076171875,0.745361328125,0.90625,0.774658203125,0.5498046875,0.5380859375,0.556396484375,0.67431640625,0.0,0.6357421875,0.90625,0.90625,0.0,0.703125,0.413818359375,1.0
f7d223c9caad6d0c,13_usp_pictograms_manual,USP Pictograms,59,medication instruction,icon_data/normalized_256/13_usp_pictograms_manual/59__f7d223c9caad.png,0.671875,0.0370635986328125,1.0,376.0,0.091796875,174.29787234042553,1.0,1.4883720930232558,1.0,0.0,1.0,1.0,0.019440406976744186,0.9809303154517911,1.0,0.0,0.8654088050314466,0.4558544456958771,0.08492396771907806,0.33206358551979065,0.12715791165828705,1.0,8.0,0.0,0.0,0.22459375858306885,0.34375,0.34375,0.34375,0.34375,1.0,1.0,1.0,1.0,1.0,1.0,1.0,1.0,0.34375,0.34375,0.34375,0.34375
f7d82e130ffce18a,11_iso_7010_safety_signs,ISO 7010 Safety Signs,ISO 7010 W016,iconsets,icon_data/normalized_256/11_iso_7010_safety_signs/iso_7010_w016__f7d82e130ffc.png,0.875,0.044586181640625,1.0,88.0,0.021484375,744.7272727272727,1.0,1.1428571428571428,1.0,0.0,1.0,1.0,0.016741071428571428,0.9835345773874863,1.0,0.0,0.8818897637795275,0.3201494514942169,0.28438904881477356,0.11438716948032379,0.28107431530952454,1.0,8.0,0.0,0.0,0.2217855453491211,0.75,0.75,0.75,0.75,1.0,1.0,1.0,1.0,1.0,1.0,1.0,1.0,0.75,0.75,0.75,0.75
f827e42afce0851c,06_blissymbolics,Blissymbolics,birth,Blissymbolics char,icon_data/normalized_256/06_blissymbolics/birth_5b6c23b9f4c8__f827e42afce0.png,0.6171875,0.01953125,1.0,376.0,0.091796875,174.29787234042553,1.0,0.6171875,1.0,0.0,1.0,1.0,0.020470727848101267,0.9799399166585909,1.0,0.0,0.8592794017675051,0.3149369955062866,0.18370074033737183,0.3177010118961334,0.18366128206253052,1.0,8.0,0.0,0.0,0.11645621061325073,0.234375,1.0,1.0,0.234375,0.234375,1.0,1.0,0.234375,0.234375,1.0,1.0,0.234375,0.234375,1.0,1.0,0.234375
f83c74d4dd3de121,04_ocha_humanitarian_icons,OCHA Humanitarian Icons,cell tower,iconsets,icon_data/normalized_256/04_ocha_humanitarian_icons/cell_tower__f83c74d4dd3d.png,0.4020538330078125,0.0394744873046875,7.0,1375.0,0.335693359375,47.66254545454545,0.4020538330078125,1.0,0.4605341350019226,0.020519213512741625,0.9944743017182651,0.10840484603735487,0.11924551216364948,0.8934590213963582,7.0,3.0,0.5117801301349908,0.13345980644226074,0.18186452984809875,0.5044976472854614,0.18017803132534027,1.0,7.0,0.0,0.0,0.8102356046438217,0.6142578125,0.14501953125,0.14453125,0.61669921875,0.72900390625,0.44384765625,0.447265625,0.732666015625,0.091064453125,0.38037109375,0.38037109375,0.091064453125,0.122314453125,0.68603515625,0.68603515625,0.122314453125
f8666ea50de7110e,01_mcdougall_symbol_icon_set,McDougall Symbol/Icon Set,American health service,,icon_data/normalized_256/01_mcdougall_symbol_icon_set/mcdougall_009__f8666ea50de7.png,0.42620849609375,0.0197601318359375,1.0,610.0,0.14892578125,107.43606557377049,0.9883934890304317,0.8722222222222222,1.0,0.0027864233065984746,0.9675965060580445,0.9767869780608635,0.03802090791923242,0.9633717320824998,1.0,28.0,1.0,0.2805400490760803,0.1126040667295456,0.49772515892982483,0.10913079231977463,1.0,3.0,0.04015156999230385,0.024639959519272885,0.2798933982849121,0.09521484375,0.40478515625,0.40478515625,0.0888671875,0.234375,0.97900390625,0.98193359375,0.21875,0.234375,0.9853515625,0.97802734375,0.21875,0.09521484375,0.40625,0.40478515625,0.0888671875
f88452b9ec9d4596,01_mcdougall_symbol_icon_set,McDougall Symbol/Icon Set,Break glass to access,,icon_data/normalized_256/01_mcdougall_symbol_icon_set/mcdougall_025__f88452b9ec9d.png,0.191162109375,0.0250091552734375,2.0,817.0,0.199462890625,80.21542227662178,0.7208285385500576,0.6962025316455697,0.7322033898305085,0.015298508818962164,0.7135822732868281,0.7438752783964365,0.14080459770114942,0.8765743073047859,2.0,6.0,1.0,0.24437111616134644,0.1256021410226822,0.4899045526981354,0.14012213051319122,0.0,4.0,0.10983055830001831,0.006381242644372135,0.8540127277374268,0.0,0.201416015625,0.201416015625,0.0,0.0,0.684326171875,0.538330078125,0.0,0.0,0.591064453125,0.44140625,0.0,0.0,0.201416015625,0.19921875,0.0
f894d974d6df3581,10_openmoji,OpenMoji,flag: Cuba,flags / country-flag,icon_data/normalized_256/10_openmoji/1f1e8_1f1fa__f894d974d6df.png,0.42364501953125,0.0228118896484375,1.0,922.0,0.22509765625,71.08026030368764,0.8196740670760511,1.5890410958904109,0.8291473794236225,0.037228928017545376,0.7884565833548055,0.9925362422850581,0.05741247658838784,0.9457047482798556,1.0,3.0,1.0,0.6367685198783875,0.034752488136291504,0.2931322157382965,0.035346757620573044,0.0,72.0,0.5984107255935669,0.47829110506029165,0.658412367105484,0.11328125,0.140625,0.140625,0.11328125,0.783203125,0.82373046875,0.671875,0.60205078125,0.781005859375,0.826904296875,0.671875,0.60205078125,0.11328125,0.140625,0.140625,0.11328125
f8978aed3acb07b0,09_universal_symbols_healthcare_webfont,Universal Symbols Healthcare Webfont,i cath lab,healthcare wayfinding,icon_data/normalized_256/09_universal_symbols_healthcare_webfont/i_cath_lab__f8978aed3acb.png,0.469879150390625,0.0282745361328125,3.0,1045.0,0.255126953125,62.713875598086126,0.469879150390625,1.0,0.604396467124632,0.1629296573398832,0.4468824883710003,0.5357837514338437,0.07956095343248684,0.926302490675009,3.0,3.0,1.0,0.5287862420082092,0.09969429671764374,0.23157115280628204,0.1399482935667038,1.0,7.0,0.0,0.0,0.7715595066547394,0.0,0.29638671875,0.63232421875,0.27587890625,0.2685546875,0.348388671875,0.310302734375,0.516845703125,0.73046875,0.7451171875,0.6865234375,0.719970703125,0.0,0.305908203125,0.730224609375,0.951171875
f8a7e3c344824fca,07_arasaac_pictograms,ARASAAC Pictograms,flush the toilet,verb; building facility; routine,icon_data/normalized_256/07_arasaac_pictograms/10184__f8a7e3c34482.png,0.459564208984375,0.043609619140625,1.0,643.0,0.156982421875,101.92223950233281,0.5239826719323579,0.9123505976095617,0.7077845014981493,0.18289214206962348,0.3463567277603934,0.4987807912416024,0.038448768178497905,0.9629748049622714,1.0,0.0,0.7647656289675486,0.4853057861328125,0.1824486255645752,0.22830171883106232,0.10394392162561417,0.0,22.0,0.006976949982345104,0.02099328232747193,0.14140236377716064,0.023193359375,0.423828125,0.1943359375,0.0,0.57958984375,0.98828125,0.280029296875,0.0,0.6982421875,1.0,0.4521484375,0.02880859375,0.1240234375,0.92724609375,0.953125,0.68017578125
fa2d441300cc16e4,05_mulberry_symbols,Mulberry Symbols,Wii,iconsets,icon_data/normalized_256/05_mulberry_symbols/wii__fa2d441300cc.png,0.3711090087890625,0.034423828125,2.0,580.0,0.1416015625,112.99310344827586,0.6569337150883259,1.2369942196531791,0.7974359815075904,0.055818072558570804,0.4932768465647449,0.7418176609611115,0.039636528103285225,0.9618746292268143,2.0,0.0,0.7592482752161833,0.33690065145492554,0.02997543103992939,0.603786051273346,0.02933783456683159,0.0,19.0,0.026305466890335083,0.008147205780740442,0.41791462898254395,0.0,0.123779296875,0.234130859375,0.0166015625,0.3125,0.4326171875,1.0,0.617431640625,0.5625,0.58154296875,1.0,0.544677734375,0.191650390625,0.177978515625,0.1396484375,0.002685546875
fac38d9c03d76897,06_blissymbolics,Blissymbolics,angel 1,Blissymbolics char,icon_data/normalized_256/06_blissymbolics/angel_1_024eec2f10e7__fac38d9c03d7.png,0.4296875,0.00799560546875,1.0,376.0,0.091796875,174.29787234042553,1.0,0.4296875,1.0,0.0,1.0,1.0,0.02599431818181818,0.9746642669251003,1.0,0.0,0.8278457196613358,0.34081336855888367,0.15894632041454315,0.3402246832847595,0.1600155532360077,1.0,8.0,0.0,0.0,0.05979281663894653,0.0,0.859375,0.859375,0.0,0.0,0.859375,0.859375,0.0,0.0,0.859375,0.859375,0.0,0.0,0.859375,0.859375,0.0
fb0a8ab3bb67706d,06_blissymbolics,Blissymbolics,belief supernatural,Blissymbolics char,icon_data/normalized_256/06_blissymbolics/belief_supernatural_b4e3bb97479b__fb0a8ab3bb67.png,0.4296875,0.02545166015625,1.0,376.0,0.091796875,174.29787234042553,1.0,0.4296875,1.0,0.0,1.0,1.0,0.02599431818181818,0.9746642669251003,1.0,0.0,0.8278457196613358,0.2394346296787262,0.29021692276000977,0.18005836009979248,0.29029008746147156,1.0,8.0,0.0,0.0,0.16549688577651978,0.0,0.859375,0.859375,0.0,0.0,0.859375,0.859375,0.0,0.0,0.859375,0.859375,0.0,0.0,0.859375,0.859375,0.0
fb12dae3fe5affa5,09_universal_symbols_healthcare_webfont,Universal Symbols Healthcare Webfont,i ophthalmology,healthcare wayfinding,icon_data/normalized_256/09_universal_symbols_healthcare_webfont/i_ophthalmology__fb12dae3fe5a.png,0.2839813232421875,0.02886962890625,2.0,895.0,0.218505859375,73.22458100558659,0.5144144393156251,1.7692307692307692,0.7179754258048339,0.022909168126863524,0.9043282513046148,0.6200383008356546,0.0999408951695234,0.909139758683015,2.0,3.0,1.0,0.261209100484848,0.30042821168899536,0.13620324432849884,0.30215951800346375,1.0,7.0,0.0,0.0,0.7465970516204834,0.0,0.01416015625,0.013671875,0.0,0.302001953125,0.84423828125,0.72998046875,0.29736328125,0.35205078125,0.727783203125,0.683837890625,0.34716796875,0.0,0.116943359375,0.114501953125,0.0
fb16611eda027b3f,03_mapbox_maki_icons,Mapbox Maki,bicycle share,cartography / point of interest,icon_data/normalized_256/03_mapbox_maki_icons/bicycle_share__fb16611eda02.png,0.5102691650390625,0.02301025390625,1.0,760.0,0.185546875,86.23157894736842,0.5857798486547086,1.147982062780269,0.7773903340539786,0.08545842114204744,0.7586642124638443,0.4160914672877408,0.04754642504709787,0.954611629699409,1.0,3.0,1.0,0.4267837405204773,0.1041894257068634,0.3825019896030426,0.08652476966381073,1.0,7.0,0.0,0.0,0.4374549984931946,0.0,0.073974609375,0.686279296875,0.034912109375,0.211669921875,0.770751953125,0.85400390625,0.36865234375,0.7421875,0.966796875,0.94482421875,0.744384765625,0.54541015625,0.33740234375,0.337646484375,0.54541015625
fb3be16d10b0196f,05_mulberry_symbols,Mulberry Symbols,B,iconsets,icon_data/normalized_256/05_mulberry_symbols/b__fb3be16d10b0.png,0.2942657470703125,0.017425537109375,1.0,745.0,0.181884765625,87.96778523489932,0.6925590749120161,0.8406593406593407,0.7492229992229992,0.01951792041461724,0.7911210179251417,0.8092691622103387,0.06149857402126005,0.9420643837623955,1.0,2.0,1.0,0.46080949902534485,0.1018650159239769,0.3323870599269867,0.10493846982717514,0.0,16.0,0.5029961466789246,0.07447942447829431,0.7618298977613449,0.0615234375,0.4375,0.366455078125,0.002197265625,0.140625,0.6396484375,0.667236328125,0.052978515625,0.140625,0.5869140625,0.59228515625,0.183349609375,0.05712890625,0.40625,0.360595703125,0.012939453125
fb590ef016ff3f20,07_arasaac_pictograms,ARASAAC Pictograms,take trousers off,verb; clothes; routine,icon_data/normalized_256/07_arasaac_pictograms/10143__fb590ef016ff.png,0.323150634765625,0.041229248046875,2.0,778.0,0.18994140625,84.23650385604113,0.5985867721876766,0.5942622950819673,0.7254603065855956,0.07842668453592065,0.6323416062895021,0.6330968537939543,0.0763056001511002,0.9291041502149688,2.0,2.0,1.0,0.26716509461402893,0.14974366128444672,0.4458655118942261,0.13722583651542664,0.0,42.0,0.4209860861301422,0.42851350676829647,0.42791080474853516,0.096435546875,0.7841796875,0.648681640625,0.0,0.00439453125,0.818603515625,0.6455078125,0.001953125,0.0,0.61865234375,0.65966796875,0.013671875,0.0,0.44287109375,0.435791015625,0.0
fb69208b7df0d142,10_openmoji,OpenMoji,flag: Burkina Faso,flags / country-flag,icon_data/normalized_256/10_openmoji/1f1e7_1f1eb__fb69208b7df0.png,0.5166015625,0.0262603759765625,1.0,556.0,0.1357421875,117.87050359712231,0.9995276334435522,1.5890410958904109,1.0,0.0,1.0,1.0,0.022329867674858225,0.9781578643245117,1.0,0.0,0.8484362469927826,0.6063864231109619,0.011978302150964737,0.3701067566871643,0.011528568342328072,0.0,38.0,0.6419259905815125,0.5150878141212669,0.6022746860980988,0.11328125,0.140625,0.140625,0.11328125,0.8125,1.0,1.0,0.8125,0.8125,1.0,1.0,0.8125,0.11328125,0.140625,0.140625,0.11328125
fbb0b16e5a62d627,01_mcdougall_symbol_icon_set,McDougall Symbol/Icon Set,Electrical p reci pitator,,icon_data/normalized_256/01_mcdougall_symbol_icon_set/mcdougall_078__fbb0b16e5a62.png,0.0571136474609375,0.0258026123046875,1.0,565.0,0.137939453125,115.9929203539823,0.26009311375165034,0.9512195121951219,0.3553087474488585,0.012257894550037398,0.446849632779281,0.6650355871886121,0.44028853860539674,0.6943053236876275,1.0,10.0,1.0,0.5328432321548462,0.0,0.4660907983779907,0.001065933844074607,0.0,4.0,0.1025456115603447,0.007113756007011128,0.822399690747261,0.0,0.0,0.0,0.0,0.0,0.197509765625,0.264892578125,0.0,0.0,0.228515625,0.222900390625,0.0,0.0,0.0,0.0,0.0
fbdd9fdefac9fdd6,01_mcdougall_symbol_icon_set,McDougall Symbol/Icon Set,Equipotent ials,,icon_data/normalized_256/01_mcdougall_symbol_icon_set/mcdougall_083__fbdd9fdefac9.png,0.06634521484375,0.04119873046875,6.0,826.0,0.20166015625,79.34140435835351,0.2673882295061804,0.6273291925465838,0.3215857401723309,0.012400959768797229,0.7631792376317924,0.2617527568195009,0.6807727690892365,0.5949644225506294,6.0,8.0,1.0,0.31297850608825684,0.2683250606060028,0.138646200299263,0.2800501585006714,0.0,4.0,0.09312755614519119,0.0076390054914778046,0.7817049771547318,0.0,0.016845703125,0.012451171875,0.0,0.0,0.24658203125,0.212890625,0.0,0.0,0.279541015625,0.2373046875,0.0,0.0,0.031005859375,0.02490234375,0.0
fc70071a5bbf9bb5,09_universal_symbols_healthcare_webfont,Universal Symbols Healthcare Webfont,i imaging alternative pet,healthcare wayfinding,icon_data/normalized_256/09_universal_symbols_healthcare_webfont/i_imaging_alternative_pet__fc70071a5bbf.png,0.984375,0.0403900146484375,1.0,1.0,0.000244140625,65536.0,1.0,1.0158730158730158,1.0,0.0,1.0,1.0,0.015749007936507936,0.9844951776339885,1.0,0.0,0.8881057268722466,0.44932469725608826,0.04021023213863373,0.4445878267288208,0.06587724387645721,1.0,8.0,0.0,0.0,0.2619849443435669,0.96875,0.96875,0.96875,0.96875,1.0,1.0,1.0,1.0,1.0,1.0,1.0,1.0,0.96875,0.96875,0.96875,0.96875
fc88d6db39aac7ac,03_mapbox_maki_icons,Mapbox Maki,airfield,cartography / point of interest,icon_data/normalized_256/03_mapbox_maki_icons/airfield__fc88d6db39aa.png,0.5311126708984375,0.00482177734375,1.0,532.0,0.1298828125,123.18796992481202,0.5311126708984375,1.0,0.6532354928308686,0.06004898483921698,0.9934138938205143,0.48222118128007496,0.03792340621139426,0.9634622304647493,1.0,0.0,0.767231688231534,0.5307728052139282,0.07874838262796402,0.3061876893043518,0.08429122716188431,1.0,7.0,0.0,0.0,0.7035083770751953,0.08837890625,0.737060546875,0.73681640625,0.08837890625,0.961181640625,1.0,1.0,0.970703125,0.02392578125,0.64306640625,0.646728515625,0.0302734375,0.020751953125,0.76171875,0.767822265625,0.02099609375
fcda1531085a0ba5,04_ocha_humanitarian_icons,OCHA Humanitarian Icons,assembly point,iconsets,icon_data/normalized_256/04_ocha_humanitarian_icons/assembly_point__fcda1531085a.png,0.270751953125,0.0244293212890625,5.0,814.0,0.19873046875,80.51105651105651,0.270751953125,1.0,0.4898274672187716,0.00010098887585346719,0.9984232458610204,0.9990986931050022,0.09828674481514878,0.9105090311986864,5.0,0.0,0.5598182735991923,0.2353992909193039,0.26418519020080566,0.23551037907600403,0.2649052143096924,1.0,7.0,0.0,0.0,0.8358225375413895,0.0,0.326904296875,0.32666015625,0.0,0.326416015625,0.4296875,0.43017578125,0.326416015625,0.32666015625,0.4296875,0.43017578125,0.325927734375,0.0,0.326904296875,0.326416015625,0.0
fd3685c46b997c3e,06_blissymbolics,Blissymbolics,bad conscience,Blissymbolics char,icon_data/normalized_256/06_blissymbolics/bad_conscience_dbc3c8d91f50__fd3685c46b99.png,0.4296875,0.0134124755859375,1.0,376.0,0.091796875,174.29787234042553,1.0,0.4296875,1.0,0.0,1.0,1.0,0.02599431818181818,0.9746642669251003,1.0,0.0,0.8278457196613358,0.3458324670791626,0.21905122697353363,0.2141733318567276,0.22094300389289856,1.0,8.0,0.0,0.0,0.08014196157455444,0.0,0.859375,0.859375,0.0,0.0,0.859375,0.859375,0.0,0.0,0.859375,0.859375,0.0,0.0,0.859375,0.859375,0.0
fd46387c8add6704,04_ocha_humanitarian_icons,OCHA Humanitarian Icons,damaged affected,iconsets,icon_data/normalized_256/04_ocha_humanitarian_icons/damaged_affected__fd46387c8add.png,0.7360076904296875,0.0198211669921875,1.0,667.0,0.162841796875,98.25487256371814,0.7360076904296875,1.0,0.9148585084591457,0.006111548315551238,0.9995440036479708,0.958304575534895,0.030517259251580803,0.9703864646830427,1.0,2.0,1.0,0.16367454826831818,0.23872922360897064,0.36048001050949097,0.23711617290973663,1.0,7.0,0.0,0.0,0.9499448202550411,0.347900390625,0.830322265625,0.83056640625,0.347412109375,0.938232421875,0.765625,0.765625,0.93798828125,0.938232421875,0.870849609375,0.870849609375,0.93798828125,0.34716796875,0.849853515625,0.85009765625,0.347412109375
fd9a9375c4f9860a,06_blissymbolics,Blissymbolics,ball field,Blissymbolics char,icon_data/normalized_256/06_blissymbolics/ball_field_779a3a583090__fd9a9375c4f9.png,0.4296875,0.008575439453125,1.0,376.0,0.091796875,174.29787234042553,1.0,0.4296875,1.0,0.0,1.0,1.0,0.02599431818181818,0.9746642669251003,1.0,0.0,0.8278457196613358,0.5784266591072083,0.1451372653245926,0.1317397803068161,0.14469635486602783,1.0,8.0,0.0,0.0,0.05956912040710449,0.0,0.859375,0.859375,0.0,0.0,0.859375,0.859375,0.0,0.0,0.859375,0.859375,0.0,0.0,0.859375,0.859375,0.0
fdd505a2101b6cd5,11_iso_7010_safety_signs,ISO 7010 Safety Signs,ISO 7010 W027,iconsets,icon_data/normalized_256/11_iso_7010_safety_signs/iso_7010_w027__fdd505a2101b.png,0.875,0.03924560546875,1.0,88.0,0.021484375,744.7272727272727,1.0,1.1428571428571428,1.0,0.0,1.0,1.0,0.016741071428571428,0.9835345773874863,1.0,0.0,0.8818897637795275,0.2697522044181824,0.3247811496257782,0.08125987648963928,0.32420679926872253,1.0,8.0,0.0,0.0,0.22564536333084106,0.75,0.75,0.75,0.75,1.0,1.0,1.0,1.0,1.0,1.0,1.0,1.0,0.75,0.75,0.75,0.75
fddaa12f9e8db58b,03_mapbox_maki_icons,Mapbox Maki,bank,cartography / point of interest,icon_data/normalized_256/03_mapbox_maki_icons/bank__fddaa12f9e8d.png,0.6709747314453125,0.0078125,1.0,376.0,0.091796875,174.29787234042553,0.9986600654069767,1.4883720930232558,1.0,1.7921888348056862e-05,0.9999545185791604,0.9999545185791604,0.019466490801173447,0.9809052176046755,1.0,0.0,0.8652525530784518,0.6958084106445312,0.06992631405591965,0.1644766628742218,0.06978865712881088,1.0,7.0,0.0,0.0,0.6722148358821869,0.34033203125,0.34375,0.34375,0.340087890625,1.0,1.0,1.0,1.0,1.0,1.0,1.0,1.0,0.340087890625,0.34375,0.34375,0.340087890625
fe14492d7aa46b19,06_blissymbolics,Blissymbolics,away,Blissymbolics char,icon_data/normalized_256/06_blissymbolics/away_e3afe28166a3__fe14492d7aa4.png,0.5234375,0.00701904296875,1.0,376.0,0.091796875,174.29787234042553,1.0,0.5234375,1.0,0.0,1.0,1.0,0.02273787313432836,0.9777676433701973,1.0,0.0,0.8460931333859512,0.09490388631820679,0.27371910214424133,0.36055299639701843,0.27082401514053345,1.0,8.0,0.0,0.0,0.03260916471481323,0.046875,1.0,1.0,0.046875,0.046875,1.0,1.0,0.046875,0.046875,1.0,1.0,0.046875,0.046875,1.0,1.0,0.046875
fe817e0b4fe2f905,11_iso_7010_safety_signs,ISO 7010 Safety Signs,ISO 7010 W004,iconsets,icon_data/normalized_256/11_iso_7010_safety_signs/iso_7010_w004__fe817e0b4fe2.png,0.875,0.0294189453125,1.0,88.0,0.021484375,744.7272727272727,1.0,1.1428571428571428,1.0,0.0,1.0,1.0,0.016741071428571428,0.9835345773874863,1.0,0.0,0.8818897637795275,0.26788365840911865,0.3277131915092468,0.0818365216255188,0.3225666582584381,1.0,8.0,0.0,0.0,0.22767925262451172,0.75,0.75,0.75,0.75,1.0,1.0,1.0,1.0,1.0,1.0,1.0,1.0,0.75,0.75,0.75,0.75
ff32132cafa1f19e,07_arasaac_pictograms,ARASAAC Pictograms,sangria,beverage,icon_data/normalized_256/07_arasaac_pictograms/10233__ff32132cafa1.png,0.40533447265625,0.028839111328125,1.0,586.0,0.14306640625,111.83617747440273,0.6510784313725491,0.7083333333333334,0.8379414223301737,0.08128047481475632,0.5277202668507016,0.6500403751785825,0.0414094262912212,0.9602371312897628,1.0,1.0,1.0,0.4324391782283783,0.10968917608261108,0.3116239905357361,0.14624767005443573,0.0,75.0,0.5605080723762512,0.37494942057986796,0.5626076757907867,0.0,0.49365234375,0.391357421875,0.0673828125,0.189453125,0.5693359375,1.0,0.081298828125,0.094482421875,0.8291015625,1.0,0.291015625,0.0,0.458251953125,0.853271484375,0.166748046875
