icon_id,method,variant,k,cluster,quality_score
38fcc454e8b76e8a,kmeans,image,3,2,0.376252
671222e19754e444,kmeans,image,3,0,0.376252
3167ff62be4a1ae7,kmeans,image,3,0,0.376252
7cb54d2ffd287b95,kmeans,image,3,0,0.376252
c0b01f650a9f3047,kmeans,image,3,0,0.376252
af8efb82a3eaf250,kmeans,image,3,0,0.376252
121de65a284465c5,kmeans,image,3,0,0.376252
276e0f48b2aecf30,kmeans,image,3,0,0.376252
b5c1200b37f8968d,kmeans,image,3,0,0.376252
2dfb8baa45944a16,kmeans,image,3,0,0.376252
80b2d92acb1f6d71,kmeans,image,3,1,0.376252
81cdfb4479630d2b,kmeans,image,3,0,0.376252
da1cc0b972f266c1,kmeans,image,3,0,0.376252
cfb5182dc1998eb7,kmeans,image,3,0,0.376252
453de2a0ac7e4646,kmeans,image,3,0,0.376252
22dd7014ca4e0926,kmeans,image,3,0,0.376252
7ab893955ce53d32,kmeans,image,3,0,0.376252
a775dde68401f18c,kmeans,image,3,0,0.376252
8d956b8fd66bfd40,kmeans,image,3,0,0.376252
951be4fa343dfcc3,kmeans,image,3,0,0.376252
26246a410ab5f5fc,kmeans,image,3,0,0.376252
633d125136da3e33,kmeans,image,3,0,0.376252
70c66f7df237db99,kmeans,image,3,1,0.376252
ca282d9b8d67354b,kmeans,image,3,1,0.376252
bbdb16044679062a,kmeans,image,3,0,0.376252
ce5351620f2eb860,kmeans,image,3,0,0.376252
ab05a4526c352168,kmeans,image,3,0,0.376252
b6aae574e74b8cfe,kmeans,image,3,0,0.376252
c4317c54e3675826,kmeans,image,3,1,0.376252
6cd75929d0d2a3f0,kmeans,image,3,1,0.376252
47e3bd73efa382ae,kmeans,image,3,0,0.376252
ccaf59c0ceb35dab,kmeans,image,3,1,0.376252
e0d2e112cc0df560,kmeans,image,3,0,0.376252
5cea9f126476238d,kmeans,image,3,0,0.376252
714e0ea28c0b44d6,kmeans,image,3,1,0.376252
d2908bcd850fab66,kmeans,image,3,1,0.376252
946f5783ecc3c3d3,kmeans,image,3,0,0.376252
c3af4581e34e912a,kmeans,image,3,1,0.376252
8b56c33a174b9ce3,kmeans,image,3,1,0.376252
13c91a98bdfe97db,kmeans,image,3,1,0.376252
59f7cf4b24c41dc4,kmeans,image,3,0,0.376252
f81f3d24abe2590e,kmeans,image,3,0,0.376252
60fafea65eec88ff,kmeans,image,3,0,0.376252
8ccac8fbcc5ef442,kmeans,image,3,0,0.376252
520986b8f519cbf8,kmeans,image,3,0,0.376252
34ba5b6f56c34d2d,kmeans,image,3,0,0.376252
651ed6b48d4e4ce0,kmeans,image,3,0,0.376252
0a8d3ea6a14b7694,kmeans,image,3,0,0.376252
a6380f9f07fe0748,kmeans,image,3,0,0.376252
8419e26eaf8a2ed7,kmeans,image,3,0,0.376252
f1dbaaccf91a93c6,kmeans,image,3,1,0.376252
1bf6d6502e22fd36,kmeans,image,3,1,0.376252
7f0b8a0a616b25e4,kmeans,image,3,1,0.376252
067dab84101e4d40,kmeans,image,3,0,0.376252
9c32fad280ea8306,kmeans,image,3,1,0.376252
d688ea743859b0af,kmeans,image,3,0,0.376252
c7f27f7fd0d5d77b,kmeans,image,3,1,0.376252
e0bee5c0b0d5a7d6,kmeans,image,3,1,0.376252
f3ac148d14f99a51,kmeans,image,3,1,0.376252
9b513da0bbf6fec5,kmeans,image,3,1,0.376252
ab4c6a5c76f157ea,kmeans,image,3,0,0.376252
255623028b70fd39,kmeans,image,3,0,0.376252
a6de1dec67d7aed5,kmeans,image,3,0,0.376252
92617f40c2c43b99,kmeans,image,3,0,0.376252
8025a575373cd6a9,kmeans,image,3,0,0.376252
a51195a2d92d9ff2,kmeans,image,3,0,0.376252
97bbfcfc069b7629,kmeans,image,3,0,0.376252
52c97289f9c9f6dc,kmeans,image,3,0,0.376252
4ca95e3d476453ba,kmeans,image,3,0,0.376252
a8150b5836fa8340,kmeans,image,3,0,0.376252
6bfd058b52069703,kmeans,image,3,0,0.376252
cddd255cbebb9d8e,kmeans,image,3,1,0.376252
65ab556300024c0b,kmeans,image,3,0,0.376252
832f13e7c3d03100,kmeans,image,3,2,0.376252
e6a519ba8dd89268,kmeans,image,3,0,0.376252
77256bc1bfc6a972,kmeans,image,3,0,0.376252
9fc96269778b3b35,kmeans,image,3,0,0.376252
a2d4a495cac2adae,kmeans,image,3,0,0.376252
4de8ea4a98e350d2,kmeans,image,3,0,0.376252
6ff9dd295e18ba9b,kmeans,image,3,1,0.376252
bd7774dcad9acd79,kmeans,image,3,0,0.376252
66cc7c6ebe473f7b,kmeans,image,3,1,0.376252
39719b9e379a0e17,kmeans,image,3,1,0.376252
31f94ec85b9130e2,kmeans,image,3,0,0.376252
4e6eb33dee2b707c,kmeans,image,3,1,0.376252
ab45fc2620cc66ce,kmeans,image,3,0,0.376252
e0760c68f28e0892,kmeans,image,3,0,0.376252
c2a7cdc53f4dd23f,kmeans,image,3,1,0.376252
bcc9cc12c88e11a7,kmeans,image,3,1,0.376252
f0a0fb220faa1075,kmeans,image,3,0,0.376252
709929ff886fee1d,kmeans,image,3,0,0.376252
7e81760c1b53d064,kmeans,image,3,0,0.376252
f3b6090794574209,kmeans,image,3,0,0.376252
6d73856e7180fb8d,kmeans,image,3,0,0.376252
9099811c08fecfa1,kmeans,image,3,0,0.376252
960c8c87ff30f1bf,kmeans,image,3,0,0.376252
0b97f051d6187ce8,kmeans,image,3,0,0.376252
d35e50aec0a064c5,kmeans,image,3,0,0.376252
a1b878174fb512f0,kmeans,image,3,1,0.376252
017f18f80c2b6bb0,kmeans,image,3,1,0.376252
3ae85d1803f6fd0e,kmeans,image,3,1,0.376252
b8d532b96649ad9b,kmeans,image,3,1,0.376252
3fc360c5c4e56a82,kmeans,image,3,1,0.376252
672c5ac5c05045ac,kmeans,image,3,1,0.376252
969d2464f703154e,kmeans,image,3,1,0.376252
9198bbcd6bccdff0,kmeans,image,3,1,0.376252
8eb2ae5e436bf3d9,kmeans,image,3,1,0.376252
395681962a31584b,kmeans,image,3,1,0.376252
5d96dfc9b1190032,kmeans,image,3,1,0.376252
f1c82e0e3033e0f2,kmeans,image,3,0,0.376252
4ce46f5f8d9a06ef,kmeans,image,3,0,0.376252
0db27129c0b71a97,kmeans,image,3,0,0.376252
cad61736ae362480,kmeans,image,3,0,0.376252
e6e2d33ceb0e83af,kmeans,image,3,0,0.376252
0dbe74d0ea5067c3,kmeans,image,3,0,0.376252
397929e89a5a2bf0,kmeans,image,3,0,0.376252
9875309b29ecca62,kmeans,image,3,0,0.376252
b566cf363514b2ce,kmeans,image,3,0,0.376252
d176e3613fd2e8ca,kmeans,image,3,0,0.376252
09f287549c50a508,kmeans,image,3,1,0.376252
2b5b06037a00ac7f,kmeans,image,3,1,0.376252
35be32b4253e6b7e,kmeans,image,3,1,0.376252
4345ee093157bb2b,kmeans,image,3,1,0.376252
0f0ba10ef3a52533,kmeans,image,3,1,0.376252
67facd157d491218,kmeans,image,3,1,0.376252
e93973679234ed81,kmeans,image,3,1,0.376252
db7e3477d2e2096c,kmeans,image,3,1,0.376252
786becad40b24f1e,kmeans,image,3,1,0.376252
6a09c26401d7753b,kmeans,image,3,1,0.376252
38fcc454e8b76e8a,kmeans,image,5,1,0.273978
671222e19754e444,kmeans,image,5,1,0.273978
3167ff62be4a1ae7,kmeans,image,5,0,0.273978
7cb54d2ffd287b95,kmeans,image,5,0,0.273978
c0b01f650a9f3047,kmeans,image,5,0,0.273978
af8efb82a3eaf250,kmeans,image,5,0,0.273978
121de65a284465c5,kmeans,image,5,1,0.273978
276e0f48b2aecf30,kmeans,image,5,1,0.273978
b5c1200b37f8968d,kmeans,image,5,0,0.273978
2dfb8baa45944a16,kmeans,image,5,0,0.273978
80b2d92acb1f6d71,kmeans,image,5,2,0.273978
81cdfb4479630d2b,kmeans,image,5,1,0.273978
da1cc0b972f266c1,kmeans,image,5,2,0.273978
cfb5182dc1998eb7,kmeans,image,5,2,0.273978
453de2a0ac7e4646,kmeans,image,5,2,0.273978
22dd7014ca4e0926,kmeans,image,5,0,0.273978
7ab893955ce53d32,kmeans,image,5,0,0.273978
a775dde68401f18c,kmeans,image,5,0,0.273978
8d956b8fd66bfd40,kmeans,image,5,0,0.273978
951be4fa343dfcc3,kmeans,image,5,0,0.273978
26246a410ab5f5fc,kmeans,image,5,2,0.273978
633d125136da3e33,kmeans,image,5,2,0.273978
70c66f7df237db99,kmeans,image,5,2,0.273978
ca282d9b8d67354b,kmeans,image,5,2,0.273978
bbdb16044679062a,kmeans,image,5,2,0.273978
ce5351620f2eb860,kmeans,image,5,2,0.273978
ab05a4526c352168,kmeans,image,5,2,0.273978
b6aae574e74b8cfe,kmeans,image,5,2,0.273978
c4317c54e3675826,kmeans,image,5,2,0.273978
6cd75929d0d2a3f0,kmeans,image,5,2,0.273978
47e3bd73efa382ae,kmeans,image,5,2,0.273978
ccaf59c0ceb35dab,kmeans,image,5,3,0.273978
e0d2e112cc0df560,kmeans,image,5,2,0.273978
5cea9f126476238d,kmeans,image,5,2,0.273978
714e0ea28c0b44d6,kmeans,image,5,3,0.273978
d2908bcd850fab66,kmeans,image,5,3,0.273978
946f5783ecc3c3d3,kmeans,image,5,2,0.273978
c3af4581e34e912a,kmeans,image,5,3,0.273978
8b56c33a174b9ce3,kmeans,image,5,3,0.273978
13c91a98bdfe97db,kmeans,image,5,3,0.273978
59f7cf4b24c41dc4,kmeans,image,5,0,0.273978
f81f3d24abe2590e,kmeans,image,5,4,0.273978
60fafea65eec88ff,kmeans,image,5,0,0.273978
8ccac8fbcc5ef442,kmeans,image,5,0,0.273978
520986b8f519cbf8,kmeans,image,5,0,0.273978
34ba5b6f56c34d2d,kmeans,image,5,2,0.273978
651ed6b48d4e4ce0,kmeans,image,5,2,0.273978
0a8d3ea6a14b7694,kmeans,image,5,2,0.273978
a6380f9f07fe0748,kmeans,image,5,2,0.273978
8419e26eaf8a2ed7,kmeans,image,5,2,0.273978
f1dbaaccf91a93c6,kmeans,image,5,0,0.273978
1bf6d6502e22fd36,kmeans,image,5,3,0.273978
7f0b8a0a616b25e4,kmeans,image,5,3,0.273978
067dab84101e4d40,kmeans,image,5,0,0.273978
9c32fad280ea8306,kmeans,image,5,3,0.273978
d688ea743859b0af,kmeans,image,5,1,0.273978
c7f27f7fd0d5d77b,kmeans,image,5,3,0.273978
e0bee5c0b0d5a7d6,kmeans,image,5,3,0.273978
f3ac148d14f99a51,kmeans,image,5,3,0.273978
9b513da0bbf6fec5,kmeans,image,5,3,0.273978
ab4c6a5c76f157ea,kmeans,image,5,4,0.273978
255623028b70fd39,kmeans,image,5,4,0.273978
a6de1dec67d7aed5,kmeans,image,5,0,0.273978
92617f40c2c43b99,kmeans,image,5,0,0.273978
8025a575373cd6a9,kmeans,image,5,2,0.273978
a51195a2d92d9ff2,kmeans,image,5,0,0.273978
97bbfcfc069b7629,kmeans,image,5,4,0.273978
52c97289f9c9f6dc,kmeans,image,5,4,0.273978
4ca95e3d476453ba,kmeans,image,5,2,0.273978
a8150b5836fa8340,kmeans,image,5,4,0.273978
6bfd058b52069703,kmeans,image,5,1,0.273978
cddd255cbebb9d8e,kmeans,image,5,3,0.273978
65ab556300024c0b,kmeans,image,5,0,0.273978
832f13e7c3d03100,kmeans,image,5,1,0.273978
e6a519ba8dd89268,kmeans,image,5,0,0.273978
77256bc1bfc6a972,kmeans,image,5,0,0.273978
9fc96269778b3b35,kmeans,image,5,0,0.273978
a2d4a495cac2adae,kmeans,image,5,1,0.273978
4de8ea4a98e350d2,kmeans,image,5,4,0.273978
6ff9dd295e18ba9b,kmeans,image,5,3,0.273978
bd7774dcad9acd79,kmeans,image,5,2,0.273978
66cc7c6ebe473f7b,kmeans,image,5,2,0.273978
39719b9e379a0e17,kmeans,image,5,3,0.273978
31f94ec85b9130e2,kmeans,image,5,4,0.273978
4e6eb33dee2b707c,kmeans,image,5,3,0.273978
ab45fc2620cc66ce,kmeans,image,5,4,0.273978
e0760c68f28e0892,kmeans,image,5,2,0.273978
c2a7cdc53f4dd23f,kmeans,image,5,2,0.273978
bcc9cc12c88e11a7,kmeans,image,5,2,0.273978
f0a0fb220faa1075,kmeans,image,5,0,0.273978
709929ff886fee1d,kmeans,image,5,2,0.273978
7e81760c1b53d064,kmeans,image,5,2,0.273978
f3b6090794574209,kmeans,image,5,2,0.273978
6d73856e7180fb8d,kmeans,image,5,0,0.273978
9099811c08fecfa1,kmeans,image,5,0,0.273978
960c8c87ff30f1bf,kmeans,image,5,0,0.273978
0b97f051d6187ce8,kmeans,image,5,2,0.273978
d35e50aec0a064c5,kmeans,image,5,0,0.273978
a1b878174fb512f0,kmeans,image,5,2,0.273978
017f18f80c2b6bb0,kmeans,image,5,3,0.273978
3ae85d1803f6fd0e,kmeans,image,5,3,0.273978
b8d532b96649ad9b,kmeans,image,5,3,0.273978
3fc360c5c4e56a82,kmeans,image,5,3,0.273978
672c5ac5c05045ac,kmeans,image,5,3,0.273978
969d2464f703154e,kmeans,image,5,3,0.273978
9198bbcd6bccdff0,kmeans,image,5,3,0.273978
8eb2ae5e436bf3d9,kmeans,image,5,3,0.273978
395681962a31584b,kmeans,image,5,3,0.273978
5d96dfc9b1190032,kmeans,image,5,3,0.273978
f1c82e0e3033e0f2,kmeans,image,5,1,0.273978
4ce46f5f8d9a06ef,kmeans,image,5,1,0.273978
0db27129c0b71a97,kmeans,image,5,4,0.273978
cad61736ae362480,kmeans,image,5,4,0.273978
e6e2d33ceb0e83af,kmeans,image,5,1,0.273978
0dbe74d0ea5067c3,kmeans,image,5,1,0.273978
397929e89a5a2bf0,kmeans,image,5,1,0.273978
9875309b29ecca62,kmeans,image,5,1,0.273978
b566cf363514b2ce,kmeans,image,5,1,0.273978
d176e3613fd2e8ca,kmeans,image,5,1,0.273978
09f287549c50a508,kmeans,image,5,3,0.273978
2b5b06037a00ac7f,kmeans,image,5,3,0.273978
35be32b4253e6b7e,kmeans,image,5,3,0.273978
4345ee093157bb2b,kmeans,image,5,3,0.273978
0f0ba10ef3a52533,kmeans,image,5,3,0.273978
67facd157d491218,kmeans,image,5,3,0.273978
e93973679234ed81,kmeans,image,5,3,0.273978
db7e3477d2e2096c,kmeans,image,5,3,0.273978
786becad40b24f1e,kmeans,image,5,3,0.273978
6a09c26401d7753b,kmeans,image,5,3,0.273978
38fcc454e8b76e8a,kmeans,image,7,2,0.292577
671222e19754e444,kmeans,image,7,2,0.292577
3167ff62be4a1ae7,kmeans,image,7,2,0.292577
7cb54d2ffd287b95,kmeans,image,7,0,0.292577
c0b01f650a9f3047,kmeans,image,7,2,0.292577
af8efb82a3eaf250,kmeans,image,7,2,0.292577
121de65a284465c5,kmeans,image,7,2,0.292577
276e0f48b2aecf30,kmeans,image,7,2,0.292577
b5c1200b37f8968d,kmeans,image,7,0,0.292577
2dfb8baa45944a16,kmeans,image,7,2,0.292577
80b2d92acb1f6d71,kmeans,image,7,5,0.292577
81cdfb4479630d2b,kmeans,image,7,2,0.292577
da1cc0b972f266c1,kmeans,image,7,5,0.292577
cfb5182dc1998eb7,kmeans,image,7,5,0.292577
453de2a0ac7e4646,kmeans,image,7,5,0.292577
22dd7014ca4e0926,kmeans,image,7,5,0.292577
7ab893955ce53d32,kmeans,image,7,2,0.292577
a775dde68401f18c,kmeans,image,7,2,0.292577
8d956b8fd66bfd40,kmeans,image,7,5,0.292577
951be4fa343dfcc3,kmeans,image,7,5,0.292577
26246a410ab5f5fc,kmeans,image,7,5,0.292577
633d125136da3e33,kmeans,image,7,5,0.292577
70c66f7df237db99,kmeans,image,7,5,0.292577
ca282d9b8d67354b,kmeans,image,7,5,0.292577
bbdb16044679062a,kmeans,image,7,5,0.292577
ce5351620f2eb860,kmeans,image,7,5,0.292577
ab05a4526c352168,kmeans,image,7,5,0.292577
b6aae574e74b8cfe,kmeans,image,7,5,0.292577
c4317c54e3675826,kmeans,image,7,5,0.292577
6cd75929d0d2a3f0,kmeans,image,7,5,0.292577
47e3bd73efa382ae,kmeans,image,7,5,0.292577
ccaf59c0ceb35dab,kmeans,image,7,3,0.292577
e0d2e112cc0df560,kmeans,image,7,5,0.292577
5cea9f126476238d,kmeans,image,7,5,0.292577
714e0ea28c0b44d6,kmeans,image,7,3,0.292577
d2908bcd850fab66,kmeans,image,7,3,0.292577
946f5783ecc3c3d3,kmeans,image,7,5,0.292577
c3af4581e34e912a,kmeans,image,7,3,0.292577
8b56c33a174b9ce3,kmeans,image,7,3,0.292577
13c91a98bdfe97db,kmeans,image,7,3,0.292577
59f7cf4b24c41dc4,kmeans,image,7,2,0.292577
f81f3d24abe2590e,kmeans,image,7,0,0.292577
60fafea65eec88ff,kmeans,image,7,4,0.292577
8ccac8fbcc5ef442,kmeans,image,7,0,0.292577
520986b8f519cbf8,kmeans,image,7,0,0.292577
34ba5b6f56c34d2d,kmeans,image,7,0,0.292577
651ed6b48d4e4ce0,kmeans,image,7,0,0.292577
0a8d3ea6a14b7694,kmeans,image,7,0,0.292577
a6380f9f07fe0748,kmeans,image,7,0,0.292577
8419e26eaf8a2ed7,kmeans,image,7,0,0.292577
f1dbaaccf91a93c6,kmeans,image,7,5,0.292577
1bf6d6502e22fd36,kmeans,image,7,3,0.292577
7f0b8a0a616b25e4,kmeans,image,7,3,0.292577
067dab84101e4d40,kmeans,image,7,2,0.292577
9c32fad280ea8306,kmeans,image,7,3,0.292577
d688ea743859b0af,kmeans,image,7,2,0.292577
c7f27f7fd0d5d77b,kmeans,image,7,3,0.292577
e0bee5c0b0d5a7d6,kmeans,image,7,3,0.292577
f3ac148d14f99a51,kmeans,image,7,3,0.292577
9b513da0bbf6fec5,kmeans,image,7,3,0.292577
ab4c6a5c76f157ea,kmeans,image,7,1,0.292577
255623028b70fd39,kmeans,image,7,1,0.292577
a6de1dec67d7aed5,kmeans,image,7,0,0.292577
92617f40c2c43b99,kmeans,image,7,4,0.292577
8025a575373cd6a9,kmeans,image,7,0,0.292577
a51195a2d92d9ff2,kmeans,image,7,5,0.292577
97bbfcfc069b7629,kmeans,image,7,1,0.292577
52c97289f9c9f6dc,kmeans,image,7,1,0.292577
4ca95e3d476453ba,kmeans,image,7,6,0.292577
a8150b5836fa8340,kmeans,image,7,1,0.292577
6bfd058b52069703,kmeans,image,7,4,0.292577
cddd255cbebb9d8e,kmeans,image,7,3,0.292577
65ab556300024c0b,kmeans,image,7,4,0.292577
832f13e7c3d03100,kmeans,image,7,4,0.292577
e6a519ba8dd89268,kmeans,image,7,4,0.292577
77256bc1bfc6a972,kmeans,image,7,4,0.292577
9fc96269778b3b35,kmeans,image,7,4,0.292577
a2d4a495cac2adae,kmeans,image,7,4,0.292577
4de8ea4a98e350d2,kmeans,image,7,4,0.292577
6ff9dd295e18ba9b,kmeans,image,7,3,0.292577
bd7774dcad9acd79,kmeans,image,7,5,0.292577
66cc7c6ebe473f7b,kmeans,image,7,5,0.292577
39719b9e379a0e17,kmeans,image,7,3,0.292577
31f94ec85b9130e2,kmeans,image,7,1,0.292577
4e6eb33dee2b707c,kmeans,image,7,3,0.292577
ab45fc2620cc66ce,kmeans,image,7,5,0.292577
e0760c68f28e0892,kmeans,image,7,5,0.292577
c2a7cdc53f4dd23f,kmeans,image,7,6,0.292577
bcc9cc12c88e11a7,kmeans,image,7,6,0.292577
f0a0fb220faa1075,kmeans,image,7,0,0.292577
709929ff886fee1d,kmeans,image,7,1,0.292577
7e81760c1b53d064,kmeans,image,7,6,0.292577
f3b6090794574209,kmeans,image,7,0,0.292577
6d73856e7180fb8d,kmeans,image,7,0,0.292577
9099811c08fecfa1,kmeans,image,7,0,0.292577
960c8c87ff30f1bf,kmeans,image,7,0,0.292577
0b97f051d6187ce8,kmeans,image,7,0,0.292577
d35e50aec0a064c5,kmeans,image,7,5,0.292577
a1b878174fb512f0,kmeans,image,7,6,0.292577
017f18f80c2b6bb0,kmeans,image,7,3,0.292577
3ae85d1803f6fd0e,kmeans,image,7,3,0.292577
b8d532b96649ad9b,kmeans,image,7,3,0.292577
3fc360c5c4e56a82,kmeans,image,7,3,0.292577
672c5ac5c05045ac,kmeans,image,7,3,0.292577
969d2464f703154e,kmeans,image,7,3,0.292577
9198bbcd6bccdff0,kmeans,image,7,3,0.292577
8eb2ae5e436bf3d9,kmeans,image,7,3,0.292577
395681962a31584b,kmeans,image,7,3,0.292577
5d96dfc9b1190032,kmeans,image,7,3,0.292577
f1c82e0e3033e0f2,kmeans,image,7,2,0.292577
4ce46f5f8d9a06ef,kmeans,image,7,2,0.292577
0db27129c0b71a97,kmeans,image,7,4,0.292577
cad61736ae362480,kmeans,image,7,4,0.292577
e6e2d33ceb0e83af,kmeans,image,7,2,0.292577
0dbe74d0ea5067c3,kmeans,image,7,2,0.292577
397929e89a5a2bf0,kmeans,image,7,2,0.292577
9875309b29ecca62,kmeans,image,7,2,0.292577
b566cf363514b2ce,kmeans,image,7,2,0.292577
d176e3613fd2e8ca,kmeans,image,7,2,0.292577
09f287549c50a508,kmeans,image,7,6,0.292577
2b5b06037a00ac7f,kmeans,image,7,6,0.292577
35be32b4253e6b7e,kmeans,image,7,6,0.292577
4345ee093157bb2b,kmeans,image,7,6,0.292577
0f0ba10ef3a52533,kmeans,image,7,6,0.292577
67facd157d491218,kmeans,image,7,6,0.292577
e93973679234ed81,kmeans,image,7,6,0.292577
db7e3477d2e2096c,kmeans,image,7,6,0.292577
786becad40b24f1e,kmeans,image,7,6,0.292577
6a09c26401d7753b,kmeans,image,7,6,0.292577
38fcc454e8b76e8a,kmeans,image,10,7,0.304915
671222e19754e444,kmeans,image,10,5,0.304915
3167ff62be4a1ae7,kmeans,image,10,5,0.304915
7cb54d2ffd287b95,kmeans,image,10,8,0.304915
c0b01f650a9f3047,kmeans,image,10,5,0.304915
af8efb82a3eaf250,kmeans,image,10,5,0.304915
121de65a284465c5,kmeans,image,10,5,0.304915
276e0f48b2aecf30,kmeans,image,10,5,0.304915
b5c1200b37f8968d,kmeans,image,10,8,0.304915
2dfb8baa45944a16,kmeans,image,10,5,0.304915
80b2d92acb1f6d71,kmeans,image,10,6,0.304915
81cdfb4479630d2b,kmeans,image,10,5,0.304915
da1cc0b972f266c1,kmeans,image,10,6,0.304915
cfb5182dc1998eb7,kmeans,image,10,6,0.304915
453de2a0ac7e4646,kmeans,image,10,5,0.304915
22dd7014ca4e0926,kmeans,image,10,3,0.304915
7ab893955ce53d32,kmeans,image,10,5,0.304915
a775dde68401f18c,kmeans,image,10,5,0.304915
8d956b8fd66bfd40,kmeans,image,10,6,0.304915
951be4fa343dfcc3,kmeans,image,10,5,0.304915
26246a410ab5f5fc,kmeans,image,10,6,0.304915
633d125136da3e33,kmeans,image,10,6,0.304915
70c66f7df237db99,kmeans,image,10,6,0.304915
ca282d9b8d67354b,kmeans,image,10,6,0.304915
bbdb16044679062a,kmeans,image,10,6,0.304915
ce5351620f2eb860,kmeans,image,10,6,0.304915
ab05a4526c352168,kmeans,image,10,6,0.304915
b6aae574e74b8cfe,kmeans,image,10,6,0.304915
c4317c54e3675826,kmeans,image,10,6,0.304915
6cd75929d0d2a3f0,kmeans,image,10,6,0.304915
47e3bd73efa382ae,kmeans,image,10,6,0.304915
ccaf59c0ceb35dab,kmeans,image,10,9,0.304915
e0d2e112cc0df560,kmeans,image,10,6,0.304915
5cea9f126476238d,kmeans,image,10,6,0.304915
714e0ea28c0b44d6,kmeans,image,10,9,0.304915
d2908bcd850fab66,kmeans,image,10,9,0.304915
946f5783ecc3c3d3,kmeans,image,10,6,0.304915
c3af4581e34e912a,kmeans,image,10,2,0.304915
8b56c33a174b9ce3,kmeans,image,10,9,0.304915
13c91a98bdfe97db,kmeans,image,10,9,0.304915
59f7cf4b24c41dc4,kmeans,image,10,5,0.304915
f81f3d24abe2590e,kmeans,image,10,8,0.304915
60fafea65eec88ff,kmeans,image,10,3,0.304915
8ccac8fbcc5ef442,kmeans,image,10,8,0.304915
520986b8f519cbf8,kmeans,image,10,8,0.304915
34ba5b6f56c34d2d,kmeans,image,10,5,0.304915
651ed6b48d4e4ce0,kmeans,image,10,8,0.304915
0a8d3ea6a14b7694,kmeans,image,10,8,0.304915
a6380f9f07fe0748,kmeans,image,10,8,0.304915
8419e26eaf8a2ed7,kmeans,image,10,4,0.304915
f1dbaaccf91a93c6,kmeans,image,10,2,0.304915
1bf6d6502e22fd36,kmeans,image,10,2,0.304915
7f0b8a0a616b25e4,kmeans,image,10,2,0.304915
067dab84101e4d40,kmeans,image,10,5,0.304915
9c32fad280ea8306,kmeans,image,10,2,0.304915
d688ea743859b0af,kmeans,image,10,5,0.304915
c7f27f7fd0d5d77b,kmeans,image,10,2,0.304915
e0bee5c0b0d5a7d6,kmeans,image,10,2,0.304915
f3ac148d14f99a51,kmeans,image,10,2,0.304915
9b513da0bbf6fec5,kmeans,image,10,2,0.304915
ab4c6a5c76f157ea,kmeans,image,10,4,0.304915
255623028b70fd39,kmeans,image,10,4,0.304915
a6de1dec67d7aed5,kmeans,image,10,8,0.304915
92617f40c2c43b99,kmeans,image,10,3,0.304915
8025a575373cd6a9,kmeans,image,10,8,0.304915
a51195a2d92d9ff2,kmeans,image,10,5,0.304915
97bbfcfc069b7629,kmeans,image,10,4,0.304915
52c97289f9c9f6dc,kmeans,image,10,4,0.304915
4ca95e3d476453ba,kmeans,image,10,4,0.304915
a8150b5836fa8340,kmeans,image,10,5,0.304915
6bfd058b52069703,kmeans,image,10,1,0.304915
cddd255cbebb9d8e,kmeans,image,10,2,0.304915
65ab556300024c0b,kmeans,image,10,3,0.304915
832f13e7c3d03100,kmeans,image,10,1,0.304915
e6a519ba8dd89268,kmeans,image,10,3,0.304915
77256bc1bfc6a972,kmeans,image,10,3,0.304915
9fc96269778b3b35,kmeans,image,10,3,0.304915
a2d4a495cac2adae,kmeans,image,10,1,0.304915
4de8ea4a98e350d2,kmeans,image,10,3,0.304915
6ff9dd295e18ba9b,kmeans,image,10,9,0.304915
bd7774dcad9acd79,kmeans,image,10,6,0.304915
66cc7c6ebe473f7b,kmeans,image,10,6,0.304915
39719b9e379a0e17,kmeans,image,10,9,0.304915
31f94ec85b9130e2,kmeans,image,10,5,0.304915
4e6eb33dee2b707c,kmeans,image,10,9,0.304915
ab45fc2620cc66ce,kmeans,image,10,6,0.304915
e0760c68f28e0892,kmeans,image,10,6,0.304915
c2a7cdc53f4dd23f,kmeans,image,10,6,0.304915
bcc9cc12c88e11a7,kmeans,image,10,6,0.304915
f0a0fb220faa1075,kmeans,image,10,8,0.304915
709929ff886fee1d,kmeans,image,10,4,0.304915
7e81760c1b53d064,kmeans,image,10,6,0.304915
f3b6090794574209,kmeans,image,10,8,0.304915
6d73856e7180fb8d,kmeans,image,10,8,0.304915
9099811c08fecfa1,kmeans,image,10,8,0.304915
960c8c87ff30f1bf,kmeans,image,10,8,0.304915
0b97f051d6187ce8,kmeans,image,10,8,0.304915
d35e50aec0a064c5,kmeans,image,10,5,0.304915
a1b878174fb512f0,kmeans,image,10,9,0.304915
017f18f80c2b6bb0,kmeans,image,10,0,0.304915
3ae85d1803f6fd0e,kmeans,image,10,0,0.304915
b8d532b96649ad9b,kmeans,image,10,0,0.304915
3fc360c5c4e56a82,kmeans,image,10,0,0.304915
672c5ac5c05045ac,kmeans,image,10,0,0.304915
969d2464f703154e,kmeans,image,10,0,0.304915
9198bbcd6bccdff0,kmeans,image,10,0,0.304915
8eb2ae5e436bf3d9,kmeans,image,10,0,0.304915
395681962a31584b,kmeans,image,10,2,0.304915
5d96dfc9b1190032,kmeans,image,10,0,0.304915
f1c82e0e3033e0f2,kmeans,image,10,5,0.304915
4ce46f5f8d9a06ef,kmeans,image,10,5,0.304915
0db27129c0b71a97,kmeans,image,10,5,0.304915
cad61736ae362480,kmeans,image,10,5,0.304915
e6e2d33ceb0e83af,kmeans,image,10,5,0.304915
0dbe74d0ea5067c3,kmeans,image,10,5,0.304915
397929e89a5a2bf0,kmeans,image,10,5,0.304915
9875309b29ecca62,kmeans,image,10,5,0.304915
b566cf363514b2ce,kmeans,image,10,5,0.304915
d176e3613fd2e8ca,kmeans,image,10,5,0.304915
09f287549c50a508,kmeans,image,10,0,0.304915
2b5b06037a00ac7f,kmeans,image,10,0,0.304915
35be32b4253e6b7e,kmeans,image,10,0,0.304915
4345ee093157bb2b,kmeans,image,10,0,0.304915
0f0ba10ef3a52533,kmeans,image,10,0,0.304915
67facd157d491218,kmeans,image,10,0,0.304915
e93973679234ed81,kmeans,image,10,0,0.304915
db7e3477d2e2096c,kmeans,image,10,0,0.304915
786becad40b24f1e,kmeans,image,10,0,0.304915
6a09c26401d7753b,kmeans,image,10,2,0.304915
38fcc454e8b76e8a,hierarchical,image,3,0,
671222e19754e444,hierarchical,image,3,1,
3167ff62be4a1ae7,hierarchical,image,3,1,
7cb54d2ffd287b95,hierarchical,image,3,1,
c0b01f650a9f3047,hierarchical,image,3,1,
af8efb82a3eaf250,hierarchical,image,3,1,
121de65a284465c5,hierarchical,image,3,1,
276e0f48b2aecf30,hierarchical,image,3,1,
b5c1200b37f8968d,hierarchical,image,3,1,
2dfb8baa45944a16,hierarchical,image,3,1,
80b2d92acb1f6d71,hierarchical,image,3,1,
81cdfb4479630d2b,hierarchical,image,3,1,
da1cc0b972f266c1,hierarchical,image,3,1,
cfb5182dc1998eb7,hierarchical,image,3,1,
453de2a0ac7e4646,hierarchical,image,3,1,
22dd7014ca4e0926,hierarchical,image,3,1,
7ab893955ce53d32,hierarchical,image,3,1,
a775dde68401f18c,hierarchical,image,3,1,
8d956b8fd66bfd40,hierarchical,image,3,1,
951be4fa343dfcc3,hierarchical,image,3,1,
26246a410ab5f5fc,hierarchical,image,3,1,
633d125136da3e33,hierarchical,image,3,1,
70c66f7df237db99,hierarchical,image,3,1,
ca282d9b8d67354b,hierarchical,image,3,1,
bbdb16044679062a,hierarchical,image,3,1,
ce5351620f2eb860,hierarchical,image,3,1,
ab05a4526c352168,hierarchical,image,3,1,
b6aae574e74b8cfe,hierarchical,image,3,1,
c4317c54e3675826,hierarchical,image,3,1,
6cd75929d0d2a3f0,hierarchical,image,3,1,
47e3bd73efa382ae,hierarchical,image,3,1,
ccaf59c0ceb35dab,hierarchical,image,3,1,
e0d2e112cc0df560,hierarchical,image,3,1,
5cea9f126476238d,hierarchical,image,3,1,
714e0ea28c0b44d6,hierarchical,image,3,1,
d2908bcd850fab66,hierarchical,image,3,1,
946f5783ecc3c3d3,hierarchical,image,3,1,
c3af4581e34e912a,hierarchical,image,3,1,
8b56c33a174b9ce3,hierarchical,image,3,1,
13c91a98bdfe97db,hierarchical,image,3,1,
59f7cf4b24c41dc4,hierarchical,image,3,1,
f81f3d24abe2590e,hierarchical,image,3,1,
60fafea65eec88ff,hierarchical,image,3,1,
8ccac8fbcc5ef442,hierarchical,image,3,1,
520986b8f519cbf8,hierarchical,image,3,1,
34ba5b6f56c34d2d,hierarchical,image,3,1,
651ed6b48d4e4ce0,hierarchical,image,3,1,
0a8d3ea6a14b7694,hierarchical,image,3,1,
a6380f9f07fe0748,hierarchical,image,3,1,
8419e26eaf8a2ed7,hierarchical,image,3,1,
f1dbaaccf91a93c6,hierarchical,image,3,1,
1bf6d6502e22fd36,hierarchical,image,3,1,
7f0b8a0a616b25e4,hierarchical,image,3,1,
067dab84101e4d40,hierarchical,image,3,1,
9c32fad280ea8306,hierarchical,image,3,1,
d688ea743859b0af,hierarchical,image,3,1,
c7f27f7fd0d5d77b,hierarchical,image,3,1,
e0bee5c0b0d5a7d6,hierarchical,image,3,1,
f3ac148d14f99a51,hierarchical,image,3,1,
9b513da0bbf6fec5,hierarchical,image,3,1,
ab4c6a5c76f157ea,hierarchical,image,3,1,
255623028b70fd39,hierarchical,image,3,1,
a6de1dec67d7aed5,hierarchical,image,3,1,
92617f40c2c43b99,hierarchical,image,3,1,
8025a575373cd6a9,hierarchical,image,3,1,
a51195a2d92d9ff2,hierarchical,image,3,1,
97bbfcfc069b7629,hierarchical,image,3,1,
52c97289f9c9f6dc,hierarchical,image,3,1,
4ca95e3d476453ba,hierarchical,image,3,1,
a8150b5836fa8340,hierarchical,image,3,1,
6bfd058b52069703,hierarchical,image,3,1,
cddd255cbebb9d8e,hierarchical,image,3,1,
65ab556300024c0b,hierarchical,image,3,1,
832f13e7c3d03100,hierarchical,image,3,2,
e6a519ba8dd89268,hierarchical,image,3,1,
77256bc1bfc6a972,hierarchical,image,3,1,
9fc96269778b3b35,hierarchical,image,3,1,
a2d4a495cac2adae,hierarchical,image,3,1,
4de8ea4a98e350d2,hierarchical,image,3,1,
6ff9dd295e18ba9b,hierarchical,image,3,1,
bd7774dcad9acd79,hierarchical,image,3,1,
66cc7c6ebe473f7b,hierarchical,image,3,1,
39719b9e379a0e17,hierarchical,image,3,1,
31f94ec85b9130e2,hierarchical,image,3,1,
4e6eb33dee2b707c,hierarchical,image,3,1,
ab45fc2620cc66ce,hierarchical,image,3,1,
e0760c68f28e0892,hierarchical,image,3,1,
c2a7cdc53f4dd23f,hierarchical,image,3,1,
bcc9cc12c88e11a7,hierarchical,image,3,1,
f0a0fb220faa1075,hierarchical,image,3,1,
709929ff886fee1d,hierarchical,image,3,1,
7e81760c1b53d064,hierarchical,image,3,1,
f3b6090794574209,hierarchical,image,3,1,
6d73856e7180fb8d,hierarchical,image,3,1,
9099811c08fecfa1,hierarchical,image,3,1,
960c8c87ff30f1bf,hierarchical,image,3,1,
0b97f051d6187ce8,hierarchical,image,3,1,
d35e50aec0a064c5,hierarchical,image,3,1,
a1b878174fb512f0,hierarchical,image,3,1,
017f18f80c2b6bb0,hierarchical,image,3,1,
3ae85d1803f6fd0e,hierarchical,image,3,1,
b8d532b96649ad9b,hierarchical,image,3,1,
3fc360c5c4e56a82,hierarchical,image,3,1,
672c5ac5c05045ac,hierarchical,image,3,1,
969d2464f703154e,hierarchical,image,3,1,
9198bbcd6bccdff0,hierarchical,image,3,1,
8eb2ae5e436bf3d9,hierarchical,image,3,1,
395681962a31584b,hierarchical,image,3,1,
5d96dfc9b1190032,hierarchical,image,3,1,
f1c82e0e3033e0f2,hierarchical,image,3,1,
4ce46f5f8d9a06ef,hierarchical,image,3,1,
0db27129c0b71a97,hierarchical,image,3,1,
cad61736ae362480,hierarchical,image,3,1,
e6e2d33ceb0e83af,hierarchical,image,3,1,
0dbe74d0ea5067c3,hierarchical,image,3,1,
397929e89a5a2bf0,hierarchical,image,3,1,
9875309b29ecca62,hierarchical,image,3,1,
b566cf363514b2ce,hierarchical,image,3,1,
d176e3613fd2e8ca,hierarchical,image,3,1,
09f287549c50a508,hierarchical,image,3,1,
2b5b06037a00ac7f,hierarchical,image,3,1,
35be32b4253e6b7e,hierarchical,image,3,1,
4345ee093157bb2b,hierarchical,image,3,1,
0f0ba10ef3a52533,hierarchical,image,3,1,
67facd157d491218,hierarchical,image,3,1,
e93973679234ed81,hierarchical,image,3,1,
db7e3477d2e2096c,hierarchical,image,3,1,
786becad40b24f1e,hierarchical,image,3,1,
6a09c26401d7753b,hierarchical,image,3,1,
38fcc454e8b76e8a,hierarchical,image,5,0,
671222e19754e444,hierarchical,image,5,1,
3167ff62be4a1ae7,hierarchical,image,5,1,
7cb54d2ffd287b95,hierarchical,image,5,1,
c0b01f650a9f3047,hierarchical,image,5,1,
af8efb82a3eaf250,hierarchical,image,5,1,
121de65a284465c5,hierarchical,image,5,1,
276e0f48b2aecf30,hierarchical,image,5,1,
b5c1200b37f8968d,hierarchical,image,5,1,
2dfb8baa45944a16,hierarchical,image,5,1,
80b2d92acb1f6d71,hierarchical,image,5,1,
81cdfb4479630d2b,hierarchical,image,5,1,
da1cc0b972f266c1,hierarchical,image,5,1,
cfb5182dc1998eb7,hierarchical,image,5,1,
453de2a0ac7e4646,hierarchical,image,5,1,
22dd7014ca4e0926,hierarchical,image,5,1,
7ab893955ce53d32,hierarchical,image,5,1,
a775dde68401f18c,hierarchical,image,5,1,
8d956b8fd66bfd40,hierarchical,image,5,1,
951be4fa343dfcc3,hierarchical,image,5,1,
26246a410ab5f5fc,hierarchical,image,5,1,
633d125136da3e33,hierarchical,image,5,1,
70c66f7df237db99,hierarchical,image,5,1,
ca282d9b8d67354b,hierarchical,image,5,1,
bbdb16044679062a,hierarchical,image,5,1,
ce5351620f2eb860,hierarchical,image,5,1,
ab05a4526c352168,hierarchical,image,5,1,
b6aae574e74b8cfe,hierarchical,image,5,1,
c4317c54e3675826,hierarchical,image,5,1,
6cd75929d0d2a3f0,hierarchical,image,5,1,
47e3bd73efa382ae,hierarchical,image,5,1,
ccaf59c0ceb35dab,hierarchical,image,5,1,
e0d2e112cc0df560,hierarchical,image,5,1,
5cea9f126476238d,hierarchical,image,5,1,
714e0ea28c0b44d6,hierarchical,image,5,1,
d2908bcd850fab66,hierarchical,image,5,1,
946f5783ecc3c3d3,hierarchical,image,5,1,
c3af4581e34e912a,hierarchical,image,5,1,
8b56c33a174b9ce3,hierarchical,image,5,1,
13c91a98bdfe97db,hierarchical,image,5,1,
59f7cf4b24c41dc4,hierarchical,image,5,1,
f81f3d24abe2590e,hierarchical,image,5,1,
60fafea65eec88ff,hierarchical,image,5,1,
8ccac8fbcc5ef442,hierarchical,image,5,1,
520986b8f519cbf8,hierarchical,image,5,1,
34ba5b6f56c34d2d,hierarchical,image,5,1,
651ed6b48d4e4ce0,hierarchical,image,5,1,
0a8d3ea6a14b7694,hierarchical,image,5,1,
a6380f9f07fe0748,hierarchical,image,5,1,
8419e26eaf8a2ed7,hierarchical,image,5,1,
f1dbaaccf91a93c6,hierarchical,image,5,1,
1bf6d6502e22fd36,hierarchical,image,5,1,
7f0b8a0a616b25e4,hierarchical,image,5,1,
067dab84101e4d40,hierarchical,image,5,1,
9c32fad280ea8306,hierarchical,image,5,1,
d688ea743859b0af,hierarchical,image,5,1,
c7f27f7fd0d5d77b,hierarchical,image,5,1,
e0bee5c0b0d5a7d6,hierarchical,image,5,1,
f3ac148d14f99a51,hierarchical,image,5,1,
9b513da0bbf6fec5,hierarchical,image,5,1,
ab4c6a5c76f157ea,hierarchical,image,5,1,
255623028b70fd39,hierarchical,image,5,1,
a6de1dec67d7aed5,hierarchical,image,5,1,
92617f40c2c43b99,hierarchical,image,5,1,
8025a575373cd6a9,hierarchical,image,5,1,
a51195a2d92d9ff2,hierarchical,image,5,1,
97bbfcfc069b7629,hierarchical,image,5,2,
52c97289f9c9f6dc,hierarchical,image,5,1,
4ca95e3d476453ba,hierarchical,image,5,1,
a8150b5836fa8340,hierarchical,image,5,1,
6bfd058b52069703,hierarchical,image,5,1,
cddd255cbebb9d8e,hierarchical,image,5,3,
65ab556300024c0b,hierarchical,image,5,1,
832f13e7c3d03100,hierarchical,image,5,4,
e6a519ba8dd89268,hierarchical,image,5,1,
77256bc1bfc6a972,hierarchical,image,5,1,
9fc96269778b3b35,hierarchical,image,5,1,
a2d4a495cac2adae,hierarchical,image,5,1,
4de8ea4a98e350d2,hierarchical,image,5,1,
6ff9dd295e18ba9b,hierarchical,image,5,1,
bd7774dcad9acd79,hierarchical,image,5,1,
66cc7c6ebe473f7b,hierarchical,image,5,1,
39719b9e379a0e17,hierarchical,image,5,1,
31f94ec85b9130e2,hierarchical,image,5,1,
4e6eb33dee2b707c,hierarchical,image,5,1,
ab45fc2620cc66ce,hierarchical,image,5,1,
e0760c68f28e0892,hierarchical,image,5,1,
c2a7cdc53f4dd23f,hierarchical,image,5,1,
bcc9cc12c88e11a7,hierarchical,image,5,1,
f0a0fb220faa1075,hierarchical,image,5,1,
709929ff886fee1d,hierarchical,image,5,1,
7e81760c1b53d064,hierarchical,image,5,1,
f3b6090794574209,hierarchical,image,5,1,
6d73856e7180fb8d,hierarchical,image,5,1,
9099811c08fecfa1,hierarchical,image,5,1,
960c8c87ff30f1bf,hierarchical,image,5,1,
0b97f051d6187ce8,hierarchical,image,5,1,
d35e50aec0a064c5,hierarchical,image,5,1,
a1b878174fb512f0,hierarchical,image,5,1,
017f18f80c2b6bb0,hierarchical,image,5,1,
3ae85d1803f6fd0e,hierarchical,image,5,1,
b8d532b96649ad9b,hierarchical,image,5,1,
3fc360c5c4e56a82,hierarchical,image,5,1,
672c5ac5c05045ac,hierarchical,image,5,1,
969d2464f703154e,hierarchical,image,5,1,
9198bbcd6bccdff0,hierarchical,image,5,1,
8eb2ae5e436bf3d9,hierarchical,image,5,1,
395681962a31584b,hierarchical,image,5,1,
5d96dfc9b1190032,hierarchical,image,5,1,
f1c82e0e3033e0f2,hierarchical,image,5,1,
4ce46f5f8d9a06ef,hierarchical,image,5,1,
0db27129c0b71a97,hierarchical,image,5,1,
cad61736ae362480,hierarchical,image,5,1,
e6e2d33ceb0e83af,hierarchical,image,5,1,
0dbe74d0ea5067c3,hierarchical,image,5,1,
397929e89a5a2bf0,hierarchical,image,5,1,
9875309b29ecca62,hierarchical,image,5,1,
b566cf363514b2ce,hierarchical,image,5,1,
d176e3613fd2e8ca,hierarchical,image,5,1,
09f287549c50a508,hierarchical,image,5,1,
2b5b06037a00ac7f,hierarchical,image,5,1,
35be32b4253e6b7e,hierarchical,image,5,1,
4345ee093157bb2b,hierarchical,image,5,1,
0f0ba10ef3a52533,hierarchical,image,5,1,
67facd157d491218,hierarchical,image,5,1,
e93973679234ed81,hierarchical,image,5,1,
db7e3477d2e2096c,hierarchical,image,5,1,
786becad40b24f1e,hierarchical,image,5,1,
6a09c26401d7753b,hierarchical,image,5,1,
38fcc454e8b76e8a,hierarchical,image,7,0,
671222e19754e444,hierarchical,image,7,1,
3167ff62be4a1ae7,hierarchical,image,7,1,
7cb54d2ffd287b95,hierarchical,image,7,1,
c0b01f650a9f3047,hierarchical,image,7,1,
af8efb82a3eaf250,hierarchical,image,7,1,
121de65a284465c5,hierarchical,image,7,1,
276e0f48b2aecf30,hierarchical,image,7,1,
b5c1200b37f8968d,hierarchical,image,7,1,
2dfb8baa45944a16,hierarchical,image,7,1,
80b2d92acb1f6d71,hierarchical,image,7,1,
81cdfb4479630d2b,hierarchical,image,7,1,
da1cc0b972f266c1,hierarchical,image,7,1,
cfb5182dc1998eb7,hierarchical,image,7,1,
453de2a0ac7e4646,hierarchical,image,7,1,
22dd7014ca4e0926,hierarchical,image,7,1,
7ab893955ce53d32,hierarchical,image,7,1,
a775dde68401f18c,hierarchical,image,7,1,
8d956b8fd66bfd40,hierarchical,image,7,1,
951be4fa343dfcc3,hierarchical,image,7,1,
26246a410ab5f5fc,hierarchical,image,7,1,
633d125136da3e33,hierarchical,image,7,1,
70c66f7df237db99,hierarchical,image,7,1,
ca282d9b8d67354b,hierarchical,image,7,1,
bbdb16044679062a,hierarchical,image,7,1,
ce5351620f2eb860,hierarchical,image,7,1,
ab05a4526c352168,hierarchical,image,7,1,
b6aae574e74b8cfe,hierarchical,image,7,1,
c4317c54e3675826,hierarchical,image,7,1,
6cd75929d0d2a3f0,hierarchical,image,7,1,
47e3bd73efa382ae,hierarchical,image,7,1,
ccaf59c0ceb35dab,hierarchical,image,7,1,
e0d2e112cc0df560,hierarchical,image,7,1,
5cea9f126476238d,hierarchical,image,7,1,
714e0ea28c0b44d6,hierarchical,image,7,1,
d2908bcd850fab66,hierarchical,image,7,1,
946f5783ecc3c3d3,hierarchical,image,7,1,
c3af4581e34e912a,hierarchical,image,7,1,
8b56c33a174b9ce3,hierarchical,image,7,1,
13c91a98bdfe97db,hierarchical,image,7,1,
59f7cf4b24c41dc4,hierarchical,image,7,1,
f81f3d24abe2590e,hierarchical,image,7,1,
60fafea65eec88ff,hierarchical,image,7,2,
8ccac8fbcc5ef442,hierarchical,image,7,1,
520986b8f519cbf8,hierarchical,image,7,1,
34ba5b6f56c34d2d,hierarchical,image,7,1,
651ed6b48d4e4ce0,hierarchical,image,7,1,
0a8d3ea6a14b7694,hierarchical,image,7,1,
a6380f9f07fe0748,hierarchical,image,7,1,
8419e26eaf8a2ed7,hierarchical,image,7,1,
f1dbaaccf91a93c6,hierarchical,image,7,1,
1bf6d6502e22fd36,hierarchical,image,7,1,
7f0b8a0a616b25e4,hierarchical,image,7,1,
067dab84101e4d40,hierarchical,image,7,1,
9c32fad280ea8306,hierarchical,image,7,1,
d688ea743859b0af,hierarchical,image,7,1,
c7f27f7fd0d5d77b,hierarchical,image,7,1,
e0bee5c0b0d5a7d6,hierarchical,image,7,1,
f3ac148d14f99a51,hierarchical,image,7,1,
9b513da0bbf6fec5,hierarchical,image,7,1,
ab4c6a5c76f157ea,hierarchical,image,7,1,
255623028b70fd39,hierarchical,image,7,1,
a6de1dec67d7aed5,hierarchical,image,7,1,
92617f40c2c43b99,hierarchical,image,7,1,
8025a575373cd6a9,hierarchical,image,7,1,
a51195a2d92d9ff2,hierarchical,image,7,1,
97bbfcfc069b7629,hierarchical,image,7,3,
52c97289f9c9f6dc,hierarchical,image,7,1,
4ca95e3d476453ba,hierarchical,image,7,1,
a8150b5836fa8340,hierarchical,image,7,1,
6bfd058b52069703,hierarchical,image,7,1,
cddd255cbebb9d8e,hierarchical,image,7,4,
65ab556300024c0b,hierarchical,image,7,1,
832f13e7c3d03100,hierarchical,image,7,5,
e6a519ba8dd89268,hierarchical,image,7,1,
77256bc1bfc6a972,hierarchical,image,7,1,
9fc96269778b3b35,hierarchical,image,7,1,
a2d4a495cac2adae,hierarchical,image,7,1,
4de8ea4a98e350d2,hierarchical,image,7,1,
6ff9dd295e18ba9b,hierarchical,image,7,6,
bd7774dcad9acd79,hierarchical,image,7,1,
66cc7c6ebe473f7b,hierarchical,image,7,1,
39719b9e379a0e17,hierarchical,image,7,6,
31f94ec85b9130e2,hierarchical,image,7,1,
4e6eb33dee2b707c,hierarchical,image,7,6,
ab45fc2620cc66ce,hierarchical,image,7,1,
e0760c68f28e0892,hierarchical,image,7,1,
c2a7cdc53f4dd23f,hierarchical,image,7,1,
bcc9cc12c88e11a7,hierarchical,image,7,1,
f0a0fb220faa1075,hierarchical,image,7,1,
709929ff886fee1d,hierarchical,image,7,1,
7e81760c1b53d064,hierarchical,image,7,1,
f3b6090794574209,hierarchical,image,7,1,
6d73856e7180fb8d,hierarchical,image,7,1,
9099811c08fecfa1,hierarchical,image,7,1,
960c8c87ff30f1bf,hierarchical,image,7,1,
0b97f051d6187ce8,hierarchical,image,7,1,
d35e50aec0a064c5,hierarchical,image,7,1,
a1b878174fb512f0,hierarchical,image,7,1,
017f18f80c2b6bb0,hierarchical,image,7,1,
3ae85d1803f6fd0e,hierarchical,image,7,1,
b8d532b96649ad9b,hierarchical,image,7,1,
3fc360c5c4e56a82,hierarchical,image,7,1,
672c5ac5c05045ac,hierarchical,image,7,1,
969d2464f703154e,hierarchical,image,7,1,
9198bbcd6bccdff0,hierarchical,image,7,1,
8eb2ae5e436bf3d9,hierarchical,image,7,1,
395681962a31584b,hierarchical,image,7,1,
5d96dfc9b1190032,hierarchical,image,7,1,
f1c82e0e3033e0f2,hierarchical,image,7,1,
4ce46f5f8d9a06ef,hierarchical,image,7,1,
0db27129c0b71a97,hierarchical,image,7,1,
cad61736ae362480,hierarchical,image,7,1,
e6e2d33ceb0e83af,hierarchical,image,7,1,
0dbe74d0ea5067c3,hierarchical,image,7,1,
397929e89a5a2bf0,hierarchical,image,7,1,
9875309b29ecca62,hierarchical,image,7,1,
b566cf363514b2ce,hierarchical,image,7,1,
d176e3613fd2e8ca,hierarchical,image,7,1,
09f287549c50a508,hierarchical,image,7,1,
2b5b06037a00ac7f,hierarchical,image,7,1,
35be32b4253e6b7e,hierarchical,image,7,1,
4345ee093157bb2b,hierarchical,image,7,1,
0f0ba10ef3a52533,hierarchical,image,7,1,
67facd157d491218,hierarchical,image,7,1,
e93973679234ed81,hierarchical,image,7,1,
db7e3477d2e2096c,hierarchical,image,7,1,
786becad40b24f1e,hierarchical,image,7,1,
6a09c26401d7753b,hierarchical,image,7,1,
38fcc454e8b76e8a,hierarchical,image,10,0,
671222e19754e444,hierarchical,image,10,1,
3167ff62be4a1ae7,hierarchical,image,10,1,
7cb54d2ffd287b95,hierarchical,image,10,1,
c0b01f650a9f3047,hierarchical,image,10,1,
af8efb82a3eaf250,hierarchical,image,10,1,
121de65a284465c5,hierarchical,image,10,1,
276e0f48b2aecf30,hierarchical,image,10,1,
b5c1200b37f8968d,hierarchical,image,10,1,
2dfb8baa45944a16,hierarchical,image,10,1,
80b2d92acb1f6d71,hierarchical,image,10,1,
81cdfb4479630d2b,hierarchical,image,10,1,
da1cc0b972f266c1,hierarchical,image,10,1,
cfb5182dc1998eb7,hierarchical,image,10,1,
453de2a0ac7e4646,hierarchical,image,10,1,
22dd7014ca4e0926,hierarchical,image,10,2,
7ab893955ce53d32,hierarchical,image,10,1,
a775dde68401f18c,hierarchical,image,10,1,
8d956b8fd66bfd40,hierarchical,image,10,1,
951be4fa343dfcc3,hierarchical,image,10,1,
26246a410ab5f5fc,hierarchical,image,10,1,
633d125136da3e33,hierarchical,image,10,1,
70c66f7df237db99,hierarchical,image,10,1,
ca282d9b8d67354b,hierarchical,image,10,1,
bbdb16044679062a,hierarchical,image,10,1,
ce5351620f2eb860,hierarchical,image,10,1,
ab05a4526c352168,hierarchical,image,10,1,
b6aae574e74b8cfe,hierarchical,image,10,1,
c4317c54e3675826,hierarchical,image,10,1,
6cd75929d0d2a3f0,hierarchical,image,10,1,
47e3bd73efa382ae,hierarchical,image,10,1,
ccaf59c0ceb35dab,hierarchical,image,10,1,
e0d2e112cc0df560,hierarchical,image,10,1,
5cea9f126476238d,hierarchical,image,10,1,
714e0ea28c0b44d6,hierarchical,image,10,1,
d2908bcd850fab66,hierarchical,image,10,1,
946f5783ecc3c3d3,hierarchical,image,10,1,
c3af4581e34e912a,hierarchical,image,10,1,
8b56c33a174b9ce3,hierarchical,image,10,1,
13c91a98bdfe97db,hierarchical,image,10,1,
59f7cf4b24c41dc4,hierarchical,image,10,1,
f81f3d24abe2590e,hierarchical,image,10,1,
60fafea65eec88ff,hierarchical,image,10,3,
8ccac8fbcc5ef442,hierarchical,image,10,1,
520986b8f519cbf8,hierarchical,image,10,1,
34ba5b6f56c34d2d,hierarchical,image,10,1,
651ed6b48d4e4ce0,hierarchical,image,10,1,
0a8d3ea6a14b7694,hierarchical,image,10,1,
a6380f9f07fe0748,hierarchical,image,10,1,
8419e26eaf8a2ed7,hierarchical,image,10,1,
f1dbaaccf91a93c6,hierarchical,image,10,1,
1bf6d6502e22fd36,hierarchical,image,10,1,
7f0b8a0a616b25e4,hierarchical,image,10,1,
067dab84101e4d40,hierarchical,image,10,1,
9c32fad280ea8306,hierarchical,image,10,1,
d688ea743859b0af,hierarchical,image,10,1,
c7f27f7fd0d5d77b,hierarchical,image,10,1,
e0bee5c0b0d5a7d6,hierarchical,image,10,1,
f3ac148d14f99a51,hierarchical,image,10,1,
9b513da0bbf6fec5,hierarchical,image,10,1,
ab4c6a5c76f157ea,hierarchical,image,10,1,
255623028b70fd39,hierarchical,image,10,1,
a6de1dec67d7aed5,hierarchical,image,10,4,
92617f40c2c43b99,hierarchical,image,10,1,
8025a575373cd6a9,hierarchical,image,10,1,
a51195a2d92d9ff2,hierarchical,image,10,1,
97bbfcfc069b7629,hierarchical,image,10,5,
52c97289f9c9f6dc,hierarchical,image,10,1,
4ca95e3d476453ba,hierarchical,image,10,6,
a8150b5836fa8340,hierarchical,image,10,1,
6bfd058b52069703,hierarchical,image,10,1,
cddd255cbebb9d8e,hierarchical,image,10,7,
65ab556300024c0b,hierarchical,image,10,1,
832f13e7c3d03100,hierarchical,image,10,8,
e6a519ba8dd89268,hierarchical,image,10,1,
77256bc1bfc6a972,hierarchical,image,10,1,
9fc96269778b3b35,hierarchical,image,10,1,
a2d4a495cac2adae,hierarchical,image,10,1,
4de8ea4a98e350d2,hierarchical,image,10,1,
6ff9dd295e18ba9b,hierarchical,image,10,9,
bd7774dcad9acd79,hierarchical,image,10,1,
66cc7c6ebe473f7b,hierarchical,image,10,1,
39719b9e379a0e17,hierarchical,image,10,9,
31f94ec85b9130e2,hierarchical,image,10,1,
4e6eb33dee2b707c,hierarchical,image,10,9,
ab45fc2620cc66ce,hierarchical,image,10,1,
e0760c68f28e0892,hierarchical,image,10,1,
c2a7cdc53f4dd23f,hierarchical,image,10,1,
bcc9cc12c88e11a7,hierarchical,image,10,1,
f0a0fb220faa1075,hierarchical,image,10,1,
709929ff886fee1d,hierarchical,image,10,1,
7e81760c1b53d064,hierarchical,image,10,1,
f3b6090794574209,hierarchical,image,10,1,
6d73856e7180fb8d,hierarchical,image,10,1,
9099811c08fecfa1,hierarchical,image,10,1,
960c8c87ff30f1bf,hierarchical,image,10,1,
0b97f051d6187ce8,hierarchical,image,10,1,
d35e50aec0a064c5,hierarchical,image,10,1,
a1b878174fb512f0,hierarchical,image,10,1,
017f18f80c2b6bb0,hierarchical,image,10,1,
3ae85d1803f6fd0e,hierarchical,image,10,1,
b8d532b96649ad9b,hierarchical,image,10,1,
3fc360c5c4e56a82,hierarchical,image,10,1,
672c5ac5c05045ac,hierarchical,image,10,1,
969d2464f703154e,hierarchical,image,10,1,
9198bbcd6bccdff0,hierarchical,image,10,1,
8eb2ae5e436bf3d9,hierarchical,image,10,1,
395681962a31584b,hierarchical,image,10,1,
5d96dfc9b1190032,hierarchical,image,10,1,
f1c82e0e3033e0f2,hierarchical,image,10,1,
4ce46f5f8d9a06ef,hierarchical,image,10,1,
0db27129c0b71a97,hierarchical,image,10,1,
cad61736ae362480,hierarchical,image,10,1,
e6e2d33ceb0e83af,hierarchical,image,10,1,
0dbe74d0ea5067c3,hierarchical,image,10,1,
397929e89a5a2bf0,hierarchical,image,10,1,
9875309b29ecca62,hierarchical,image,10,1,
b566cf363514b2ce,hierarchical,image,10,1,
d176e3613fd2e8ca,hierarchical,image,10,1,
09f287549c50a508,hierarchical,image,10,1,
2b5b06037a00ac7f,hierarchical,image,10,1,
35be32b4253e6b7e,hierarchical,image,10,1,
4345ee093157bb2b,hierarchical,image,10,1,
0f0ba10ef3a52533,hierarchical,image,10,1,
67facd157d491218,hierarchical,image,10,1,
e93973679234ed81,hierarchical,image,10,1,
db7e3477d2e2096c,hierarchical,image,10,1,
786becad40b24f1e,hierarchical,image,10,1,
6a09c26401d7753b,hierarchical,image,10,1,
38fcc454e8b76e8a,kmeans,metadata,3,1,0.236578
671222e19754e444,kmeans,metadata,3,1,0.236578
3167ff62be4a1ae7,kmeans,metadata,3,1,0.236578
7cb54d2ffd287b95,kmeans,metadata,3,1,0.236578
c0b01f650a9f3047,kmeans,metadata,3,1,0.236578
af8efb82a3eaf250,kmeans,metadata,3,1,0.236578
121de65a284465c5,kmeans,metadata,3,1,0.236578
276e0f48b2aecf30,kmeans,metadata,3,1,0.236578
b5c1200b37f8968d,kmeans,metadata,3,1,0.236578
2dfb8baa45944a16,kmeans,metadata,3,1,0.236578
80b2d92acb1f6d71,kmeans,metadata,3,1,0.236578
81cdfb4479630d2b,kmeans,metadata,3,1,0.236578
da1cc0b972f266c1,kmeans,metadata,3,1,0.236578
cfb5182dc1998eb7,kmeans,metadata,3,1,0.236578
453de2a0ac7e4646,kmeans,metadata,3,1,0.236578
22dd7014ca4e0926,kmeans,metadata,3,1,0.236578
7ab893955ce53d32,kmeans,metadata,3,1,0.236578
a775dde68401f18c,kmeans,metadata,3,1,0.236578
8d956b8fd66bfd40,kmeans,metadata,3,1,0.236578
951be4fa343dfcc3,kmeans,metadata,3,1,0.236578
26246a410ab5f5fc,kmeans,metadata,3,1,0.236578
633d125136da3e33,kmeans,metadata,3,1,0.236578
70c66f7df237db99,kmeans,metadata,3,1,0.236578
ca282d9b8d67354b,kmeans,metadata,3,1,0.236578
bbdb16044679062a,kmeans,metadata,3,1,0.236578
ce5351620f2eb860,kmeans,metadata,3,1,0.236578
ab05a4526c352168,kmeans,metadata,3,1,0.236578
b6aae574e74b8cfe,kmeans,metadata,3,1,0.236578
c4317c54e3675826,kmeans,metadata,3,1,0.236578
6cd75929d0d2a3f0,kmeans,metadata,3,1,0.236578
47e3bd73efa382ae,kmeans,metadata,3,1,0.236578
ccaf59c0ceb35dab,kmeans,metadata,3,1,0.236578
e0d2e112cc0df560,kmeans,metadata,3,1,0.236578
5cea9f126476238d,kmeans,metadata,3,1,0.236578
714e0ea28c0b44d6,kmeans,metadata,3,1,0.236578
d2908bcd850fab66,kmeans,metadata,3,1,0.236578
946f5783ecc3c3d3,kmeans,metadata,3,1,0.236578
c3af4581e34e912a,kmeans,metadata,3,1,0.236578
8b56c33a174b9ce3,kmeans,metadata,3,1,0.236578
13c91a98bdfe97db,kmeans,metadata,3,1,0.236578
59f7cf4b24c41dc4,kmeans,metadata,3,1,0.236578
f81f3d24abe2590e,kmeans,metadata,3,1,0.236578
60fafea65eec88ff,kmeans,metadata,3,1,0.236578
8ccac8fbcc5ef442,kmeans,metadata,3,1,0.236578
520986b8f519cbf8,kmeans,metadata,3,1,0.236578
34ba5b6f56c34d2d,kmeans,metadata,3,1,0.236578
651ed6b48d4e4ce0,kmeans,metadata,3,1,0.236578
0a8d3ea6a14b7694,kmeans,metadata,3,1,0.236578
a6380f9f07fe0748,kmeans,metadata,3,1,0.236578
8419e26eaf8a2ed7,kmeans,metadata,3,1,0.236578
f1dbaaccf91a93c6,kmeans,metadata,3,1,0.236578
1bf6d6502e22fd36,kmeans,metadata,3,1,0.236578
7f0b8a0a616b25e4,kmeans,metadata,3,1,0.236578
067dab84101e4d40,kmeans,metadata,3,1,0.236578
9c32fad280ea8306,kmeans,metadata,3,1,0.236578
d688ea743859b0af,kmeans,metadata,3,1,0.236578
c7f27f7fd0d5d77b,kmeans,metadata,3,1,0.236578
e0bee5c0b0d5a7d6,kmeans,metadata,3,1,0.236578
f3ac148d14f99a51,kmeans,metadata,3,1,0.236578
9b513da0bbf6fec5,kmeans,metadata,3,1,0.236578
ab4c6a5c76f157ea,kmeans,metadata,3,2,0.236578
255623028b70fd39,kmeans,metadata,3,2,0.236578
a6de1dec67d7aed5,kmeans,metadata,3,2,0.236578
92617f40c2c43b99,kmeans,metadata,3,2,0.236578
8025a575373cd6a9,kmeans,metadata,3,2,0.236578
a51195a2d92d9ff2,kmeans,metadata,3,2,0.236578
97bbfcfc069b7629,kmeans,metadata,3,2,0.236578
52c97289f9c9f6dc,kmeans,metadata,3,2,0.236578
4ca95e3d476453ba,kmeans,metadata,3,2,0.236578
a8150b5836fa8340,kmeans,metadata,3,2,0.236578
6bfd058b52069703,kmeans,metadata,3,2,0.236578
cddd255cbebb9d8e,kmeans,metadata,3,2,0.236578
65ab556300024c0b,kmeans,metadata,3,2,0.236578
832f13e7c3d03100,kmeans,metadata,3,2,0.236578
e6a519ba8dd89268,kmeans,metadata,3,2,0.236578
77256bc1bfc6a972,kmeans,metadata,3,2,0.236578
9fc96269778b3b35,kmeans,metadata,3,2,0.236578
a2d4a495cac2adae,kmeans,metadata,3,2,0.236578
4de8ea4a98e350d2,kmeans,metadata,3,2,0.236578
6ff9dd295e18ba9b,kmeans,metadata,3,1,0.236578
bd7774dcad9acd79,kmeans,metadata,3,1,0.236578
66cc7c6ebe473f7b,kmeans,metadata,3,1,0.236578
39719b9e379a0e17,kmeans,metadata,3,1,0.236578
31f94ec85b9130e2,kmeans,metadata,3,1,0.236578
4e6eb33dee2b707c,kmeans,metadata,3,1,0.236578
ab45fc2620cc66ce,kmeans,metadata,3,1,0.236578
e0760c68f28e0892,kmeans,metadata,3,1,0.236578
c2a7cdc53f4dd23f,kmeans,metadata,3,1,0.236578
bcc9cc12c88e11a7,kmeans,metadata,3,1,0.236578
f0a0fb220faa1075,kmeans,metadata,3,1,0.236578
709929ff886fee1d,kmeans,metadata,3,1,0.236578
7e81760c1b53d064,kmeans,metadata,3,1,0.236578
f3b6090794574209,kmeans,metadata,3,1,0.236578
6d73856e7180fb8d,kmeans,metadata,3,1,0.236578
9099811c08fecfa1,kmeans,metadata,3,1,0.236578
960c8c87ff30f1bf,kmeans,metadata,3,1,0.236578
0b97f051d6187ce8,kmeans,metadata,3,1,0.236578
d35e50aec0a064c5,kmeans,metadata,3,1,0.236578
a1b878174fb512f0,kmeans,metadata,3,1,0.236578
017f18f80c2b6bb0,kmeans,metadata,3,1,0.236578
3ae85d1803f6fd0e,kmeans,metadata,3,1,0.236578
b8d532b96649ad9b,kmeans,metadata,3,1,0.236578
3fc360c5c4e56a82,kmeans,metadata,3,1,0.236578
672c5ac5c05045ac,kmeans,metadata,3,1,0.236578
969d2464f703154e,kmeans,metadata,3,1,0.236578
9198bbcd6bccdff0,kmeans,metadata,3,1,0.236578
8eb2ae5e436bf3d9,kmeans,metadata,3,1,0.236578
395681962a31584b,kmeans,metadata,3,1,0.236578
5d96dfc9b1190032,kmeans,metadata,3,1,0.236578
f1c82e0e3033e0f2,kmeans,metadata,3,0,0.236578
4ce46f5f8d9a06ef,kmeans,metadata,3,0,0.236578
0db27129c0b71a97,kmeans,metadata,3,0,0.236578
cad61736ae362480,kmeans,metadata,3,0,0.236578
e6e2d33ceb0e83af,kmeans,metadata,3,0,0.236578
0dbe74d0ea5067c3,kmeans,metadata,3,0,0.236578
397929e89a5a2bf0,kmeans,metadata,3,0,0.236578
9875309b29ecca62,kmeans,metadata,3,0,0.236578
b566cf363514b2ce,kmeans,metadata,3,0,0.236578
d176e3613fd2e8ca,kmeans,metadata,3,0,0.236578
09f287549c50a508,kmeans,metadata,3,2,0.236578
2b5b06037a00ac7f,kmeans,metadata,3,2,0.236578
35be32b4253e6b7e,kmeans,metadata,3,2,0.236578
4345ee093157bb2b,kmeans,metadata,3,2,0.236578
0f0ba10ef3a52533,kmeans,metadata,3,2,0.236578
67facd157d491218,kmeans,metadata,3,2,0.236578
e93973679234ed81,kmeans,metadata,3,2,0.236578
db7e3477d2e2096c,kmeans,metadata,3,2,0.236578
786becad40b24f1e,kmeans,metadata,3,2,0.236578
6a09c26401d7753b,kmeans,metadata,3,2,0.236578
38fcc454e8b76e8a,kmeans,metadata,5,3,0.425627
671222e19754e444,kmeans,metadata,5,3,0.425627
3167ff62be4a1ae7,kmeans,metadata,5,3,0.425627
7cb54d2ffd287b95,kmeans,metadata,5,3,0.425627
c0b01f650a9f3047,kmeans,metadata,5,3,0.425627
af8efb82a3eaf250,kmeans,metadata,5,3,0.425627
121de65a284465c5,kmeans,metadata,5,3,0.425627
276e0f48b2aecf30,kmeans,metadata,5,3,0.425627
b5c1200b37f8968d,kmeans,metadata,5,3,0.425627
2dfb8baa45944a16,kmeans,metadata,5,3,0.425627
80b2d92acb1f6d71,kmeans,metadata,5,4,0.425627
81cdfb4479630d2b,kmeans,metadata,5,4,0.425627
da1cc0b972f266c1,kmeans,metadata,5,4,0.425627
cfb5182dc1998eb7,kmeans,metadata,5,4,0.425627
453de2a0ac7e4646,kmeans,metadata,5,4,0.425627
22dd7014ca4e0926,kmeans,metadata,5,4,0.425627
7ab893955ce53d32,kmeans,metadata,5,4,0.425627
a775dde68401f18c,kmeans,metadata,5,4,0.425627
8d956b8fd66bfd40,kmeans,metadata,5,4,0.425627
951be4fa343dfcc3,kmeans,metadata,5,4,0.425627
26246a410ab5f5fc,kmeans,metadata,5,4,0.425627
633d125136da3e33,kmeans,metadata,5,4,0.425627
70c66f7df237db99,kmeans,metadata,5,4,0.425627
ca282d9b8d67354b,kmeans,metadata,5,4,0.425627
bbdb16044679062a,kmeans,metadata,5,4,0.425627
ce5351620f2eb860,kmeans,metadata,5,4,0.425627
ab05a4526c352168,kmeans,metadata,5,4,0.425627
b6aae574e74b8cfe,kmeans,metadata,5,4,0.425627
c4317c54e3675826,kmeans,metadata,5,4,0.425627
6cd75929d0d2a3f0,kmeans,metadata,5,4,0.425627
47e3bd73efa382ae,kmeans,metadata,5,4,0.425627
ccaf59c0ceb35dab,kmeans,metadata,5,4,0.425627
e0d2e112cc0df560,kmeans,metadata,5,4,0.425627
5cea9f126476238d,kmeans,metadata,5,4,0.425627
714e0ea28c0b44d6,kmeans,metadata,5,4,0.425627
d2908bcd850fab66,kmeans,metadata,5,4,0.425627
946f5783ecc3c3d3,kmeans,metadata,5,4,0.425627
c3af4581e34e912a,kmeans,metadata,5,4,0.425627
8b56c33a174b9ce3,kmeans,metadata,5,4,0.425627
13c91a98bdfe97db,kmeans,metadata,5,4,0.425627
59f7cf4b24c41dc4,kmeans,metadata,5,4,0.425627
f81f3d24abe2590e,kmeans,metadata,5,4,0.425627
60fafea65eec88ff,kmeans,metadata,5,4,0.425627
8ccac8fbcc5ef442,kmeans,metadata,5,4,0.425627
520986b8f519cbf8,kmeans,metadata,5,4,0.425627
34ba5b6f56c34d2d,kmeans,metadata,5,4,0.425627
651ed6b48d4e4ce0,kmeans,metadata,5,4,0.425627
0a8d3ea6a14b7694,kmeans,metadata,5,4,0.425627
a6380f9f07fe0748,kmeans,metadata,5,4,0.425627
8419e26eaf8a2ed7,kmeans,metadata,5,4,0.425627
f1dbaaccf91a93c6,kmeans,metadata,5,1,0.425627
1bf6d6502e22fd36,kmeans,metadata,5,1,0.425627
7f0b8a0a616b25e4,kmeans,metadata,5,1,0.425627
067dab84101e4d40,kmeans,metadata,5,1,0.425627
9c32fad280ea8306,kmeans,metadata,5,1,0.425627
d688ea743859b0af,kmeans,metadata,5,1,0.425627
c7f27f7fd0d5d77b,kmeans,metadata,5,1,0.425627
e0bee5c0b0d5a7d6,kmeans,metadata,5,1,0.425627
f3ac148d14f99a51,kmeans,metadata,5,1,0.425627
9b513da0bbf6fec5,kmeans,metadata,5,1,0.425627
ab4c6a5c76f157ea,kmeans,metadata,5,4,0.425627
255623028b70fd39,kmeans,metadata,5,4,0.425627
a6de1dec67d7aed5,kmeans,metadata,5,4,0.425627
92617f40c2c43b99,kmeans,metadata,5,4,0.425627
8025a575373cd6a9,kmeans,metadata,5,4,0.425627
a51195a2d92d9ff2,kmeans,metadata,5,4,0.425627
97bbfcfc069b7629,kmeans,metadata,5,4,0.425627
52c97289f9c9f6dc,kmeans,metadata,5,4,0.425627
4ca95e3d476453ba,kmeans,metadata,5,4,0.425627
a8150b5836fa8340,kmeans,metadata,5,4,0.425627
6bfd058b52069703,kmeans,metadata,5,4,0.425627
cddd255cbebb9d8e,kmeans,metadata,5,4,0.425627
65ab556300024c0b,kmeans,metadata,5,4,0.425627
832f13e7c3d03100,kmeans,metadata,5,4,0.425627
e6a519ba8dd89268,kmeans,metadata,5,4,0.425627
77256bc1bfc6a972,kmeans,metadata,5,4,0.425627
9fc96269778b3b35,kmeans,metadata,5,4,0.425627
a2d4a495cac2adae,kmeans,metadata,5,4,0.425627
4de8ea4a98e350d2,kmeans,metadata,5,4,0.425627
6ff9dd295e18ba9b,kmeans,metadata,5,4,0.425627
bd7774dcad9acd79,kmeans,metadata,5,4,0.425627
66cc7c6ebe473f7b,kmeans,metadata,5,4,0.425627
39719b9e379a0e17,kmeans,metadata,5,4,0.425627
31f94ec85b9130e2,kmeans,metadata,5,4,0.425627
4e6eb33dee2b707c,kmeans,metadata,5,4,0.425627
ab45fc2620cc66ce,kmeans,metadata,5,4,0.425627
e0760c68f28e0892,kmeans,metadata,5,4,0.425627
c2a7cdc53f4dd23f,kmeans,metadata,5,4,0.425627
bcc9cc12c88e11a7,kmeans,metadata,5,4,0.425627
f0a0fb220faa1075,kmeans,metadata,5,0,0.425627
709929ff886fee1d,kmeans,metadata,5,0,0.425627
7e81760c1b53d064,kmeans,metadata,5,2,0.425627
f3b6090794574209,kmeans,metadata,5,0,0.425627
6d73856e7180fb8d,kmeans,metadata,5,0,0.425627
9099811c08fecfa1,kmeans,metadata,5,2,0.425627
960c8c87ff30f1bf,kmeans,metadata,5,0,0.425627
0b97f051d6187ce8,kmeans,metadata,5,0,0.425627
d35e50aec0a064c5,kmeans,metadata,5,2,0.425627
a1b878174fb512f0,kmeans,metadata,5,2,0.425627
017f18f80c2b6bb0,kmeans,metadata,5,4,0.425627
3ae85d1803f6fd0e,kmeans,metadata,5,4,0.425627
b8d532b96649ad9b,kmeans,metadata,5,4,0.425627
3fc360c5c4e56a82,kmeans,metadata,5,4,0.425627
672c5ac5c05045ac,kmeans,metadata,5,4,0.425627
969d2464f703154e,kmeans,metadata,5,4,0.425627
9198bbcd6bccdff0,kmeans,metadata,5,4,0.425627
8eb2ae5e436bf3d9,kmeans,metadata,5,4,0.425627
395681962a31584b,kmeans,metadata,5,4,0.425627
5d96dfc9b1190032,kmeans,metadata,5,4,0.425627
f1c82e0e3033e0f2,kmeans,metadata,5,4,0.425627
4ce46f5f8d9a06ef,kmeans,metadata,5,4,0.425627
0db27129c0b71a97,kmeans,metadata,5,4,0.425627
cad61736ae362480,kmeans,metadata,5,4,0.425627
e6e2d33ceb0e83af,kmeans,metadata,5,4,0.425627
0dbe74d0ea5067c3,kmeans,metadata,5,4,0.425627
397929e89a5a2bf0,kmeans,metadata,5,4,0.425627
9875309b29ecca62,kmeans,metadata,5,4,0.425627
b566cf363514b2ce,kmeans,metadata,5,4,0.425627
d176e3613fd2e8ca,kmeans,metadata,5,4,0.425627
09f287549c50a508,kmeans,metadata,5,4,0.425627
2b5b06037a00ac7f,kmeans,metadata,5,4,0.425627
35be32b4253e6b7e,kmeans,metadata,5,4,0.425627
4345ee093157bb2b,kmeans,metadata,5,4,0.425627
0f0ba10ef3a52533,kmeans,metadata,5,4,0.425627
67facd157d491218,kmeans,metadata,5,4,0.425627
e93973679234ed81,kmeans,metadata,5,4,0.425627
db7e3477d2e2096c,kmeans,metadata,5,4,0.425627
786becad40b24f1e,kmeans,metadata,5,4,0.425627
6a09c26401d7753b,kmeans,metadata,5,4,0.425627
38fcc454e8b76e8a,kmeans,metadata,7,2,0.54589
671222e19754e444,kmeans,metadata,7,2,0.54589
3167ff62be4a1ae7,kmeans,metadata,7,2,0.54589
7cb54d2ffd287b95,kmeans,metadata,7,2,0.54589
c0b01f650a9f3047,kmeans,metadata,7,2,0.54589
af8efb82a3eaf250,kmeans,metadata,7,2,0.54589
121de65a284465c5,kmeans,metadata,7,2,0.54589
276e0f48b2aecf30,kmeans,metadata,7,2,0.54589
b5c1200b37f8968d,kmeans,metadata,7,2,0.54589
2dfb8baa45944a16,kmeans,metadata,7,2,0.54589
80b2d92acb1f6d71,kmeans,metadata,7,0,0.54589
81cdfb4479630d2b,kmeans,metadata,7,0,0.54589
da1cc0b972f266c1,kmeans,metadata,7,0,0.54589
cfb5182dc1998eb7,kmeans,metadata,7,0,0.54589
453de2a0ac7e4646,kmeans,metadata,7,0,0.54589
22dd7014ca4e0926,kmeans,metadata,7,0,0.54589
7ab893955ce53d32,kmeans,metadata,7,0,0.54589
a775dde68401f18c,kmeans,metadata,7,0,0.54589
8d956b8fd66bfd40,kmeans,metadata,7,0,0.54589
951be4fa343dfcc3,kmeans,metadata,7,0,0.54589
26246a410ab5f5fc,kmeans,metadata,7,0,0.54589
633d125136da3e33,kmeans,metadata,7,0,0.54589
70c66f7df237db99,kmeans,metadata,7,0,0.54589
ca282d9b8d67354b,kmeans,metadata,7,0,0.54589
bbdb16044679062a,kmeans,metadata,7,0,0.54589
ce5351620f2eb860,kmeans,metadata,7,0,0.54589
ab05a4526c352168,kmeans,metadata,7,0,0.54589
b6aae574e74b8cfe,kmeans,metadata,7,0,0.54589
c4317c54e3675826,kmeans,metadata,7,0,0.54589
6cd75929d0d2a3f0,kmeans,metadata,7,0,0.54589
47e3bd73efa382ae,kmeans,metadata,7,0,0.54589
ccaf59c0ceb35dab,kmeans,metadata,7,0,0.54589
e0d2e112cc0df560,kmeans,metadata,7,0,0.54589
5cea9f126476238d,kmeans,metadata,7,0,0.54589
714e0ea28c0b44d6,kmeans,metadata,7,0,0.54589
d2908bcd850fab66,kmeans,metadata,7,0,0.54589
946f5783ecc3c3d3,kmeans,metadata,7,0,0.54589
c3af4581e34e912a,kmeans,metadata,7,0,0.54589
8b56c33a174b9ce3,kmeans,metadata,7,0,0.54589
13c91a98bdfe97db,kmeans,metadata,7,0,0.54589
59f7cf4b24c41dc4,kmeans,metadata,7,0,0.54589
f81f3d24abe2590e,kmeans,metadata,7,0,0.54589
60fafea65eec88ff,kmeans,metadata,7,0,0.54589
8ccac8fbcc5ef442,kmeans,metadata,7,0,0.54589
520986b8f519cbf8,kmeans,metadata,7,0,0.54589
34ba5b6f56c34d2d,kmeans,metadata,7,0,0.54589
651ed6b48d4e4ce0,kmeans,metadata,7,0,0.54589
0a8d3ea6a14b7694,kmeans,metadata,7,0,0.54589
a6380f9f07fe0748,kmeans,metadata,7,0,0.54589
8419e26eaf8a2ed7,kmeans,metadata,7,0,0.54589
f1dbaaccf91a93c6,kmeans,metadata,7,5,0.54589
1bf6d6502e22fd36,kmeans,metadata,7,5,0.54589
7f0b8a0a616b25e4,kmeans,metadata,7,5,0.54589
067dab84101e4d40,kmeans,metadata,7,5,0.54589
9c32fad280ea8306,kmeans,metadata,7,5,0.54589
d688ea743859b0af,kmeans,metadata,7,5,0.54589
c7f27f7fd0d5d77b,kmeans,metadata,7,5,0.54589
e0bee5c0b0d5a7d6,kmeans,metadata,7,5,0.54589
f3ac148d14f99a51,kmeans,metadata,7,5,0.54589
9b513da0bbf6fec5,kmeans,metadata,7,5,0.54589
ab4c6a5c76f157ea,kmeans,metadata,7,1,0.54589
255623028b70fd39,kmeans,metadata,7,1,0.54589
a6de1dec67d7aed5,kmeans,metadata,7,1,0.54589
92617f40c2c43b99,kmeans,metadata,7,1,0.54589
8025a575373cd6a9,kmeans,metadata,7,1,0.54589
a51195a2d92d9ff2,kmeans,metadata,7,1,0.54589
97bbfcfc069b7629,kmeans,metadata,7,1,0.54589
52c97289f9c9f6dc,kmeans,metadata,7,1,0.54589
4ca95e3d476453ba,kmeans,metadata,7,1,0.54589
a8150b5836fa8340,kmeans,metadata,7,1,0.54589
6bfd058b52069703,kmeans,metadata,7,4,0.54589
cddd255cbebb9d8e,kmeans,metadata,7,4,0.54589
65ab556300024c0b,kmeans,metadata,7,4,0.54589
832f13e7c3d03100,kmeans,metadata,7,4,0.54589
e6a519ba8dd89268,kmeans,metadata,7,4,0.54589
77256bc1bfc6a972,kmeans,metadata,7,4,0.54589
9fc96269778b3b35,kmeans,metadata,7,4,0.54589
a2d4a495cac2adae,kmeans,metadata,7,4,0.54589
4de8ea4a98e350d2,kmeans,metadata,7,4,0.54589
6ff9dd295e18ba9b,kmeans,metadata,7,0,0.54589
bd7774dcad9acd79,kmeans,metadata,7,0,0.54589
66cc7c6ebe473f7b,kmeans,metadata,7,0,0.54589
39719b9e379a0e17,kmeans,metadata,7,0,0.54589
31f94ec85b9130e2,kmeans,metadata,7,0,0.54589
4e6eb33dee2b707c,kmeans,metadata,7,0,0.54589
ab45fc2620cc66ce,kmeans,metadata,7,0,0.54589
e0760c68f28e0892,kmeans,metadata,7,0,0.54589
c2a7cdc53f4dd23f,kmeans,metadata,7,0,0.54589
bcc9cc12c88e11a7,kmeans,metadata,7,0,0.54589
f0a0fb220faa1075,kmeans,metadata,7,0,0.54589
709929ff886fee1d,kmeans,metadata,7,0,0.54589
7e81760c1b53d064,kmeans,metadata,7,0,0.54589
f3b6090794574209,kmeans,metadata,7,0,0.54589
6d73856e7180fb8d,kmeans,metadata,7,0,0.54589
9099811c08fecfa1,kmeans,metadata,7,0,0.54589
960c8c87ff30f1bf,kmeans,metadata,7,0,0.54589
0b97f051d6187ce8,kmeans,metadata,7,0,0.54589
d35e50aec0a064c5,kmeans,metadata,7,0,0.54589
a1b878174fb512f0,kmeans,metadata,7,0,0.54589
017f18f80c2b6bb0,kmeans,metadata,7,3,0.54589
3ae85d1803f6fd0e,kmeans,metadata,7,3,0.54589
b8d532b96649ad9b,kmeans,metadata,7,3,0.54589
3fc360c5c4e56a82,kmeans,metadata,7,3,0.54589
672c5ac5c05045ac,kmeans,metadata,7,3,0.54589
969d2464f703154e,kmeans,metadata,7,3,0.54589
9198bbcd6bccdff0,kmeans,metadata,7,3,0.54589
8eb2ae5e436bf3d9,kmeans,metadata,7,3,0.54589
395681962a31584b,kmeans,metadata,7,3,0.54589
5d96dfc9b1190032,kmeans,metadata,7,3,0.54589
f1c82e0e3033e0f2,kmeans,metadata,7,0,0.54589
4ce46f5f8d9a06ef,kmeans,metadata,7,0,0.54589
0db27129c0b71a97,kmeans,metadata,7,0,0.54589
cad61736ae362480,kmeans,metadata,7,0,0.54589
e6e2d33ceb0e83af,kmeans,metadata,7,0,0.54589
0dbe74d0ea5067c3,kmeans,metadata,7,0,0.54589
397929e89a5a2bf0,kmeans,metadata,7,0,0.54589
9875309b29ecca62,kmeans,metadata,7,0,0.54589
b566cf363514b2ce,kmeans,metadata,7,0,0.54589
d176e3613fd2e8ca,kmeans,metadata,7,0,0.54589
09f287549c50a508,kmeans,metadata,7,6,0.54589
2b5b06037a00ac7f,kmeans,metadata,7,6,0.54589
35be32b4253e6b7e,kmeans,metadata,7,6,0.54589
4345ee093157bb2b,kmeans,metadata,7,6,0.54589
0f0ba10ef3a52533,kmeans,metadata,7,6,0.54589
67facd157d491218,kmeans,metadata,7,6,0.54589
e93973679234ed81,kmeans,metadata,7,6,0.54589
db7e3477d2e2096c,kmeans,metadata,7,6,0.54589
786becad40b24f1e,kmeans,metadata,7,6,0.54589
6a09c26401d7753b,kmeans,metadata,7,6,0.54589
38fcc454e8b76e8a,kmeans,metadata,10,7,0.661868
671222e19754e444,kmeans,metadata,10,7,0.661868
3167ff62be4a1ae7,kmeans,metadata,10,7,0.661868
7cb54d2ffd287b95,kmeans,metadata,10,7,0.661868
c0b01f650a9f3047,kmeans,metadata,10,7,0.661868
af8efb82a3eaf250,kmeans,metadata,10,7,0.661868
121de65a284465c5,kmeans,metadata,10,7,0.661868
276e0f48b2aecf30,kmeans,metadata,10,7,0.661868
b5c1200b37f8968d,kmeans,metadata,10,7,0.661868
2dfb8baa45944a16,kmeans,metadata,10,7,0.661868
80b2d92acb1f6d71,kmeans,metadata,10,0,0.661868
81cdfb4479630d2b,kmeans,metadata,10,0,0.661868
da1cc0b972f266c1,kmeans,metadata,10,0,0.661868
cfb5182dc1998eb7,kmeans,metadata,10,0,0.661868
453de2a0ac7e4646,kmeans,metadata,10,0,0.661868
22dd7014ca4e0926,kmeans,metadata,10,0,0.661868
7ab893955ce53d32,kmeans,metadata,10,0,0.661868
a775dde68401f18c,kmeans,metadata,10,0,0.661868
8d956b8fd66bfd40,kmeans,metadata,10,0,0.661868
951be4fa343dfcc3,kmeans,metadata,10,0,0.661868
26246a410ab5f5fc,kmeans,metadata,10,6,0.661868
633d125136da3e33,kmeans,metadata,10,6,0.661868
70c66f7df237db99,kmeans,metadata,10,6,0.661868
ca282d9b8d67354b,kmeans,metadata,10,6,0.661868
bbdb16044679062a,kmeans,metadata,10,6,0.661868
ce5351620f2eb860,kmeans,metadata,10,6,0.661868
ab05a4526c352168,kmeans,metadata,10,6,0.661868
b6aae574e74b8cfe,kmeans,metadata,10,6,0.661868
c4317c54e3675826,kmeans,metadata,10,6,0.661868
6cd75929d0d2a3f0,kmeans,metadata,10,6,0.661868
47e3bd73efa382ae,kmeans,metadata,10,9,0.661868
ccaf59c0ceb35dab,kmeans,metadata,10,9,0.661868
e0d2e112cc0df560,kmeans,metadata,10,9,0.661868
5cea9f126476238d,kmeans,metadata,10,9,0.661868
714e0ea28c0b44d6,kmeans,metadata,10,9,0.661868
d2908bcd850fab66,kmeans,metadata,10,9,0.661868
946f5783ecc3c3d3,kmeans,metadata,10,9,0.661868
c3af4581e34e912a,kmeans,metadata,10,9,0.661868
8b56c33a174b9ce3,kmeans,metadata,10,9,0.661868
13c91a98bdfe97db,kmeans,metadata,10,9,0.661868
59f7cf4b24c41dc4,kmeans,metadata,10,8,0.661868
f81f3d24abe2590e,kmeans,metadata,10,8,0.661868
60fafea65eec88ff,kmeans,metadata,10,8,0.661868
8ccac8fbcc5ef442,kmeans,metadata,10,8,0.661868
520986b8f519cbf8,kmeans,metadata,10,8,0.661868
34ba5b6f56c34d2d,kmeans,metadata,10,8,0.661868
651ed6b48d4e4ce0,kmeans,metadata,10,8,0.661868
0a8d3ea6a14b7694,kmeans,metadata,10,8,0.661868
a6380f9f07fe0748,kmeans,metadata,10,8,0.661868
8419e26eaf8a2ed7,kmeans,metadata,10,8,0.661868
f1dbaaccf91a93c6,kmeans,metadata,10,2,0.661868
1bf6d6502e22fd36,kmeans,metadata,10,2,0.661868
7f0b8a0a616b25e4,kmeans,metadata,10,2,0.661868
067dab84101e4d40,kmeans,metadata,10,2,0.661868
9c32fad280ea8306,kmeans,metadata,10,2,0.661868
d688ea743859b0af,kmeans,metadata,10,2,0.661868
c7f27f7fd0d5d77b,kmeans,metadata,10,2,0.661868
e0bee5c0b0d5a7d6,kmeans,metadata,10,2,0.661868
f3ac148d14f99a51,kmeans,metadata,10,2,0.661868
9b513da0bbf6fec5,kmeans,metadata,10,2,0.661868
ab4c6a5c76f157ea,kmeans,metadata,10,4,0.661868
255623028b70fd39,kmeans,metadata,10,4,0.661868
a6de1dec67d7aed5,kmeans,metadata,10,4,0.661868
92617f40c2c43b99,kmeans,metadata,10,4,0.661868
8025a575373cd6a9,kmeans,metadata,10,4,0.661868
a51195a2d92d9ff2,kmeans,metadata,10,4,0.661868
97bbfcfc069b7629,kmeans,metadata,10,4,0.661868
52c97289f9c9f6dc,kmeans,metadata,10,4,0.661868
4ca95e3d476453ba,kmeans,metadata,10,4,0.661868
a8150b5836fa8340,kmeans,metadata,10,4,0.661868
6bfd058b52069703,kmeans,metadata,10,1,0.661868
cddd255cbebb9d8e,kmeans,metadata,10,1,0.661868
65ab556300024c0b,kmeans,metadata,10,1,0.661868
832f13e7c3d03100,kmeans,metadata,10,1,0.661868
e6a519ba8dd89268,kmeans,metadata,10,1,0.661868
77256bc1bfc6a972,kmeans,metadata,10,1,0.661868
9fc96269778b3b35,kmeans,metadata,10,1,0.661868
a2d4a495cac2adae,kmeans,metadata,10,1,0.661868
4de8ea4a98e350d2,kmeans,metadata,10,1,0.661868
6ff9dd295e18ba9b,kmeans,metadata,10,8,0.661868
bd7774dcad9acd79,kmeans,metadata,10,8,0.661868
66cc7c6ebe473f7b,kmeans,metadata,10,8,0.661868
39719b9e379a0e17,kmeans,metadata,10,8,0.661868
31f94ec85b9130e2,kmeans,metadata,10,8,0.661868
4e6eb33dee2b707c,kmeans,metadata,10,8,0.661868
ab45fc2620cc66ce,kmeans,metadata,10,8,0.661868
e0760c68f28e0892,kmeans,metadata,10,8,0.661868
c2a7cdc53f4dd23f,kmeans,metadata,10,8,0.661868
bcc9cc12c88e11a7,kmeans,metadata,10,8,0.661868
f0a0fb220faa1075,kmeans,metadata,10,6,0.661868
709929ff886fee1d,kmeans,metadata,10,6,0.661868
7e81760c1b53d064,kmeans,metadata,10,6,0.661868
f3b6090794574209,kmeans,metadata,10,6,0.661868
6d73856e7180fb8d,kmeans,metadata,10,6,0.661868
9099811c08fecfa1,kmeans,metadata,10,6,0.661868
960c8c87ff30f1bf,kmeans,metadata,10,6,0.661868
0b97f051d6187ce8,kmeans,metadata,10,6,0.661868
d35e50aec0a064c5,kmeans,metadata,10,6,0.661868
a1b878174fb512f0,kmeans,metadata,10,6,0.661868
017f18f80c2b6bb0,kmeans,metadata,10,0,0.661868
3ae85d1803f6fd0e,kmeans,metadata,10,0,0.661868
b8d532b96649ad9b,kmeans,metadata,10,0,0.661868
3fc360c5c4e56a82,kmeans,metadata,10,0,0.661868
672c5ac5c05045ac,kmeans,metadata,10,0,0.661868
969d2464f703154e,kmeans,metadata,10,0,0.661868
9198bbcd6bccdff0,kmeans,metadata,10,0,0.661868
8eb2ae5e436bf3d9,kmeans,metadata,10,0,0.661868
395681962a31584b,kmeans,metadata,10,0,0.661868
5d96dfc9b1190032,kmeans,metadata,10,0,0.661868
f1c82e0e3033e0f2,kmeans,metadata,10,5,0.661868
4ce46f5f8d9a06ef,kmeans,metadata,10,5,0.661868
0db27129c0b71a97,kmeans,metadata,10,5,0.661868
cad61736ae362480,kmeans,metadata,10,5,0.661868
e6e2d33ceb0e83af,kmeans,metadata,10,5,0.661868
0dbe74d0ea5067c3,kmeans,metadata,10,5,0.661868
397929e89a5a2bf0,kmeans,metadata,10,5,0.661868
9875309b29ecca62,kmeans,metadata,10,5,0.661868
b566cf363514b2ce,kmeans,metadata,10,5,0.661868
d176e3613fd2e8ca,kmeans,metadata,10,5,0.661868
09f287549c50a508,kmeans,metadata,10,3,0.661868
2b5b06037a00ac7f,kmeans,metadata,10,3,0.661868
35be32b4253e6b7e,kmeans,metadata,10,3,0.661868
4345ee093157bb2b,kmeans,metadata,10,3,0.661868
0f0ba10ef3a52533,kmeans,metadata,10,3,0.661868
67facd157d491218,kmeans,metadata,10,3,0.661868
e93973679234ed81,kmeans,metadata,10,3,0.661868
db7e3477d2e2096c,kmeans,metadata,10,3,0.661868
786becad40b24f1e,kmeans,metadata,10,3,0.661868
6a09c26401d7753b,kmeans,metadata,10,3,0.661868
38fcc454e8b76e8a,hierarchical,metadata,3,0,
671222e19754e444,hierarchical,metadata,3,0,
3167ff62be4a1ae7,hierarchical,metadata,3,0,
7cb54d2ffd287b95,hierarchical,metadata,3,1,
c0b01f650a9f3047,hierarchical,metadata,3,0,
af8efb82a3eaf250,hierarchical,metadata,3,0,
121de65a284465c5,hierarchical,metadata,3,0,
276e0f48b2aecf30,hierarchical,metadata,3,0,
b5c1200b37f8968d,hierarchical,metadata,3,0,
2dfb8baa45944a16,hierarchical,metadata,3,0,
80b2d92acb1f6d71,hierarchical,metadata,3,2,
81cdfb4479630d2b,hierarchical,metadata,3,2,
da1cc0b972f266c1,hierarchical,metadata,3,2,
cfb5182dc1998eb7,hierarchical,metadata,3,2,
453de2a0ac7e4646,hierarchical,metadata,3,2,
22dd7014ca4e0926,hierarchical,metadata,3,2,
7ab893955ce53d32,hierarchical,metadata,3,2,
a775dde68401f18c,hierarchical,metadata,3,2,
8d956b8fd66bfd40,hierarchical,metadata,3,2,
951be4fa343dfcc3,hierarchical,metadata,3,2,
26246a410ab5f5fc,hierarchical,metadata,3,2,
633d125136da3e33,hierarchical,metadata,3,2,
70c66f7df237db99,hierarchical,metadata,3,2,
ca282d9b8d67354b,hierarchical,metadata,3,2,
bbdb16044679062a,hierarchical,metadata,3,2,
ce5351620f2eb860,hierarchical,metadata,3,2,
ab05a4526c352168,hierarchical,metadata,3,2,
b6aae574e74b8cfe,hierarchical,metadata,3,2,
c4317c54e3675826,hierarchical,metadata,3,2,
6cd75929d0d2a3f0,hierarchical,metadata,3,2,
47e3bd73efa382ae,hierarchical,metadata,3,2,
ccaf59c0ceb35dab,hierarchical,metadata,3,2,
e0d2e112cc0df560,hierarchical,metadata,3,2,
5cea9f126476238d,hierarchical,metadata,3,2,
714e0ea28c0b44d6,hierarchical,metadata,3,2,
d2908bcd850fab66,hierarchical,metadata,3,2,
946f5783ecc3c3d3,hierarchical,metadata,3,2,
c3af4581e34e912a,hierarchical,metadata,3,2,
8b56c33a174b9ce3,hierarchical,metadata,3,2,
13c91a98bdfe97db,hierarchical,metadata,3,2,
59f7cf4b24c41dc4,hierarchical,metadata,3,2,
f81f3d24abe2590e,hierarchical,metadata,3,2,
60fafea65eec88ff,hierarchical,metadata,3,2,
8ccac8fbcc5ef442,hierarchical,metadata,3,2,
520986b8f519cbf8,hierarchical,metadata,3,2,
34ba5b6f56c34d2d,hierarchical,metadata,3,2,
651ed6b48d4e4ce0,hierarchical,metadata,3,2,
0a8d3ea6a14b7694,hierarchical,metadata,3,2,
a6380f9f07fe0748,hierarchical,metadata,3,2,
8419e26eaf8a2ed7,hierarchical,metadata,3,2,
f1dbaaccf91a93c6,hierarchical,metadata,3,2,
1bf6d6502e22fd36,hierarchical,metadata,3,2,
7f0b8a0a616b25e4,hierarchical,metadata,3,2,
067dab84101e4d40,hierarchical,metadata,3,2,
9c32fad280ea8306,hierarchical,metadata,3,2,
d688ea743859b0af,hierarchical,metadata,3,2,
c7f27f7fd0d5d77b,hierarchical,metadata,3,2,
e0bee5c0b0d5a7d6,hierarchical,metadata,3,2,
f3ac148d14f99a51,hierarchical,metadata,3,2,
9b513da0bbf6fec5,hierarchical,metadata,3,2,
ab4c6a5c76f157ea,hierarchical,metadata,3,2,
255623028b70fd39,hierarchical,metadata,3,2,
a6de1dec67d7aed5,hierarchical,metadata,3,2,
92617f40c2c43b99,hierarchical,metadata,3,2,
8025a575373cd6a9,hierarchical,metadata,3,2,
a51195a2d92d9ff2,hierarchical,metadata,3,2,
97bbfcfc069b7629,hierarchical,metadata,3,2,
52c97289f9c9f6dc,hierarchical,metadata,3,2,
4ca95e3d476453ba,hierarchical,metadata,3,2,
a8150b5836fa8340,hierarchical,metadata,3,2,
6bfd058b52069703,hierarchical,metadata,3,2,
cddd255cbebb9d8e,hierarchical,metadata,3,2,
65ab556300024c0b,hierarchical,metadata,3,2,
832f13e7c3d03100,hierarchical,metadata,3,2,
e6a519ba8dd89268,hierarchical,metadata,3,2,
77256bc1bfc6a972,hierarchical,metadata,3,2,
9fc96269778b3b35,hierarchical,metadata,3,2,
a2d4a495cac2adae,hierarchical,metadata,3,2,
4de8ea4a98e350d2,hierarchical,metadata,3,2,
6ff9dd295e18ba9b,hierarchical,metadata,3,2,
bd7774dcad9acd79,hierarchical,metadata,3,2,
66cc7c6ebe473f7b,hierarchical,metadata,3,2,
39719b9e379a0e17,hierarchical,metadata,3,2,
31f94ec85b9130e2,hierarchical,metadata,3,2,
4e6eb33dee2b707c,hierarchical,metadata,3,2,
ab45fc2620cc66ce,hierarchical,metadata,3,2,
e0760c68f28e0892,hierarchical,metadata,3,2,
c2a7cdc53f4dd23f,hierarchical,metadata,3,2,
bcc9cc12c88e11a7,hierarchical,metadata,3,2,
f0a0fb220faa1075,hierarchical,metadata,3,2,
709929ff886fee1d,hierarchical,metadata,3,2,
7e81760c1b53d064,hierarchical,metadata,3,2,
f3b6090794574209,hierarchical,metadata,3,2,
6d73856e7180fb8d,hierarchical,metadata,3,2,
9099811c08fecfa1,hierarchical,metadata,3,2,
960c8c87ff30f1bf,hierarchical,metadata,3,2,
0b97f051d6187ce8,hierarchical,metadata,3,2,
d35e50aec0a064c5,hierarchical,metadata,3,2,
a1b878174fb512f0,hierarchical,metadata,3,2,
017f18f80c2b6bb0,hierarchical,metadata,3,2,
3ae85d1803f6fd0e,hierarchical,metadata,3,2,
b8d532b96649ad9b,hierarchical,metadata,3,2,
3fc360c5c4e56a82,hierarchical,metadata,3,2,
672c5ac5c05045ac,hierarchical,metadata,3,2,
969d2464f703154e,hierarchical,metadata,3,2,
9198bbcd6bccdff0,hierarchical,metadata,3,2,
8eb2ae5e436bf3d9,hierarchical,metadata,3,2,
395681962a31584b,hierarchical,metadata,3,2,
5d96dfc9b1190032,hierarchical,metadata,3,2,
f1c82e0e3033e0f2,hierarchical,metadata,3,2,
4ce46f5f8d9a06ef,hierarchical,metadata,3,2,
0db27129c0b71a97,hierarchical,metadata,3,2,
cad61736ae362480,hierarchical,metadata,3,2,
e6e2d33ceb0e83af,hierarchical,metadata,3,2,
0dbe74d0ea5067c3,hierarchical,metadata,3,2,
397929e89a5a2bf0,hierarchical,metadata,3,2,
9875309b29ecca62,hierarchical,metadata,3,2,
b566cf363514b2ce,hierarchical,metadata,3,2,
d176e3613fd2e8ca,hierarchical,metadata,3,2,
09f287549c50a508,hierarchical,metadata,3,2,
2b5b06037a00ac7f,hierarchical,metadata,3,2,
35be32b4253e6b7e,hierarchical,metadata,3,2,
4345ee093157bb2b,hierarchical,metadata,3,2,
0f0ba10ef3a52533,hierarchical,metadata,3,2,
67facd157d491218,hierarchical,metadata,3,2,
e93973679234ed81,hierarchical,metadata,3,2,
db7e3477d2e2096c,hierarchical,metadata,3,2,
786becad40b24f1e,hierarchical,metadata,3,2,
6a09c26401d7753b,hierarchical,metadata,3,2,
38fcc454e8b76e8a,hierarchical,metadata,5,0,
671222e19754e444,hierarchical,metadata,5,0,
3167ff62be4a1ae7,hierarchical,metadata,5,0,
7cb54d2ffd287b95,hierarchical,metadata,5,1,
c0b01f650a9f3047,hierarchical,metadata,5,0,
af8efb82a3eaf250,hierarchical,metadata,5,2,
121de65a284465c5,hierarchical,metadata,5,0,
276e0f48b2aecf30,hierarchical,metadata,5,0,
b5c1200b37f8968d,hierarchical,metadata,5,3,
2dfb8baa45944a16,hierarchical,metadata,5,2,
80b2d92acb1f6d71,hierarchical,metadata,5,4,
81cdfb4479630d2b,hierarchical,metadata,5,4,
da1cc0b972f266c1,hierarchical,metadata,5,4,
cfb5182dc1998eb7,hierarchical,metadata,5,4,
453de2a0ac7e4646,hierarchical,metadata,5,4,
22dd7014ca4e0926,hierarchical,metadata,5,4,
7ab893955ce53d32,hierarchical,metadata,5,4,
a775dde68401f18c,hierarchical,metadata,5,4,
8d956b8fd66bfd40,hierarchical,metadata,5,4,
951be4fa343dfcc3,hierarchical,metadata,5,4,
26246a410ab5f5fc,hierarchical,metadata,5,4,
633d125136da3e33,hierarchical,metadata,5,4,
70c66f7df237db99,hierarchical,metadata,5,4,
ca282d9b8d67354b,hierarchical,metadata,5,4,
bbdb16044679062a,hierarchical,metadata,5,4,
ce5351620f2eb860,hierarchical,metadata,5,4,
ab05a4526c352168,hierarchical,metadata,5,4,
b6aae574e74b8cfe,hierarchical,metadata,5,4,
c4317c54e3675826,hierarchical,metadata,5,4,
6cd75929d0d2a3f0,hierarchical,metadata,5,4,
47e3bd73efa382ae,hierarchical,metadata,5,4,
ccaf59c0ceb35dab,hierarchical,metadata,5,4,
e0d2e112cc0df560,hierarchical,metadata,5,4,
5cea9f126476238d,hierarchical,metadata,5,4,
714e0ea28c0b44d6,hierarchical,metadata,5,4,
d2908bcd850fab66,hierarchical,metadata,5,4,
946f5783ecc3c3d3,hierarchical,metadata,5,4,
c3af4581e34e912a,hierarchical,metadata,5,4,
8b56c33a174b9ce3,hierarchical,metadata,5,4,
13c91a98bdfe97db,hierarchical,metadata,5,4,
59f7cf4b24c41dc4,hierarchical,metadata,5,4,
f81f3d24abe2590e,hierarchical,metadata,5,4,
60fafea65eec88ff,hierarchical,metadata,5,4,
8ccac8fbcc5ef442,hierarchical,metadata,5,4,
520986b8f519cbf8,hierarchical,metadata,5,4,
34ba5b6f56c34d2d,hierarchical,metadata,5,4,
651ed6b48d4e4ce0,hierarchical,metadata,5,4,
0a8d3ea6a14b7694,hierarchical,metadata,5,4,
a6380f9f07fe0748,hierarchical,metadata,5,4,
8419e26eaf8a2ed7,hierarchical,metadata,5,4,
f1dbaaccf91a93c6,hierarchical,metadata,5,4,
1bf6d6502e22fd36,hierarchical,metadata,5,4,
7f0b8a0a616b25e4,hierarchical,metadata,5,4,
067dab84101e4d40,hierarchical,metadata,5,4,
9c32fad280ea8306,hierarchical,metadata,5,4,
d688ea743859b0af,hierarchical,metadata,5,4,
c7f27f7fd0d5d77b,hierarchical,metadata,5,4,
e0bee5c0b0d5a7d6,hierarchical,metadata,5,4,
f3ac148d14f99a51,hierarchical,metadata,5,4,
9b513da0bbf6fec5,hierarchical,metadata,5,4,
ab4c6a5c76f157ea,hierarchical,metadata,5,4,
255623028b70fd39,hierarchical,metadata,5,4,
a6de1dec67d7aed5,hierarchical,metadata,5,4,
92617f40c2c43b99,hierarchical,metadata,5,4,
8025a575373cd6a9,hierarchical,metadata,5,4,
a51195a2d92d9ff2,hierarchical,metadata,5,4,
97bbfcfc069b7629,hierarchical,metadata,5,4,
52c97289f9c9f6dc,hierarchical,metadata,5,4,
4ca95e3d476453ba,hierarchical,metadata,5,4,
a8150b5836fa8340,hierarchical,metadata,5,4,
6bfd058b52069703,hierarchical,metadata,5,4,
cddd255cbebb9d8e,hierarchical,metadata,5,4,
65ab556300024c0b,hierarchical,metadata,5,4,
832f13e7c3d03100,hierarchical,metadata,5,4,
e6a519ba8dd89268,hierarchical,metadata,5,4,
77256bc1bfc6a972,hierarchical,metadata,5,4,
9fc96269778b3b35,hierarchical,metadata,5,4,
a2d4a495cac2adae,hierarchical,metadata,5,4,
4de8ea4a98e350d2,hierarchical,metadata,5,4,
6ff9dd295e18ba9b,hierarchical,metadata,5,4,
bd7774dcad9acd79,hierarchical,metadata,5,4,
66cc7c6ebe473f7b,hierarchical,metadata,5,4,
39719b9e379a0e17,hierarchical,metadata,5,4,
31f94ec85b9130e2,hierarchical,metadata,5,4,
4e6eb33dee2b707c,hierarchical,metadata,5,4,
ab45fc2620cc66ce,hierarchical,metadata,5,4,
e0760c68f28e0892,hierarchical,metadata,5,4,
c2a7cdc53f4dd23f,hierarchical,metadata,5,4,
bcc9cc12c88e11a7,hierarchical,metadata,5,4,
f0a0fb220faa1075,hierarchical,metadata,5,4,
709929ff886fee1d,hierarchical,metadata,5,4,
7e81760c1b53d064,hierarchical,metadata,5,4,
f3b6090794574209,hierarchical,metadata,5,4,
6d73856e7180fb8d,hierarchical,metadata,5,4,
9099811c08fecfa1,hierarchical,metadata,5,4,
960c8c87ff30f1bf,hierarchical,metadata,5,4,
0b97f051d6187ce8,hierarchical,metadata,5,4,
d35e50aec0a064c5,hierarchical,metadata,5,4,
a1b878174fb512f0,hierarchical,metadata,5,4,
017f18f80c2b6bb0,hierarchical,metadata,5,4,
3ae85d1803f6fd0e,hierarchical,metadata,5,4,
b8d532b96649ad9b,hierarchical,metadata,5,4,
3fc360c5c4e56a82,hierarchical,metadata,5,4,
672c5ac5c05045ac,hierarchical,metadata,5,4,
969d2464f703154e,hierarchical,metadata,5,4,
9198bbcd6bccdff0,hierarchical,metadata,5,4,
8eb2ae5e436bf3d9,hierarchical,metadata,5,4,
395681962a31584b,hierarchical,metadata,5,4,
5d96dfc9b1190032,hierarchical,metadata,5,4,
f1c82e0e3033e0f2,hierarchical,metadata,5,4,
4ce46f5f8d9a06ef,hierarchical,metadata,5,4,
0db27129c0b71a97,hierarchical,metadata,5,4,
cad61736ae362480,hierarchical,metadata,5,4,
e6e2d33ceb0e83af,hierarchical,metadata,5,4,
0dbe74d0ea5067c3,hierarchical,metadata,5,4,
397929e89a5a2bf0,hierarchical,metadata,5,4,
9875309b29ecca62,hierarchical,metadata,5,4,
b566cf363514b2ce,hierarchical,metadata,5,4,
d176e3613fd2e8ca,hierarchical,metadata,5,4,
09f287549c50a508,hierarchical,metadata,5,4,
2b5b06037a00ac7f,hierarchical,metadata,5,4,
35be32b4253e6b7e,hierarchical,metadata,5,4,
4345ee093157bb2b,hierarchical,metadata,5,4,
0f0ba10ef3a52533,hierarchical,metadata,5,4,
67facd157d491218,hierarchical,metadata,5,4,
e93973679234ed81,hierarchical,metadata,5,4,
db7e3477d2e2096c,hierarchical,metadata,5,4,
786becad40b24f1e,hierarchical,metadata,5,4,
6a09c26401d7753b,hierarchical,metadata,5,4,
38fcc454e8b76e8a,hierarchical,metadata,7,0,
671222e19754e444,hierarchical,metadata,7,1,
3167ff62be4a1ae7,hierarchical,metadata,7,2,
7cb54d2ffd287b95,hierarchical,metadata,7,3,
c0b01f650a9f3047,hierarchical,metadata,7,1,
af8efb82a3eaf250,hierarchical,metadata,7,4,
121de65a284465c5,hierarchical,metadata,7,1,
276e0f48b2aecf30,hierarchical,metadata,7,1,
b5c1200b37f8968d,hierarchical,metadata,7,5,
2dfb8baa45944a16,hierarchical,metadata,7,4,
80b2d92acb1f6d71,hierarchical,metadata,7,6,
81cdfb4479630d2b,hierarchical,metadata,7,6,
da1cc0b972f266c1,hierarchical,metadata,7,6,
cfb5182dc1998eb7,hierarchical,metadata,7,6,
453de2a0ac7e4646,hierarchical,metadata,7,6,
22dd7014ca4e0926,hierarchical,metadata,7,6,
7ab893955ce53d32,hierarchical,metadata,7,6,
a775dde68401f18c,hierarchical,metadata,7,6,
8d956b8fd66bfd40,hierarchical,metadata,7,6,
951be4fa343dfcc3,hierarchical,metadata,7,6,
26246a410ab5f5fc,hierarchical,metadata,7,6,
633d125136da3e33,hierarchical,metadata,7,6,
70c66f7df237db99,hierarchical,metadata,7,6,
ca282d9b8d67354b,hierarchical,metadata,7,6,
bbdb16044679062a,hierarchical,metadata,7,6,
ce5351620f2eb860,hierarchical,metadata,7,6,
ab05a4526c352168,hierarchical,metadata,7,6,
b6aae574e74b8cfe,hierarchical,metadata,7,6,
c4317c54e3675826,hierarchical,metadata,7,6,
6cd75929d0d2a3f0,hierarchical,metadata,7,6,
47e3bd73efa382ae,hierarchical,metadata,7,6,
ccaf59c0ceb35dab,hierarchical,metadata,7,6,
e0d2e112cc0df560,hierarchical,metadata,7,6,
5cea9f126476238d,hierarchical,metadata,7,6,
714e0ea28c0b44d6,hierarchical,metadata,7,6,
d2908bcd850fab66,hierarchical,metadata,7,6,
946f5783ecc3c3d3,hierarchical,metadata,7,6,
c3af4581e34e912a,hierarchical,metadata,7,6,
8b56c33a174b9ce3,hierarchical,metadata,7,6,
13c91a98bdfe97db,hierarchical,metadata,7,6,
59f7cf4b24c41dc4,hierarchical,metadata,7,6,
f81f3d24abe2590e,hierarchical,metadata,7,6,
60fafea65eec88ff,hierarchical,metadata,7,6,
8ccac8fbcc5ef442,hierarchical,metadata,7,6,
520986b8f519cbf8,hierarchical,metadata,7,6,
34ba5b6f56c34d2d,hierarchical,metadata,7,6,
651ed6b48d4e4ce0,hierarchical,metadata,7,6,
0a8d3ea6a14b7694,hierarchical,metadata,7,6,
a6380f9f07fe0748,hierarchical,metadata,7,6,
8419e26eaf8a2ed7,hierarchical,metadata,7,6,
f1dbaaccf91a93c6,hierarchical,metadata,7,6,
1bf6d6502e22fd36,hierarchical,metadata,7,6,
7f0b8a0a616b25e4,hierarchical,metadata,7,6,
067dab84101e4d40,hierarchical,metadata,7,6,
9c32fad280ea8306,hierarchical,metadata,7,6,
d688ea743859b0af,hierarchical,metadata,7,6,
c7f27f7fd0d5d77b,hierarchical,metadata,7,6,
e0bee5c0b0d5a7d6,hierarchical,metadata,7,6,
f3ac148d14f99a51,hierarchical,metadata,7,6,
9b513da0bbf6fec5,hierarchical,metadata,7,6,
ab4c6a5c76f157ea,hierarchical,metadata,7,6,
255623028b70fd39,hierarchical,metadata,7,6,
a6de1dec67d7aed5,hierarchical,metadata,7,6,
92617f40c2c43b99,hierarchical,metadata,7,6,
8025a575373cd6a9,hierarchical,metadata,7,6,
a51195a2d92d9ff2,hierarchical,metadata,7,6,
97bbfcfc069b7629,hierarchical,metadata,7,6,
52c97289f9c9f6dc,hierarchical,metadata,7,6,
4ca95e3d476453ba,hierarchical,metadata,7,6,
a8150b5836fa8340,hierarchical,metadata,7,6,
6bfd058b52069703,hierarchical,metadata,7,6,
cddd255cbebb9d8e,hierarchical,metadata,7,6,
65ab556300024c0b,hierarchical,metadata,7,6,
832f13e7c3d03100,hierarchical,metadata,7,6,
e6a519ba8dd89268,hierarchical,metadata,7,6,
77256bc1bfc6a972,hierarchical,metadata,7,6,
9fc96269778b3b35,hierarchical,metadata,7,6,
a2d4a495cac2adae,hierarchical,metadata,7,6,
4de8ea4a98e350d2,hierarchical,metadata,7,6,
6ff9dd295e18ba9b,hierarchical,metadata,7,6,
bd7774dcad9acd79,hierarchical,metadata,7,6,
66cc7c6ebe473f7b,hierarchical,metadata,7,6,
39719b9e379a0e17,hierarchical,metadata,7,6,
31f94ec85b9130e2,hierarchical,metadata,7,6,
4e6eb33dee2b707c,hierarchical,metadata,7,6,
ab45fc2620cc66ce,hierarchical,metadata,7,6,
e0760c68f28e0892,hierarchical,metadata,7,6,
c2a7cdc53f4dd23f,hierarchical,metadata,7,6,
bcc9cc12c88e11a7,hierarchical,metadata,7,6,
f0a0fb220faa1075,hierarchical,metadata,7,6,
709929ff886fee1d,hierarchical,metadata,7,6,
7e81760c1b53d064,hierarchical,metadata,7,6,
f3b6090794574209,hierarchical,metadata,7,6,
6d73856e7180fb8d,hierarchical,metadata,7,6,
9099811c08fecfa1,hierarchical,metadata,7,6,
960c8c87ff30f1bf,hierarchical,metadata,7,6,
0b97f051d6187ce8,hierarchical,metadata,7,6,
d35e50aec0a064c5,hierarchical,metadata,7,6,
a1b878174fb512f0,hierarchical,metadata,7,6,
017f18f80c2b6bb0,hierarchical,metadata,7,6,
3ae85d1803f6fd0e,hierarchical,metadata,7,6,
b8d532b96649ad9b,hierarchical,metadata,7,6,
3fc360c5c4e56a82,hierarchical,metadata,7,6,
672c5ac5c05045ac,hierarchical,metadata,7,6,
969d2464f703154e,hierarchical,metadata,7,6,
9198bbcd6bccdff0,hierarchical,metadata,7,6,
8eb2ae5e436bf3d9,hierarchical,metadata,7,6,
395681962a31584b,hierarchical,metadata,7,6,
5d96dfc9b1190032,hierarchical,metadata,7,6,
f1c82e0e3033e0f2,hierarchical,metadata,7,6,
4ce46f5f8d9a06ef,hierarchical,metadata,7,6,
0db27129c0b71a97,hierarchical,metadata,7,6,
cad61736ae362480,hierarchical,metadata,7,6,
e6e2d33ceb0e83af,hierarchical,metadata,7,6,
0dbe74d0ea5067c3,hierarchical,metadata,7,6,
397929e89a5a2bf0,hierarchical,metadata,7,6,
9875309b29ecca62,hierarchical,metadata,7,6,
b566cf363514b2ce,hierarchical,metadata,7,6,
d176e3613fd2e8ca,hierarchical,metadata,7,6,
09f287549c50a508,hierarchical,metadata,7,6,
2b5b06037a00ac7f,hierarchical,metadata,7,6,
35be32b4253e6b7e,hierarchical,metadata,7,6,
4345ee093157bb2b,hierarchical,metadata,7,6,
0f0ba10ef3a52533,hierarchical,metadata,7,6,
67facd157d491218,hierarchical,metadata,7,6,
e93973679234ed81,hierarchical,metadata,7,6,
db7e3477d2e2096c,hierarchical,metadata,7,6,
786becad40b24f1e,hierarchical,metadata,7,6,
6a09c26401d7753b,hierarchical,metadata,7,6,
38fcc454e8b76e8a,hierarchical,metadata,10,0,
671222e19754e444,hierarchical,metadata,10,1,
3167ff62be4a1ae7,hierarchical,metadata,10,2,
7cb54d2ffd287b95,hierarchical,metadata,10,3,
c0b01f650a9f3047,hierarchical,metadata,10,4,
af8efb82a3eaf250,hierarchical,metadata,10,5,
121de65a284465c5,hierarchical,metadata,10,1,
276e0f48b2aecf30,hierarchical,metadata,10,6,
b5c1200b37f8968d,hierarchical,metadata,10,7,
2dfb8baa45944a16,hierarchical,metadata,10,8,
80b2d92acb1f6d71,hierarchical,metadata,10,9,
81cdfb4479630d2b,hierarchical,metadata,10,9,
da1cc0b972f266c1,hierarchical,metadata,10,9,
cfb5182dc1998eb7,hierarchical,metadata,10,9,
453de2a0ac7e4646,hierarchical,metadata,10,9,
22dd7014ca4e0926,hierarchical,metadata,10,9,
7ab893955ce53d32,hierarchical,metadata,10,9,
a775dde68401f18c,hierarchical,metadata,10,9,
8d956b8fd66bfd40,hierarchical,metadata,10,9,
951be4fa343dfcc3,hierarchical,metadata,10,9,
26246a410ab5f5fc,hierarchical,metadata,10,9,
633d125136da3e33,hierarchical,metadata,10,9,
70c66f7df237db99,hierarchical,metadata,10,9,
ca282d9b8d67354b,hierarchical,metadata,10,9,
bbdb16044679062a,hierarchical,metadata,10,9,
ce5351620f2eb860,hierarchical,metadata,10,9,
ab05a4526c352168,hierarchical,metadata,10,9,
b6aae574e74b8cfe,hierarchical,metadata,10,9,
c4317c54e3675826,hierarchical,metadata,10,9,
6cd75929d0d2a3f0,hierarchical,metadata,10,9,
47e3bd73efa382ae,hierarchical,metadata,10,9,
ccaf59c0ceb35dab,hierarchical,metadata,10,9,
e0d2e112cc0df560,hierarchical,metadata,10,9,
5cea9f126476238d,hierarchical,metadata,10,9,
714e0ea28c0b44d6,hierarchical,metadata,10,9,
d2908bcd850fab66,hierarchical,metadata,10,9,
946f5783ecc3c3d3,hierarchical,metadata,10,9,
c3af4581e34e912a,hierarchical,metadata,10,9,
8b56c33a174b9ce3,hierarchical,metadata,10,9,
13c91a98bdfe97db,hierarchical,metadata,10,9,
59f7cf4b24c41dc4,hierarchical,metadata,10,9,
f81f3d24abe2590e,hierarchical,metadata,10,9,
60fafea65eec88ff,hierarchical,metadata,10,9,
8ccac8fbcc5ef442,hierarchical,metadata,10,9,
520986b8f519cbf8,hierarchical,metadata,10,9,
34ba5b6f56c34d2d,hierarchical,metadata,10,9,
651ed6b48d4e4ce0,hierarchical,metadata,10,9,
0a8d3ea6a14b7694,hierarchical,metadata,10,9,
a6380f9f07fe0748,hierarchical,metadata,10,9,
8419e26eaf8a2ed7,hierarchical,metadata,10,9,
f1dbaaccf91a93c6,hierarchical,metadata,10,9,
1bf6d6502e22fd36,hierarchical,metadata,10,9,
7f0b8a0a616b25e4,hierarchical,metadata,10,9,
067dab84101e4d40,hierarchical,metadata,10,9,
9c32fad280ea8306,hierarchical,metadata,10,9,
d688ea743859b0af,hierarchical,metadata,10,9,
c7f27f7fd0d5d77b,hierarchical,metadata,10,9,
e0bee5c0b0d5a7d6,hierarchical,metadata,10,9,
f3ac148d14f99a51,hierarchical,metadata,10,9,
9b513da0bbf6fec5,hierarchical,metadata,10,9,
ab4c6a5c76f157ea,hierarchical,metadata,10,9,
255623028b70fd39,hierarchical,metadata,10,9,
a6de1dec67d7aed5,hierarchical,metadata,10,9,
92617f40c2c43b99,hierarchical,metadata,10,9,
8025a575373cd6a9,hierarchical,metadata,10,9,
a51195a2d92d9ff2,hierarchical,metadata,10,9,
97bbfcfc069b7629,hierarchical,metadata,10,9,
52c97289f9c9f6dc,hierarchical,metadata,10,9,
4ca95e3d476453ba,hierarchical,metadata,10,9,
a8150b5836fa8340,hierarchical,metadata,10,9,
6bfd058b52069703,hierarchical,metadata,10,9,
cddd255cbebb9d8e,hierarchical,metadata,10,9,
65ab556300024c0b,hierarchical,metadata,10,9,
832f13e7c3d03100,hierarchical,metadata,10,9,
e6a519ba8dd89268,hierarchical,metadata,10,9,
77256bc1bfc6a972,hierarchical,metadata,10,9,
9fc96269778b3b35,hierarchical,metadata,10,9,
a2d4a495cac2adae,hierarchical,metadata,10,9,
4de8ea4a98e350d2,hierarchical,metadata,10,9,
6ff9dd295e18ba9b,hierarchical,metadata,10,9,
bd7774dcad9acd79,hierarchical,metadata,10,9,
66cc7c6ebe473f7b,hierarchical,metadata,10,9,
39719b9e379a0e17,hierarchical,metadata,10,9,
31f94ec85b9130e2,hierarchical,metadata,10,9,
4e6eb33dee2b707c,hierarchical,metadata,10,9,
ab45fc2620cc66ce,hierarchical,metadata,10,9,
e0760c68f28e0892,hierarchical,metadata,10,9,
c2a7cdc53f4dd23f,hierarchical,metadata,10,9,
bcc9cc12c88e11a7,hierarchical,metadata,10,9,
f0a0fb220faa1075,hierarchical,metadata,10,9,
709929ff886fee1d,hierarchical,metadata,10,9,
7e81760c1b53d064,hierarchical,metadata,10,9,
f3b6090794574209,hierarchical,metadata,10,9,
6d73856e7180fb8d,hierarchical,metadata,10,9,
9099811c08fecfa1,hierarchical,metadata,10,9,
960c8c87ff30f1bf,hierarchical,metadata,10,9,
0b97f051d6187ce8,hierarchical,metadata,10,9,
d35e50aec0a064c5,hierarchical,metadata,10,9,
a1b878174fb512f0,hierarchical,metadata,10,9,
017f18f80c2b6bb0,hierarchical,metadata,10,9,
3ae85d1803f6fd0e,hierarchical,metadata,10,9,
b8d532b96649ad9b,hierarchical,metadata,10,9,
3fc360c5c4e56a82,hierarchical,metadata,10,9,
672c5ac5c05045ac,hierarchical,metadata,10,9,
969d2464f703154e,hierarchical,metadata,10,9,
9198bbcd6bccdff0,hierarchical,metadata,10,9,
8eb2ae5e436bf3d9,hierarchical,metadata,10,9,
395681962a31584b,hierarchical,metadata,10,9,
5d96dfc9b1190032,hierarchical,metadata,10,9,
f1c82e0e3033e0f2,hierarchical,metadata,10,9,
4ce46f5f8d9a06ef,hierarchical,metadata,10,9,
0db27129c0b71a97,hierarchical,metadata,10,9,
cad61736ae362480,hierarchical,metadata,10,9,
e6e2d33ceb0e83af,hierarchical,metadata,10,9,
0dbe74d0ea5067c3,hierarchical,metadata,10,9,
397929e89a5a2bf0,hierarchical,metadata,10,9,
9875309b29ecca62,hierarchical,metadata,10,9,
b566cf363514b2ce,hierarchical,metadata,10,9,
d176e3613fd2e8ca,hierarchical,metadata,10,9,
09f287549c50a508,hierarchical,metadata,10,9,
2b5b06037a00ac7f,hierarchical,metadata,10,9,
35be32b4253e6b7e,hierarchical,metadata,10,9,
4345ee093157bb2b,hierarchical,metadata,10,9,
0f0ba10ef3a52533,hierarchical,metadata,10,9,
67facd157d491218,hierarchical,metadata,10,9,
e93973679234ed81,hierarchical,metadata,10,9,
db7e3477d2e2096c,hierarchical,metadata,10,9,
786becad40b24f1e,hierarchical,metadata,10,9,
6a09c26401d7753b,hierarchical,metadata,10,9,
38fcc454e8b76e8a,kmeans,combined,3,2,0.319395
671222e19754e444,kmeans,combined,3,2,0.319395
3167ff62be4a1ae7,kmeans,combined,3,2,0.319395
7cb54d2ffd287b95,kmeans,combined,3,2,0.319395
c0b01f650a9f3047,kmeans,combined,3,2,0.319395
af8efb82a3eaf250,kmeans,combined,3,2,0.319395
121de65a284465c5,kmeans,combined,3,2,0.319395
276e0f48b2aecf30,kmeans,combined,3,2,0.319395
b5c1200b37f8968d,kmeans,combined,3,2,0.319395
2dfb8baa45944a16,kmeans,combined,3,2,0.319395
80b2d92acb1f6d71,kmeans,combined,3,1,0.319395
81cdfb4479630d2b,kmeans,combined,3,0,0.319395
da1cc0b972f266c1,kmeans,combined,3,0,0.319395
cfb5182dc1998eb7,kmeans,combined,3,0,0.319395
453de2a0ac7e4646,kmeans,combined,3,0,0.319395
22dd7014ca4e0926,kmeans,combined,3,0,0.319395
7ab893955ce53d32,kmeans,combined,3,0,0.319395
a775dde68401f18c,kmeans,combined,3,0,0.319395
8d956b8fd66bfd40,kmeans,combined,3,0,0.319395
951be4fa343dfcc3,kmeans,combined,3,0,0.319395
26246a410ab5f5fc,kmeans,combined,3,0,0.319395
633d125136da3e33,kmeans,combined,3,0,0.319395
70c66f7df237db99,kmeans,combined,3,1,0.319395
ca282d9b8d67354b,kmeans,combined,3,0,0.319395
bbdb16044679062a,kmeans,combined,3,0,0.319395
ce5351620f2eb860,kmeans,combined,3,0,0.319395
ab05a4526c352168,kmeans,combined,3,0,0.319395
b6aae574e74b8cfe,kmeans,combined,3,0,0.319395
c4317c54e3675826,kmeans,combined,3,1,0.319395
6cd75929d0d2a3f0,kmeans,combined,3,1,0.319395
47e3bd73efa382ae,kmeans,combined,3,0,0.319395
ccaf59c0ceb35dab,kmeans,combined,3,1,0.319395
e0d2e112cc0df560,kmeans,combined,3,0,0.319395
5cea9f126476238d,kmeans,combined,3,0,0.319395
714e0ea28c0b44d6,kmeans,combined,3,1,0.319395
d2908bcd850fab66,kmeans,combined,3,1,0.319395
946f5783ecc3c3d3,kmeans,combined,3,0,0.319395
c3af4581e34e912a,kmeans,combined,3,1,0.319395
8b56c33a174b9ce3,kmeans,combined,3,1,0.319395
13c91a98bdfe97db,kmeans,combined,3,1,0.319395
59f7cf4b24c41dc4,kmeans,combined,3,0,0.319395
f81f3d24abe2590e,kmeans,combined,3,0,0.319395
60fafea65eec88ff,kmeans,combined,3,0,0.319395
8ccac8fbcc5ef442,kmeans,combined,3,0,0.319395
520986b8f519cbf8,kmeans,combined,3,0,0.319395
34ba5b6f56c34d2d,kmeans,combined,3,0,0.319395
651ed6b48d4e4ce0,kmeans,combined,3,0,0.319395
0a8d3ea6a14b7694,kmeans,combined,3,0,0.319395
a6380f9f07fe0748,kmeans,combined,3,0,0.319395
8419e26eaf8a2ed7,kmeans,combined,3,0,0.319395
f1dbaaccf91a93c6,kmeans,combined,3,1,0.319395
1bf6d6502e22fd36,kmeans,combined,3,1,0.319395
7f0b8a0a616b25e4,kmeans,combined,3,1,0.319395
067dab84101e4d40,kmeans,combined,3,0,0.319395
9c32fad280ea8306,kmeans,combined,3,1,0.319395
d688ea743859b0af,kmeans,combined,3,0,0.319395
c7f27f7fd0d5d77b,kmeans,combined,3,1,0.319395
e0bee5c0b0d5a7d6,kmeans,combined,3,1,0.319395
f3ac148d14f99a51,kmeans,combined,3,1,0.319395
9b513da0bbf6fec5,kmeans,combined,3,1,0.319395
ab4c6a5c76f157ea,kmeans,combined,3,0,0.319395
255623028b70fd39,kmeans,combined,3,0,0.319395
a6de1dec67d7aed5,kmeans,combined,3,0,0.319395
92617f40c2c43b99,kmeans,combined,3,0,0.319395
8025a575373cd6a9,kmeans,combined,3,0,0.319395
a51195a2d92d9ff2,kmeans,combined,3,0,0.319395
97bbfcfc069b7629,kmeans,combined,3,0,0.319395
52c97289f9c9f6dc,kmeans,combined,3,0,0.319395
4ca95e3d476453ba,kmeans,combined,3,0,0.319395
a8150b5836fa8340,kmeans,combined,3,0,0.319395
6bfd058b52069703,kmeans,combined,3,0,0.319395
cddd255cbebb9d8e,kmeans,combined,3,1,0.319395
65ab556300024c0b,kmeans,combined,3,0,0.319395
832f13e7c3d03100,kmeans,combined,3,0,0.319395
e6a519ba8dd89268,kmeans,combined,3,0,0.319395
77256bc1bfc6a972,kmeans,combined,3,0,0.319395
9fc96269778b3b35,kmeans,combined,3,0,0.319395
a2d4a495cac2adae,kmeans,combined,3,0,0.319395
4de8ea4a98e350d2,kmeans,combined,3,0,0.319395
6ff9dd295e18ba9b,kmeans,combined,3,1,0.319395
bd7774dcad9acd79,kmeans,combined,3,0,0.319395
66cc7c6ebe473f7b,kmeans,combined,3,0,0.319395
39719b9e379a0e17,kmeans,combined,3,1,0.319395
31f94ec85b9130e2,kmeans,combined,3,0,0.319395
4e6eb33dee2b707c,kmeans,combined,3,1,0.319395
ab45fc2620cc66ce,kmeans,combined,3,0,0.319395
e0760c68f28e0892,kmeans,combined,3,0,0.319395
c2a7cdc53f4dd23f,kmeans,combined,3,1,0.319395
bcc9cc12c88e11a7,kmeans,combined,3,1,0.319395
f0a0fb220faa1075,kmeans,combined,3,0,0.319395
709929ff886fee1d,kmeans,combined,3,0,0.319395
7e81760c1b53d064,kmeans,combined,3,0,0.319395
f3b6090794574209,kmeans,combined,3,0,0.319395
6d73856e7180fb8d,kmeans,combined,3,0,0.319395
9099811c08fecfa1,kmeans,combined,3,0,0.319395
960c8c87ff30f1bf,kmeans,combined,3,0,0.319395
0b97f051d6187ce8,kmeans,combined,3,0,0.319395
d35e50aec0a064c5,kmeans,combined,3,0,0.319395
a1b878174fb512f0,kmeans,combined,3,1,0.319395
017f18f80c2b6bb0,kmeans,combined,3,1,0.319395
3ae85d1803f6fd0e,kmeans,combined,3,1,0.319395
b8d532b96649ad9b,kmeans,combined,3,1,0.319395
3fc360c5c4e56a82,kmeans,combined,3,1,0.319395
672c5ac5c05045ac,kmeans,combined,3,1,0.319395
969d2464f703154e,kmeans,combined,3,1,0.319395
9198bbcd6bccdff0,kmeans,combined,3,1,0.319395
8eb2ae5e436bf3d9,kmeans,combined,3,1,0.319395
395681962a31584b,kmeans,combined,3,1,0.319395
5d96dfc9b1190032,kmeans,combined,3,1,0.319395
f1c82e0e3033e0f2,kmeans,combined,3,0,0.319395
4ce46f5f8d9a06ef,kmeans,combined,3,0,0.319395
0db27129c0b71a97,kmeans,combined,3,0,0.319395
cad61736ae362480,kmeans,combined,3,0,0.319395
e6e2d33ceb0e83af,kmeans,combined,3,0,0.319395
0dbe74d0ea5067c3,kmeans,combined,3,0,0.319395
397929e89a5a2bf0,kmeans,combined,3,0,0.319395
9875309b29ecca62,kmeans,combined,3,0,0.319395
b566cf363514b2ce,kmeans,combined,3,0,0.319395
d176e3613fd2e8ca,kmeans,combined,3,0,0.319395
09f287549c50a508,kmeans,combined,3,1,0.319395
2b5b06037a00ac7f,kmeans,combined,3,1,0.319395
35be32b4253e6b7e,kmeans,combined,3,1,0.319395
4345ee093157bb2b,kmeans,combined,3,1,0.319395
0f0ba10ef3a52533,kmeans,combined,3,1,0.319395
67facd157d491218,kmeans,combined,3,1,0.319395
e93973679234ed81,kmeans,combined,3,1,0.319395
db7e3477d2e2096c,kmeans,combined,3,1,0.319395
786becad40b24f1e,kmeans,combined,3,1,0.319395
6a09c26401d7753b,kmeans,combined,3,1,0.319395
38fcc454e8b76e8a,kmeans,combined,5,1,0.290596
671222e19754e444,kmeans,combined,5,1,0.290596
3167ff62be4a1ae7,kmeans,combined,5,1,0.290596
7cb54d2ffd287b95,kmeans,combined,5,1,0.290596
c0b01f650a9f3047,kmeans,combined,5,1,0.290596
af8efb82a3eaf250,kmeans,combined,5,1,0.290596
121de65a284465c5,kmeans,combined,5,1,0.290596
276e0f48b2aecf30,kmeans,combined,5,1,0.290596
b5c1200b37f8968d,kmeans,combined,5,1,0.290596
2dfb8baa45944a16,kmeans,combined,5,1,0.290596
80b2d92acb1f6d71,kmeans,combined,5,0,0.290596
81cdfb4479630d2b,kmeans,combined,5,0,0.290596
da1cc0b972f266c1,kmeans,combined,5,0,0.290596
cfb5182dc1998eb7,kmeans,combined,5,0,0.290596
453de2a0ac7e4646,kmeans,combined,5,0,0.290596
22dd7014ca4e0926,kmeans,combined,5,0,0.290596
7ab893955ce53d32,kmeans,combined,5,0,0.290596
a775dde68401f18c,kmeans,combined,5,0,0.290596
8d956b8fd66bfd40,kmeans,combined,5,0,0.290596
951be4fa343dfcc3,kmeans,combined,5,0,0.290596
26246a410ab5f5fc,kmeans,combined,5,0,0.290596
633d125136da3e33,kmeans,combined,5,0,0.290596
70c66f7df237db99,kmeans,combined,5,0,0.290596
ca282d9b8d67354b,kmeans,combined,5,0,0.290596
bbdb16044679062a,kmeans,combined,5,0,0.290596
ce5351620f2eb860,kmeans,combined,5,0,0.290596
ab05a4526c352168,kmeans,combined,5,0,0.290596
b6aae574e74b8cfe,kmeans,combined,5,0,0.290596
c4317c54e3675826,kmeans,combined,5,0,0.290596
6cd75929d0d2a3f0,kmeans,combined,5,0,0.290596
47e3bd73efa382ae,kmeans,combined,5,0,0.290596
ccaf59c0ceb35dab,kmeans,combined,5,3,0.290596
e0d2e112cc0df560,kmeans,combined,5,0,0.290596
5cea9f126476238d,kmeans,combined,5,0,0.290596
714e0ea28c0b44d6,kmeans,combined,5,3,0.290596
d2908bcd850fab66,kmeans,combined,5,3,0.290596
946f5783ecc3c3d3,kmeans,combined,5,0,0.290596
c3af4581e34e912a,kmeans,combined,5,3,0.290596
8b56c33a174b9ce3,kmeans,combined,5,3,0.290596
13c91a98bdfe97db,kmeans,combined,5,3,0.290596
59f7cf4b24c41dc4,kmeans,combined,5,0,0.290596
f81f3d24abe2590e,kmeans,combined,5,2,0.290596
60fafea65eec88ff,kmeans,combined,5,0,0.290596
8ccac8fbcc5ef442,kmeans,combined,5,0,0.290596
520986b8f519cbf8,kmeans,combined,5,0,0.290596
34ba5b6f56c34d2d,kmeans,combined,5,0,0.290596
651ed6b48d4e4ce0,kmeans,combined,5,2,0.290596
0a8d3ea6a14b7694,kmeans,combined,5,2,0.290596
a6380f9f07fe0748,kmeans,combined,5,2,0.290596
8419e26eaf8a2ed7,kmeans,combined,5,2,0.290596
f1dbaaccf91a93c6,kmeans,combined,5,3,0.290596
1bf6d6502e22fd36,kmeans,combined,5,3,0.290596
7f0b8a0a616b25e4,kmeans,combined,5,3,0.290596
067dab84101e4d40,kmeans,combined,5,4,0.290596
9c32fad280ea8306,kmeans,combined,5,3,0.290596
d688ea743859b0af,kmeans,combined,5,4,0.290596
c7f27f7fd0d5d77b,kmeans,combined,5,3,0.290596
e0bee5c0b0d5a7d6,kmeans,combined,5,3,0.290596
f3ac148d14f99a51,kmeans,combined,5,3,0.290596
9b513da0bbf6fec5,kmeans,combined,5,3,0.290596
ab4c6a5c76f157ea,kmeans,combined,5,2,0.290596
255623028b70fd39,kmeans,combined,5,2,0.290596
a6de1dec67d7aed5,kmeans,combined,5,2,0.290596
92617f40c2c43b99,kmeans,combined,5,4,0.290596
8025a575373cd6a9,kmeans,combined,5,2,0.290596
a51195a2d92d9ff2,kmeans,combined,5,0,0.290596
97bbfcfc069b7629,kmeans,combined,5,2,0.290596
52c97289f9c9f6dc,kmeans,combined,5,2,0.290596
4ca95e3d476453ba,kmeans,combined,5,2,0.290596
a8150b5836fa8340,kmeans,combined,5,2,0.290596
6bfd058b52069703,kmeans,combined,5,4,0.290596
cddd255cbebb9d8e,kmeans,combined,5,3,0.290596
65ab556300024c0b,kmeans,combined,5,4,0.290596
832f13e7c3d03100,kmeans,combined,5,4,0.290596
e6a519ba8dd89268,kmeans,combined,5,4,0.290596
77256bc1bfc6a972,kmeans,combined,5,4,0.290596
9fc96269778b3b35,kmeans,combined,5,4,0.290596
a2d4a495cac2adae,kmeans,combined,5,4,0.290596
4de8ea4a98e350d2,kmeans,combined,5,4,0.290596
6ff9dd295e18ba9b,kmeans,combined,5,3,0.290596
bd7774dcad9acd79,kmeans,combined,5,0,0.290596
66cc7c6ebe473f7b,kmeans,combined,5,0,0.290596
39719b9e379a0e17,kmeans,combined,5,3,0.290596
31f94ec85b9130e2,kmeans,combined,5,0,0.290596
4e6eb33dee2b707c,kmeans,combined,5,3,0.290596
ab45fc2620cc66ce,kmeans,combined,5,0,0.290596
e0760c68f28e0892,kmeans,combined,5,0,0.290596
c2a7cdc53f4dd23f,kmeans,combined,5,0,0.290596
bcc9cc12c88e11a7,kmeans,combined,5,0,0.290596
f0a0fb220faa1075,kmeans,combined,5,0,0.290596
709929ff886fee1d,kmeans,combined,5,2,0.290596
7e81760c1b53d064,kmeans,combined,5,2,0.290596
f3b6090794574209,kmeans,combined,5,0,0.290596
6d73856e7180fb8d,kmeans,combined,5,0,0.290596
9099811c08fecfa1,kmeans,combined,5,0,0.290596
960c8c87ff30f1bf,kmeans,combined,5,0,0.290596
0b97f051d6187ce8,kmeans,combined,5,0,0.290596
d35e50aec0a064c5,kmeans,combined,5,0,0.290596
a1b878174fb512f0,kmeans,combined,5,3,0.290596
017f18f80c2b6bb0,kmeans,combined,5,3,0.290596
3ae85d1803f6fd0e,kmeans,combined,5,3,0.290596
b8d532b96649ad9b,kmeans,combined,5,3,0.290596
3fc360c5c4e56a82,kmeans,combined,5,3,0.290596
672c5ac5c05045ac,kmeans,combined,5,3,0.290596
969d2464f703154e,kmeans,combined,5,3,0.290596
9198bbcd6bccdff0,kmeans,combined,5,3,0.290596
8eb2ae5e436bf3d9,kmeans,combined,5,3,0.290596
395681962a31584b,kmeans,combined,5,3,0.290596
5d96dfc9b1190032,kmeans,combined,5,3,0.290596
f1c82e0e3033e0f2,kmeans,combined,5,4,0.290596
4ce46f5f8d9a06ef,kmeans,combined,5,4,0.290596
0db27129c0b71a97,kmeans,combined,5,4,0.290596
cad61736ae362480,kmeans,combined,5,4,0.290596
e6e2d33ceb0e83af,kmeans,combined,5,4,0.290596
0dbe74d0ea5067c3,kmeans,combined,5,4,0.290596
397929e89a5a2bf0,kmeans,combined,5,4,0.290596
9875309b29ecca62,kmeans,combined,5,4,0.290596
b566cf363514b2ce,kmeans,combined,5,4,0.290596
d176e3613fd2e8ca,kmeans,combined,5,4,0.290596
09f287549c50a508,kmeans,combined,5,3,0.290596
2b5b06037a00ac7f,kmeans,combined,5,3,0.290596
35be32b4253e6b7e,kmeans,combined,5,3,0.290596
4345ee093157bb2b,kmeans,combined,5,3,0.290596
0f0ba10ef3a52533,kmeans,combined,5,3,0.290596
67facd157d491218,kmeans,combined,5,3,0.290596
e93973679234ed81,kmeans,combined,5,3,0.290596
db7e3477d2e2096c,kmeans,combined,5,3,0.290596
786becad40b24f1e,kmeans,combined,5,3,0.290596
6a09c26401d7753b,kmeans,combined,5,3,0.290596
38fcc454e8b76e8a,kmeans,combined,7,2,0.300024
671222e19754e444,kmeans,combined,7,2,0.300024
3167ff62be4a1ae7,kmeans,combined,7,2,0.300024
7cb54d2ffd287b95,kmeans,combined,7,2,0.300024
c0b01f650a9f3047,kmeans,combined,7,2,0.300024
af8efb82a3eaf250,kmeans,combined,7,2,0.300024
121de65a284465c5,kmeans,combined,7,2,0.300024
276e0f48b2aecf30,kmeans,combined,7,2,0.300024
b5c1200b37f8968d,kmeans,combined,7,2,0.300024
2dfb8baa45944a16,kmeans,combined,7,2,0.300024
80b2d92acb1f6d71,kmeans,combined,7,5,0.300024
81cdfb4479630d2b,kmeans,combined,7,5,0.300024
da1cc0b972f266c1,kmeans,combined,7,5,0.300024
cfb5182dc1998eb7,kmeans,combined,7,5,0.300024
453de2a0ac7e4646,kmeans,combined,7,5,0.300024
22dd7014ca4e0926,kmeans,combined,7,5,0.300024
7ab893955ce53d32,kmeans,combined,7,5,0.300024
a775dde68401f18c,kmeans,combined,7,5,0.300024
8d956b8fd66bfd40,kmeans,combined,7,5,0.300024
951be4fa343dfcc3,kmeans,combined,7,5,0.300024
26246a410ab5f5fc,kmeans,combined,7,5,0.300024
633d125136da3e33,kmeans,combined,7,5,0.300024
70c66f7df237db99,kmeans,combined,7,5,0.300024
ca282d9b8d67354b,kmeans,combined,7,5,0.300024
bbdb16044679062a,kmeans,combined,7,5,0.300024
ce5351620f2eb860,kmeans,combined,7,5,0.300024
ab05a4526c352168,kmeans,combined,7,5,0.300024
b6aae574e74b8cfe,kmeans,combined,7,5,0.300024
c4317c54e3675826,kmeans,combined,7,5,0.300024
6cd75929d0d2a3f0,kmeans,combined,7,5,0.300024
47e3bd73efa382ae,kmeans,combined,7,5,0.300024
ccaf59c0ceb35dab,kmeans,combined,7,3,0.300024
e0d2e112cc0df560,kmeans,combined,7,5,0.300024
5cea9f126476238d,kmeans,combined,7,5,0.300024
714e0ea28c0b44d6,kmeans,combined,7,3,0.300024
d2908bcd850fab66,kmeans,combined,7,3,0.300024
946f5783ecc3c3d3,kmeans,combined,7,5,0.300024
c3af4581e34e912a,kmeans,combined,7,3,0.300024
8b56c33a174b9ce3,kmeans,combined,7,3,0.300024
13c91a98bdfe97db,kmeans,combined,7,3,0.300024
59f7cf4b24c41dc4,kmeans,combined,7,0,0.300024
f81f3d24abe2590e,kmeans,combined,7,0,0.300024
60fafea65eec88ff,kmeans,combined,7,0,0.300024
8ccac8fbcc5ef442,kmeans,combined,7,0,0.300024
520986b8f519cbf8,kmeans,combined,7,0,0.300024
34ba5b6f56c34d2d,kmeans,combined,7,0,0.300024
651ed6b48d4e4ce0,kmeans,combined,7,0,0.300024
0a8d3ea6a14b7694,kmeans,combined,7,0,0.300024
a6380f9f07fe0748,kmeans,combined,7,0,0.300024
8419e26eaf8a2ed7,kmeans,combined,7,0,0.300024
f1dbaaccf91a93c6,kmeans,combined,7,5,0.300024
1bf6d6502e22fd36,kmeans,combined,7,3,0.300024
7f0b8a0a616b25e4,kmeans,combined,7,3,0.300024
067dab84101e4d40,kmeans,combined,7,5,0.300024
9c32fad280ea8306,kmeans,combined,7,3,0.300024
d688ea743859b0af,kmeans,combined,7,5,0.300024
c7f27f7fd0d5d77b,kmeans,combined,7,3,0.300024
e0bee5c0b0d5a7d6,kmeans,combined,7,3,0.300024
f3ac148d14f99a51,kmeans,combined,7,3,0.300024
9b513da0bbf6fec5,kmeans,combined,7,3,0.300024
ab4c6a5c76f157ea,kmeans,combined,7,1,0.300024
255623028b70fd39,kmeans,combined,7,1,0.300024
a6de1dec67d7aed5,kmeans,combined,7,0,0.300024
92617f40c2c43b99,kmeans,combined,7,4,0.300024
8025a575373cd6a9,kmeans,combined,7,0,0.300024
a51195a2d92d9ff2,kmeans,combined,7,5,0.300024
97bbfcfc069b7629,kmeans,combined,7,1,0.300024
52c97289f9c9f6dc,kmeans,combined,7,1,0.300024
4ca95e3d476453ba,kmeans,combined,7,1,0.300024
a8150b5836fa8340,kmeans,combined,7,1,0.300024
6bfd058b52069703,kmeans,combined,7,4,0.300024
cddd255cbebb9d8e,kmeans,combined,7,3,0.300024
65ab556300024c0b,kmeans,combined,7,4,0.300024
832f13e7c3d03100,kmeans,combined,7,4,0.300024
e6a519ba8dd89268,kmeans,combined,7,4,0.300024
77256bc1bfc6a972,kmeans,combined,7,4,0.300024
9fc96269778b3b35,kmeans,combined,7,4,0.300024
a2d4a495cac2adae,kmeans,combined,7,4,0.300024
4de8ea4a98e350d2,kmeans,combined,7,4,0.300024
6ff9dd295e18ba9b,kmeans,combined,7,3,0.300024
bd7774dcad9acd79,kmeans,combined,7,5,0.300024
66cc7c6ebe473f7b,kmeans,combined,7,6,0.300024
39719b9e379a0e17,kmeans,combined,7,3,0.300024
31f94ec85b9130e2,kmeans,combined,7,6,0.300024
4e6eb33dee2b707c,kmeans,combined,7,3,0.300024
ab45fc2620cc66ce,kmeans,combined,7,6,0.300024
e0760c68f28e0892,kmeans,combined,7,5,0.300024
c2a7cdc53f4dd23f,kmeans,combined,7,6,0.300024
bcc9cc12c88e11a7,kmeans,combined,7,6,0.300024
f0a0fb220faa1075,kmeans,combined,7,0,0.300024
709929ff886fee1d,kmeans,combined,7,0,0.300024
7e81760c1b53d064,kmeans,combined,7,0,0.300024
f3b6090794574209,kmeans,combined,7,0,0.300024
6d73856e7180fb8d,kmeans,combined,7,0,0.300024
9099811c08fecfa1,kmeans,combined,7,0,0.300024
960c8c87ff30f1bf,kmeans,combined,7,0,0.300024
0b97f051d6187ce8,kmeans,combined,7,0,0.300024
d35e50aec0a064c5,kmeans,combined,7,0,0.300024
a1b878174fb512f0,kmeans,combined,7,6,0.300024
017f18f80c2b6bb0,kmeans,combined,7,3,0.300024
3ae85d1803f6fd0e,kmeans,combined,7,3,0.300024
b8d532b96649ad9b,kmeans,combined,7,3,0.300024
3fc360c5c4e56a82,kmeans,combined,7,3,0.300024
672c5ac5c05045ac,kmeans,combined,7,3,0.300024
969d2464f703154e,kmeans,combined,7,3,0.300024
9198bbcd6bccdff0,kmeans,combined,7,3,0.300024
8eb2ae5e436bf3d9,kmeans,combined,7,3,0.300024
395681962a31584b,kmeans,combined,7,3,0.300024
5d96dfc9b1190032,kmeans,combined,7,3,0.300024
f1c82e0e3033e0f2,kmeans,combined,7,4,0.300024
4ce46f5f8d9a06ef,kmeans,combined,7,4,0.300024
0db27129c0b71a97,kmeans,combined,7,4,0.300024
cad61736ae362480,kmeans,combined,7,4,0.300024
e6e2d33ceb0e83af,kmeans,combined,7,4,0.300024
0dbe74d0ea5067c3,kmeans,combined,7,4,0.300024
397929e89a5a2bf0,kmeans,combined,7,4,0.300024
9875309b29ecca62,kmeans,combined,7,4,0.300024
b566cf363514b2ce,kmeans,combined,7,4,0.300024
d176e3613fd2e8ca,kmeans,combined,7,4,0.300024
09f287549c50a508,kmeans,combined,7,6,0.300024
2b5b06037a00ac7f,kmeans,combined,7,6,0.300024
35be32b4253e6b7e,kmeans,combined,7,6,0.300024
4345ee093157bb2b,kmeans,combined,7,6,0.300024
0f0ba10ef3a52533,kmeans,combined,7,6,0.300024
67facd157d491218,kmeans,combined,7,6,0.300024
e93973679234ed81,kmeans,combined,7,6,0.300024
db7e3477d2e2096c,kmeans,combined,7,6,0.300024
786becad40b24f1e,kmeans,combined,7,6,0.300024
6a09c26401d7753b,kmeans,combined,7,6,0.300024
38fcc454e8b76e8a,kmeans,combined,10,7,0.355948
671222e19754e444,kmeans,combined,10,7,0.355948
3167ff62be4a1ae7,kmeans,combined,10,7,0.355948
7cb54d2ffd287b95,kmeans,combined,10,7,0.355948
c0b01f650a9f3047,kmeans,combined,10,7,0.355948
af8efb82a3eaf250,kmeans,combined,10,7,0.355948
121de65a284465c5,kmeans,combined,10,7,0.355948
276e0f48b2aecf30,kmeans,combined,10,7,0.355948
b5c1200b37f8968d,kmeans,combined,10,7,0.355948
2dfb8baa45944a16,kmeans,combined,10,7,0.355948
80b2d92acb1f6d71,kmeans,combined,10,6,0.355948
81cdfb4479630d2b,kmeans,combined,10,6,0.355948
da1cc0b972f266c1,kmeans,combined,10,6,0.355948
cfb5182dc1998eb7,kmeans,combined,10,6,0.355948
453de2a0ac7e4646,kmeans,combined,10,6,0.355948
22dd7014ca4e0926,kmeans,combined,10,6,0.355948
7ab893955ce53d32,kmeans,combined,10,6,0.355948
a775dde68401f18c,kmeans,combined,10,6,0.355948
8d956b8fd66bfd40,kmeans,combined,10,6,0.355948
951be4fa343dfcc3,kmeans,combined,10,6,0.355948
26246a410ab5f5fc,kmeans,combined,10,6,0.355948
633d125136da3e33,kmeans,combined,10,6,0.355948
70c66f7df237db99,kmeans,combined,10,6,0.355948
ca282d9b8d67354b,kmeans,combined,10,6,0.355948
bbdb16044679062a,kmeans,combined,10,6,0.355948
ce5351620f2eb860,kmeans,combined,10,6,0.355948
ab05a4526c352168,kmeans,combined,10,6,0.355948
b6aae574e74b8cfe,kmeans,combined,10,6,0.355948
c4317c54e3675826,kmeans,combined,10,6,0.355948
6cd75929d0d2a3f0,kmeans,combined,10,6,0.355948
47e3bd73efa382ae,kmeans,combined,10,9,0.355948
ccaf59c0ceb35dab,kmeans,combined,10,9,0.355948
e0d2e112cc0df560,kmeans,combined,10,9,0.355948
5cea9f126476238d,kmeans,combined,10,9,0.355948
714e0ea28c0b44d6,kmeans,combined,10,9,0.355948
d2908bcd850fab66,kmeans,combined,10,9,0.355948
946f5783ecc3c3d3,kmeans,combined,10,9,0.355948
c3af4581e34e912a,kmeans,combined,10,9,0.355948
8b56c33a174b9ce3,kmeans,combined,10,9,0.355948
13c91a98bdfe97db,kmeans,combined,10,9,0.355948
59f7cf4b24c41dc4,kmeans,combined,10,8,0.355948
f81f3d24abe2590e,kmeans,combined,10,8,0.355948
60fafea65eec88ff,kmeans,combined,10,8,0.355948
8ccac8fbcc5ef442,kmeans,combined,10,8,0.355948
520986b8f519cbf8,kmeans,combined,10,8,0.355948
34ba5b6f56c34d2d,kmeans,combined,10,8,0.355948
651ed6b48d4e4ce0,kmeans,combined,10,8,0.355948
0a8d3ea6a14b7694,kmeans,combined,10,8,0.355948
a6380f9f07fe0748,kmeans,combined,10,8,0.355948
8419e26eaf8a2ed7,kmeans,combined,10,8,0.355948
f1dbaaccf91a93c6,kmeans,combined,10,2,0.355948
1bf6d6502e22fd36,kmeans,combined,10,2,0.355948
7f0b8a0a616b25e4,kmeans,combined,10,2,0.355948
067dab84101e4d40,kmeans,combined,10,5,0.355948
9c32fad280ea8306,kmeans,combined,10,2,0.355948
d688ea743859b0af,kmeans,combined,10,5,0.355948
c7f27f7fd0d5d77b,kmeans,combined,10,2,0.355948
e0bee5c0b0d5a7d6,kmeans,combined,10,2,0.355948
f3ac148d14f99a51,kmeans,combined,10,2,0.355948
9b513da0bbf6fec5,kmeans,combined,10,2,0.355948
ab4c6a5c76f157ea,kmeans,combined,10,4,0.355948
255623028b70fd39,kmeans,combined,10,4,0.355948
a6de1dec67d7aed5,kmeans,combined,10,4,0.355948
92617f40c2c43b99,kmeans,combined,10,3,0.355948
8025a575373cd6a9,kmeans,combined,10,4,0.355948
a51195a2d92d9ff2,kmeans,combined,10,6,0.355948
97bbfcfc069b7629,kmeans,combined,10,4,0.355948
52c97289f9c9f6dc,kmeans,combined,10,4,0.355948
4ca95e3d476453ba,kmeans,combined,10,4,0.355948
a8150b5836fa8340,kmeans,combined,10,4,0.355948
6bfd058b52069703,kmeans,combined,10,1,0.355948
cddd255cbebb9d8e,kmeans,combined,10,3,0.355948
65ab556300024c0b,kmeans,combined,10,3,0.355948
832f13e7c3d03100,kmeans,combined,10,1,0.355948
e6a519ba8dd89268,kmeans,combined,10,3,0.355948
77256bc1bfc6a972,kmeans,combined,10,3,0.355948
9fc96269778b3b35,kmeans,combined,10,3,0.355948
a2d4a495cac2adae,kmeans,combined,10,1,0.355948
4de8ea4a98e350d2,kmeans,combined,10,3,0.355948
6ff9dd295e18ba9b,kmeans,combined,10,2,0.355948
bd7774dcad9acd79,kmeans,combined,10,6,0.355948
66cc7c6ebe473f7b,kmeans,combined,10,6,0.355948
39719b9e379a0e17,kmeans,combined,10,2,0.355948
31f94ec85b9130e2,kmeans,combined,10,6,0.355948
4e6eb33dee2b707c,kmeans,combined,10,2,0.355948
ab45fc2620cc66ce,kmeans,combined,10,6,0.355948
e0760c68f28e0892,kmeans,combined,10,6,0.355948
c2a7cdc53f4dd23f,kmeans,combined,10,6,0.355948
bcc9cc12c88e11a7,kmeans,combined,10,6,0.355948
f0a0fb220faa1075,kmeans,combined,10,8,0.355948
709929ff886fee1d,kmeans,combined,10,8,0.355948
7e81760c1b53d064,kmeans,combined,10,8,0.355948
f3b6090794574209,kmeans,combined,10,8,0.355948
6d73856e7180fb8d,kmeans,combined,10,8,0.355948
9099811c08fecfa1,kmeans,combined,10,8,0.355948
960c8c87ff30f1bf,kmeans,combined,10,8,0.355948
0b97f051d6187ce8,kmeans,combined,10,8,0.355948
d35e50aec0a064c5,kmeans,combined,10,8,0.355948
a1b878174fb512f0,kmeans,combined,10,6,0.355948
017f18f80c2b6bb0,kmeans,combined,10,0,0.355948
3ae85d1803f6fd0e,kmeans,combined,10,0,0.355948
b8d532b96649ad9b,kmeans,combined,10,0,0.355948
3fc360c5c4e56a82,kmeans,combined,10,0,0.355948
672c5ac5c05045ac,kmeans,combined,10,0,0.355948
969d2464f703154e,kmeans,combined,10,0,0.355948
9198bbcd6bccdff0,kmeans,combined,10,0,0.355948
8eb2ae5e436bf3d9,kmeans,combined,10,0,0.355948
395681962a31584b,kmeans,combined,10,0,0.355948
5d96dfc9b1190032,kmeans,combined,10,0,0.355948
f1c82e0e3033e0f2,kmeans,combined,10,5,0.355948
4ce46f5f8d9a06ef,kmeans,combined,10,5,0.355948
0db27129c0b71a97,kmeans,combined,10,5,0.355948
cad61736ae362480,kmeans,combined,10,5,0.355948
e6e2d33ceb0e83af,kmeans,combined,10,5,0.355948
0dbe74d0ea5067c3,kmeans,combined,10,5,0.355948
397929e89a5a2bf0,kmeans,combined,10,5,0.355948
9875309b29ecca62,kmeans,combined,10,5,0.355948
b566cf363514b2ce,kmeans,combined,10,5,0.355948
d176e3613fd2e8ca,kmeans,combined,10,5,0.355948
09f287549c50a508,kmeans,combined,10,0,0.355948
2b5b06037a00ac7f,kmeans,combined,10,0,0.355948
35be32b4253e6b7e,kmeans,combined,10,0,0.355948
4345ee093157bb2b,kmeans,combined,10,0,0.355948
0f0ba10ef3a52533,kmeans,combined,10,0,0.355948
67facd157d491218,kmeans,combined,10,0,0.355948
e93973679234ed81,kmeans,combined,10,0,0.355948
db7e3477d2e2096c,kmeans,combined,10,0,0.355948
786becad40b24f1e,kmeans,combined,10,0,0.355948
6a09c26401d7753b,kmeans,combined,10,0,0.355948
38fcc454e8b76e8a,hierarchical,combined,3,0,
671222e19754e444,hierarchical,combined,3,1,
3167ff62be4a1ae7,hierarchical,combined,3,1,
7cb54d2ffd287b95,hierarchical,combined,3,1,
c0b01f650a9f3047,hierarchical,combined,3,1,
af8efb82a3eaf250,hierarchical,combined,3,1,
121de65a284465c5,hierarchical,combined,3,1,
276e0f48b2aecf30,hierarchical,combined,3,1,
b5c1200b37f8968d,hierarchical,combined,3,1,
2dfb8baa45944a16,hierarchical,combined,3,1,
80b2d92acb1f6d71,hierarchical,combined,3,2,
81cdfb4479630d2b,hierarchical,combined,3,2,
da1cc0b972f266c1,hierarchical,combined,3,2,
cfb5182dc1998eb7,hierarchical,combined,3,2,
453de2a0ac7e4646,hierarchical,combined,3,2,
22dd7014ca4e0926,hierarchical,combined,3,2,
7ab893955ce53d32,hierarchical,combined,3,2,
a775dde68401f18c,hierarchical,combined,3,2,
8d956b8fd66bfd40,hierarchical,combined,3,2,
951be4fa343dfcc3,hierarchical,combined,3,2,
26246a410ab5f5fc,hierarchical,combined,3,2,
633d125136da3e33,hierarchical,combined,3,2,
70c66f7df237db99,hierarchical,combined,3,2,
ca282d9b8d67354b,hierarchical,combined,3,2,
bbdb16044679062a,hierarchical,combined,3,2,
ce5351620f2eb860,hierarchical,combined,3,2,
ab05a4526c352168,hierarchical,combined,3,2,
b6aae574e74b8cfe,hierarchical,combined,3,2,
c4317c54e3675826,hierarchical,combined,3,2,
6cd75929d0d2a3f0,hierarchical,combined,3,2,
47e3bd73efa382ae,hierarchical,combined,3,2,
ccaf59c0ceb35dab,hierarchical,combined,3,2,
e0d2e112cc0df560,hierarchical,combined,3,2,
5cea9f126476238d,hierarchical,combined,3,2,
714e0ea28c0b44d6,hierarchical,combined,3,2,
d2908bcd850fab66,hierarchical,combined,3,2,
946f5783ecc3c3d3,hierarchical,combined,3,2,
c3af4581e34e912a,hierarchical,combined,3,2,
8b56c33a174b9ce3,hierarchical,combined,3,2,
13c91a98bdfe97db,hierarchical,combined,3,2,
59f7cf4b24c41dc4,hierarchical,combined,3,2,
f81f3d24abe2590e,hierarchical,combined,3,2,
60fafea65eec88ff,hierarchical,combined,3,2,
8ccac8fbcc5ef442,hierarchical,combined,3,2,
520986b8f519cbf8,hierarchical,combined,3,2,
34ba5b6f56c34d2d,hierarchical,combined,3,2,
651ed6b48d4e4ce0,hierarchical,combined,3,2,
0a8d3ea6a14b7694,hierarchical,combined,3,2,
a6380f9f07fe0748,hierarchical,combined,3,2,
8419e26eaf8a2ed7,hierarchical,combined,3,2,
f1dbaaccf91a93c6,hierarchical,combined,3,2,
1bf6d6502e22fd36,hierarchical,combined,3,2,
7f0b8a0a616b25e4,hierarchical,combined,3,2,
067dab84101e4d40,hierarchical,combined,3,2,
9c32fad280ea8306,hierarchical,combined,3,2,
d688ea743859b0af,hierarchical,combined,3,2,
c7f27f7fd0d5d77b,hierarchical,combined,3,2,
e0bee5c0b0d5a7d6,hierarchical,combined,3,2,
f3ac148d14f99a51,hierarchical,combined,3,2,
9b513da0bbf6fec5,hierarchical,combined,3,2,
ab4c6a5c76f157ea,hierarchical,combined,3,2,
255623028b70fd39,hierarchical,combined,3,2,
a6de1dec67d7aed5,hierarchical,combined,3,2,
92617f40c2c43b99,hierarchical,combined,3,2,
8025a575373cd6a9,hierarchical,combined,3,2,
a51195a2d92d9ff2,hierarchical,combined,3,2,
97bbfcfc069b7629,hierarchical,combined,3,2,
52c97289f9c9f6dc,hierarchical,combined,3,2,
4ca95e3d476453ba,hierarchical,combined,3,2,
a8150b5836fa8340,hierarchical,combined,3,2,
6bfd058b52069703,hierarchical,combined,3,2,
cddd255cbebb9d8e,hierarchical,combined,3,2,
65ab556300024c0b,hierarchical,combined,3,2,
832f13e7c3d03100,hierarchical,combined,3,2,
e6a519ba8dd89268,hierarchical,combined,3,2,
77256bc1bfc6a972,hierarchical,combined,3,2,
9fc96269778b3b35,hierarchical,combined,3,2,
a2d4a495cac2adae,hierarchical,combined,3,2,
4de8ea4a98e350d2,hierarchical,combined,3,2,
6ff9dd295e18ba9b,hierarchical,combined,3,2,
bd7774dcad9acd79,hierarchical,combined,3,2,
66cc7c6ebe473f7b,hierarchical,combined,3,2,
39719b9e379a0e17,hierarchical,combined,3,2,
31f94ec85b9130e2,hierarchical,combined,3,2,
4e6eb33dee2b707c,hierarchical,combined,3,2,
ab45fc2620cc66ce,hierarchical,combined,3,2,
e0760c68f28e0892,hierarchical,combined,3,2,
c2a7cdc53f4dd23f,hierarchical,combined,3,2,
bcc9cc12c88e11a7,hierarchical,combined,3,2,
f0a0fb220faa1075,hierarchical,combined,3,2,
709929ff886fee1d,hierarchical,combined,3,2,
7e81760c1b53d064,hierarchical,combined,3,2,
f3b6090794574209,hierarchical,combined,3,2,
6d73856e7180fb8d,hierarchical,combined,3,2,
9099811c08fecfa1,hierarchical,combined,3,2,
960c8c87ff30f1bf,hierarchical,combined,3,2,
0b97f051d6187ce8,hierarchical,combined,3,2,
d35e50aec0a064c5,hierarchical,combined,3,2,
a1b878174fb512f0,hierarchical,combined,3,2,
017f18f80c2b6bb0,hierarchical,combined,3,2,
3ae85d1803f6fd0e,hierarchical,combined,3,2,
b8d532b96649ad9b,hierarchical,combined,3,2,
3fc360c5c4e56a82,hierarchical,combined,3,2,
672c5ac5c05045ac,hierarchical,combined,3,2,
969d2464f703154e,hierarchical,combined,3,2,
9198bbcd6bccdff0,hierarchical,combined,3,2,
8eb2ae5e436bf3d9,hierarchical,combined,3,2,
395681962a31584b,hierarchical,combined,3,2,
5d96dfc9b1190032,hierarchical,combined,3,2,
f1c82e0e3033e0f2,hierarchical,combined,3,2,
4ce46f5f8d9a06ef,hierarchical,combined,3,2,
0db27129c0b71a97,hierarchical,combined,3,2,
cad61736ae362480,hierarchical,combined,3,2,
e6e2d33ceb0e83af,hierarchical,combined,3,2,
0dbe74d0ea5067c3,hierarchical,combined,3,2,
397929e89a5a2bf0,hierarchical,combined,3,2,
9875309b29ecca62,hierarchical,combined,3,2,
b566cf363514b2ce,hierarchical,combined,3,2,
d176e3613fd2e8ca,hierarchical,combined,3,2,
09f287549c50a508,hierarchical,combined,3,2,
2b5b06037a00ac7f,hierarchical,combined,3,2,
35be32b4253e6b7e,hierarchical,combined,3,2,
4345ee093157bb2b,hierarchical,combined,3,2,
0f0ba10ef3a52533,hierarchical,combined,3,2,
67facd157d491218,hierarchical,combined,3,2,
e93973679234ed81,hierarchical,combined,3,2,
db7e3477d2e2096c,hierarchical,combined,3,2,
786becad40b24f1e,hierarchical,combined,3,2,
6a09c26401d7753b,hierarchical,combined,3,2,
38fcc454e8b76e8a,hierarchical,combined,5,0,
671222e19754e444,hierarchical,combined,5,1,
3167ff62be4a1ae7,hierarchical,combined,5,1,
7cb54d2ffd287b95,hierarchical,combined,5,2,
c0b01f650a9f3047,hierarchical,combined,5,1,
af8efb82a3eaf250,hierarchical,combined,5,1,
121de65a284465c5,hierarchical,combined,5,1,
276e0f48b2aecf30,hierarchical,combined,5,1,
b5c1200b37f8968d,hierarchical,combined,5,3,
2dfb8baa45944a16,hierarchical,combined,5,1,
80b2d92acb1f6d71,hierarchical,combined,5,4,
81cdfb4479630d2b,hierarchical,combined,5,4,
da1cc0b972f266c1,hierarchical,combined,5,4,
cfb5182dc1998eb7,hierarchical,combined,5,4,
453de2a0ac7e4646,hierarchical,combined,5,4,
22dd7014ca4e0926,hierarchical,combined,5,4,
7ab893955ce53d32,hierarchical,combined,5,4,
a775dde68401f18c,hierarchical,combined,5,4,
8d956b8fd66bfd40,hierarchical,combined,5,4,
951be4fa343dfcc3,hierarchical,combined,5,4,
26246a410ab5f5fc,hierarchical,combined,5,4,
633d125136da3e33,hierarchical,combined,5,4,
70c66f7df237db99,hierarchical,combined,5,4,
ca282d9b8d67354b,hierarchical,combined,5,4,
bbdb16044679062a,hierarchical,combined,5,4,
ce5351620f2eb860,hierarchical,combined,5,4,
ab05a4526c352168,hierarchical,combined,5,4,
b6aae574e74b8cfe,hierarchical,combined,5,4,
c4317c54e3675826,hierarchical,combined,5,4,
6cd75929d0d2a3f0,hierarchical,combined,5,4,
47e3bd73efa382ae,hierarchical,combined,5,4,
ccaf59c0ceb35dab,hierarchical,combined,5,4,
e0d2e112cc0df560,hierarchical,combined,5,4,
5cea9f126476238d,hierarchical,combined,5,4,
714e0ea28c0b44d6,hierarchical,combined,5,4,
d2908bcd850fab66,hierarchical,combined,5,4,
946f5783ecc3c3d3,hierarchical,combined,5,4,
c3af4581e34e912a,hierarchical,combined,5,4,
8b56c33a174b9ce3,hierarchical,combined,5,4,
13c91a98bdfe97db,hierarchical,combined,5,4,
59f7cf4b24c41dc4,hierarchical,combined,5,4,
f81f3d24abe2590e,hierarchical,combined,5,4,
60fafea65eec88ff,hierarchical,combined,5,4,
8ccac8fbcc5ef442,hierarchical,combined,5,4,
520986b8f519cbf8,hierarchical,combined,5,4,
34ba5b6f56c34d2d,hierarchical,combined,5,4,
651ed6b48d4e4ce0,hierarchical,combined,5,4,
0a8d3ea6a14b7694,hierarchical,combined,5,4,
a6380f9f07fe0748,hierarchical,combined,5,4,
8419e26eaf8a2ed7,hierarchical,combined,5,4,
f1dbaaccf91a93c6,hierarchical,combined,5,4,
1bf6d6502e22fd36,hierarchical,combined,5,4,
7f0b8a0a616b25e4,hierarchical,combined,5,4,
067dab84101e4d40,hierarchical,combined,5,4,
9c32fad280ea8306,hierarchical,combined,5,4,
d688ea743859b0af,hierarchical,combined,5,4,
c7f27f7fd0d5d77b,hierarchical,combined,5,4,
e0bee5c0b0d5a7d6,hierarchical,combined,5,4,
f3ac148d14f99a51,hierarchical,combined,5,4,
9b513da0bbf6fec5,hierarchical,combined,5,4,
ab4c6a5c76f157ea,hierarchical,combined,5,4,
255623028b70fd39,hierarchical,combined,5,4,
a6de1dec67d7aed5,hierarchical,combined,5,4,
92617f40c2c43b99,hierarchical,combined,5,4,
8025a575373cd6a9,hierarchical,combined,5,4,
a51195a2d92d9ff2,hierarchical,combined,5,4,
97bbfcfc069b7629,hierarchical,combined,5,4,
52c97289f9c9f6dc,hierarchical,combined,5,4,
4ca95e3d476453ba,hierarchical,combined,5,4,
a8150b5836fa8340,hierarchical,combined,5,4,
6bfd058b52069703,hierarchical,combined,5,4,
cddd255cbebb9d8e,hierarchical,combined,5,4,
65ab556300024c0b,hierarchical,combined,5,4,
832f13e7c3d03100,hierarchical,combined,5,4,
e6a519ba8dd89268,hierarchical,combined,5,4,
77256bc1bfc6a972,hierarchical,combined,5,4,
9fc96269778b3b35,hierarchical,combined,5,4,
a2d4a495cac2adae,hierarchical,combined,5,4,
4de8ea4a98e350d2,hierarchical,combined,5,4,
6ff9dd295e18ba9b,hierarchical,combined,5,4,
bd7774dcad9acd79,hierarchical,combined,5,4,
66cc7c6ebe473f7b,hierarchical,combined,5,4,
39719b9e379a0e17,hierarchical,combined,5,4,
31f94ec85b9130e2,hierarchical,combined,5,4,
4e6eb33dee2b707c,hierarchical,combined,5,4,
ab45fc2620cc66ce,hierarchical,combined,5,4,
e0760c68f28e0892,hierarchical,combined,5,4,
c2a7cdc53f4dd23f,hierarchical,combined,5,4,
bcc9cc12c88e11a7,hierarchical,combined,5,4,
f0a0fb220faa1075,hierarchical,combined,5,4,
709929ff886fee1d,hierarchical,combined,5,4,
7e81760c1b53d064,hierarchical,combined,5,4,
f3b6090794574209,hierarchical,combined,5,4,
6d73856e7180fb8d,hierarchical,combined,5,4,
9099811c08fecfa1,hierarchical,combined,5,4,
960c8c87ff30f1bf,hierarchical,combined,5,4,
0b97f051d6187ce8,hierarchical,combined,5,4,
d35e50aec0a064c5,hierarchical,combined,5,4,
a1b878174fb512f0,hierarchical,combined,5,4,
017f18f80c2b6bb0,hierarchical,combined,5,4,
3ae85d1803f6fd0e,hierarchical,combined,5,4,
b8d532b96649ad9b,hierarchical,combined,5,4,
3fc360c5c4e56a82,hierarchical,combined,5,4,
672c5ac5c05045ac,hierarchical,combined,5,4,
969d2464f703154e,hierarchical,combined,5,4,
9198bbcd6bccdff0,hierarchical,combined,5,4,
8eb2ae5e436bf3d9,hierarchical,combined,5,4,
395681962a31584b,hierarchical,combined,5,4,
5d96dfc9b1190032,hierarchical,combined,5,4,
f1c82e0e3033e0f2,hierarchical,combined,5,4,
4ce46f5f8d9a06ef,hierarchical,combined,5,4,
0db27129c0b71a97,hierarchical,combined,5,4,
cad61736ae362480,hierarchical,combined,5,4,
e6e2d33ceb0e83af,hierarchical,combined,5,4,
0dbe74d0ea5067c3,hierarchical,combined,5,4,
397929e89a5a2bf0,hierarchical,combined,5,4,
9875309b29ecca62,hierarchical,combined,5,4,
b566cf363514b2ce,hierarchical,combined,5,4,
d176e3613fd2e8ca,hierarchical,combined,5,4,
09f287549c50a508,hierarchical,combined,5,4,
2b5b06037a00ac7f,hierarchical,combined,5,4,
35be32b4253e6b7e,hierarchical,combined,5,4,
4345ee093157bb2b,hierarchical,combined,5,4,
0f0ba10ef3a52533,hierarchical,combined,5,4,
67facd157d491218,hierarchical,combined,5,4,
e93973679234ed81,hierarchical,combined,5,4,
db7e3477d2e2096c,hierarchical,combined,5,4,
786becad40b24f1e,hierarchical,combined,5,4,
6a09c26401d7753b,hierarchical,combined,5,4,
38fcc454e8b76e8a,hierarchical,combined,7,0,
671222e19754e444,hierarchical,combined,7,1,
3167ff62be4a1ae7,hierarchical,combined,7,2,
7cb54d2ffd287b95,hierarchical,combined,7,3,
c0b01f650a9f3047,hierarchical,combined,7,1,
af8efb82a3eaf250,hierarchical,combined,7,4,
121de65a284465c5,hierarchical,combined,7,1,
276e0f48b2aecf30,hierarchical,combined,7,1,
b5c1200b37f8968d,hierarchical,combined,7,5,
2dfb8baa45944a16,hierarchical,combined,7,4,
80b2d92acb1f6d71,hierarchical,combined,7,6,
81cdfb4479630d2b,hierarchical,combined,7,6,
da1cc0b972f266c1,hierarchical,combined,7,6,
cfb5182dc1998eb7,hierarchical,combined,7,6,
453de2a0ac7e4646,hierarchical,combined,7,6,
22dd7014ca4e0926,hierarchical,combined,7,6,
7ab893955ce53d32,hierarchical,combined,7,6,
a775dde68401f18c,hierarchical,combined,7,6,
8d956b8fd66bfd40,hierarchical,combined,7,6,
951be4fa343dfcc3,hierarchical,combined,7,6,
26246a410ab5f5fc,hierarchical,combined,7,6,
633d125136da3e33,hierarchical,combined,7,6,
70c66f7df237db99,hierarchical,combined,7,6,
ca282d9b8d67354b,hierarchical,combined,7,6,
bbdb16044679062a,hierarchical,combined,7,6,
ce5351620f2eb860,hierarchical,combined,7,6,
ab05a4526c352168,hierarchical,combined,7,6,
b6aae574e74b8cfe,hierarchical,combined,7,6,
c4317c54e3675826,hierarchical,combined,7,6,
6cd75929d0d2a3f0,hierarchical,combined,7,6,
47e3bd73efa382ae,hierarchical,combined,7,6,
ccaf59c0ceb35dab,hierarchical,combined,7,6,
e0d2e112cc0df560,hierarchical,combined,7,6,
5cea9f126476238d,hierarchical,combined,7,6,
714e0ea28c0b44d6,hierarchical,combined,7,6,
d2908bcd850fab66,hierarchical,combined,7,6,
946f5783ecc3c3d3,hierarchical,combined,7,6,
c3af4581e34e912a,hierarchical,combined,7,6,
8b56c33a174b9ce3,hierarchical,combined,7,6,
13c91a98bdfe97db,hierarchical,combined,7,6,
59f7cf4b24c41dc4,hierarchical,combined,7,6,
f81f3d24abe2590e,hierarchical,combined,7,6,
60fafea65eec88ff,hierarchical,combined,7,6,
8ccac8fbcc5ef442,hierarchical,combined,7,6,
520986b8f519cbf8,hierarchical,combined,7,6,
34ba5b6f56c34d2d,hierarchical,combined,7,6,
651ed6b48d4e4ce0,hierarchical,combined,7,6,
0a8d3ea6a14b7694,hierarchical,combined,7,6,
a6380f9f07fe0748,hierarchical,combined,7,6,
8419e26eaf8a2ed7,hierarchical,combined,7,6,
f1dbaaccf91a93c6,hierarchical,combined,7,6,
1bf6d6502e22fd36,hierarchical,combined,7,6,
7f0b8a0a616b25e4,hierarchical,combined,7,6,
067dab84101e4d40,hierarchical,combined,7,6,
9c32fad280ea8306,hierarchical,combined,7,6,
d688ea743859b0af,hierarchical,combined,7,6,
c7f27f7fd0d5d77b,hierarchical,combined,7,6,
e0bee5c0b0d5a7d6,hierarchical,combined,7,6,
f3ac148d14f99a51,hierarchical,combined,7,6,
9b513da0bbf6fec5,hierarchical,combined,7,6,
ab4c6a5c76f157ea,hierarchical,combined,7,6,
255623028b70fd39,hierarchical,combined,7,6,
a6de1dec67d7aed5,hierarchical,combined,7,6,
92617f40c2c43b99,hierarchical,combined,7,6,
8025a575373cd6a9,hierarchical,combined,7,6,
a51195a2d92d9ff2,hierarchical,combined,7,6,
97bbfcfc069b7629,hierarchical,combined,7,6,
52c97289f9c9f6dc,hierarchical,combined,7,6,
4ca95e3d476453ba,hierarchical,combined,7,6,
a8150b5836fa8340,hierarchical,combined,7,6,
6bfd058b52069703,hierarchical,combined,7,6,
cddd255cbebb9d8e,hierarchical,combined,7,6,
65ab556300024c0b,hierarchical,combined,7,6,
832f13e7c3d03100,hierarchical,combined,7,6,
e6a519ba8dd89268,hierarchical,combined,7,6,
77256bc1bfc6a972,hierarchical,combined,7,6,
9fc96269778b3b35,hierarchical,combined,7,6,
a2d4a495cac2adae,hierarchical,combined,7,6,
4de8ea4a98e350d2,hierarchical,combined,7,6,
6ff9dd295e18ba9b,hierarchical,combined,7,6,
bd7774dcad9acd79,hierarchical,combined,7,6,
66cc7c6ebe473f7b,hierarchical,combined,7,6,
39719b9e379a0e17,hierarchical,combined,7,6,
31f94ec85b9130e2,hierarchical,combined,7,6,
4e6eb33dee2b707c,hierarchical,combined,7,6,
ab45fc2620cc66ce,hierarchical,combined,7,6,
e0760c68f28e0892,hierarchical,combined,7,6,
c2a7cdc53f4dd23f,hierarchical,combined,7,6,
bcc9cc12c88e11a7,hierarchical,combined,7,6,
f0a0fb220faa1075,hierarchical,combined,7,6,
709929ff886fee1d,hierarchical,combined,7,6,
7e81760c1b53d064,hierarchical,combined,7,6,
f3b6090794574209,hierarchical,combined,7,6,
6d73856e7180fb8d,hierarchical,combined,7,6,
9099811c08fecfa1,hierarchical,combined,7,6,
960c8c87ff30f1bf,hierarchical,combined,7,6,
0b97f051d6187ce8,hierarchical,combined,7,6,
d35e50aec0a064c5,hierarchical,combined,7,6,
a1b878174fb512f0,hierarchical,combined,7,6,
017f18f80c2b6bb0,hierarchical,combined,7,6,
3ae85d1803f6fd0e,hierarchical,combined,7,6,
b8d532b96649ad9b,hierarchical,combined,7,6,
3fc360c5c4e56a82,hierarchical,combined,7,6,
672c5ac5c05045ac,hierarchical,combined,7,6,
969d2464f703154e,hierarchical,combined,7,6,
9198bbcd6bccdff0,hierarchical,combined,7,6,
8eb2ae5e436bf3d9,hierarchical,combined,7,6,
395681962a31584b,hierarchical,combined,7,6,
5d96dfc9b1190032,hierarchical,combined,7,6,
f1c82e0e3033e0f2,hierarchical,combined,7,6,
4ce46f5f8d9a06ef,hierarchical,combined,7,6,
0db27129c0b71a97,hierarchical,combined,7,6,
cad61736ae362480,hierarchical,combined,7,6,
e6e2d33ceb0e83af,hierarchical,combined,7,6,
0dbe74d0ea5067c3,hierarchical,combined,7,6,
397929e89a5a2bf0,hierarchical,combined,7,6,
9875309b29ecca62,hierarchical,combined,7,6,
b566cf363514b2ce,hierarchical,combined,7,6,
d176e3613fd2e8ca,hierarchical,combined,7,6,
09f287549c50a508,hierarchical,combined,7,6,
2b5b06037a00ac7f,hierarchical,combined,7,6,
35be32b4253e6b7e,hierarchical,combined,7,6,
4345ee093157bb2b,hierarchical,combined,7,6,
0f0ba10ef3a52533,hierarchical,combined,7,6,
67facd157d491218,hierarchical,combined,7,6,
e93973679234ed81,hierarchical,combined,7,6,
db7e3477d2e2096c,hierarchical,combined,7,6,
786becad40b24f1e,hierarchical,combined,7,6,
6a09c26401d7753b,hierarchical,combined,7,6,
38fcc454e8b76e8a,hierarchical,combined,10,0,
671222e19754e444,hierarchical,combined,10,1,
3167ff62be4a1ae7,hierarchical,combined,10,2,
7cb54d2ffd287b95,hierarchical,combined,10,3,
c0b01f650a9f3047,hierarchical,combined,10,4,
af8efb82a3eaf250,hierarchical,combined,10,5,
121de65a284465c5,hierarchical,combined,10,1,
276e0f48b2aecf30,hierarchical,combined,10,1,
b5c1200b37f8968d,hierarchical,combined,10,6,
2dfb8baa45944a16,hierarchical,combined,10,5,
80b2d92acb1f6d71,hierarchical,combined,10,7,
81cdfb4479630d2b,hierarchical,combined,10,7,
da1cc0b972f266c1,hierarchical,combined,10,7,
cfb5182dc1998eb7,hierarchical,combined,10,7,
453de2a0ac7e4646,hierarchical,combined,10,7,
22dd7014ca4e0926,hierarchical,combined,10,7,
7ab893955ce53d32,hierarchical,combined,10,7,
a775dde68401f18c,hierarchical,combined,10,7,
8d956b8fd66bfd40,hierarchical,combined,10,7,
951be4fa343dfcc3,hierarchical,combined,10,7,
26246a410ab5f5fc,hierarchical,combined,10,7,
633d125136da3e33,hierarchical,combined,10,7,
70c66f7df237db99,hierarchical,combined,10,7,
ca282d9b8d67354b,hierarchical,combined,10,7,
bbdb16044679062a,hierarchical,combined,10,7,
ce5351620f2eb860,hierarchical,combined,10,7,
ab05a4526c352168,hierarchical,combined,10,7,
b6aae574e74b8cfe,hierarchical,combined,10,7,
c4317c54e3675826,hierarchical,combined,10,7,
6cd75929d0d2a3f0,hierarchical,combined,10,7,
47e3bd73efa382ae,hierarchical,combined,10,7,
ccaf59c0ceb35dab,hierarchical,combined,10,7,
e0d2e112cc0df560,hierarchical,combined,10,7,
5cea9f126476238d,hierarchical,combined,10,7,
714e0ea28c0b44d6,hierarchical,combined,10,7,
d2908bcd850fab66,hierarchical,combined,10,7,
946f5783ecc3c3d3,hierarchical,combined,10,7,
c3af4581e34e912a,hierarchical,combined,10,7,
8b56c33a174b9ce3,hierarchical,combined,10,7,
13c91a98bdfe97db,hierarchical,combined,10,7,
59f7cf4b24c41dc4,hierarchical,combined,10,7,
f81f3d24abe2590e,hierarchical,combined,10,7,
60fafea65eec88ff,hierarchical,combined,10,7,
8ccac8fbcc5ef442,hierarchical,combined,10,7,
520986b8f519cbf8,hierarchical,combined,10,7,
34ba5b6f56c34d2d,hierarchical,combined,10,7,
651ed6b48d4e4ce0,hierarchical,combined,10,7,
0a8d3ea6a14b7694,hierarchical,combined,10,7,
a6380f9f07fe0748,hierarchical,combined,10,7,
8419e26eaf8a2ed7,hierarchical,combined,10,7,
f1dbaaccf91a93c6,hierarchical,combined,10,7,
1bf6d6502e22fd36,hierarchical,combined,10,7,
7f0b8a0a616b25e4,hierarchical,combined,10,7,
067dab84101e4d40,hierarchical,combined,10,7,
9c32fad280ea8306,hierarchical,combined,10,7,
d688ea743859b0af,hierarchical,combined,10,7,
c7f27f7fd0d5d77b,hierarchical,combined,10,7,
e0bee5c0b0d5a7d6,hierarchical,combined,10,7,
f3ac148d14f99a51,hierarchical,combined,10,7,
9b513da0bbf6fec5,hierarchical,combined,10,7,
ab4c6a5c76f157ea,hierarchical,combined,10,7,
255623028b70fd39,hierarchical,combined,10,7,
a6de1dec67d7aed5,hierarchical,combined,10,7,
92617f40c2c43b99,hierarchical,combined,10,7,
8025a575373cd6a9,hierarchical,combined,10,7,
a51195a2d92d9ff2,hierarchical,combined,10,7,
97bbfcfc069b7629,hierarchical,combined,10,7,
52c97289f9c9f6dc,hierarchical,combined,10,7,
4ca95e3d476453ba,hierarchical,combined,10,7,
a8150b5836fa8340,hierarchical,combined,10,7,
6bfd058b52069703,hierarchical,combined,10,7,
cddd255cbebb9d8e,hierarchical,combined,10,8,
65ab556300024c0b,hierarchical,combined,10,7,
832f13e7c3d03100,hierarchical,combined,10,7,
e6a519ba8dd89268,hierarchical,combined,10,7,
77256bc1bfc6a972,hierarchical,combined,10,7,
9fc96269778b3b35,hierarchical,combined,10,7,
a2d4a495cac2adae,hierarchical,combined,10,7,
4de8ea4a98e350d2,hierarchical,combined,10,7,
6ff9dd295e18ba9b,hierarchical,combined,10,9,
bd7774dcad9acd79,hierarchical,combined,10,7,
66cc7c6ebe473f7b,hierarchical,combined,10,7,
39719b9e379a0e17,hierarchical,combined,10,9,
31f94ec85b9130e2,hierarchical,combined,10,7,
4e6eb33dee2b707c,hierarchical,combined,10,9,
ab45fc2620cc66ce,hierarchical,combined,10,7,
e0760c68f28e0892,hierarchical,combined,10,7,
c2a7cdc53f4dd23f,hierarchical,combined,10,7,
bcc9cc12c88e11a7,hierarchical,combined,10,7,
f0a0fb220faa1075,hierarchical,combined,10,7,
709929ff886fee1d,hierarchical,combined,10,7,
7e81760c1b53d064,hierarchical,combined,10,7,
f3b6090794574209,hierarchical,combined,10,7,
6d73856e7180fb8d,hierarchical,combined,10,7,
9099811c08fecfa1,hierarchical,combined,10,7,
960c8c87ff30f1bf,hierarchical,combined,10,7,
0b97f051d6187ce8,hierarchical,combined,10,7,
d35e50aec0a064c5,hierarchical,combined,10,7,
a1b878174fb512f0,hierarchical,combined,10,7,
017f18f80c2b6bb0,hierarchical,combined,10,7,
3ae85d1803f6fd0e,hierarchical,combined,10,7,
b8d532b96649ad9b,hierarchical,combined,10,7,
3fc360c5c4e56a82,hierarchical,combined,10,7,
672c5ac5c05045ac,hierarchical,combined,10,7,
969d2464f703154e,hierarchical,combined,10,7,
9198bbcd6bccdff0,hierarchical,combined,10,7,
8eb2ae5e436bf3d9,hierarchical,combined,10,7,
395681962a31584b,hierarchical,combined,10,7,
5d96dfc9b1190032,hierarchical,combined,10,7,
f1c82e0e3033e0f2,hierarchical,combined,10,7,
4ce46f5f8d9a06ef,hierarchical,combined,10,7,
0db27129c0b71a97,hierarchical,combined,10,7,
cad61736ae362480,hierarchical,combined,10,7,
e6e2d33ceb0e83af,hierarchical,combined,10,7,
0dbe74d0ea5067c3,hierarchical,combined,10,7,
397929e89a5a2bf0,hierarchical,combined,10,7,
9875309b29ecca62,hierarchical,combined,10,7,
b566cf363514b2ce,hierarchical,combined,10,7,
d176e3613fd2e8ca,hierarchical,combined,10,7,
09f287549c50a508,hierarchical,combined,10,7,
2b5b06037a00ac7f,hierarchical,combined,10,7,
35be32b4253e6b7e,hierarchical,combined,10,7,
4345ee093157bb2b,hierarchical,combined,10,7,
0f0ba10ef3a52533,hierarchical,combined,10,7,
67facd157d491218,hierarchical,combined,10,7,
e93973679234ed81,hierarchical,combined,10,7,
db7e3477d2e2096c,hierarchical,combined,10,7,
786becad40b24f1e,hierarchical,combined,10,7,
6a09c26401d7753b,hierarchical,combined,10,7,
