icon_id,set_id,set_name,icon_name,label,source,source_url,format,filename,relative_path,normalized_path,notes,metadata_text,metadata_tokens,has_notes,source_path_exists,normalized_path_exists,canny_edge_density,quadtree_leaf_count,quadtree_structural_variability,quadtree_mean_leaf_size,connected_components,contour_count,holes_count,perimeter_area_ratio,corner_count,bounding_box_aspect_ratio,solidity,closed_contour_ratio,circularity,rectangularity,curvature_histogram_straight,curvature_histogram_gentle,curvature_histogram_sharp,line_orientation_0,line_orientation_45,line_orientation_90,line_orientation_135,principal_axis_orientation,arrowhead_count,arc_count,skeleton_endpoints,skeleton_junctions,foreground_area_ratio,bounding_box_occupancy,filled_vs_outline_proxy,stroke_width_mean,stroke_width_std,centroid_distance_from_center,horizontal_symmetry,vertical_symmetry,bbox_center_x,bbox_center_y,bbox_width_ratio,bbox_height_ratio,grid_foreground_0_0,grid_foreground_0_1,grid_foreground_0_2,grid_foreground_0_3,grid_foreground_1_0,grid_foreground_1_1,grid_foreground_1_2,grid_foreground_1_3,grid_foreground_2_0,grid_foreground_2_1,grid_foreground_2_2,grid_foreground_2_3,grid_foreground_3_0,grid_foreground_3_1,grid_foreground_3_2,grid_foreground_3_3,is_monochrome,color_count,mean_saturation,colorfulness,foreground_background_contrast,hue_histogram_00,hue_histogram_01,hue_histogram_02,hue_histogram_03,hue_histogram_04,hue_histogram_05,hue_histogram_06,hue_histogram_07,hue_histogram_08,hue_histogram_09,hue_histogram_10,hue_histogram_11,dominant_color_1_lab_l,dominant_color_1_lab_a,dominant_color_1_lab_b,dominant_color_2_lab_l,dominant_color_2_lab_a,dominant_color_2_lab_b,dominant_color_3_lab_l,dominant_color_3_lab_a,dominant_color_3_lab_b,texture_entropy,set:McDougall Symbol/Icon Set,set:AIGA/DOT Symbol Signs,set:Mapbox Maki,set:OCHA Humanitarian Icons,set:Mulberry Symbols,set:Blissymbolics,set:ARASAAC Pictograms,set:Universal Symbols Healthcare Webfont,set:OpenMoji,set:ISO 7010 Safety Signs,set:ISO 15223 Medical Device Symbols,set:USP Pictograms,set:GHS Hazard Pictograms,token:symbols,token:pictograms,token:symbol,token:signs,token:iso,token:agreement,token:appendix,token:common,token:complexity,token:concept,token:concreteness,token:distance,token:familiarity,token:icon,token:item,token:mcdougall,token:meaningfulness,token:name,token:ratings,token:response,token:semantic,token:set,token:aiga,token:dot,token:maki,token:mapbox,token:humanitarian,token:icons,token:ocha,token:mulberry,token:bliss,token:blissymbolics,token:kind,token:arasaac,token:id,token:healthcare,token:universal,token:webfont,token:emoji,token:openmoji,token:tags,token:7010,token:safety,token:15223,token:device,token:medical,token:usp,token:ghs,token:hazard,token:00,token:50,token:word,token:skin,token:tone,token:medium,token:20,token:93,token:and,token:dark,token:40,token:90,token:62,token:person,token:45,token:88,token:23,token:68,token:35,token:48,token:paint,token:53,token:football,token:15,token:70,token:heat,token:fire,token:restaurant,token:toilet,token:light,token:health,mcdougall_concreteness,mcdougall_complexity,mcdougall_familiarity,mcdougall_meaningfulness,mcdougall_semantic_distance,mcdougall_concept_agreement,mcdougall_name_agreement
38fcc454e8b76e8a,01_mcdougall_symbol_icon_set,McDougall Symbol/Icon Set,Binary file,Binary file,McDougall et al. BURO eprint,https://eprints.bournemouth.ac.uk/10165/,png,mcdougall_021.png,icon_data/iconsets/01_mcdougall_symbol_icon_set/extracted_icons_png/mcdougall_021.png,icon_data/normalized_256/01_mcdougall_symbol_icon_set/mcdougall_021__38fcc454e8b7.png,"appendix_item=21; mcdougall_ratings=concreteness:3.88,complexity:3.88,familiarity:2.45,meaningfulness:2.28,semantic_distance:2.88,concept_agreement:20.00,name_agreement:20.00,common_response:","Binary file | McDougall Symbol/Icon Set | appendix_item=21; mcdougall_ratings=concreteness:3.88,complexity:3.88,familiarity:2.45,meaningfulness:2.28,semantic_distance:2.88,concept_agreement:20.00,name_agreement:20.00,common_response:",binary file mcdougall symbol icon set appendix item 21 ratings concreteness 88 complexity familiarity 45 meaningfulness 28 semantic distance concept agreement 20 00 name common response,true,true,true,0.087395,-0.007264,-0.007264,-0.054342,2.575093,2.575093,1.058489,1.896598,3.261272,-0.173,-0.32345,-0.757919,-0.359232,-0.212689,-0.410717,0.126593,1.21593,-0.636842,-0.433915,1.166815,-0.421669,0.03758,3.273034,2.950522,1.744124,1.789206,-0.614244,-0.216036,-2.174523,-0.422042,-0.365255,-0.113185,-0.186402,-0.072178,-0.044502,0.153754,-0.493245,-0.463865,-0.171172,-0.267417,-0.259969,-0.164775,-0.242255,-0.266987,-0.278348,-0.230455,-0.231522,-0.239251,-0.259565,-0.237181,-0.174195,-0.274871,-0.264022,-0.175501,-0.259043,-0.11006,-0.02731,-0.100912,0.151214,-0.079964,-0.061478,-0.043482,-0.01915,-0.026532,-0.018372,-0.062823,-0.034269,-0.064082,-0.01917,-0.044265,0.630702,-0.176984,-0.047619,-0.061584,0.067895,-0.019847,-0.045952,0.102127,-0.008354,-0.043864,-0.927738,1.0,0.0,0.0,0.0,0.0,0.0,0.0,0.0,0.0,0.0,0.0,0.0,0.0,0.0,0.0,1.0,0.0,0.0,1.0,1.0,1.0,1.0,1.0,1.0,1.0,1.0,1.0,1.0,1.0,1.0,1.0,1.0,1.0,1.0,1.0,0.0,0.0,0.0,0.0,0.0,0.0,0.0,0.0,0.0,0.0,0.0,0.0,0.0,0.0,0.0,0.0,0.0,0.0,0.0,0.0,0.0,0.0,0.0,0.0,0.0,0.0,0.0,1.0,0.0,0.0,0.0,0.0,0.0,1.0,0.0,0.0,0.0,0.0,0.0,0.0,0.0,1.0,1.0,0.0,0.0,0.0,0.0,0.0,0.0,0.0,0.0,0.0,0.0,0.0,0.0,0.0,0.0,0.0,3.661247,4.609013,2.631503,2.666764,3.383098,2.039472,1.579961
671222e19754e444,01_mcdougall_symbol_icon_set,McDougall Symbol/Icon Set,Bitmap,Bitmap,McDougall et al. BURO eprint,https://eprints.bournemouth.ac.uk/10165/,png,mcdougall_023.png,icon_data/iconsets/01_mcdougall_symbol_icon_set/extracted_icons_png/mcdougall_023.png,icon_data/normalized_256/01_mcdougall_symbol_icon_set/mcdougall_023__671222e19754.png,"appendix_item=23; mcdougall_ratings=concreteness:2.33,complexity:2.93,familiarity:2.27,meaningfulness:1.68,semantic_distance:1.85,concept_agreement:0.00,name_agreement:17.50,common_response:game","Bitmap | McDougall Symbol/Icon Set | appendix_item=23; mcdougall_ratings=concreteness:2.33,complexity:2.93,familiarity:2.27,meaningfulness:1.68,semantic_distance:1.85,concept_agreement:0.00,name_agreement:17.50,common_response:game",bitmap mcdougall symbol icon set appendix item 23 ratings concreteness 33 complexity 93 familiarity 27 meaningfulness 68 semantic distance 85 concept agreement 00 name 17 50 common response game,true,true,true,-0.126764,-0.075318,-0.075318,-0.053902,0.478767,0.478767,-0.105799,0.597639,-0.095175,-0.256093,-0.220659,-0.75093,-0.338457,-0.1176,0.201779,-0.24287,0.012306,0.241857,-0.476137,0.393319,-0.477611,0.060627,-0.073282,-0.070251,0.184675,0.028251,-0.557396,-0.104962,-0.875762,-0.399561,-0.21325,-0.129748,-0.091979,-0.081402,0.001794,-0.010554,-0.465391,-0.358389,-0.171172,-0.267417,-0.259969,-0.164775,-0.242255,-0.15803,-0.155404,-0.230455,-0.231522,-0.141873,-0.229644,-0.237181,-0.174195,-0.274871,-0.264022,-0.175501,-0.259043,-0.11006,-0.011752,-0.102067,0.205548,-0.079964,-0.061478,-0.043482,-0.01915,-0.026532,-0.018372,-0.062823,-0.034269,-0.064082,-0.01917,-0.044265,0.630702,-0.176984,-0.047619,-0.061584,0.067895,-0.019847,-0.045952,-0.131345,-0.008353,-0.043864,-1.296851,1.0,0.0,0.0,0.0,0.0,0.0,0.0,0.0,0.0,0.0,0.0,0.0,0.0,0.0,0.0,1.0,0.0,0.0,1.0,1.0,1.0,1.0,1.0,1.0,1.0,1.0,1.0,1.0,1.0,1.0,1.0,1.0,1.0,1.0,1.0,0.0,0.0,0.0,0.0,0.0,0.0,0.0,0.0,0.0,0.0,0.0,0.0,0.0,0.0,0.0,0.0,0.0,0.0,0.0,0.0,0.0,0.0,0.0,0.0,0.0,0.0,0.0,1.0,1.0,0.0,0.0,0.0,0.0,0.0,1.0,0.0,0.0,0.0,0.0,0.0,0.0,0.0,0.0,1.0,1.0,0.0,0.0,0.0,0.0,0.0,0.0,0.0,0.0,0.0,0.0,0.0,0.0,0.0,2.08823,3.411594,2.417854,1.892107,2.074017,-0.187761,1.352235
3167ff62be4a1ae7,01_mcdougall_symbol_icon_set,McDougall Symbol/Icon Set,Colour area,Colour area,McDougall et al. BURO eprint,https://eprints.bournemouth.ac.uk/10165/,png,mcdougall_048.png,icon_data/iconsets/01_mcdougall_symbol_icon_set/extracted_icons_png/mcdougall_048.png,icon_data/normalized_256/01_mcdougall_symbol_icon_set/mcdougall_048__3167ff62be4a.png,"appendix_item=48; mcdougall_ratings=concreteness:4.47,complexity:3.35,familiarity:3.40,meaningfulness:3.23,semantic_distance:2.95,concept_agreement:2.50,name_agreement:20.00,common_response:paint","Colour area | McDougall Symbol/Icon Set | appendix_item=48; mcdougall_ratings=concreteness:4.47,complexity:3.35,familiarity:3.40,meaningfulness:3.23,semantic_distance:2.95,concept_agreement:2.50,name_agreement:20.00,common_response:paint",colour area mcdougall symbol icon set appendix item 48 ratings concreteness 47 complexity 35 familiarity 40 meaningfulness 23 semantic distance 95 concept agreement 50 name 20 00 common response paint,true,true,true,-0.178982,-0.159076,-0.159076,-0.05317,-0.112504,-0.112504,0.864441,0.051312,-0.062052,-0.0304,-0.068216,0.353484,-0.274228,-0.159223,-0.699447,0.650523,0.603066,0.218062,-0.334712,0.222561,-0.315782,0.442741,-0.073282,-0.070251,0.607717,0.120127,-0.538888,-0.249891,-0.11301,-0.381855,-0.098918,-0.111102,-0.241401,-0.11842,0.001794,-0.034026,-0.330095,-0.371046,-0.171172,-0.267417,-0.259969,-0.164775,-0.242255,-0.208733,-0.1176,-0.230455,-0.231522,-0.149154,-0.091204,-0.237181,-0.174195,-0.274871,-0.264022,-0.175501,-0.259043,-0.12015,-0.074792,-0.069984,0.006904,0.699907,-0.061478,-0.043482,-0.01915,-0.026532,-0.018372,-0.062823,-0.034269,-0.064082,-0.01917,-0.044265,-0.07016,-0.176984,-0.047619,-0.061584,0.157094,0.175247,0.030357,0.16935,-0.129614,0.218121,-0.483682,1.0,0.0,0.0,0.0,0.0,0.0,0.0,0.0,0.0,0.0,0.0,0.0,0.0,0.0,0.0,1.0,0.0,0.0,1.0,1.0,1.0,1.0,1.0,1.0,1.0,1.0,1.0,1.0,1.0,1.0,1.0,1.0,1.0,1.0,1.0,0.0,0.0,0.0,0.0,0.0,0.0,0.0,0.0,0.0,0.0,0.0,0.0,0.0,0.0,0.0,0.0,0.0,0.0,0.0,0.0,0.0,0.0,0.0,0.0,0.0,0.0,0.0,1.0,1.0,0.0,0.0,0.0,0.0,1.0,0.0,0.0,0.0,1.0,0.0,0.0,0.0,0.0,0.0,1.0,0.0,1.0,1.0,1.0,0.0,0.0,0.0,0.0,0.0,0.0,0.0,0.0,0.0,0.0,4.260008,3.940979,3.759093,3.893306,3.472064,0.090643,1.579961
7cb54d2ffd287b95,01_mcdougall_symbol_icon_set,McDougall Symbol/Icon Set,Football,Football,McDougall et al. BURO eprint,https://eprints.bournemouth.ac.uk/10165/,png,mcdougall_102.png,icon_data/iconsets/01_mcdougall_symbol_icon_set/extracted_icons_png/mcdougall_102.png,icon_data/normalized_256/01_mcdougall_symbol_icon_set/mcdougall_102__7cb54d2ffd28.png,"appendix_item=102; mcdougall_ratings=concreteness:4.93,complexity:3.03,familiarity:4.53,meaningfulness:3.97,semantic_distance:4.83,concept_agreement:75.00,name_agreement:75.00,common_response:","Football | McDougall Symbol/Icon Set | appendix_item=102; mcdougall_ratings=concreteness:4.93,complexity:3.03,familiarity:4.53,meaningfulness:3.97,semantic_distance:4.83,concept_agreement:75.00,name_agreement:75.00,common_response:",football mcdougall symbol icon set appendix item 102 ratings concreteness 93 complexity 03 familiarity 53 meaningfulness 97 semantic distance 83 concept agreement 75 00 name common response,true,true,true,-0.286281,-0.25854,-0.25854,-0.051818,-0.112504,-0.112504,1.446585,-0.021473,-0.062052,-0.363852,0.1472,0.353484,-0.259167,0.113569,-0.452569,0.600089,-0.214406,-0.105764,-0.048025,0.189891,-0.068574,0.076705,0.094034,0.045933,0.466703,0.288566,-0.559679,0.156117,0.002336,-0.370776,0.095995,-0.022025,0.034258,-0.052144,0.001794,-0.010554,-0.544976,-0.375265,-0.171172,-0.267417,-0.259969,-0.164775,-0.242255,-0.265292,-0.164299,-0.230455,-0.231522,-0.133531,-0.136007,-0.237181,-0.174195,-0.274871,-0.264022,-0.175501,-0.259043,-0.12015,-0.064453,-0.070326,-0.102735,0.699907,-0.061478,-0.043482,-0.01915,-0.026532,-0.018372,-0.062823,-0.034269,-0.064082,-0.01917,-0.044265,-0.07016,0.201689,-0.111263,0.143644,0.157094,0.175247,0.030357,-0.315348,-0.008353,-0.043864,-0.458672,1.0,0.0,0.0,0.0,0.0,0.0,0.0,0.0,0.0,0.0,0.0,0.0,0.0,0.0,0.0,1.0,0.0,0.0,1.0,1.0,1.0,1.0,1.0,1.0,1.0,1.0,1.0,1.0,1.0,1.0,1.0,1.0,1.0,1.0,1.0,0.0,0.0,0.0,0.0,0.0,0.0,0.0,0.0,0.0,0.0,0.0,0.0,0.0,0.0,0.0,0.0,0.0,0.0,0.0,0.0,0.0,0.0,0.0,0.0,0.0,0.0,0.0,1.0,0.0,0.0,0.0,0.0,0.0,0.0,1.0,0.0,0.0,0.0,0.0,0.0,0.0,0.0,0.0,0.0,0.0,0.0,0.0,0.0,1.0,1.0,0.0,0.0,0.0,0.0,0.0,0.0,0.0,0.0,4.726839,3.537638,5.100331,4.848717,5.861455,8.164364,6.589937
c0b01f650a9f3047,01_mcdougall_symbol_icon_set,McDougall Symbol/Icon Set,Football ground,Football ground,McDougall et al. BURO eprint,https://eprints.bournemouth.ac.uk/10165/,png,mcdougall_103.png,icon_data/iconsets/01_mcdougall_symbol_icon_set/extracted_icons_png/mcdougall_103.png,icon_data/normalized_256/01_mcdougall_symbol_icon_set/mcdougall_103__c0b01f650a9f.png,"appendix_item=103; mcdougall_ratings=concreteness:2.93,complexity:2.15,familiarity:2.48,meaningfulness:2.40,semantic_distance:2.31,concept_agreement:12.50,name_agreement:32.50,common_response:rugby","Football ground | McDougall Symbol/Icon Set | appendix_item=103; mcdougall_ratings=concreteness:2.93,complexity:2.15,familiarity:2.48,meaningfulness:2.40,semantic_distance:2.31,concept_agreement:12.50,name_agreement:32.50,common_response:rugby",football ground mcdougall symbol icon set appendix item 103 ratings concreteness 93 complexity 15 familiarity 48 meaningfulness 40 semantic distance 31 concept agreement 12 50 name 32 common response rugby,true,true,true,-0.095698,0.139314,0.139314,-0.055011,-0.058752,-0.058752,0.023567,0.380577,-0.051011,-0.252054,-0.536092,0.353484,-0.347361,-0.498095,-0.278163,0.456244,-0.426741,0.015683,0.123739,-0.168511,0.140523,0.036323,-0.073282,-0.070251,0.383754,0.610132,-0.5869,-0.539076,-0.59273,-0.410497,-0.307535,-0.10681,0.093065,0.026688,0.001794,-0.034026,-0.361929,-0.210723,-0.171172,-0.232505,-0.22733,-0.164775,-0.242255,-0.247415,-0.254998,-0.230455,-0.231522,-0.248959,-0.256309,-0.237181,-0.174195,-0.246,-0.233815,-0.175501,-0.259043,-0.11006,-0.01503,-0.101639,0.193879,-0.079964,-0.061478,-0.043482,-0.01915,-0.026532,-0.018372,-0.062823,-0.034269,-0.064082,-0.01917,-0.044265,0.630702,-0.176984,-0.047619,-0.061584,0.067895,-0.019847,-0.045952,0.102127,-0.008354,-0.043864,-1.181592,1.0,0.0,0.0,0.0,0.0,0.0,0.0,0.0,0.0,0.0,0.0,0.0,0.0,0.0,0.0,1.0,0.0,0.0,1.0,1.0,1.0,1.0,1.0,1.0,1.0,1.0,1.0,1.0,1.0,1.0,1.0,1.0,1.0,1.0,1.0,0.0,0.0,0.0,0.0,0.0,0.0,0.0,0.0,0.0,0.0,0.0,0.0,0.0,0.0,0.0,0.0,0.0,0.0,0.0,0.0,0.0,0.0,0.0,0.0,0.0,0.0,0.0,0.0,1.0,0.0,0.0,0.0,0.0,0.0,1.0,0.0,0.0,1.0,0.0,0.0,0.0,0.0,0.0,0.0,0.0,0.0,1.0,0.0,0.0,1.0,1.0,0.0,0.0,0.0,0.0,0.0,0.0,0.0,2.69714,2.42845,2.667111,2.821696,2.658655,1.20426,2.718592
af8efb82a3eaf250,01_mcdougall_symbol_icon_set,McDougall Symbol/Icon Set,Mouse properties,Mouse properties,McDougall et al. BURO eprint,https://eprints.bournemouth.ac.uk/10165/,png,mcdougall_152.png,icon_data/iconsets/01_mcdougall_symbol_icon_set/extracted_icons_png/mcdougall_152.png,icon_data/normalized_256/01_mcdougall_symbol_icon_set/mcdougall_152__af8efb82a3ea.png,"appendix_item=152; mcdougall_ratings=concreteness:4.25,complexity:3.25,familiarity:3.87,meaningfulness:2.93,semantic_distance:2.90,concept_agreement:52.50,name_agreement:52.50,common_response:","Mouse properties | McDougall Symbol/Icon Set | appendix_item=152; mcdougall_ratings=concreteness:4.25,complexity:3.25,familiarity:3.87,meaningfulness:2.93,semantic_distance:2.90,concept_agreement:52.50,name_agreement:52.50,common_response:",mouse properties mcdougall symbol icon set appendix item 152 ratings concreteness 25 complexity familiarity 87 meaningfulness 93 semantic distance 90 concept agreement 52 50 name common response,true,true,true,-0.280112,-0.193103,-0.193103,-0.052784,-0.058752,-0.058752,1.252537,0.293447,-0.03997,-0.317769,-0.32478,0.353484,-0.331559,-0.376035,-0.616928,0.72548,0.020009,0.143234,-0.228563,0.094086,-0.108344,-0.102361,-0.073282,-0.070251,0.781911,0.763258,-0.624847,-0.46991,-0.472063,-0.406386,-0.215931,0.076588,-0.400777,-0.423618,-0.044502,-0.010554,-0.485287,-0.324637,-0.171172,-0.258761,-0.259969,-0.164775,-0.242255,-0.303358,-0.33839,-0.230455,-0.231522,-0.315091,-0.17802,-0.237181,-0.174195,-0.274871,-0.250343,-0.175501,-0.259043,-0.11006,-0.056872,-0.063625,-0.162811,0.670248,-0.061478,-0.043482,-0.01915,-0.026532,-0.018372,-0.062823,-0.034269,1.500003,-0.01917,-0.044265,-0.07016,0.201689,-0.111263,0.143644,0.157094,0.175247,0.030357,-0.315348,-0.008353,-0.043864,-0.469506,1.0,0.0,0.0,0.0,0.0,0.0,0.0,0.0,0.0,0.0,0.0,0.0,0.0,0.0,0.0,1.0,0.0,0.0,1.0,1.0,1.0,1.0,1.0,1.0,1.0,1.0,1.0,1.0,1.0,1.0,1.0,1.0,1.0,1.0,1.0,0.0,0.0,0.0,0.0,0.0,0.0,0.0,0.0,0.0,0.0,0.0,0.0,0.0,0.0,0.0,0.0,0.0,0.0,0.0,0.0,0.0,0.0,0.0,0.0,0.0,0.0,0.0,0.0,1.0,0.0,0.0,0.0,0.0,0.0,1.0,0.0,0.0,0.0,1.0,0.0,0.0,0.0,0.0,0.0,0.0,0.0,0.0,0.0,0.0,0.0,0.0,0.0,0.0,0.0,0.0,0.0,0.0,0.0,4.036741,3.814935,4.316953,3.505977,3.408517,5.658726,4.540401
121de65a284465c5,01_mcdougall_symbol_icon_set,McDougall Symbol/Icon Set,Opening of selvedge loops,Opening of selvedge loops,McDougall et al. BURO eprint,https://eprints.bournemouth.ac.uk/10165/,png,mcdougall_166.png,icon_data/iconsets/01_mcdougall_symbol_icon_set/extracted_icons_png/mcdougall_166.png,icon_data/normalized_256/01_mcdougall_symbol_icon_set/mcdougall_166__121de65a2844.png,"appendix_item=166; mcdougall_ratings=concreteness:1.62,complexity:2.90,familiarity:1.50,meaningfulness:1.30,semantic_distance:1.68,concept_agreement:0.00,name_agreement:2.50,common_response:","Opening of selvedge loops | McDougall Symbol/Icon Set | appendix_item=166; mcdougall_ratings=concreteness:1.62,complexity:2.90,familiarity:1.50,meaningfulness:1.30,semantic_distance:1.68,concept_agreement:0.00,name_agreement:2.50,common_response:",opening of selvedge loops mcdougall symbol icon set appendix item 166 ratings concreteness 62 complexity 90 familiarity 50 meaningfulness 30 semantic distance 68 concept agreement 00 name common response,true,true,true,-0.314263,-0.310889,-0.310889,-0.050718,0.210008,0.210008,-0.105799,1.814277,0.225013,-0.238285,-0.577244,-1.057389,-0.340264,-0.481902,-0.210684,0.148427,0.342006,1.197775,-0.417554,-0.603652,-0.39904,0.014808,0.177692,0.2783,-0.030993,0.043564,-0.677498,-0.525816,-2.107816,-0.419963,-0.366323,-0.087631,-0.445134,-0.106274,0.001794,-0.034026,-0.568852,-0.522931,-0.171172,-0.267417,-0.259969,-0.164775,-0.242255,-0.361612,-0.36174,-0.230455,-0.231522,-0.359533,-0.359558,-0.237181,-0.174195,-0.274871,-0.264022,-0.175501,-0.259043,-0.11006,-0.016633,-0.101558,0.189232,-0.079964,-0.061478,-0.043482,-0.01915,-0.026532,-0.018372,-0.062823,-0.034269,-0.064082,-0.01917,-0.044265,0.630702,-0.176984,-0.047619,-0.061584,0.067895,-0.019847,-0.045952,-0.131345,-0.008353,-0.043864,-1.130216,1.0,0.0,0.0,0.0,0.0,0.0,0.0,0.0,0.0,0.0,0.0,0.0,0.0,0.0,0.0,1.0,0.0,0.0,1.0,1.0,1.0,1.0,1.0,1.0,1.0,1.0,1.0,1.0,1.0,1.0,1.0,1.0,1.0,1.0,1.0,0.0,0.0,0.0,0.0,0.0,0.0,0.0,0.0,0.0,0.0,0.0,0.0,0.0,0.0,0.0,0.0,0.0,0.0,0.0,0.0,0.0,0.0,0.0,0.0,0.0,0.0,0.0,1.0,1.0,0.0,0.0,0.0,0.0,0.0,0.0,0.0,0.0,0.0,1.0,1.0,0.0,0.0,0.0,0.0,1.0,0.0,0.0,0.0,0.0,0.0,0.0,0.0,0.0,0.0,0.0,0.0,0.0,0.0,1.367687,3.373781,1.503913,1.40149,1.857955,-0.187761,-0.014123
276e0f48b2aecf30,01_mcdougall_symbol_icon_set,McDougall Symbol/Icon Set,Protect from heat and radioactive,Protect from heat and radioactive,McDougall et al. BURO eprint,https://eprints.bournemouth.ac.uk/10165/,png,mcdougall_179.png,icon_data/iconsets/01_mcdougall_symbol_icon_set/extracted_icons_png/mcdougall_179.png,icon_data/normalized_256/01_mcdougall_symbol_icon_set/mcdougall_179__276e0f48b2ae.png,"appendix_item=179; mcdougall_ratings=concreteness:2.50,complexity:3.62,familiarity:2.20,meaningfulness:2.70,semantic_distance:2.60,concept_agreement:0.00,name_agreement:20.00,common_response:energy","Protect from heat and radioactive | McDougall Symbol/Icon Set | appendix_item=179; mcdougall_ratings=concreteness:2.50,complexity:3.62,familiarity:2.20,meaningfulness:2.70,semantic_distance:2.60,concept_agreement:0.00,name_agreement:20.00,common_response:energy",protect from heat and radioactive mcdougall symbol icon set appendix item 179 ratings concreteness 50 complexity 62 familiarity 20 meaningfulness 70 semantic distance 60 concept agreement 00 name common response energy,true,true,true,-0.189337,-0.056996,-0.056996,-0.054032,0.747527,0.747527,-0.170481,0.886376,1.075165,-0.194805,-0.457058,-0.862905,-0.337245,-0.455261,-0.647734,0.452807,1.063359,-0.229648,0.073987,0.052894,0.209857,0.026293,1.516218,1.962962,0.690666,0.120127,-0.592619,-0.51571,-1.217572,-0.402384,-0.229475,-0.031505,-0.319946,-0.38081,0.001794,-0.010554,-0.361929,-0.274008,-0.171172,-0.260348,-0.251917,-0.164775,-0.242255,-0.167276,-0.216082,-0.230455,-0.231522,-0.287485,-0.285145,-0.237181,-0.174195,-0.252003,-0.255473,-0.175501,-0.259043,-0.11006,-0.015558,-0.101593,0.192139,-0.079964,-0.061478,-0.043482,-0.01915,-0.026532,-0.018372,-0.062823,-0.034269,-0.064082,-0.01917,-0.044265,0.630702,-0.176984,-0.047619,-0.061584,0.067895,-0.019847,-0.045952,-0.131345,-0.008353,-0.043864,-1.163109,1.0,0.0,0.0,0.0,0.0,0.0,0.0,0.0,0.0,0.0,0.0,0.0,0.0,0.0,0.0,1.0,0.0,0.0,1.0,1.0,1.0,1.0,1.0,1.0,1.0,1.0,1.0,1.0,1.0,1.0,1.0,1.0,1.0,1.0,1.0,0.0,0.0,0.0,0.0,0.0,0.0,0.0,0.0,0.0,0.0,0.0,0.0,0.0,0.0,0.0,0.0,0.0,0.0,0.0,0.0,0.0,0.0,0.0,0.0,0.0,0.0,0.0,1.0,1.0,0.0,0.0,0.0,0.0,1.0,0.0,1.0,0.0,0.0,0.0,1.0,0.0,0.0,0.0,0.0,0.0,0.0,0.0,0.0,0.0,0.0,0.0,1.0,1.0,0.0,0.0,0.0,0.0,0.0,2.260754,4.281298,2.334769,3.209025,3.027231,-0.187761,1.579961
b5c1200b37f8968d,01_mcdougall_symbol_icon_set,McDougall Symbol/Icon Set,Slow,Slow,McDougall et al. BURO eprint,https://eprints.bournemouth.ac.uk/10165/,png,mcdougall_202.png,icon_data/iconsets/01_mcdougall_symbol_icon_set/extracted_icons_png/mcdougall_202.png,icon_data/normalized_256/01_mcdougall_symbol_icon_set/mcdougall_202__b5c1200b37f8.png,"appendix_item=202; mcdougall_ratings=concreteness:4.72,complexity:1.70,familiarity:3.45,meaningfulness:3.53,semantic_distance:3.26,concept_agreement:15.00,name_agreement:62.50,common_response:turtle","Slow | McDougall Symbol/Icon Set | appendix_item=202; mcdougall_ratings=concreteness:4.72,complexity:1.70,familiarity:3.45,meaningfulness:3.53,semantic_distance:3.26,concept_agreement:15.00,name_agreement:62.50,common_response:turtle",slow mcdougall symbol icon set appendix item 202 ratings concreteness 72 complexity 70 familiarity 45 meaningfulness 53 semantic distance 26 concept agreement 15 00 name 62 50 common response turtle,true,true,true,-0.408123,-0.386795,-0.386795,-0.048113,-0.112504,-0.112504,-0.170481,0.002827,-0.051011,0.489806,0.105302,-0.276481,-0.019295,-0.107855,-0.715015,0.592329,0.861719,0.128409,0.288174,-0.327754,0.056029,0.579657,-0.073282,-0.012159,-0.039288,-0.232064,-0.56012,-0.101904,-0.036579,-0.303034,0.346436,-0.131403,0.062617,-0.002276,-0.044502,-0.034026,-0.278364,-0.548246,-0.171172,-0.267417,-0.259969,-0.164775,-0.239104,-0.201181,-0.167635,-0.228902,-0.223742,-0.176304,-0.171974,-0.235205,-0.174195,-0.274871,-0.264022,-0.175501,-0.259043,-0.11006,-0.007922,-0.102651,0.218238,-0.079964,-0.061478,-0.043482,-0.01915,-0.026532,-0.018372,-0.062823,-0.034269,-0.064082,-0.01917,-0.044265,0.630702,-0.176984,-0.047619,-0.061584,0.067895,-0.019847,-0.045952,0.102127,-0.008354,-0.043864,-1.43175,1.0,0.0,0.0,0.0,0.0,0.0,0.0,0.0,0.0,0.0,0.0,0.0,0.0,0.0,0.0,1.0,0.0,0.0,1.0,1.0,1.0,1.0,1.0,1.0,1.0,1.0,1.0,1.0,1.0,1.0,1.0,1.0,1.0,1.0,1.0,0.0,0.0,0.0,0.0,0.0,0.0,0.0,0.0,0.0,0.0,0.0,0.0,0.0,0.0,0.0,0.0,0.0,0.0,0.0,0.0,0.0,0.0,0.0,0.0,0.0,0.0,0.0,1.0,1.0,0.0,0.0,0.0,0.0,0.0,0.0,0.0,0.0,0.0,0.0,1.0,0.0,1.0,0.0,0.0,0.0,0.0,0.0,0.0,1.0,0.0,1.0,1.0,0.0,0.0,0.0,0.0,0.0,0.0,4.51372,1.861251,3.81844,4.280635,3.866059,1.482664,5.451306
2dfb8baa45944a16,01_mcdougall_symbol_icon_set,McDougall Symbol/Icon Set,Windscreen demisting and defrosting,Windscreen demisting and defrosting,McDougall et al. BURO eprint,https://eprints.bournemouth.ac.uk/10165/,png,mcdougall_236.png,icon_data/iconsets/01_mcdougall_symbol_icon_set/extracted_icons_png/mcdougall_236.png,icon_data/normalized_256/01_mcdougall_symbol_icon_set/mcdougall_236__2dfb8baa4594.png,"appendix_item=236; mcdougall_ratings=concreteness:3.50,complexity:2.00,familiarity:3.90,meaningfulness:3.65,semantic_distance:2.88,concept_agreement:40.00,name_agreement:40.00,common_response:","Windscreen demisting and defrosting | McDougall Symbol/Icon Set | appendix_item=236; mcdougall_ratings=concreteness:3.50,complexity:2.00,familiarity:3.90,meaningfulness:3.65,semantic_distance:2.88,concept_agreement:40.00,name_agreement:40.00,common_response:",windscreen demisting and defrosting mcdougall symbol icon set appendix item 236 ratings concreteness 50 complexity 00 familiarity 90 meaningfulness 65 semantic distance 88 concept agreement 40 name common response,true,true,true,-0.21137,-0.028204,-0.028204,-0.054218,-0.112504,-0.112504,-0.105799,0.273437,-0.03997,-0.030193,-0.390449,0.353484,-0.336707,-0.448066,-0.691315,0.649205,0.574984,-0.305774,0.113487,0.190276,0.067434,0.009864,-0.073282,-0.070251,0.085136,0.303879,-0.606659,-0.492002,-0.443742,-0.406773,-0.305379,-0.002578,-0.195695,-0.323569,0.001794,-0.034026,-0.346012,-0.387922,-0.171172,-0.267417,-0.259969,-0.164775,-0.242255,-0.232466,-0.230536,-0.230455,-0.231522,-0.263672,-0.268091,-0.237181,-0.174195,-0.274871,-0.264022,-0.175501,-0.259043,-0.11006,-0.013525,-0.101777,0.198886,-0.079964,-0.061478,-0.043482,-0.01915,-0.026532,-0.018372,-0.062823,-0.034269,-0.064082,-0.01917,-0.044265,0.630702,-0.176984,-0.047619,-0.061584,0.067895,-0.019847,-0.045952,0.102127,-0.008354,-0.043864,-1.226988,1.0,0.0,0.0,0.0,0.0,0.0,0.0,0.0,0.0,0.0,0.0,0.0,0.0,0.0,0.0,1.0,0.0,0.0,1.0,1.0,1.0,1.0,1.0,1.0,1.0,1.0,1.0,1.0,1.0,1.0,1.0,1.0,1.0,1.0,1.0,0.0,0.0,0.0,0.0,0.0,0.0,0.0,0.0,0.0,0.0,0.0,0.0,0.0,0.0,0.0,0.0,0.0,0.0,0.0,0.0,0.0,0.0,0.0,0.0,0.0,0.0,0.0,1.0,1.0,0.0,0.0,0.0,0.0,0.0,0.0,1.0,0.0,1.0,1.0,0.0,0.0,0.0,1.0,0.0,0.0,0.0,0.0,0.0,0.0,0.0,0.0,0.0,0.0,0.0,0.0,0.0,0.0,0.0,3.275604,2.239384,4.352561,4.435566,3.383098,4.266706,3.40177
80b2d92acb1f6d71,02_aiga_dot_symbol_signs,AIGA/DOT Symbol Signs,Aiga baggage check in,Aiga baggage check in,AIGA/Wikimedia Commons,https://www.aiga.org/resources/symbol-signs,png,Aiga_baggage_check_in.png,icon_data/iconsets/02_aiga_dot_symbol_signs/png_512/Aiga_baggage_check_in.png,icon_data/normalized_256/02_aiga_dot_symbol_signs/aiga_baggage_check_in__80b2d92acb1f.png,,Aiga baggage check in | AIGA/DOT Symbol Signs,aiga baggage check in dot symbol signs,false,true,true,-0.199472,-0.08317,-0.08317,-0.053844,-0.005,-0.005,-0.170481,-0.147644,0.059399,0.125301,0.313367,-0.025987,-0.11286,0.253493,0.093464,-0.077292,-0.113095,-0.100227,-0.426805,0.661298,-0.436857,0.583596,0.428666,0.045933,-0.080763,-0.232064,0.40197,0.333342,0.211213,-0.059289,1.030693,0.122311,0.2001,0.0333,0.001794,-0.010554,0.187211,-0.00399,-0.156794,-0.055061,-0.048318,-0.150185,0.318909,0.199203,0.215651,0.322454,0.349349,0.208961,0.208932,0.331812,0.230161,0.109314,0.118972,0.207703,0.148476,-0.069697,-0.111994,-0.109549,0.233668,-0.079964,-0.061478,-0.043482,-0.01915,-0.026532,-0.018372,-0.062823,-0.034269,-0.064082,-0.01917,-0.044265,-0.07016,-0.176984,-0.047619,-0.061584,0.342645,-0.019848,-0.045952,0.173983,-0.008353,-0.043864,-1.138404,0.0,1.0,0.0,0.0,0.0,0.0,0.0,0.0,0.0,0.0,0.0,0.0,0.0,0.0,0.0,1.0,1.0,0.0,0.0,0.0,0.0,0.0,0.0,0.0,0.0,0.0,0.0,0.0,0.0,0.0,0.0,0.0,0.0,0.0,0.0,1.0,1.0,0.0,0.0,0.0,0.0,0.0,0.0,0.0,0.0,0.0,0.0,0.0,0.0,0.0,0.0,0.0,0.0,0.0,0.0,0.0,0.0,0.0,0.0,0.0,0.0,0.0,0.0,0.0,0.0,0.0,0.0,0.0,0.0,0.0,0.0,0.0,0.0,0.0,0.0,0.0,0.0,0.0,0.0,0.0,0.0,0.0,0.0,0.0,0.0,0.0,0.0,0.0,0.0,0.0,0.0,0.0,0.0,-0.276369,-0.281499,-0.276492,-0.276935,-0.277245,-0.187761,-0.241849
81cdfb4479630d2b,02_aiga_dot_symbol_signs,AIGA/DOT Symbol Signs,Aiga drinkingfountain,Aiga drinkingfountain,AIGA/Wikimedia Commons,https://www.aiga.org/resources/symbol-signs,png,Aiga_drinkingfountain.png,icon_data/iconsets/02_aiga_dot_symbol_signs/png_512/Aiga_drinkingfountain.png,icon_data/normalized_256/02_aiga_dot_symbol_signs/aiga_drinkingfountain__81cdfb447963.png,,Aiga drinkingfountain | AIGA/DOT Symbol Signs,aiga drinkingfountain dot symbol signs,false,true,true,-0.172812,0.102669,0.102669,-0.05487,0.747527,0.747527,-0.170481,0.01583,1.218698,-0.175425,-0.259384,-0.29396,-0.267068,-0.291158,-0.265555,0.281786,0.111512,-0.266039,0.04725,0.166621,0.112174,0.384825,0.345008,0.91731,0.259329,-0.002374,-0.233025,-0.389482,-0.057234,-0.268549,0.072408,0.309607,-0.303589,-0.298507,0.001794,-0.034026,-0.003794,0.16899,-0.141608,-0.021591,0.050605,-0.140185,0.102063,-0.0426,-0.051998,0.019187,0.100405,-0.409284,-0.291346,-0.067838,0.172443,-0.274871,-0.264022,-0.175501,0.148476,-0.140332,-0.111994,-0.109549,0.321243,-0.079964,-0.061478,-0.043482,-0.01915,-0.026532,-0.018372,-0.062823,-0.034269,-0.064082,-0.01917,-0.044265,-0.07016,-0.176984,-0.047619,-0.061584,-0.209644,-0.019847,-0.045953,-0.346178,-0.008353,-0.043864,-1.598133,0.0,1.0,0.0,0.0,0.0,0.0,0.0,0.0,0.0,0.0,0.0,0.0,0.0,0.0,0.0,1.0,1.0,0.0,0.0,0.0,0.0,0.0,0.0,0.0,0.0,0.0,0.0,0.0,0.0,0.0,0.0,0.0,0.0,0.0,0.0,1.0,1.0,0.0,0.0,0.0,0.0,0.0,0.0,0.0,0.0,0.0,0.0,0.0,0.0,0.0,0.0,0.0,0.0,0.0,0.0,0.0,0.0,0.0,0.0,0.0,0.0,0.0,0.0,0.0,0.0,0.0,0.0,0.0,0.0,0.0,0.0,0.0,0.0,0.0,0.0,0.0,0.0,0.0,0.0,0.0,0.0,0.0,0.0,0.0,0.0,0.0,0.0,0.0,0.0,0.0,0.0,0.0,0.0,-0.276369,-0.281499,-0.276492,-0.276935,-0.277245,-0.187761,-0.241849
da1cc0b972f266c1,02_aiga_dot_symbol_signs,AIGA/DOT Symbol Signs,Aiga escalator down mirror,Aiga escalator down mirror,AIGA/Wikimedia Commons,https://www.aiga.org/resources/symbol-signs,png,Aiga_escalator_down_mirror.png,icon_data/iconsets/02_aiga_dot_symbol_signs/png_512/Aiga_escalator_down_mirror.png,icon_data/normalized_256/02_aiga_dot_symbol_signs/aiga_escalator_down_mirror__da1cc0b972f2.png,,Aiga escalator down mirror | AIGA/DOT Symbol Signs,aiga escalator down mirror dot symbol signs,false,true,true,-0.068157,0.068642,0.068642,-0.054726,-0.005,-0.005,-0.170481,-0.075937,0.147726,0.184041,-0.144079,-0.157776,-0.198121,-0.239468,-0.322814,0.403584,-0.070413,-0.042972,-0.323426,-0.384627,1.022106,-0.256663,0.094034,0.162117,-0.064173,-0.109563,-0.16901,-0.281805,0.091074,-0.20234,0.333639,0.005538,-0.335119,-0.322191,0.001794,-0.010554,0.179253,-0.063057,-0.039025,-0.202354,-0.141347,-0.164775,0.155917,0.134938,-0.111564,-0.230455,-0.200692,-0.138233,0.14599,0.012459,-0.171226,-0.089925,-0.098599,0.118147,0.148476,-0.069697,-0.111994,-0.109549,0.048264,-0.079964,-0.061478,-0.043482,-0.01915,-0.026532,-0.018372,-0.062823,-0.034269,-0.064082,-0.01917,-0.044265,-0.07016,-0.176984,-0.047619,-0.061584,0.342645,-0.019848,-0.045952,0.173983,-0.008353,-0.043864,-0.65862,0.0,1.0,0.0,0.0,0.0,0.0,0.0,0.0,0.0,0.0,0.0,0.0,0.0,0.0,0.0,1.0,1.0,0.0,0.0,0.0,0.0,0.0,0.0,0.0,0.0,0.0,0.0,0.0,0.0,0.0,0.0,0.0,0.0,0.0,0.0,1.0,1.0,0.0,0.0,0.0,0.0,0.0,0.0,0.0,0.0,0.0,0.0,0.0,0.0,0.0,0.0,0.0,0.0,0.0,0.0,0.0,0.0,0.0,0.0,0.0,0.0,0.0,0.0,0.0,0.0,0.0,0.0,0.0,0.0,0.0,0.0,0.0,0.0,0.0,0.0,0.0,0.0,0.0,0.0,0.0,0.0,0.0,0.0,0.0,0.0,0.0,0.0,0.0,0.0,0.0,0.0,0.0,0.0,-0.276369,-0.281499,-0.276492,-0.276935,-0.277245,-0.187761,-0.241849
cfb5182dc1998eb7,02_aiga_dot_symbol_signs,AIGA/DOT Symbol Signs,Aiga fire extinguisher,Aiga fire extinguisher,AIGA/Wikimedia Commons,https://www.aiga.org/resources/symbol-signs,png,Aiga_fire_extinguisher.png,icon_data/iconsets/02_aiga_dot_symbol_signs/png_512/Aiga_fire_extinguisher.png,icon_data/normalized_256/02_aiga_dot_symbol_signs/aiga_fire_extinguisher__cfb5182dc199.png,,Aiga fire extinguisher | AIGA/DOT Symbol Signs,aiga fire extinguisher dot symbol signs,false,true,true,-0.271519,-0.11458,-0.11458,-0.053591,-0.112504,-0.112504,-0.170481,-0.094922,-0.051011,-0.275313,-0.103142,-0.125375,-0.11175,-0.21926,-0.126989,0.076049,0.25141,-0.012491,-0.058311,0.221384,-0.247795,0.122426,-0.073282,-0.070251,-0.072468,-0.155501,-0.17824,-0.215644,0.12251,-0.154528,0.565021,0.260474,-0.357477,-0.064286,-0.044502,-0.034026,-0.127152,0.177428,-0.111722,0.122528,0.024724,0.017357,-0.172074,0.197199,-0.330607,-0.230455,-0.15776,0.208961,-0.307004,-0.237181,-0.093225,0.301407,-0.158015,-0.175501,0.148476,-0.069697,-0.111994,-0.109549,0.313386,-0.079964,-0.061478,-0.043482,-0.01915,-0.026532,-0.018372,-0.062823,-0.034269,-0.064082,-0.01917,-0.044265,-0.07016,-0.176984,-0.047619,-0.061584,0.342645,-0.019848,-0.045952,0.173983,-0.008353,-0.043864,-1.508452,0.0,1.0,0.0,0.0,0.0,0.0,0.0,0.0,0.0,0.0,0.0,0.0,0.0,0.0,0.0,1.0,1.0,0.0,0.0,0.0,0.0,0.0,0.0,0.0,0.0,0.0,0.0,0.0,0.0,0.0,0.0,0.0,0.0,0.0,0.0,1.0,1.0,0.0,0.0,0.0,0.0,0.0,0.0,0.0,0.0,0.0,0.0,0.0,0.0,0.0,0.0,0.0,0.0,0.0,0.0,0.0,0.0,0.0,0.0,0.0,0.0,0.0,0.0,0.0,0.0,0.0,0.0,0.0,0.0,0.0,0.0,0.0,0.0,0.0,0.0,0.0,0.0,0.0,0.0,0.0,0.0,0.0,0.0,0.0,0.0,0.0,0.0,0.0,1.0,0.0,0.0,0.0,0.0,-0.276369,-0.281499,-0.276492,-0.276935,-0.277245,-0.187761,-0.241849
453de2a0ac7e4646,02_aiga_dot_symbol_signs,AIGA/DOT Symbol Signs,Aiga immigration,Aiga immigration,AIGA/Wikimedia Commons,https://www.aiga.org/resources/symbol-signs,png,Aiga_immigration.png,icon_data/iconsets/02_aiga_dot_symbol_signs/png_512/Aiga_immigration.png,icon_data/normalized_256/02_aiga_dot_symbol_signs/aiga_immigration__453de2a0ac7e.png,,Aiga immigration | AIGA/DOT Symbol Signs,aiga immigration dot symbol signs,false,true,true,-0.046124,0.327771,0.327771,-0.055556,0.102504,0.102504,-0.170481,-0.003691,0.213972,-0.107019,-0.190444,-0.267514,-0.281708,-0.2216,0.03785,-0.058768,0.046883,-0.003941,0.121082,-0.022129,-0.058202,-0.201621,0.094034,0.220208,-0.113943,0.166065,-0.010667,-0.21617,-0.026181,-0.257878,0.159664,0.252431,-0.37487,-0.27113,0.372164,0.012919,0.091708,0.177428,0.208791,-0.198315,0.165777,-0.008217,0.063249,-0.272073,-0.009111,-0.053208,-0.085296,-0.115936,-0.005938,0.258147,-0.174195,-0.274871,0.118402,0.316898,0.148476,-0.069697,-0.111994,-0.109549,0.300706,-0.079964,-0.061478,-0.043482,-0.01915,-0.026532,-0.018372,-0.062823,-0.034269,-0.064082,-0.01917,-0.044265,-0.07016,-0.176984,-0.047619,-0.061584,0.342645,-0.019848,-0.045952,0.102127,-0.008354,-0.043864,-1.398545,0.0,1.0,0.0,0.0,0.0,0.0,0.0,0.0,0.0,0.0,0.0,0.0,0.0,0.0,0.0,1.0,1.0,0.0,0.0,0.0,0.0,0.0,0.0,0.0,0.0,0.0,0.0,0.0,0.0,0.0,0.0,0.0,0.0,0.0,0.0,1.0,1.0,0.0,0.0,0.0,0.0,0.0,0.0,0.0,0.0,0.0,0.0,0.0,0.0,0.0,0.0,0.0,0.0,0.0,0.0,0.0,0.0,0.0,0.0,0.0,0.0,0.0,0.0,0.0,0.0,0.0,0.0,0.0,0.0,0.0,0.0,0.0,0.0,0.0,0.0,0.0,0.0,0.0,0.0,0.0,0.0,0.0,0.0,0.0,0.0,0.0,0.0,0.0,0.0,0.0,0.0,0.0,0.0,-0.276369,-0.281499,-0.276492,-0.276935,-0.277245,-0.187761,-0.241849
22dd7014ca4e0926,02_aiga_dot_symbol_signs,AIGA/DOT Symbol Signs,Aiga mail white,Aiga mail white,AIGA/Wikimedia Commons,https://www.aiga.org/resources/symbol-signs,png,Aiga_mail_white.png,icon_data/iconsets/02_aiga_dot_symbol_signs/png_512/Aiga_mail_white.png,icon_data/normalized_256/02_aiga_dot_symbol_signs/aiga_mail_white__22dd7014ca4e.png,,Aiga mail white | AIGA/DOT Symbol Signs,aiga mail white dot symbol signs,false,true,true,-0.512778,0.686362,0.686362,-0.056149,-0.112504,-0.112504,0.088249,-0.093276,-0.095175,0.220493,-0.424727,0.353484,-0.329783,-0.305893,0.337826,-0.345484,-0.185696,-0.646269,-0.524269,-0.622134,-0.53558,0.583742,-0.073282,-0.070251,-0.263252,-0.09425,-0.290168,-0.314901,0.119775,-0.361092,-0.32554,-0.113565,0.017288,-0.021885,-0.18339,-0.104443,0.099667,-0.155875,0.010732,-0.138157,-0.131138,0.012439,-0.029419,-0.325088,-0.308369,-0.034862,-0.006204,-0.249869,-0.256929,-0.02776,-0.005823,-0.137662,-0.127238,-0.024356,0.148476,-0.140332,-0.111994,-0.109549,-0.412668,-0.079964,-0.061478,-0.043482,-0.01915,-0.026532,-0.018372,-0.062823,-0.034269,-0.064082,-0.01917,-0.044265,-0.07016,0.259834,-0.047619,-0.061584,-0.209644,-0.019847,-0.045953,-0.346178,-0.008353,-0.043864,-1.598133,0.0,1.0,0.0,0.0,0.0,0.0,0.0,0.0,0.0,0.0,0.0,0.0,0.0,0.0,0.0,1.0,1.0,0.0,0.0,0.0,0.0,0.0,0.0,0.0,0.0,0.0,0.0,0.0,0.0,0.0,0.0,0.0,0.0,0.0,0.0,1.0,1.0,0.0,0.0,0.0,0.0,0.0,0.0,0.0,0.0,0.0,0.0,0.0,0.0,0.0,0.0,0.0,0.0,0.0,0.0,0.0,0.0,0.0,0.0,0.0,0.0,0.0,0.0,0.0,0.0,0.0,0.0,0.0,0.0,0.0,0.0,0.0,0.0,0.0,0.0,0.0,0.0,0.0,0.0,0.0,0.0,0.0,0.0,0.0,0.0,0.0,0.0,0.0,0.0,0.0,0.0,0.0,0.0,-0.276369,-0.281499,-0.276492,-0.276935,-0.277245,-0.187761,-0.241849
7ab893955ce53d32,02_aiga_dot_symbol_signs,AIGA/DOT Symbol Signs,Aiga restaurant,Aiga restaurant,AIGA/Wikimedia Commons,https://www.aiga.org/resources/symbol-signs,png,Aiga_restaurant.png,icon_data/iconsets/02_aiga_dot_symbol_signs/png_512/Aiga_restaurant.png,icon_data/normalized_256/02_aiga_dot_symbol_signs/aiga_restaurant__7ab893955ce5.png,,Aiga restaurant | AIGA/DOT Symbol Signs,aiga restaurant dot symbol signs,false,true,true,-0.170168,0.134079,0.134079,-0.054992,-0.058752,-0.058752,-0.170481,0.10017,-0.028929,-0.403828,-0.29389,-0.395508,-0.271233,-0.2224,0.000723,-0.037862,0.124867,-0.516077,-0.394434,1.008512,-0.3932,0.029549,0.094034,-0.070251,-0.113943,-0.262689,-0.30865,-0.219451,-0.188437,-0.334354,0.007245,0.143968,-0.236304,-0.065119,-0.044502,-0.034026,-0.294282,0.177428,-0.131107,-0.001972,0.064696,-0.141496,-0.228219,-0.016555,-0.048662,-0.203359,-0.231522,-0.16963,-0.131511,-0.210086,-0.174195,-0.058052,-0.057849,-0.150363,0.148476,-0.140332,-0.111994,-0.109549,0.321243,-0.079964,-0.061478,-0.043482,-0.01915,-0.026532,-0.018372,-0.062823,-0.034269,-0.064082,-0.01917,-0.044265,-0.07016,-0.176984,-0.047619,-0.061584,-0.209644,-0.019847,-0.045953,-0.346178,-0.008353,-0.043864,-1.598133,0.0,1.0,0.0,0.0,0.0,0.0,0.0,0.0,0.0,0.0,0.0,0.0,0.0,0.0,0.0,1.0,1.0,0.0,0.0,0.0,0.0,0.0,0.0,0.0,0.0,0.0,0.0,0.0,0.0,0.0,0.0,0.0,0.0,0.0,0.0,1.0,1.0,0.0,0.0,0.0,0.0,0.0,0.0,0.0,0.0,0.0,0.0,0.0,0.0,0.0,0.0,0.0,0.0,0.0,0.0,0.0,0.0,0.0,0.0,0.0,0.0,0.0,0.0,0.0,0.0,0.0,0.0,0.0,0.0,0.0,0.0,0.0,0.0,0.0,0.0,0.0,0.0,0.0,0.0,0.0,0.0,0.0,0.0,0.0,0.0,0.0,0.0,0.0,0.0,1.0,0.0,0.0,0.0,-0.276369,-0.281499,-0.276492,-0.276935,-0.277245,-0.187761,-0.241849
a775dde68401f18c,02_aiga_dot_symbol_signs,AIGA/DOT Symbol Signs,Aiga stairs,Aiga stairs,AIGA/Wikimedia Commons,https://www.aiga.org/resources/symbol-signs,png,Aiga_stairs.png,icon_data/iconsets/02_aiga_dot_symbol_signs/png_512/Aiga_stairs.png,icon_data/normalized_256/02_aiga_dot_symbol_signs/aiga_stairs__a775dde68401.png,,Aiga stairs | AIGA/DOT Symbol Signs,aiga stairs dot symbol signs,false,true,true,-0.314924,-0.070083,-0.070083,-0.05394,-0.112504,-0.112504,-0.170481,0.107382,0.059399,0.123128,-0.259293,-0.403346,-0.201347,-0.242854,-0.072574,-0.099415,0.625803,0.43273,-0.439006,0.219765,-0.527913,0.320153,0.094034,-0.070251,-0.196892,-0.063625,-0.47966,-0.688876,-0.199438,-0.328348,-0.218012,-0.132822,-0.466142,-0.439272,0.048091,0.036391,0.175273,-0.012428,-0.171172,-0.267417,-0.236964,0.117193,-0.242255,-0.375945,-0.100445,-0.160882,-0.172743,-0.087724,-0.363744,-0.237181,0.105985,-0.237282,-0.264022,-0.175501,0.148476,-0.140332,-0.111994,-0.109549,0.321243,-0.079964,-0.061478,-0.043482,-0.01915,-0.026532,-0.018372,-0.062823,-0.034269,-0.064082,-0.01917,-0.044265,-0.07016,-0.176984,-0.047619,-0.061584,-0.209644,-0.019847,-0.045953,-0.346178,-0.008353,-0.043864,-1.598133,0.0,1.0,0.0,0.0,0.0,0.0,0.0,0.0,0.0,0.0,0.0,0.0,0.0,0.0,0.0,1.0,1.0,0.0,0.0,0.0,0.0,0.0,0.0,0.0,0.0,0.0,0.0,0.0,0.0,0.0,0.0,0.0,0.0,0.0,0.0,1.0,1.0,0.0,0.0,0.0,0.0,0.0,0.0,0.0,0.0,0.0,0.0,0.0,0.0,0.0,0.0,0.0,0.0,0.0,0.0,0.0,0.0,0.0,0.0,0.0,0.0,0.0,0.0,0.0,0.0,0.0,0.0,0.0,0.0,0.0,0.0,0.0,0.0,0.0,0.0,0.0,0.0,0.0,0.0,0.0,0.0,0.0,0.0,0.0,0.0,0.0,0.0,0.0,0.0,0.0,0.0,0.0,0.0,-0.276369,-0.281499,-0.276492,-0.276935,-0.277245,-0.187761,-0.241849
8d956b8fd66bfd40,02_aiga_dot_symbol_signs,AIGA/DOT Symbol Signs,Aiga uparrow,Aiga uparrow,AIGA/Wikimedia Commons,https://www.aiga.org/resources/symbol-signs,png,Aiga_uparrow.png,icon_data/iconsets/02_aiga_dot_symbol_signs/png_512/Aiga_uparrow.png,icon_data/normalized_256/02_aiga_dot_symbol_signs/aiga_uparrow__8d956b8fd66b.png,,Aiga uparrow | AIGA/DOT Symbol Signs,aiga uparrow dot symbol signs,false,true,true,-0.243978,-0.056996,-0.056996,-0.054032,-0.112504,-0.112504,-0.170481,-0.077123,-0.03997,-0.165157,-0.196128,-0.155799,-0.180823,-0.142324,0.217845,-0.265735,0.02519,-0.63302,0.279113,0.261939,0.277794,0.049484,-0.073282,-0.070251,-0.279842,-0.293314,-0.210983,-0.381997,0.09303,-0.228038,-0.048559,0.131321,0.171412,-0.178676,-0.044502,0.012919,0.016102,0.177428,-0.171172,0.023419,0.020842,-0.164775,0.01627,0.04694,0.058397,0.015518,-0.107482,-0.20846,-0.227629,-0.115677,-0.174195,-0.082779,-0.081644,-0.175501,0.148476,-0.140332,-0.111994,-0.109549,0.321243,-0.079964,-0.061478,-0.043482,-0.01915,-0.026532,-0.018372,-0.062823,-0.034269,-0.064082,-0.01917,-0.044265,-0.07016,-0.176984,-0.047619,-0.061584,-0.209644,-0.019847,-0.045953,-0.346178,-0.008353,-0.043864,-1.598133,0.0,1.0,0.0,0.0,0.0,0.0,0.0,0.0,0.0,0.0,0.0,0.0,0.0,0.0,0.0,1.0,1.0,0.0,0.0,0.0,0.0,0.0,0.0,0.0,0.0,0.0,0.0,0.0,0.0,0.0,0.0,0.0,0.0,0.0,0.0,1.0,1.0,0.0,0.0,0.0,0.0,0.0,0.0,0.0,0.0,0.0,0.0,0.0,0.0,0.0,0.0,0.0,0.0,0.0,0.0,0.0,0.0,0.0,0.0,0.0,0.0,0.0,0.0,0.0,0.0,0.0,0.0,0.0,0.0,0.0,0.0,0.0,0.0,0.0,0.0,0.0,0.0,0.0,0.0,0.0,0.0,0.0,0.0,0.0,0.0,0.0,0.0,0.0,0.0,0.0,0.0,0.0,0.0,-0.276369,-0.281499,-0.276492,-0.276935,-0.277245,-0.187761,-0.241849
951be4fa343dfcc3,02_aiga_dot_symbol_signs,AIGA/DOT Symbol Signs,Toilet women,Toilet women,AIGA/Wikimedia Commons,https://www.aiga.org/resources/symbol-signs,png,Toilet_women.png,icon_data/iconsets/02_aiga_dot_symbol_signs/png_512/Toilet_women.png,icon_data/normalized_256/02_aiga_dot_symbol_signs/toilet_women__951be4fa343d.png,,Toilet women | AIGA/DOT Symbol Signs,toilet women aiga dot symbol signs,false,true,true,-0.267333,0.024146,0.024146,-0.054513,-0.058752,-0.058752,-0.170481,0.056766,0.07044,-0.459947,0.041832,-0.345651,-0.244004,-0.17594,-0.110502,0.051277,0.269044,-0.349553,-0.298452,0.737574,-0.312963,0.049145,-0.073282,-0.012159,0.027071,-0.048312,-0.373721,-0.190885,-0.121508,-0.302671,0.106733,-0.105124,0.149778,-0.041463,-0.044502,-0.034026,-0.381826,0.143676,-0.171172,-0.11594,-0.11791,-0.164775,-0.242255,-0.003455,-0.011176,-0.230455,-0.231522,-0.065882,-0.080197,-0.237181,-0.174195,-0.126943,-0.116695,-0.175501,0.148476,-0.140332,-0.111994,-0.109549,0.321243,-0.079964,-0.061478,-0.043482,-0.01915,-0.026532,-0.018372,-0.062823,-0.034269,-0.064082,-0.01917,-0.044265,-0.07016,-0.176984,-0.047619,-0.061584,-0.209644,-0.019847,-0.045953,-0.346178,-0.008353,-0.043864,-1.598133,0.0,1.0,0.0,0.0,0.0,0.0,0.0,0.0,0.0,0.0,0.0,0.0,0.0,0.0,0.0,1.0,1.0,0.0,0.0,0.0,0.0,0.0,0.0,0.0,0.0,0.0,0.0,0.0,0.0,0.0,0.0,0.0,0.0,0.0,0.0,1.0,1.0,0.0,0.0,0.0,0.0,0.0,0.0,0.0,0.0,0.0,0.0,0.0,0.0,0.0,0.0,0.0,0.0,0.0,0.0,0.0,0.0,0.0,0.0,0.0,0.0,0.0,0.0,0.0,0.0,0.0,0.0,0.0,0.0,0.0,0.0,0.0,0.0,0.0,0.0,0.0,0.0,0.0,0.0,0.0,0.0,0.0,0.0,0.0,0.0,0.0,0.0,0.0,0.0,0.0,1.0,0.0,0.0,-0.276369,-0.281499,-0.276492,-0.276935,-0.277245,-0.187761,-0.241849
26246a410ab5f5fc,03_mapbox_maki_icons,Mapbox Maki,bar,bar,Mapbox Maki GitHub,https://github.com/mapbox/maki,svg,bar.svg,icon_data/iconsets/03_mapbox_maki_icons/icons/bar.svg,icon_data/normalized_256/03_mapbox_maki_icons/bar__26246a410ab5.png,,bar | Mapbox Maki,bar mapbox maki,false,true,true,-0.481272,-0.122432,-0.122432,-0.053523,-0.112504,-0.112504,-0.170481,-0.149396,-0.073093,-0.043144,-0.095285,-0.02242,-0.049287,-0.179679,-0.213717,0.37984,-0.426741,0.769362,-0.411745,-0.199936,-0.398748,0.049564,-0.073282,-0.070251,-0.105648,-0.109563,0.008602,-0.167748,0.214198,-0.155319,0.464382,0.42653,0.198996,-0.207997,0.001794,-0.010554,0.115584,0.114143,0.270987,0.249624,0.255355,0.284079,-0.157751,0.136171,0.15259,-0.145077,-0.231522,-0.217106,-0.227009,-0.237181,-0.161827,0.132611,0.142197,-0.163718,0.148476,-0.079787,-0.111994,-0.109549,-0.00885,-0.079964,-0.061478,-0.043482,-0.01915,-0.026532,-0.018372,-0.062823,-0.034269,-0.064082,-0.01917,-0.044265,-0.07016,-0.176984,-0.047619,-0.061584,0.210041,-0.019847,-0.045952,-0.218978,-0.008353,-0.043864,1.877603,0.0,0.0,1.0,0.0,0.0,0.0,0.0,0.0,0.0,0.0,0.0,0.0,0.0,0.0,0.0,0.0,0.0,0.0,0.0,0.0,0.0,0.0,0.0,0.0,0.0,0.0,0.0,0.0,0.0,0.0,0.0,0.0,0.0,0.0,0.0,0.0,0.0,1.0,1.0,0.0,0.0,0.0,0.0,0.0,0.0,0.0,0.0,0.0,0.0,0.0,0.0,0.0,0.0,0.0,0.0,0.0,0.0,0.0,0.0,0.0,0.0,0.0,0.0,0.0,0.0,0.0,0.0,0.0,0.0,0.0,0.0,0.0,0.0,0.0,0.0,0.0,0.0,0.0,0.0,0.0,0.0,0.0,0.0,0.0,0.0,0.0,0.0,0.0,0.0,0.0,0.0,0.0,0.0,-0.276369,-0.281499,-0.276492,-0.276935,-0.277245,-0.187761,-0.241849
633d125136da3e33,03_mapbox_maki_icons,Mapbox Maki,casino,casino,Mapbox Maki GitHub,https://github.com/mapbox/maki,svg,casino.svg,icon_data/iconsets/03_mapbox_maki_icons/icons/casino.svg,icon_data/normalized_256/03_mapbox_maki_icons/casino__633d125136da.png,,casino | Mapbox Maki,casino mapbox maki,false,true,true,-0.499118,-0.10411,-0.10411,-0.053679,-0.112504,-0.112504,-0.170481,-0.173456,-0.03997,-0.144378,0.289042,0.028464,0.022637,0.064795,-0.383966,0.520227,-0.219368,0.068096,0.155832,-0.246594,0.152524,0.049444,-0.073282,-0.070251,-0.006109,-0.109563,0.098782,0.077351,0.255411,-0.102727,0.865411,0.077543,0.200122,0.019775,0.001794,0.012919,-0.011753,0.109924,-0.171172,-0.0063,0.000137,-0.164775,-0.063507,0.196121,0.212156,-0.054337,0.093489,0.2079,0.208157,0.080761,-0.150613,0.159767,0.169269,-0.153191,0.148476,-0.079787,-0.111994,-0.109549,0.088688,-0.079964,-0.061478,-0.043482,-0.01915,-0.026532,-0.018372,-0.062823,-0.034269,-0.064082,-0.01917,-0.044265,-0.07016,-0.176984,-0.047619,-0.061584,0.27731,-0.019847,-0.045953,0.102127,-0.008354,-0.043864,1.335856,0.0,0.0,1.0,0.0,0.0,0.0,0.0,0.0,0.0,0.0,0.0,0.0,0.0,0.0,0.0,0.0,0.0,0.0,0.0,0.0,0.0,0.0,0.0,0.0,0.0,0.0,0.0,0.0,0.0,0.0,0.0,0.0,0.0,0.0,0.0,0.0,0.0,1.0,1.0,0.0,0.0,0.0,0.0,0.0,0.0,0.0,0.0,0.0,0.0,0.0,0.0,0.0,0.0,0.0,0.0,0.0,0.0,0.0,0.0,0.0,0.0,0.0,0.0,0.0,0.0,0.0,0.0,0.0,0.0,0.0,0.0,0.0,0.0,0.0,0.0,0.0,0.0,0.0,0.0,0.0,0.0,0.0,0.0,0.0,0.0,0.0,0.0,0.0,0.0,0.0,0.0,0.0,0.0,-0.276369,-0.281499,-0.276492,-0.276935,-0.277245,-0.187761,-0.241849
70c66f7df237db99,03_mapbox_maki_icons,Mapbox Maki,defibrillator,defibrillator,Mapbox Maki GitHub,https://github.com/mapbox/maki,svg,defibrillator.svg,icon_data/iconsets/03_mapbox_maki_icons/icons/defibrillator.svg,icon_data/normalized_256/03_mapbox_maki_icons/defibrillator__70c66f7df237.png,,defibrillator | Mapbox Maki,defibrillator mapbox maki,false,true,true,-0.510355,-0.109345,-0.109345,-0.053636,-0.112504,-0.112504,-0.105799,-0.201859,-0.073093,0.026623,0.338563,0.353484,0.145261,0.103656,-0.355997,0.499163,-0.260185,-0.058813,0.121152,-0.261609,0.401757,-0.484177,-0.073282,-0.070251,0.085136,-0.186126,0.229488,0.152779,0.304645,0.003841,0.589179,0.049805,0.195642,-0.056227,0.001794,0.365006,0.123543,0.0382,0.087953,0.048954,0.055925,0.097849,0.266918,0.199203,0.19929,0.271227,-0.003611,0.208961,0.208932,-0.014777,-0.172216,0.044283,0.05571,-0.173616,0.148476,-0.079787,-0.111994,-0.109549,0.046898,-0.079964,-0.061478,-0.043482,-0.01915,-0.026532,-0.018372,-0.062823,-0.034269,-0.064082,-0.01917,-0.044265,-0.07016,-0.176984,-0.047619,-0.061584,0.210041,-0.019847,-0.045952,0.173983,-0.008353,-0.043864,1.610095,0.0,0.0,1.0,0.0,0.0,0.0,0.0,0.0,0.0,0.0,0.0,0.0,0.0,0.0,0.0,0.0,0.0,0.0,0.0,0.0,0.0,0.0,0.0,0.0,0.0,0.0,0.0,0.0,0.0,0.0,0.0,0.0,0.0,0.0,0.0,0.0,0.0,1.0,1.0,0.0,0.0,0.0,0.0,0.0,0.0,0.0,0.0,0.0,0.0,0.0,0.0,0.0,0.0,0.0,0.0,0.0,0.0,0.0,0.0,0.0,0.0,0.0,0.0,0.0,0.0,0.0,0.0,0.0,0.0,0.0,0.0,0.0,0.0,0.0,0.0,0.0,0.0,0.0,0.0,0.0,0.0,0.0,0.0,0.0,0.0,0.0,0.0,0.0,0.0,0.0,0.0,0.0,0.0,-0.276369,-0.281499,-0.276492,-0.276935,-0.277245,-0.187761,-0.241849
ca282d9b8d67354b,03_mapbox_maki_icons,Mapbox Maki,fire station,fire station,Mapbox Maki GitHub,https://github.com/mapbox/maki,svg,fire-station.svg,icon_data/iconsets/03_mapbox_maki_icons/icons/fire-station.svg,icon_data/normalized_256/03_mapbox_maki_icons/fire_station__ca282d9b8d67.png,,fire station | Mapbox Maki,fire station mapbox maki,false,true,true,-0.512778,0.018911,0.018911,-0.054486,-0.112504,-0.112504,-0.105799,-0.200258,-0.017888,-0.033377,0.228311,0.353484,-0.042371,0.10564,-0.431539,0.591184,-0.268486,-0.398182,0.198972,0.139527,0.199591,0.583007,-0.073282,-0.070251,-0.047583,0.212003,0.310979,0.162547,0.301853,-0.058497,0.384097,-0.073379,0.199061,0.056269,0.001794,0.012919,0.123543,0.109924,0.002009,0.020389,0.0276,0.010799,0.24128,0.193501,0.209774,0.24766,0.259741,-0.001873,-0.004543,0.244741,-0.005988,0.201216,0.210304,-0.015872,0.148476,-0.079787,-0.111994,-0.109549,0.064802,-0.079964,-0.061478,-0.043482,-0.01915,-0.026532,-0.018372,-0.062823,-0.034269,-0.064082,-0.01917,-0.044265,-0.07016,-0.176984,-0.047619,-0.061584,0.27731,-0.019847,-0.045953,-0.218978,-0.008353,-0.043864,1.551911,0.0,0.0,1.0,0.0,0.0,0.0,0.0,0.0,0.0,0.0,0.0,0.0,0.0,0.0,0.0,0.0,0.0,0.0,0.0,0.0,0.0,0.0,0.0,0.0,0.0,0.0,0.0,0.0,0.0,0.0,0.0,0.0,0.0,0.0,0.0,0.0,0.0,1.0,1.0,0.0,0.0,0.0,0.0,0.0,0.0,0.0,0.0,0.0,0.0,0.0,0.0,0.0,0.0,0.0,0.0,0.0,0.0,0.0,0.0,0.0,0.0,0.0,0.0,0.0,0.0,0.0,0.0,0.0,0.0,0.0,0.0,0.0,0.0,0.0,0.0,0.0,0.0,0.0,0.0,0.0,0.0,0.0,0.0,0.0,0.0,0.0,0.0,0.0,1.0,0.0,0.0,0.0,0.0,-0.276369,-0.281499,-0.276492,-0.276935,-0.277245,-0.187761,-0.241849
bbdb16044679062a,03_mapbox_maki_icons,Mapbox Maki,horse riding,horse riding,Mapbox Maki GitHub,https://github.com/mapbox/maki,svg,horse-riding.svg,icon_data/iconsets/03_mapbox_maki_icons/icons/horse-riding.svg,icon_data/normalized_256/03_mapbox_maki_icons/horse_riding__bbdb16044679.png,,horse riding | Mapbox Maki,horse riding mapbox maki,false,true,true,-0.476424,-0.106727,-0.106727,-0.053658,-0.112504,-0.112504,-0.170481,-0.136537,-0.006847,-0.036642,-0.066407,-0.048175,-0.103326,-0.131691,-0.285318,0.271074,0.226725,-0.1165,-0.024236,0.290624,-0.235416,0.343229,-0.073282,-0.070251,-0.180302,0.089502,0.092744,-0.190036,0.192353,-0.108399,0.223422,0.197429,-0.239509,-0.232529,0.001794,-0.010554,0.187211,0.181647,-0.171172,0.035104,-0.115609,-0.151168,-0.087856,-0.012856,0.033936,0.254575,0.339553,0.208961,0.173585,-0.103259,0.222905,0.030705,0.060982,-0.175501,0.148476,-0.079787,-0.111994,-0.109549,-0.009415,-0.079964,-0.061478,-0.043482,-0.01915,-0.026532,-0.018372,-0.062823,-0.034269,-0.064082,-0.01917,-0.044265,-0.07016,-0.176984,-0.047619,-0.061584,0.210041,-0.019847,-0.045952,0.027773,-0.008353,-0.043864,1.881845,0.0,0.0,1.0,0.0,0.0,0.0,0.0,0.0,0.0,0.0,0.0,0.0,0.0,0.0,0.0,0.0,0.0,0.0,0.0,0.0,0.0,0.0,0.0,0.0,0.0,0.0,0.0,0.0,0.0,0.0,0.0,0.0,0.0,0.0,0.0,0.0,0.0,1.0,1.0,0.0,0.0,0.0,0.0,0.0,0.0,0.0,0.0,0.0,0.0,0.0,0.0,0.0,0.0,0.0,0.0,0.0,0.0,0.0,0.0,0.0,0.0,0.0,0.0,0.0,0.0,0.0,0.0,0.0,0.0,0.0,0.0,0.0,0.0,0.0,0.0,0.0,0.0,0.0,0.0,0.0,0.0,0.0,0.0,0.0,0.0,0.0,0.0,0.0,0.0,0.0,0.0,0.0,0.0,-0.276369,-0.281499,-0.276492,-0.276935,-0.277245,-0.187761,-0.241849
ce5351620f2eb860,03_mapbox_maki_icons,Mapbox Maki,parking garage,parking garage,Mapbox Maki GitHub,https://github.com/mapbox/maki,svg,parking-garage.svg,icon_data/iconsets/03_mapbox_maki_icons/icons/parking-garage.svg,icon_data/normalized_256/03_mapbox_maki_icons/parking_garage__ce5351620f2e.png,,parking garage | Mapbox Maki,parking garage mapbox maki,false,true,true,-0.50705,0.115757,0.115757,-0.054922,-0.058752,-0.058752,-0.105799,-0.120791,0.004194,-0.011472,0.009459,-0.078446,-0.172687,-0.146814,-0.370431,0.518114,-0.266387,0.614612,-0.210548,-0.277978,-0.247147,0.176881,0.26135,-0.012159,-0.047583,0.273254,0.048341,-0.209012,0.165773,-0.179649,-0.015394,0.222446,0.017804,-0.182563,0.001794,-0.198333,0.187211,0.147895,0.112508,0.166529,0.16779,0.120964,-0.032141,0.081307,0.074917,-0.003533,-0.194641,0.198799,0.143355,-0.157166,-0.144511,0.195499,-0.239515,-0.175501,0.148476,-0.079787,-0.111994,-0.109549,-0.068917,-0.079964,-0.061478,-0.043482,-0.01915,-0.026532,-0.018372,-0.062823,-0.034269,-0.064082,-0.01917,-0.044265,-0.07016,0.205309,-0.047619,-0.061584,0.210041,-0.019847,-0.045952,-0.131345,-0.008353,-0.043864,1.962699,0.0,0.0,1.0,0.0,0.0,0.0,0.0,0.0,0.0,0.0,0.0,0.0,0.0,0.0,0.0,0.0,0.0,0.0,0.0,0.0,0.0,0.0,0.0,0.0,0.0,0.0,0.0,0.0,0.0,0.0,0.0,0.0,0.0,0.0,0.0,0.0,0.0,1.0,1.0,0.0,0.0,0.0,0.0,0.0,0.0,0.0,0.0,0.0,0.0,0.0,0.0,0.0,0.0,0.0,0.0,0.0,0.0,0.0,0.0,0.0,0.0,0.0,0.0,0.0,0.0,0.0,0.0,0.0,0.0,0.0,0.0,0.0,0.0,0.0,0.0,0.0,0.0,0.0,0.0,0.0,0.0,0.0,0.0,0.0,0.0,0.0,0.0,0.0,0.0,0.0,0.0,0.0,0.0,-0.276369,-0.281499,-0.276492,-0.276935,-0.277245,-0.187761,-0.241849
ab05a4526c352168,03_mapbox_maki_icons,Mapbox Maki,rail light,rail light,Mapbox Maki GitHub,https://github.com/mapbox/maki,svg,rail-light.svg,icon_data/iconsets/03_mapbox_maki_icons/icons/rail-light.svg,icon_data/normalized_256/03_mapbox_maki_icons/rail_light__ab05a4526c35.png,,rail light | Mapbox Maki,rail light mapbox maki,false,true,true,-0.431477,0.042468,0.042468,-0.054604,-0.112504,-0.112504,0.088249,-0.168287,-0.051011,-0.298764,0.161338,0.353484,-0.145536,0.082991,-0.21861,0.242919,0.054862,0.273768,-0.305202,0.149563,-0.314125,0.049487,-0.073282,-0.070251,0.043661,0.120127,0.043309,0.134726,0.246519,-0.173835,0.19812,-0.033277,0.200467,-0.019827,0.001794,-0.010554,-0.155007,0.181647,-0.168264,0.217021,0.222859,-0.161824,-0.198427,0.115982,0.130035,-0.187272,-0.204582,0.17635,0.175601,-0.210791,-0.026437,0.200787,0.210161,-0.034726,0.148476,-0.079787,-0.111994,-0.109549,0.004279,-0.079964,-0.061478,-0.043482,-0.01915,-0.026532,-0.018372,-0.062823,-0.034269,-0.064082,-0.01917,-0.044265,-0.07016,-0.176984,-0.047619,-0.061584,-0.090564,-0.019847,-0.045953,0.173983,-0.008353,-0.043864,1.897808,0.0,0.0,1.0,0.0,0.0,0.0,0.0,0.0,0.0,0.0,0.0,0.0,0.0,0.0,0.0,0.0,0.0,0.0,0.0,0.0,0.0,0.0,0.0,0.0,0.0,0.0,0.0,0.0,0.0,0.0,0.0,0.0,0.0,0.0,0.0,0.0,0.0,1.0,1.0,0.0,0.0,0.0,0.0,0.0,0.0,0.0,0.0,0.0,0.0,0.0,0.0,0.0,0.0,0.0,0.0,0.0,0.0,0.0,0.0,0.0,0.0,0.0,0.0,0.0,0.0,0.0,0.0,0.0,0.0,0.0,0.0,0.0,0.0,0.0,0.0,0.0,0.0,0.0,0.0,0.0,0.0,0.0,0.0,0.0,0.0,0.0,0.0,0.0,0.0,0.0,0.0,1.0,0.0,-0.276369,-0.281499,-0.276492,-0.276935,-0.277245,-0.187761,-0.241849
b6aae574e74b8cfe,03_mapbox_maki_icons,Mapbox Maki,restaurant bbq,restaurant bbq,Mapbox Maki GitHub,https://github.com/mapbox/maki,svg,restaurant-bbq.svg,icon_data/iconsets/03_mapbox_maki_icons/icons/restaurant-bbq.svg,icon_data/normalized_256/03_mapbox_maki_icons/restaurant_bbq__b6aae574e74b.png,,restaurant bbq | Mapbox Maki,restaurant bbq mapbox maki,false,true,true,-0.501542,0.073877,0.073877,-0.054749,-0.112504,-0.112504,-0.170481,-0.146857,-0.028929,-0.067121,-0.050448,-0.027583,-0.126575,-0.016482,-0.297838,0.339022,0.047528,-0.51711,-0.107255,0.647347,-0.112801,-0.116361,-0.073282,-0.070251,0.1432,-0.002374,0.271559,0.021561,0.209874,-0.102532,0.323108,0.017345,-0.091758,0.061536,0.464756,-0.010554,0.147418,0.181647,0.240293,0.179368,-0.005614,0.367358,0.190291,0.175161,0.21438,-0.058006,-0.034729,-0.035091,0.206916,-0.066286,0.055523,-0.000453,-0.012112,0.327738,0.148476,-0.079787,-0.111994,-0.109549,-0.001236,-0.079964,-0.061478,-0.043482,-0.01915,-0.026532,-0.018372,-0.062823,-0.034269,-0.064082,-0.01917,-0.044265,-0.07016,-0.176984,-0.047619,-0.061584,0.140434,-0.019847,-0.045952,0.173983,-0.008353,-0.043864,1.875998,0.0,0.0,1.0,0.0,0.0,0.0,0.0,0.0,0.0,0.0,0.0,0.0,0.0,0.0,0.0,0.0,0.0,0.0,0.0,0.0,0.0,0.0,0.0,0.0,0.0,0.0,0.0,0.0,0.0,0.0,0.0,0.0,0.0,0.0,0.0,0.0,0.0,1.0,1.0,0.0,0.0,0.0,0.0,0.0,0.0,0.0,0.0,0.0,0.0,0.0,0.0,0.0,0.0,0.0,0.0,0.0,0.0,0.0,0.0,0.0,0.0,0.0,0.0,0.0,0.0,0.0,0.0,0.0,0.0,0.0,0.0,0.0,0.0,0.0,0.0,0.0,0.0,0.0,0.0,0.0,0.0,0.0,0.0,0.0,0.0,0.0,0.0,0.0,0.0,1.0,0.0,0.0,0.0,-0.276369,-0.281499,-0.276492,-0.276935,-0.277245,-0.187761,-0.241849
c4317c54e3675826,03_mapbox_maki_icons,Mapbox Maki,theatre,theatre,Mapbox Maki GitHub,https://github.com/mapbox/maki,svg,theatre.svg,icon_data/iconsets/03_mapbox_maki_icons/icons/theatre.svg,icon_data/normalized_256/03_mapbox_maki_icons/theatre__c4317c54e367.png,,theatre | Mapbox Maki,theatre mapbox maki,false,true,true,-0.491186,-0.038673,-0.038673,-0.054153,-0.112504,-0.112504,-0.041116,-0.205625,-0.03997,-0.036642,0.265275,0.353484,0.057961,0.169708,-0.138338,0.266011,-0.344194,0.063031,-0.306249,0.390452,-0.376741,-0.264756,-0.073282,-0.070251,-0.072468,0.012939,0.3828,0.236733,0.311221,-0.052619,0.37017,-0.0918,-0.06976,-0.021973,0.001794,-0.010554,0.123543,0.114143,0.32026,0.194227,-0.000582,-0.135103,0.271071,0.185795,0.188171,0.271933,0.232657,0.200771,0.117775,0.26097,-0.155725,-0.07892,0.21643,0.206603,0.148476,-0.079787,-0.111994,-0.109549,0.0118,-0.079964,-0.061478,-0.043482,-0.01915,-0.026532,-0.018372,-0.062823,-0.034269,-0.064082,-0.01917,-0.044265,-0.07016,-0.176984,-0.047619,-0.061584,-0.090564,-0.019847,-0.045953,0.102127,-0.008354,-0.043864,1.904133,0.0,0.0,1.0,0.0,0.0,0.0,0.0,0.0,0.0,0.0,0.0,0.0,0.0,0.0,0.0,0.0,0.0,0.0,0.0,0.0,0.0,0.0,0.0,0.0,0.0,0.0,0.0,0.0,0.0,0.0,0.0,0.0,0.0,0.0,0.0,0.0,0.0,1.0,1.0,0.0,0.0,0.0,0.0,0.0,0.0,0.0,0.0,0.0,0.0,0.0,0.0,0.0,0.0,0.0,0.0,0.0,0.0,0.0,0.0,0.0,0.0,0.0,0.0,0.0,0.0,0.0,0.0,0.0,0.0,0.0,0.0,0.0,0.0,0.0,0.0,0.0,0.0,0.0,0.0,0.0,0.0,0.0,0.0,0.0,0.0,0.0,0.0,0.0,0.0,0.0,0.0,0.0,0.0,-0.276369,-0.281499,-0.276492,-0.276935,-0.277245,-0.187761,-0.241849
6cd75929d0d2a3f0,03_mapbox_maki_icons,Mapbox Maki,waste basket,waste basket,Mapbox Maki GitHub,https://github.com/mapbox/maki,svg,waste-basket.svg,icon_data/iconsets/03_mapbox_maki_icons/icons/waste-basket.svg,icon_data/normalized_256/03_mapbox_maki_icons/waste_basket__6cd75929d0d2.png,,waste basket | Mapbox Maki,waste basket mapbox maki,false,true,true,-0.373972,-0.10411,-0.10411,-0.053679,-0.112504,-0.112504,-0.170481,-0.202547,-0.073093,-0.153682,0.318708,0.095174,0.284127,0.212421,-0.21995,0.31819,-0.193777,0.800812,-0.365841,-0.273875,-0.375807,0.049566,0.094034,-0.070251,0.051956,-0.247376,0.25504,0.285246,0.305845,0.097009,1.532843,-0.129456,0.200111,0.112053,0.001794,-0.010554,-0.019711,0.114143,-0.044517,0.17807,0.184038,-0.03625,0.060814,0.199203,0.215651,0.067591,-0.031991,0.208961,0.208932,-0.042154,-0.056615,0.235375,0.244642,-0.063792,0.148476,-0.079787,-0.111994,-0.109549,0.091715,-0.079964,-0.061478,-0.043482,-0.01915,-0.026532,-0.018372,-0.062823,-0.034269,-0.064082,-0.01917,-0.044265,-0.07016,-0.176984,-0.047619,-0.061584,0.27731,-0.019847,-0.045953,0.102127,-0.008354,-0.043864,1.229352,0.0,0.0,1.0,0.0,0.0,0.0,0.0,0.0,0.0,0.0,0.0,0.0,0.0,0.0,0.0,0.0,0.0,0.0,0.0,0.0,0.0,0.0,0.0,0.0,0.0,0.0,0.0,0.0,0.0,0.0,0.0,0.0,0.0,0.0,0.0,0.0,0.0,1.0,1.0,0.0,0.0,0.0,0.0,0.0,0.0,0.0,0.0,0.0,0.0,0.0,0.0,0.0,0.0,0.0,0.0,0.0,0.0,0.0,0.0,0.0,0.0,0.0,0.0,0.0,0.0,0.0,0.0,0.0,0.0,0.0,0.0,0.0,0.0,0.0,0.0,0.0,0.0,0.0,0.0,0.0,0.0,0.0,0.0,0.0,0.0,0.0,0.0,0.0,0.0,0.0,0.0,0.0,0.0,-0.276369,-0.281499,-0.276492,-0.276935,-0.277245,-0.187761,-0.241849
47e3bd73efa382ae,04_ocha_humanitarian_icons,OCHA Humanitarian Icons,child combatant,child combatant,MapAction OCHA humanitarian icons for GIS,https://github.com/mapaction/ocha-humanitarian-icons-for-gis,svg,child-combatant.svg,icon_data/iconsets/04_ocha_humanitarian_icons/humanitarian-icons-v2-1-svg/child-combatant.svg,icon_data/normalized_256/04_ocha_humanitarian_icons/child_combatant__47e3bd73efa3.png,,child combatant | OCHA Humanitarian Icons,child combatant ocha humanitarian icons,false,true,true,-0.103629,0.254482,0.254482,-0.055373,-0.005,-0.005,-0.170481,-0.013639,0.169808,-0.036642,-0.310747,-0.253551,-0.269255,-0.286588,-0.26331,0.282442,0.100317,-0.371303,-0.090939,0.526321,-0.157247,-0.383512,-0.073282,0.104025,0.068546,0.043564,-0.011918,-0.291121,-0.010254,-0.256624,0.037714,-0.009307,-0.201174,-0.037753,0.001794,-0.010554,0.187211,0.181647,-0.011561,-0.03948,-0.256806,0.085554,0.150474,0.047094,-0.277236,0.183451,0.043067,-0.075134,-0.212281,0.259841,0.074158,-0.042331,-0.253906,0.246039,0.148476,-0.079787,-0.111994,-0.109549,0.232471,-0.079964,-0.061478,-0.043482,-0.01915,-0.026532,-0.018372,-0.062823,-0.034269,-0.064082,-0.01917,-0.044265,-0.07016,-0.176984,-0.047619,-0.061584,-0.008526,-0.019847,-0.045953,0.027773,-0.008353,-0.043864,-0.147362,0.0,0.0,0.0,1.0,0.0,0.0,0.0,0.0,0.0,0.0,0.0,0.0,0.0,0.0,0.0,0.0,0.0,0.0,0.0,0.0,0.0,0.0,0.0,0.0,0.0,0.0,0.0,0.0,0.0,0.0,0.0,0.0,0.0,0.0,0.0,0.0,0.0,0.0,0.0,1.0,1.0,1.0,0.0,0.0,0.0,0.0,0.0,0.0,0.0,0.0,0.0,0.0,0.0,0.0,0.0,0.0,0.0,0.0,0.0,0.0,0.0,0.0,0.0,0.0,0.0,0.0,0.0,0.0,0.0,0.0,0.0,0.0,0.0,0.0,0.0,0.0,0.0,0.0,0.0,0.0,0.0,0.0,0.0,0.0,0.0,0.0,0.0,0.0,0.0,0.0,0.0,0.0,0.0,-0.276369,-0.281499,-0.276492,-0.276935,-0.277245,-0.187761,-0.241849
ccaf59c0ceb35dab,04_ocha_humanitarian_icons,OCHA Humanitarian Icons,food,food,MapAction OCHA humanitarian icons for GIS,https://github.com/mapaction/ocha-humanitarian-icons-for-gis,svg,food.svg,icon_data/iconsets/04_ocha_humanitarian_icons/humanitarian-icons-v2-1-svg/food.svg,icon_data/normalized_256/04_ocha_humanitarian_icons/food__ccaf59c0ceb3.png,,food | OCHA Humanitarian Icons,food ocha humanitarian icons,false,true,true,-0.234725,-0.344916,-0.344916,-0.04975,-0.112504,-0.112504,-0.170481,-0.212534,-0.095175,0.311614,0.388157,0.119518,0.508554,0.454651,0.343797,-0.348752,-0.198559,0.683649,-0.101031,-0.500648,-0.110447,-0.484946,-0.073282,-0.070251,-0.296432,-0.32394,0.393109,0.579505,0.323313,0.534157,-0.389942,-0.145824,0.200514,0.231256,0.001794,-0.034026,0.187211,-0.151656,0.087306,-0.036595,-0.029914,0.097521,0.344404,0.199203,0.215651,0.347573,0.35857,0.208961,0.208932,0.340843,0.079105,-0.055337,-0.045168,0.065828,0.148476,-0.069697,-0.111994,-0.109549,0.080171,-0.079964,-0.061478,-0.043482,-0.01915,-0.026532,-0.018372,-0.062823,-0.034269,-0.064082,-0.01917,-0.044265,-0.07016,-0.176984,-0.047619,-0.061584,0.342645,-0.019848,-0.045952,0.173983,-0.008353,-0.043864,-0.456217,0.0,0.0,0.0,1.0,0.0,0.0,0.0,0.0,0.0,0.0,0.0,0.0,0.0,0.0,0.0,0.0,0.0,0.0,0.0,0.0,0.0,0.0,0.0,0.0,0.0,0.0,0.0,0.0,0.0,0.0,0.0,0.0,0.0,0.0,0.0,0.0,0.0,0.0,0.0,1.0,1.0,1.0,0.0,0.0,0.0,0.0,0.0,0.0,0.0,0.0,0.0,0.0,0.0,0.0,0.0,0.0,0.0,0.0,0.0,0.0,0.0,0.0,0.0,0.0,0.0,0.0,0.0,0.0,0.0,0.0,0.0,0.0,0.0,0.0,0.0,0.0,0.0,0.0,0.0,0.0,0.0,0.0,0.0,0.0,0.0,0.0,0.0,0.0,0.0,0.0,0.0,0.0,0.0,-0.276369,-0.281499,-0.276492,-0.276935,-0.277245,-0.187761,-0.241849
e0d2e112cc0df560,04_ocha_humanitarian_icons,OCHA Humanitarian Icons,health facility destroyed,health facility destroyed,MapAction OCHA humanitarian icons for GIS,https://github.com/mapaction/ocha-humanitarian-icons-for-gis,svg,health-facility-destroyed.svg,icon_data/iconsets/04_ocha_humanitarian_icons/humanitarian-icons-v2-1-svg/health-facility-destroyed.svg,icon_data/normalized_256/04_ocha_humanitarian_icons/health_facility_destroyed__e0d2e112cc0d.png,,health facility destroyed | OCHA Humanitarian Icons,health facility destroyed ocha humanitarian icons,false,true,true,-0.176778,0.089582,0.089582,-0.054817,-0.058752,-0.058752,-0.041116,-0.159608,0.004194,-0.036642,-0.030815,0.353484,-0.232712,-0.204367,0.140967,-0.085576,-0.275182,-0.276643,0.26822,-0.058692,0.259713,-0.208186,0.094034,-0.012159,0.051956,0.028251,0.086681,-0.195892,0.231636,-0.203014,0.237041,0.176345,-0.355767,-0.356891,0.001794,-0.010554,0.187211,0.181647,0.339646,0.045924,-0.249473,-0.164775,0.068691,-0.10933,0.137183,0.02836,-0.231522,0.009048,-0.224683,0.243471,-0.174195,0.136756,0.200615,0.468042,0.148476,-0.079787,-0.111994,-0.109549,0.263811,-0.079964,-0.061478,-0.043482,-0.01915,-0.026532,-0.018372,-0.062823,-0.034269,-0.064082,-0.01917,-0.044265,-0.07016,-0.176984,-0.047619,-0.061584,-0.090564,-0.019847,-0.045953,0.173983,-0.008353,-0.043864,-0.556001,0.0,0.0,0.0,1.0,0.0,0.0,0.0,0.0,0.0,0.0,0.0,0.0,0.0,0.0,0.0,0.0,0.0,0.0,0.0,0.0,0.0,0.0,0.0,0.0,0.0,0.0,0.0,0.0,0.0,0.0,0.0,0.0,0.0,0.0,0.0,0.0,0.0,0.0,0.0,1.0,1.0,1.0,0.0,0.0,0.0,0.0,0.0,0.0,0.0,0.0,0.0,0.0,0.0,0.0,0.0,0.0,0.0,0.0,0.0,0.0,0.0,0.0,0.0,0.0,0.0,0.0,0.0,0.0,0.0,0.0,0.0,0.0,0.0,0.0,0.0,0.0,0.0,0.0,0.0,0.0,0.0,0.0,0.0,0.0,0.0,0.0,0.0,0.0,0.0,0.0,0.0,0.0,1.0,-0.276369,-0.281499,-0.276492,-0.276935,-0.277245,-0.187761,-0.241849
5cea9f126476238d,04_ocha_humanitarian_icons,OCHA Humanitarian Icons,house affected,house affected,MapAction OCHA humanitarian icons for GIS,https://github.com/mapaction/ocha-humanitarian-icons-for-gis,svg,house-affected.svg,icon_data/iconsets/04_ocha_humanitarian_icons/humanitarian-icons-v2-1-svg/house-affected.svg,icon_data/normalized_256/04_ocha_humanitarian_icons/house_affected__5cea9f126476.png,,house affected | OCHA Humanitarian Icons,house affected ocha humanitarian icons,false,true,true,-0.261164,-0.025586,-0.025586,-0.054234,-0.058752,-0.058752,-0.041116,-0.152295,0.048358,-0.036642,0.017758,0.353484,-0.121033,-0.169878,0.049337,0.011653,-0.236699,-0.415757,0.173799,0.194619,0.164563,-0.224901,-0.073282,-0.012159,-0.221777,-0.063625,0.128041,-0.155946,0.219139,-0.076424,0.731469,0.173299,-0.32965,-0.295063,0.001794,-0.010554,0.187211,0.181647,0.363232,0.063668,-0.224598,-0.164611,0.080293,-0.113337,0.148143,0.099625,-0.231522,-0.082263,0.208932,0.340843,-0.174195,0.036136,0.00983,0.432063,0.148476,-0.079787,-0.111994,-0.109549,0.280902,-0.079964,-0.061478,-0.043482,-0.01915,-0.026532,-0.018372,-0.062823,-0.034269,-0.064082,-0.01917,-0.044265,-0.07016,-0.176984,-0.047619,-0.061584,-0.090564,-0.019847,-0.045953,0.027773,-0.008353,-0.043864,-0.805334,0.0,0.0,0.0,1.0,0.0,0.0,0.0,0.0,0.0,0.0,0.0,0.0,0.0,0.0,0.0,0.0,0.0,0.0,0.0,0.0,0.0,0.0,0.0,0.0,0.0,0.0,0.0,0.0,0.0,0.0,0.0,0.0,0.0,0.0,0.0,0.0,0.0,0.0,0.0,1.0,1.0,1.0,0.0,0.0,0.0,0.0,0.0,0.0,0.0,0.0,0.0,0.0,0.0,0.0,0.0,0.0,0.0,0.0,0.0,0.0,0.0,0.0,0.0,0.0,0.0,0.0,0.0,0.0,0.0,0.0,0.0,0.0,0.0,0.0,0.0,0.0,0.0,0.0,0.0,0.0,0.0,0.0,0.0,0.0,0.0,0.0,0.0,0.0,0.0,0.0,0.0,0.0,0.0,-0.276369,-0.281499,-0.276492,-0.276935,-0.277245,-0.187761,-0.241849
714e0ea28c0b44d6,04_ocha_humanitarian_icons,OCHA Humanitarian Icons,potable water,potable water,MapAction OCHA humanitarian icons for GIS,https://github.com/mapaction/ocha-humanitarian-icons-for-gis,svg,potable-water.svg,icon_data/iconsets/04_ocha_humanitarian_icons/humanitarian-icons-v2-1-svg/potable-water.svg,icon_data/normalized_256/04_ocha_humanitarian_icons/potable_water__714e0ea28c0b.png,,potable water | OCHA Humanitarian Icons,potable water ocha humanitarian icons,false,true,true,-0.296416,-0.261157,-0.261157,-0.051771,-0.112504,-0.112504,-0.170481,-0.215118,-0.095175,-0.246949,0.388157,0.125945,0.516721,0.454651,0.346199,-0.350066,-0.203733,-0.138723,-0.437875,0.710777,-0.445916,0.049484,-0.073282,-0.070251,-0.296432,-0.32394,0.455946,0.579505,0.327845,0.588982,-0.389941,-0.145824,0.192784,0.239594,-0.044502,-0.010554,-0.087359,0.181647,0.139002,0.323488,0.328972,0.139488,0.032741,0.199203,0.215651,0.031464,0.045084,0.208961,0.208932,0.024736,0.14243,0.310554,0.319588,0.116104,0.148476,-0.069697,-0.111994,-0.109549,0.037525,-0.079964,-0.061478,-0.043482,-0.01915,-0.026532,-0.018372,-0.062823,-0.034269,-0.064082,-0.01917,-0.044265,-0.07016,-0.176984,-0.047619,-0.061584,0.342645,-0.019848,-0.045952,0.173983,-0.008353,-0.043864,-0.360824,0.0,0.0,0.0,1.0,0.0,0.0,0.0,0.0,0.0,0.0,0.0,0.0,0.0,0.0,0.0,0.0,0.0,0.0,0.0,0.0,0.0,0.0,0.0,0.0,0.0,0.0,0.0,0.0,0.0,0.0,0.0,0.0,0.0,0.0,0.0,0.0,0.0,0.0,0.0,1.0,1.0,1.0,0.0,0.0,0.0,0.0,0.0,0.0,0.0,0.0,0.0,0.0,0.0,0.0,0.0,0.0,0.0,0.0,0.0,0.0,0.0,0.0,0.0,0.0,0.0,0.0,0.0,0.0,0.0,0.0,0.0,0.0,0.0,0.0,0.0,0.0,0.0,0.0,0.0,0.0,0.0,0.0,0.0,0.0,0.0,0.0,0.0,0.0,0.0,0.0,0.0,0.0,0.0,-0.276369,-0.281499,-0.276492,-0.276935,-0.277245,-0.187761,-0.241849
d2908bcd850fab66,04_ocha_humanitarian_icons,OCHA Humanitarian Icons,remove,remove,MapAction OCHA humanitarian icons for GIS,https://github.com/mapaction/ocha-humanitarian-icons-for-gis,svg,remove.svg,icon_data/iconsets/04_ocha_humanitarian_icons/humanitarian-icons-v2-1-svg/remove.svg,icon_data/normalized_256/04_ocha_humanitarian_icons/remove__d2908bcd850f.png,,remove | OCHA Humanitarian Icons,remove ocha humanitarian icons,false,true,true,-0.395564,-0.261157,-0.261157,-0.051771,-0.112504,-0.112504,-0.170481,-0.226086,-0.095175,-0.067121,0.388157,0.153833,0.53831,0.454651,0.358415,-0.35675,-0.230048,1.025192,-0.351001,-0.507356,-0.35931,0.049484,-0.073282,-0.070251,-0.313021,-0.308627,0.826683,0.579505,0.347145,0.906967,-0.389941,-0.156039,0.200514,0.239594,0.001794,-0.010554,0.147418,0.181647,0.438837,0.323488,0.328972,0.454243,0.298571,0.199203,0.215651,0.302415,0.312469,0.208961,0.208932,0.295685,0.4485,0.310554,0.319588,0.417765,0.148476,-0.069697,-0.111994,-0.109549,-0.310024,-0.079964,-0.061478,-0.043482,-0.01915,-0.026532,-0.018372,-0.062823,-0.034269,-0.064082,-0.01917,-0.044265,-0.07016,0.259834,-0.047619,-0.061584,-0.180782,-0.019847,-0.045953,0.173983,-0.008353,-0.043864,-0.94476,0.0,0.0,0.0,1.0,0.0,0.0,0.0,0.0,0.0,0.0,0.0,0.0,0.0,0.0,0.0,0.0,0.0,0.0,0.0,0.0,0.0,0.0,0.0,0.0,0.0,0.0,0.0,0.0,0.0,0.0,0.0,0.0,0.0,0.0,0.0,0.0,0.0,0.0,0.0,1.0,1.0,1.0,0.0,0.0,0.0,0.0,0.0,0.0,0.0,0.0,0.0,0.0,0.0,0.0,0.0,0.0,0.0,0.0,0.0,0.0,0.0,0.0,0.0,0.0,0.0,0.0,0.0,0.0,0.0,0.0,0.0,0.0,0.0,0.0,0.0,0.0,0.0,0.0,0.0,0.0,0.0,0.0,0.0,0.0,0.0,0.0,0.0,0.0,0.0,0.0,0.0,0.0,0.0,-0.276369,-0.281499,-0.276492,-0.276935,-0.277245,-0.187761,-0.241849
946f5783ecc3c3d3,04_ocha_humanitarian_icons,OCHA Humanitarian Icons,resilence,resilence,MapAction OCHA humanitarian icons for GIS,https://github.com/mapaction/ocha-humanitarian-icons-for-gis,svg,resilence.svg,icon_data/iconsets/04_ocha_humanitarian_icons/humanitarian-icons-v2-1-svg/resilence.svg,icon_data/normalized_256/04_ocha_humanitarian_icons/resilence__946f5783ecc3.png,,resilence | OCHA Humanitarian Icons,resilence ocha humanitarian icons,false,true,true,-0.112222,0.230925,0.230925,-0.055307,-0.005,-0.005,-0.170481,-0.070677,0.048358,-0.036642,0.042858,-0.166467,-0.25917,-0.14767,-0.015402,0.13181,-0.383163,-0.57112,1.218246,-0.083353,-0.22134,0.339967,0.26135,0.045933,0.184675,0.19669,0.154673,-0.130225,0.082411,-0.148347,0.429165,0.400106,-0.297923,-0.175646,0.001794,-0.010554,0.187211,0.181647,-0.171172,-0.225292,0.037377,0.383587,-0.242255,-0.013781,0.105414,0.246955,-0.026229,0.133728,-0.068104,0.2144,0.364067,0.156194,-0.184231,0.298986,0.148476,-0.079787,-0.111994,-0.109549,0.259402,-0.079964,-0.061478,-0.043482,-0.01915,-0.026532,-0.018372,-0.062823,-0.034269,-0.064082,-0.01917,-0.044265,-0.07016,-0.176984,-0.047619,-0.061584,0.27731,-0.019847,-0.045953,-0.131345,-0.008353,-0.043864,-0.481816,0.0,0.0,0.0,1.0,0.0,0.0,0.0,0.0,0.0,0.0,0.0,0.0,0.0,0.0,0.0,0.0,0.0,0.0,0.0,0.0,0.0,0.0,0.0,0.0,0.0,0.0,0.0,0.0,0.0,0.0,0.0,0.0,0.0,0.0,0.0,0.0,0.0,0.0,0.0,1.0,1.0,1.0,0.0,0.0,0.0,0.0,0.0,0.0,0.0,0.0,0.0,0.0,0.0,0.0,0.0,0.0,0.0,0.0,0.0,0.0,0.0,0.0,0.0,0.0,0.0,0.0,0.0,0.0,0.0,0.0,0.0,0.0,0.0,0.0,0.0,0.0,0.0,0.0,0.0,0.0,0.0,0.0,0.0,0.0,0.0,0.0,0.0,0.0,0.0,0.0,0.0,0.0,0.0,-0.276369,-0.281499,-0.276492,-0.276935,-0.277245,-0.187761,-0.241849
c3af4581e34e912a,04_ocha_humanitarian_icons,OCHA Humanitarian Icons,toilet,toilet,MapAction OCHA humanitarian icons for GIS,https://github.com/mapaction/ocha-humanitarian-icons-for-gis,svg,toilet.svg,icon_data/iconsets/04_ocha_humanitarian_icons/humanitarian-icons-v2-1-svg/toilet.svg,icon_data/normalized_256/04_ocha_humanitarian_icons/toilet__c3af4581e34e.png,,toilet | OCHA Humanitarian Icons,toilet ocha humanitarian icons,false,true,true,-0.295094,-0.261157,-0.261157,-0.051771,-0.112504,-0.112504,-0.170481,-0.203066,-0.095175,-0.365819,0.388157,0.096422,0.474016,0.454651,0.336156,-0.34457,-0.182098,0.081751,-0.12338,0.117034,-0.158765,0.049484,-0.073282,-0.070251,-0.313021,-0.308627,0.210882,0.579505,0.306751,0.369683,-0.389941,-0.156039,0.200514,0.239594,0.001794,-0.010554,-0.242551,0.181647,-0.06778,0.323488,0.328972,-0.059857,-0.15059,0.199203,0.215651,-0.140138,-0.13932,0.208961,0.208932,-0.146865,-0.068653,0.310554,0.319588,-0.074948,0.148476,-0.069697,-0.111994,-0.109549,0.093026,-0.079964,-0.061478,-0.043482,-0.01915,-0.026532,-0.018372,-0.062823,-0.034269,-0.064082,-0.01917,-0.044265,-0.07016,-0.176984,-0.047619,-0.061584,0.342645,-0.019848,-0.045952,0.173983,-0.008353,-0.043864,-0.362321,0.0,0.0,0.0,1.0,0.0,0.0,0.0,0.0,0.0,0.0,0.0,0.0,0.0,0.0,0.0,0.0,0.0,0.0,0.0,0.0,0.0,0.0,0.0,0.0,0.0,0.0,0.0,0.0,0.0,0.0,0.0,0.0,0.0,0.0,0.0,0.0,0.0,0.0,0.0,1.0,1.0,1.0,0.0,0.0,0.0,0.0,0.0,0.0,0.0,0.0,0.0,0.0,0.0,0.0,0.0,0.0,0.0,0.0,0.0,0.0,0.0,0.0,0.0,0.0,0.0,0.0,0.0,0.0,0.0,0.0,0.0,0.0,0.0,0.0,0.0,0.0,0.0,0.0,0.0,0.0,0.0,0.0,0.0,0.0,0.0,0.0,0.0,0.0,0.0,0.0,1.0,0.0,0.0,-0.276369,-0.281499,-0.276492,-0.276935,-0.277245,-0.187761,-0.241849
8b56c33a174b9ce3,04_ocha_humanitarian_icons,OCHA Humanitarian Icons,users,users,MapAction OCHA humanitarian icons for GIS,https://github.com/mapaction/ocha-humanitarian-icons-for-gis,svg,users.svg,icon_data/iconsets/04_ocha_humanitarian_icons/humanitarian-icons-v2-1-svg/users.svg,icon_data/normalized_256/04_ocha_humanitarian_icons/users__8b56c33a174b.png,,users | OCHA Humanitarian Icons,users ocha humanitarian icons,false,true,true,-0.226572,-0.554313,-0.554313,-0.002261,-0.112504,-0.112504,-0.170481,-0.216309,-0.095175,0.223448,0.388157,0.128925,0.520206,0.454651,0.34736,-0.350701,-0.206233,0.098416,0.055632,-0.222445,0.170387,-0.484946,-0.073282,-0.070251,-0.313021,-0.308627,0.487364,0.579505,0.329936,0.610912,-0.389942,-0.156039,0.200514,0.239594,0.001794,-0.010554,0.187211,-0.088371,0.15968,0.028035,0.034502,0.170964,0.344404,0.199203,0.215651,0.347573,0.35857,0.208961,0.208932,0.340843,0.163538,0.017841,0.027783,0.146271,0.148476,-0.069697,-0.111994,-0.109549,-0.012528,-0.079964,-0.061478,-0.043482,-0.01915,-0.026532,-0.018372,-0.062823,-0.034269,-0.064082,-0.01917,-0.044265,-0.07016,-0.176984,-0.047619,-0.061584,0.342645,-0.019848,-0.045952,0.173983,-0.008353,-0.043864,-0.435272,0.0,0.0,0.0,1.0,0.0,0.0,0.0,0.0,0.0,0.0,0.0,0.0,0.0,0.0,0.0,0.0,0.0,0.0,0.0,0.0,0.0,0.0,0.0,0.0,0.0,0.0,0.0,0.0,0.0,0.0,0.0,0.0,0.0,0.0,0.0,0.0,0.0,0.0,0.0,1.0,1.0,1.0,0.0,0.0,0.0,0.0,0.0,0.0,0.0,0.0,0.0,0.0,0.0,0.0,0.0,0.0,0.0,0.0,0.0,0.0,0.0,0.0,0.0,0.0,0.0,0.0,0.0,0.0,0.0,0.0,0.0,0.0,0.0,0.0,0.0,0.0,0.0,0.0,0.0,0.0,0.0,0.0,0.0,0.0,0.0,0.0,0.0,0.0,0.0,0.0,0.0,0.0,0.0,-0.276369,-0.281499,-0.276492,-0.276935,-0.277245,-0.187761,-0.241849
13c91a98bdfe97db,04_ocha_humanitarian_icons,OCHA Humanitarian Icons,zip compressed,zip compressed,MapAction OCHA humanitarian icons for GIS,https://github.com/mapaction/ocha-humanitarian-icons-for-gis,svg,zip-compressed.svg,icon_data/iconsets/04_ocha_humanitarian_icons/humanitarian-icons-v2-1-svg/zip-compressed.svg,icon_data/normalized_256/04_ocha_humanitarian_icons/zip_compressed__13c91a98bdfe.png,,zip compressed | OCHA Humanitarian Icons,zip compressed ocha humanitarian icons,false,true,true,-0.225911,-0.261157,-0.261157,-0.051771,-0.112504,-0.112504,-0.170481,-0.215118,-0.095175,-0.246949,0.388157,0.125945,0.516721,0.454651,0.346199,-0.350066,-0.203733,-0.10376,-0.133997,0.452778,-0.399145,0.049484,-0.073282,-0.070251,-0.296432,-0.32394,0.455946,0.579505,0.327845,0.588982,-0.389941,-0.145824,0.192784,0.239594,-0.044502,-0.010554,-0.087359,0.181647,0.139002,0.323488,0.328972,0.139488,0.032741,0.199203,0.215651,0.031464,0.045084,0.208961,0.208932,0.024736,0.14243,0.310554,0.319588,0.116104,0.148476,-0.069697,-0.111994,-0.109549,0.225019,-0.079964,-0.061478,-0.043482,-0.01915,-0.026532,-0.018372,-0.062823,-0.034269,-0.064082,-0.01917,-0.044265,-0.07016,-0.176984,-0.047619,-0.061584,0.342645,-0.019848,-0.045952,0.173983,-0.008353,-0.043864,-0.685104,0.0,0.0,0.0,1.0,0.0,0.0,0.0,0.0,0.0,0.0,0.0,0.0,0.0,0.0,0.0,0.0,0.0,0.0,0.0,0.0,0.0,0.0,0.0,0.0,0.0,0.0,0.0,0.0,0.0,0.0,0.0,0.0,0.0,0.0,0.0,0.0,0.0,0.0,0.0,1.0,1.0,1.0,0.0,0.0,0.0,0.0,0.0,0.0,0.0,0.0,0.0,0.0,0.0,0.0,0.0,0.0,0.0,0.0,0.0,0.0,0.0,0.0,0.0,0.0,0.0,0.0,0.0,0.0,0.0,0.0,0.0,0.0,0.0,0.0,0.0,0.0,0.0,0.0,0.0,0.0,0.0,0.0,0.0,0.0,0.0,0.0,0.0,0.0,0.0,0.0,0.0,0.0,0.0,-0.276369,-0.281499,-0.276492,-0.276935,-0.277245,-0.187761,-0.241849
59f7cf4b24c41dc4,05_mulberry_symbols,Mulberry Symbols,charger electric,charger electric,Mulberry Symbols GitHub,https://github.com/mulberrysymbols/mulberry-symbols,svg,charger_electric.svg,icon_data/iconsets/05_mulberry_symbols/EN/charger_electric.svg,icon_data/normalized_256/05_mulberry_symbols/charger_electric__59f7cf4b24c4.png,,charger electric | Mulberry Symbols,charger electric mulberry symbols,false,true,true,-0.010651,0.306831,0.306831,-0.055507,-0.112504,-0.112504,-0.170481,0.227999,-0.028929,-0.111122,-0.437137,-0.518647,-0.314465,-0.390507,-0.143444,0.147495,0.07615,-0.205435,-0.298172,0.565737,-0.258502,0.358498,-0.073282,-0.128342,0.184675,0.181378,-0.330619,-0.412474,-0.378561,-0.365643,0.09233,0.449764,-0.371239,-0.379145,0.140683,-0.057498,-0.039608,0.029762,-0.049848,-0.212453,0.054056,0.058013,-0.128389,-0.319077,0.089213,0.080292,-0.143066,-0.282783,-0.269952,-0.237181,-0.095368,-0.181255,-0.190786,-0.175501,-0.259043,0.041302,-0.046615,-0.100196,0.099073,-0.079964,-0.061478,-0.043482,-0.01915,-0.026532,-0.018372,-0.062823,-0.034269,-0.064082,-0.01917,-0.044265,0.630702,-0.176984,-0.047619,-0.061584,0.067895,-0.019847,-0.045952,-0.218978,-0.008353,-0.043864,0.363798,0.0,0.0,0.0,0.0,1.0,0.0,0.0,0.0,0.0,0.0,0.0,0.0,0.0,1.0,0.0,0.0,0.0,0.0,0.0,0.0,0.0,0.0,0.0,0.0,0.0,0.0,0.0,0.0,0.0,0.0,0.0,0.0,0.0,0.0,0.0,0.0,0.0,0.0,0.0,0.0,0.0,0.0,1.0,0.0,0.0,0.0,0.0,0.0,0.0,0.0,0.0,0.0,0.0,0.0,0.0,0.0,0.0,0.0,0.0,0.0,0.0,0.0,0.0,0.0,0.0,0.0,0.0,0.0,0.0,0.0,0.0,0.0,0.0,0.0,0.0,0.0,0.0,0.0,0.0,0.0,0.0,0.0,0.0,0.0,0.0,0.0,0.0,0.0,0.0,0.0,0.0,0.0,0.0,-0.276369,-0.281499,-0.276492,-0.276935,-0.277245,-0.187761,-0.241849
f81f3d24abe2590e,05_mulberry_symbols,Mulberry Symbols,country Costa Rica,country Costa Rica,Mulberry Symbols GitHub,https://github.com/mulberrysymbols/mulberry-symbols,svg,country_Costa_Rica.svg,icon_data/iconsets/05_mulberry_symbols/EN/country_Costa_Rica.svg,icon_data/normalized_256/05_mulberry_symbols/country_costa_rica__f81f3d24abe2.png,,country Costa Rica | Mulberry Symbols,country costa rica mulberry symbols,false,true,true,0.071752,0.105287,0.105287,-0.054881,-0.005,-0.005,0.088249,0.187073,0.092521,-0.036642,-0.453585,0.353484,-0.318026,-0.51633,-0.735356,0.565334,1.034184,0.015418,-0.186903,-0.184856,0.481202,0.581256,0.010376,-0.012159,0.15979,0.502943,-0.400034,-0.56435,-0.318795,-0.362895,0.090745,0.421167,-0.390165,-0.38254,0.372164,-0.339168,0.051916,0.0382,-0.103806,-0.217213,-0.18894,0.113587,-0.044172,0.14665,-0.17653,-0.230455,-0.231522,-0.363173,-0.059888,-0.193998,-0.174195,-0.274871,-0.257753,-0.137636,-0.259043,0.233026,0.128416,0.189259,-0.195082,-0.064985,0.685584,-0.043482,-0.01915,-0.026532,-0.018372,-0.062823,0.111656,0.146044,-0.01917,0.199846,0.044694,0.211773,-0.01666,0.400993,-0.180782,-0.019847,-0.045953,-0.218978,-0.008353,-0.043864,0.459086,0.0,0.0,0.0,0.0,1.0,0.0,0.0,0.0,0.0,0.0,0.0,0.0,0.0,1.0,0.0,0.0,0.0,0.0,0.0,0.0,0.0,0.0,0.0,0.0,0.0,0.0,0.0,0.0,0.0,0.0,0.0,0.0,0.0,0.0,0.0,0.0,0.0,0.0,0.0,0.0,0.0,0.0,1.0,0.0,0.0,0.0,0.0,0.0,0.0,0.0,0.0,0.0,0.0,0.0,0.0,0.0,0.0,0.0,0.0,0.0,0.0,0.0,0.0,0.0,0.0,0.0,0.0,0.0,0.0,0.0,0.0,0.0,0.0,0.0,0.0,0.0,0.0,0.0,0.0,0.0,0.0,0.0,0.0,0.0,0.0,0.0,0.0,0.0,0.0,0.0,0.0,0.0,0.0,-0.276369,-0.281499,-0.276492,-0.276935,-0.277245,-0.187761,-0.241849
60fafea65eec88ff,05_mulberry_symbols,Mulberry Symbols,earrings,earrings,Mulberry Symbols GitHub,https://github.com/mulberrysymbols/mulberry-symbols,svg,earrings.svg,icon_data/iconsets/05_mulberry_symbols/EN/earrings.svg,icon_data/normalized_256/05_mulberry_symbols/earrings__60fafea65eec.png,,earrings | Mulberry Symbols,earrings mulberry symbols,false,true,true,-0.049869,0.189045,0.189045,-0.055181,-0.058752,-0.058752,-0.170481,0.359951,-0.006847,-0.169769,-0.514886,-0.618084,-0.321926,-0.493993,-0.674982,0.749123,0.172476,-0.481349,0.309182,0.318394,-0.069283,0.204291,-0.073282,-0.070251,0.118315,0.227316,-0.474137,-0.55422,-0.564547,-0.367983,-0.045696,0.06741,-0.470652,-0.275343,-0.600056,0.012919,-0.13511,-0.008209,-0.171172,-0.219089,-0.173698,-0.121496,-0.181956,-0.273922,-0.20258,-0.200396,-0.191472,-0.186315,-0.198794,-0.143478,-0.174195,-0.062054,-0.231821,-0.168431,-0.259043,0.031211,0.130102,0.24186,0.161271,0.080228,-0.061478,-0.043482,2.214983,0.127078,-0.018372,-0.062823,-0.034269,-0.064082,-0.01917,-0.044265,-0.07016,-0.176984,-0.047619,-0.061584,0.099788,-0.78444,0.65202,-0.110257,1.309148,0.697666,0.457618,0.0,0.0,0.0,0.0,1.0,0.0,0.0,0.0,0.0,0.0,0.0,0.0,0.0,1.0,0.0,0.0,0.0,0.0,0.0,0.0,0.0,0.0,0.0,0.0,0.0,0.0,0.0,0.0,0.0,0.0,0.0,0.0,0.0,0.0,0.0,0.0,0.0,0.0,0.0,0.0,0.0,0.0,1.0,0.0,0.0,0.0,0.0,0.0,0.0,0.0,0.0,0.0,0.0,0.0,0.0,0.0,0.0,0.0,0.0,0.0,0.0,0.0,0.0,0.0,0.0,0.0,0.0,0.0,0.0,0.0,0.0,0.0,0.0,0.0,0.0,0.0,0.0,0.0,0.0,0.0,0.0,0.0,0.0,0.0,0.0,0.0,0.0,0.0,0.0,0.0,0.0,0.0,0.0,-0.276369,-0.281499,-0.276492,-0.276935,-0.277245,-0.187761,-0.241849
8ccac8fbcc5ef442,05_mulberry_symbols,Mulberry Symbols,flag The Netherlands,flag The Netherlands,Mulberry Symbols GitHub,https://github.com/mulberrysymbols/mulberry-symbols,svg,flag_The_Netherlands.svg,icon_data/iconsets/05_mulberry_symbols/EN/flag_The_Netherlands.svg,icon_data/normalized_256/05_mulberry_symbols/flag_the_netherlands__8ccac8fbcc5e.png,,flag The Netherlands | Mulberry Symbols,flag the netherlands mulberry symbols,false,true,true,0.038703,0.147166,0.147166,-0.055039,-0.112504,-0.112504,-0.105799,-0.112861,-0.084134,-0.110451,-0.217914,0.353484,-0.185974,-0.279263,0.157424,-0.166411,-0.068248,0.208619,-0.460816,0.409794,-0.469227,0.492832,-0.073282,-0.070251,-0.238367,-0.216751,-0.232854,-0.284393,0.152458,-0.262254,0.021326,0.350361,-0.012485,-0.280419,-0.044502,-0.104443,-0.031649,0.0382,0.050473,-0.036595,-0.029914,-0.017397,-0.011659,-0.136146,-0.129989,-0.049256,0.002008,-0.111386,-0.118489,-0.079692,-0.025777,-0.274871,-0.264022,-0.175501,-0.259043,0.091756,0.330699,0.473927,0.077882,-0.070159,-0.061478,-0.043482,-0.01915,-0.026532,-0.018372,-0.062823,1.330808,0.448029,-0.01876,-0.044265,0.356836,-0.029556,0.073869,-0.563332,0.051928,1.076628,0.579113,-0.315348,-0.008353,-0.043864,0.574498,0.0,0.0,0.0,0.0,1.0,0.0,0.0,0.0,0.0,0.0,0.0,0.0,0.0,1.0,0.0,0.0,0.0,0.0,0.0,0.0,0.0,0.0,0.0,0.0,0.0,0.0,0.0,0.0,0.0,0.0,0.0,0.0,0.0,0.0,0.0,0.0,0.0,0.0,0.0,0.0,0.0,0.0,1.0,0.0,0.0,0.0,0.0,0.0,0.0,0.0,0.0,0.0,0.0,0.0,0.0,0.0,0.0,0.0,0.0,0.0,0.0,0.0,0.0,0.0,0.0,0.0,0.0,0.0,0.0,0.0,0.0,0.0,0.0,0.0,0.0,0.0,0.0,0.0,0.0,0.0,0.0,0.0,0.0,0.0,0.0,0.0,0.0,0.0,0.0,0.0,0.0,0.0,0.0,-0.276369,-0.281499,-0.276492,-0.276935,-0.277245,-0.187761,-0.241849
520986b8f519cbf8,05_mulberry_symbols,Mulberry Symbols,key 2,key 2,Mulberry Symbols GitHub,https://github.com/mulberrysymbols/mulberry-symbols,svg,key_2.svg,icon_data/iconsets/05_mulberry_symbols/EN/key_2.svg,icon_data/normalized_256/05_mulberry_symbols/key_2__520986b8f519.png,,key 2 | Mulberry Symbols,key mulberry symbols,false,true,true,-0.083359,-0.180016,-0.180016,-0.05294,-0.112504,-0.112504,-0.105799,-0.065802,-0.062052,-0.464422,0.043088,0.353484,-0.112522,-0.204582,-0.439687,0.438402,0.279659,-0.437917,0.021083,0.420763,-0.004223,0.051511,-0.073282,-0.070251,-0.155418,-0.032999,-0.435674,-0.210215,0.074401,-0.263754,0.001437,0.360076,0.149391,-0.214925,0.048091,-0.057498,-0.421618,0.063514,-0.171172,-0.182878,-0.152562,-0.164775,-0.242255,-0.258357,-0.25198,-0.230455,-0.231522,-0.094398,-0.101436,-0.237181,-0.174195,-0.006599,0.002136,-0.175501,-0.259043,0.142209,0.37553,0.466198,-0.067681,-0.067412,0.545551,-0.043482,-0.01915,-0.026532,-0.018372,-0.062823,-0.034269,-0.064082,0.037361,1.76335,0.132899,0.193663,-0.262594,0.956612,-0.180782,-0.019847,-0.045953,-0.223419,-0.128968,0.287398,0.375921,0.0,0.0,0.0,0.0,1.0,0.0,0.0,0.0,0.0,0.0,0.0,0.0,0.0,1.0,0.0,0.0,0.0,0.0,0.0,0.0,0.0,0.0,0.0,0.0,0.0,0.0,0.0,0.0,0.0,0.0,0.0,0.0,0.0,0.0,0.0,0.0,0.0,0.0,0.0,0.0,0.0,0.0,1.0,0.0,0.0,0.0,0.0,0.0,0.0,0.0,0.0,0.0,0.0,0.0,0.0,0.0,0.0,0.0,0.0,0.0,0.0,0.0,0.0,0.0,0.0,0.0,0.0,0.0,0.0,0.0,0.0,0.0,0.0,0.0,0.0,0.0,0.0,0.0,0.0,0.0,0.0,0.0,0.0,0.0,0.0,0.0,0.0,0.0,0.0,0.0,0.0,0.0,0.0,-0.276369,-0.281499,-0.276492,-0.276935,-0.277245,-0.187761,-0.241849
34ba5b6f56c34d2d,05_mulberry_symbols,Mulberry Symbols,multi media,multi media,Mulberry Symbols GitHub,https://github.com/mulberrysymbols/mulberry-symbols,svg,multi_media.svg,icon_data/iconsets/05_mulberry_symbols/EN/multi_media.svg,icon_data/normalized_256/05_mulberry_symbols/multi_media__34ba5b6f56c3.png,,multi media | Mulberry Symbols,multi media mulberry symbols,false,true,true,0.293842,0.162871,0.162871,-0.055094,0.102504,0.102504,-0.105799,-0.01345,0.302299,0.059886,-0.121348,-0.253819,-0.251311,-0.190661,-0.258834,0.192634,0.385463,0.198829,-0.212984,0.14956,-0.295032,-0.098667,0.428666,0.452575,0.051956,-0.017687,-0.189531,-0.181555,-0.010557,-0.296079,0.264641,0.386022,-0.28891,-0.1896,0.001794,0.036391,0.035999,-0.079933,0.058228,0.028035,-0.227186,-0.164775,0.138157,0.17362,-0.030872,-0.120381,-0.151133,-0.074679,-0.188407,-0.221234,-0.084319,0.013411,-0.124816,-0.175501,-0.259043,0.132119,-0.030157,0.040686,0.027642,-0.07521,0.045986,-0.043482,-0.01915,-0.026532,-0.018372,-0.062823,-0.034269,-0.064082,-0.01917,0.136522,0.545912,-0.176984,-0.047619,-0.061584,0.067895,-0.019847,-0.045952,0.102127,-0.008354,-0.043864,0.771201,0.0,0.0,0.0,0.0,1.0,0.0,0.0,0.0,0.0,0.0,0.0,0.0,0.0,1.0,0.0,0.0,0.0,0.0,0.0,0.0,0.0,0.0,0.0,0.0,0.0,0.0,0.0,0.0,0.0,0.0,0.0,0.0,0.0,0.0,0.0,0.0,0.0,0.0,0.0,0.0,0.0,0.0,1.0,0.0,0.0,0.0,0.0,0.0,0.0,0.0,0.0,0.0,0.0,0.0,0.0,0.0,0.0,0.0,0.0,0.0,0.0,0.0,0.0,0.0,0.0,0.0,0.0,0.0,0.0,0.0,0.0,0.0,0.0,0.0,0.0,0.0,0.0,0.0,0.0,0.0,0.0,0.0,0.0,0.0,0.0,0.0,0.0,0.0,0.0,0.0,0.0,0.0,0.0,-0.276369,-0.281499,-0.276492,-0.276935,-0.277245,-0.187761,-0.241849
651ed6b48d4e4ce0,05_mulberry_symbols,Mulberry Symbols,paint box,paint box,Mulberry Symbols GitHub,https://github.com/mulberrysymbols/mulberry-symbols,svg,paint_box.svg,icon_data/iconsets/05_mulberry_symbols/EN/paint_box.svg,icon_data/normalized_256/05_mulberry_symbols/paint_box__651ed6b48d4e.png,,paint box | Mulberry Symbols,paint box mulberry symbols,false,true,true,0.347382,-0.038673,-0.038673,-0.054153,-0.058752,-0.058752,-0.170481,-0.11513,-0.062052,-0.066226,0.150846,-0.089005,-0.107235,0.080384,0.1008,-0.080248,-0.132471,0.415928,-0.252183,-0.137789,-0.127943,-0.109859,0.010376,-0.012159,0.682371,-0.078937,-0.112212,-0.077308,0.156263,-0.159153,0.961825,0.282661,-0.210591,-0.068125,-0.600056,-0.080971,-0.023691,-0.008209,0.017679,0.064967,-0.116328,-0.164775,0.053652,0.199203,-0.060575,-0.230455,-0.031991,0.19895,0.092195,-0.174383,-0.135441,-0.124513,-0.121396,-0.137322,-0.259043,0.636657,0.113186,0.203575,-0.095492,-0.060864,0.069165,0.945676,-0.012411,0.041748,-0.018372,-0.062823,-0.034269,0.422838,-0.015708,0.707614,0.162242,0.253318,-0.163681,0.338259,-0.180782,-0.019847,-0.045953,-0.218978,-0.008353,-0.043864,0.650651,0.0,0.0,0.0,0.0,1.0,0.0,0.0,0.0,0.0,0.0,0.0,0.0,0.0,1.0,0.0,0.0,0.0,0.0,0.0,0.0,0.0,0.0,0.0,0.0,0.0,0.0,0.0,0.0,0.0,0.0,0.0,0.0,0.0,0.0,0.0,0.0,0.0,0.0,0.0,0.0,0.0,0.0,1.0,0.0,0.0,0.0,0.0,0.0,0.0,0.0,0.0,0.0,0.0,0.0,0.0,0.0,0.0,0.0,0.0,0.0,0.0,0.0,0.0,0.0,0.0,0.0,0.0,0.0,0.0,0.0,0.0,0.0,0.0,0.0,0.0,0.0,0.0,0.0,0.0,0.0,0.0,0.0,1.0,0.0,0.0,0.0,0.0,0.0,0.0,0.0,0.0,0.0,0.0,-0.276369,-0.281499,-0.276492,-0.276935,-0.277245,-0.187761,-0.241849
0a8d3ea6a14b7694,05_mulberry_symbols,Mulberry Symbols,pilot 2a,pilot 2a,Mulberry Symbols GitHub,https://github.com/mulberrysymbols/mulberry-symbols,svg,pilot_2a.svg,icon_data/iconsets/05_mulberry_symbols/EN/pilot_2a.svg,icon_data/normalized_256/05_mulberry_symbols/pilot_2a__0a8d3ea6a14b.png,,pilot 2a | Mulberry Symbols,pilot 2a mulberry symbols,false,true,true,0.268284,0.126226,0.126226,-0.054962,-0.058752,-0.058752,0.217614,-0.011824,0.059399,-0.043833,-0.154129,0.353484,-0.24818,-0.245625,-0.428966,0.312383,0.662009,-0.024479,0.01604,0.143637,-0.182464,0.193785,-0.073282,-0.012159,0.275919,0.257941,-0.212653,-0.287043,-0.013165,-0.290844,0.26024,0.298876,-0.374208,-0.112919,0.233275,0.012919,0.024061,0.017105,-0.171172,0.031065,-0.104538,-0.031824,-0.146436,0.13987,-0.303286,-0.177534,0.024338,0.208961,-0.193988,-0.237181,-0.086793,0.126894,-0.210163,-0.175501,-0.259043,0.455023,0.193621,0.15614,0.101282,-0.032034,9e-05,-0.043482,-0.01915,-0.026532,-0.018372,-0.037254,1.683873,0.495844,-0.007758,0.382371,0.18709,-0.176984,-0.047619,-0.061584,-0.004123,0.146937,-0.700034,-0.218978,-0.008353,-0.043864,0.65255,0.0,0.0,0.0,0.0,1.0,0.0,0.0,0.0,0.0,0.0,0.0,0.0,0.0,1.0,0.0,0.0,0.0,0.0,0.0,0.0,0.0,0.0,0.0,0.0,0.0,0.0,0.0,0.0,0.0,0.0,0.0,0.0,0.0,0.0,0.0,0.0,0.0,0.0,0.0,0.0,0.0,0.0,1.0,0.0,0.0,0.0,0.0,0.0,0.0,0.0,0.0,0.0,0.0,0.0,0.0,0.0,0.0,0.0,0.0,0.0,0.0,0.0,0.0,0.0,0.0,0.0,0.0,0.0,0.0,0.0,0.0,0.0,0.0,0.0,0.0,0.0,0.0,0.0,0.0,0.0,0.0,0.0,0.0,0.0,0.0,0.0,0.0,0.0,0.0,0.0,0.0,0.0,0.0,-0.276369,-0.281499,-0.276492,-0.276935,-0.277245,-0.187761,-0.241849
a6380f9f07fe0748,05_mulberry_symbols,Mulberry Symbols,smooth,smooth,Mulberry Symbols GitHub,https://github.com/mulberrysymbols/mulberry-symbols,svg,smooth.svg,icon_data/iconsets/05_mulberry_symbols/EN/smooth.svg,icon_data/normalized_256/05_mulberry_symbols/smooth__a6380f9f07fe.png,,smooth | Mulberry Symbols,smooth mulberry symbols,false,true,true,-0.095918,-0.172164,-0.172164,-0.053029,-0.112504,-0.112504,-0.170481,-0.147479,-0.084134,0.161972,0.201887,-0.026321,0.106174,-0.041445,0.003772,-0.03662,0.108478,0.385032,-0.398848,-0.525086,0.677721,-0.417417,0.094034,-0.070251,0.101726,-0.109563,-0.219378,-0.048046,0.210933,-0.11505,0.607909,-0.109425,-0.15426,0.033817,-0.044502,0.059864,-0.007773,-0.202285,-0.100898,-0.235679,-0.259969,-0.164775,-0.071958,0.177935,-0.037861,-0.021738,-0.152286,0.208961,0.132813,-0.01393,-0.154076,-0.186114,-0.263737,-0.175501,-0.259043,0.253208,0.294004,0.200805,-0.168803,-0.068578,0.15727,1.322042,-0.01915,-0.026532,-0.018372,-0.062823,-0.034269,-0.064082,-0.01917,0.136079,0.006979,0.129245,-0.356652,0.51756,0.288339,0.085283,0.290596,-0.315348,-0.008353,-0.043864,0.172515,0.0,0.0,0.0,0.0,1.0,0.0,0.0,0.0,0.0,0.0,0.0,0.0,0.0,1.0,0.0,0.0,0.0,0.0,0.0,0.0,0.0,0.0,0.0,0.0,0.0,0.0,0.0,0.0,0.0,0.0,0.0,0.0,0.0,0.0,0.0,0.0,0.0,0.0,0.0,0.0,0.0,0.0,1.0,0.0,0.0,0.0,0.0,0.0,0.0,0.0,0.0,0.0,0.0,0.0,0.0,0.0,0.0,0.0,0.0,0.0,0.0,0.0,0.0,0.0,0.0,0.0,0.0,0.0,0.0,0.0,0.0,0.0,0.0,0.0,0.0,0.0,0.0,0.0,0.0,0.0,0.0,0.0,0.0,0.0,0.0,0.0,0.0,0.0,0.0,0.0,0.0,0.0,0.0,-0.276369,-0.281499,-0.276492,-0.276935,-0.277245,-0.187761,-0.241849
8419e26eaf8a2ed7,05_mulberry_symbols,Mulberry Symbols,turkey 2,turkey 2,Mulberry Symbols GitHub,https://github.com/mulberrysymbols/mulberry-symbols,svg,turkey_2.svg,icon_data/iconsets/05_mulberry_symbols/EN/turkey_2.svg,icon_data/normalized_256/05_mulberry_symbols/turkey_2__8419e26eaf8a.png,,turkey 2 | Mulberry Symbols,turkey mulberry symbols,false,true,true,0.300673,-0.030821,-0.030821,-0.054202,-0.058752,-0.058752,-0.041116,-0.129082,0.059399,0.026223,0.095575,0.353484,-0.111221,-0.124833,-0.599014,0.555571,0.521681,0.137989,0.196597,-0.346068,0.163254,0.351647,0.094034,-0.012159,0.15979,-0.048312,-0.071785,-0.122455,0.179745,-0.125286,1.01203,0.315627,-0.09775,-0.221894,0.094387,-0.45653,0.075791,-0.008209,-0.171172,-0.267417,-0.053207,0.138505,-0.226643,-0.187928,-0.045962,-0.04347,0.067846,0.208961,0.208932,0.119145,-0.106582,-0.045904,-0.00627,-0.018229,-0.259043,0.243117,0.299924,0.336101,-0.093844,-0.068338,0.638972,-0.043482,-0.01915,-0.026532,-0.018372,-0.062823,-0.034269,-0.064082,-0.01917,0.874599,0.100095,0.15444,-0.040698,0.612095,-0.180782,-0.019847,-0.045953,-0.049713,-0.008353,-0.043864,0.315653,0.0,0.0,0.0,0.0,1.0,0.0,0.0,0.0,0.0,0.0,0.0,0.0,0.0,1.0,0.0,0.0,0.0,0.0,0.0,0.0,0.0,0.0,0.0,0.0,0.0,0.0,0.0,0.0,0.0,0.0,0.0,0.0,0.0,0.0,0.0,0.0,0.0,0.0,0.0,0.0,0.0,0.0,1.0,0.0,0.0,0.0,0.0,0.0,0.0,0.0,0.0,0.0,0.0,0.0,0.0,0.0,0.0,0.0,0.0,0.0,0.0,0.0,0.0,0.0,0.0,0.0,0.0,0.0,0.0,0.0,0.0,0.0,0.0,0.0,0.0,0.0,0.0,0.0,0.0,0.0,0.0,0.0,0.0,0.0,0.0,0.0,0.0,0.0,0.0,0.0,0.0,0.0,0.0,-0.276369,-0.281499,-0.276492,-0.276935,-0.277245,-0.187761,-0.241849
f1dbaaccf91a93c6,06_blissymbolics,Blissymbolics,arrow bent,arrow bent,Blissymbolics GitHub,https://github.com/blissymbolics/blissymbols,svg,arrow_bent__92c4c925e45e.svg,icon_data/iconsets/06_blissymbolics/rendered_svg/chars/arrow_bent__92c4c925e45e.svg,icon_data/normalized_256/06_blissymbolics/arrow_bent_92c4c925e45e__f1dbaaccf91a.png,bliss_kind=char,arrow bent | Blissymbolics | bliss_kind=char,arrow bent blissymbolics bliss kind char,true,true,true,-0.407241,-0.261157,-0.261157,-0.051771,-0.112504,-0.112504,-0.170481,-0.120652,-0.095175,-0.630989,0.388157,-0.078707,0.196334,0.454651,0.304789,-0.327407,-0.11453,-0.386592,0.47076,-0.352308,0.682712,0.049484,-0.073282,-0.070251,-0.296432,-0.32394,-0.335798,0.579505,0.16554,-0.101813,-0.389941,-0.145824,0.177074,0.239594,-0.044502,-0.010554,-0.588748,0.181647,-0.171172,0.018802,0.016097,-0.164775,-0.242255,-0.126283,-0.129989,-0.230455,-0.231522,-0.111386,-0.128411,-0.237181,-0.174195,0.008694,0.009545,-0.175501,0.148476,-0.069697,-0.111994,-0.109549,-0.358991,-0.079964,-0.061478,-0.043482,-0.01915,-0.026532,-0.018372,-0.062823,-0.034269,-0.064082,-0.01917,-0.044265,-0.07016,0.259834,-0.047619,-0.061584,-0.180782,-0.019847,-0.045953,0.173983,-0.008353,-0.043864,-1.110315,0.0,0.0,0.0,0.0,0.0,1.0,0.0,0.0,0.0,0.0,0.0,0.0,0.0,0.0,0.0,0.0,0.0,0.0,0.0,0.0,0.0,0.0,0.0,0.0,0.0,0.0,0.0,0.0,0.0,0.0,0.0,0.0,0.0,0.0,0.0,0.0,0.0,0.0,0.0,0.0,0.0,0.0,0.0,1.0,1.0,1.0,0.0,0.0,0.0,0.0,0.0,0.0,0.0,0.0,0.0,0.0,0.0,0.0,0.0,0.0,0.0,0.0,0.0,0.0,0.0,0.0,0.0,0.0,0.0,0.0,0.0,0.0,0.0,0.0,0.0,0.0,0.0,0.0,0.0,0.0,0.0,0.0,0.0,0.0,0.0,0.0,0.0,0.0,0.0,0.0,0.0,0.0,0.0,-0.276369,-0.281499,-0.276492,-0.276935,-0.277245,-0.187761,-0.241849
1bf6d6502e22fd36,06_blissymbolics,Blissymbolics,projector,projector,Blissymbolics GitHub,https://github.com/blissymbolics/blissymbols,svg,projector__d6064a663a22.svg,icon_data/iconsets/06_blissymbolics/rendered_svg/chars/projector__d6064a663a22.svg,icon_data/normalized_256/06_blissymbolics/projector_d6064a663a22__1bf6d6502e22.png,bliss_kind=char,projector | Blissymbolics | bliss_kind=char,projector blissymbolics bliss kind char,true,true,true,-0.132933,-0.261157,-0.261157,-0.051771,-0.112504,-0.112504,-0.170481,-0.206724,-0.095175,-0.335339,0.388157,0.105261,0.487975,0.454651,0.338912,-0.346079,-0.188036,0.030702,0.048118,-0.070536,0.040028,0.049484,-0.073282,-0.070251,-0.313021,-0.308627,0.273719,0.579505,0.313141,0.424507,-0.389942,-0.156039,0.200514,0.239594,0.001794,-0.010554,-0.202758,0.181647,-0.016085,0.323488,0.328972,-0.007397,-0.104757,0.199203,0.215651,-0.094979,-0.093219,0.208961,0.208932,-0.101706,-0.015882,0.310554,0.319588,-0.024671,0.148476,-0.069697,-0.111994,-0.109549,-0.319061,-0.079964,-0.061478,-0.043482,-0.01915,-0.026532,-0.018372,-0.062823,-0.034269,-0.064082,-0.01917,-0.044265,-0.07016,0.259834,-0.047619,-0.061584,-0.180782,-0.019847,-0.045953,0.173983,-0.008353,-0.043864,-0.8543,0.0,0.0,0.0,0.0,0.0,1.0,0.0,0.0,0.0,0.0,0.0,0.0,0.0,0.0,0.0,0.0,0.0,0.0,0.0,0.0,0.0,0.0,0.0,0.0,0.0,0.0,0.0,0.0,0.0,0.0,0.0,0.0,0.0,0.0,0.0,0.0,0.0,0.0,0.0,0.0,0.0,0.0,0.0,1.0,1.0,1.0,0.0,0.0,0.0,0.0,0.0,0.0,0.0,0.0,0.0,0.0,0.0,0.0,0.0,0.0,0.0,0.0,0.0,0.0,0.0,0.0,0.0,0.0,0.0,0.0,0.0,0.0,0.0,0.0,0.0,0.0,0.0,0.0,0.0,0.0,0.0,0.0,0.0,0.0,0.0,0.0,0.0,0.0,0.0,0.0,0.0,0.0,0.0,-0.276369,-0.281499,-0.276492,-0.276935,-0.277245,-0.187761,-0.241849
7f0b8a0a616b25e4,06_blissymbolics,Blissymbolics,accident,accident,Blissymbolics GitHub,https://github.com/blissymbolics/blissymbols,svg,accident__f2b195dcacba.svg,icon_data/iconsets/06_blissymbolics/rendered_svg/words/accident__f2b195dcacba.svg,icon_data/normalized_256/06_blissymbolics/accident_f2b195dcacba__7f0b8a0a616b.png,bliss_kind=word,accident | Blissymbolics | bliss_kind=word,accident blissymbolics bliss kind word,true,true,true,-0.306111,-0.261157,-0.261157,-0.051771,-0.112504,-0.112504,-0.170481,-0.214118,-0.095175,-0.259141,0.388157,0.123452,0.513653,0.454651,0.345252,-0.349548,-0.201692,0.034914,-0.110939,0.127606,-0.117751,0.049484,-0.073282,-0.070251,-0.296432,-0.32394,0.430811,0.579505,0.326091,0.567052,-0.389941,-0.145824,0.192616,0.239594,-0.044502,-0.010554,-0.103276,0.181647,0.118324,0.323488,0.328972,0.118505,0.014408,0.199203,0.215651,0.013401,0.026643,0.208961,0.208932,0.006673,0.121322,0.310554,0.319588,0.095994,0.148476,-0.069697,-0.111994,-0.109549,-0.372236,-0.079964,-0.061478,-0.043482,-0.01915,-0.026532,-0.018372,-0.062823,-0.034269,-0.064082,-0.01917,-0.044265,-0.07016,0.259834,-0.047619,-0.061584,-0.180782,-0.019847,-0.045953,0.173983,-0.008353,-0.043864,-1.208039,0.0,0.0,0.0,0.0,0.0,1.0,0.0,0.0,0.0,0.0,0.0,0.0,0.0,0.0,0.0,0.0,0.0,0.0,0.0,0.0,0.0,0.0,0.0,0.0,0.0,0.0,0.0,0.0,0.0,0.0,0.0,0.0,0.0,0.0,0.0,0.0,0.0,0.0,0.0,0.0,0.0,0.0,0.0,1.0,1.0,1.0,0.0,0.0,0.0,0.0,0.0,0.0,0.0,0.0,0.0,0.0,0.0,0.0,0.0,0.0,0.0,0.0,0.0,0.0,1.0,0.0,0.0,0.0,0.0,0.0,0.0,0.0,0.0,0.0,0.0,0.0,0.0,0.0,0.0,0.0,0.0,0.0,0.0,0.0,0.0,0.0,0.0,0.0,0.0,0.0,0.0,0.0,0.0,-0.276369,-0.281499,-0.276492,-0.276935,-0.277245,-0.187761,-0.241849
067dab84101e4d40,06_blissymbolics,Blissymbolics,babysitter,babysitter,Blissymbolics GitHub,https://github.com/blissymbolics/blissymbols,svg,babysitter__8ce26ed0d4d1.svg,icon_data/iconsets/06_blissymbolics/rendered_svg/words/babysitter__8ce26ed0d4d1.svg,icon_data/normalized_256/06_blissymbolics/babysitter_8ce26ed0d4d1__067dab84101e.png,bliss_kind=word,babysitter | Blissymbolics | bliss_kind=word,babysitter blissymbolics bliss kind word,true,true,true,-0.226793,0.031998,0.031998,-0.054552,-0.005,-0.005,-0.105799,0.773769,0.08148,1.055737,-0.796973,-0.824021,-0.333595,-0.666287,-0.24879,0.080559,0.723466,-0.065744,0.071401,0.059877,-0.044494,0.561642,-0.073282,-0.012159,-0.080763,-0.078937,-0.617999,-0.73228,-1.088633,-0.398993,-0.35691,0.495394,-0.194417,-0.317491,0.001794,1.139597,0.171294,-0.455427,-0.171172,-0.267417,-0.259969,-0.164775,-0.214469,-0.394438,-0.396208,-0.148887,-0.166981,-0.372274,-0.385138,-0.091969,-0.103779,-0.274871,-0.264022,-0.108413,0.148476,-0.079787,-0.111994,-0.109549,0.206616,-0.079964,-0.061478,-0.043482,-0.01915,-0.026532,-0.018372,-0.062823,-0.034269,-0.064082,-0.01917,-0.044265,-0.07016,-0.176984,-0.047619,-0.061584,0.067895,-0.019847,-0.045952,0.102127,-0.008354,-0.043864,0.151395,0.0,0.0,0.0,0.0,0.0,1.0,0.0,0.0,0.0,0.0,0.0,0.0,0.0,0.0,0.0,0.0,0.0,0.0,0.0,0.0,0.0,0.0,0.0,0.0,0.0,0.0,0.0,0.0,0.0,0.0,0.0,0.0,0.0,0.0,0.0,0.0,0.0,0.0,0.0,0.0,0.0,0.0,0.0,1.0,1.0,1.0,0.0,0.0,0.0,0.0,0.0,0.0,0.0,0.0,0.0,0.0,0.0,0.0,0.0,0.0,0.0,0.0,0.0,0.0,1.0,0.0,0.0,0.0,0.0,0.0,0.0,0.0,0.0,0.0,0.0,0.0,0.0,0.0,0.0,0.0,0.0,0.0,0.0,0.0,0.0,0.0,0.0,0.0,0.0,0.0,0.0,0.0,0.0,-0.276369,-0.281499,-0.276492,-0.276935,-0.277245,-0.187761,-0.241849
9c32fad280ea8306,06_blissymbolics,Blissymbolics,bruise,bruise,Blissymbolics GitHub,https://github.com/blissymbolics/blissymbols,svg,bruise__0e81a600332a.svg,icon_data/iconsets/06_blissymbolics/rendered_svg/words/bruise__0e81a600332a.svg,icon_data/normalized_256/06_blissymbolics/bruise_0e81a600332a__9c32fad280ea.png,bliss_kind=word,bruise | Blissymbolics | bliss_kind=word,bruise blissymbolics bliss kind word,true,true,true,-0.274824,-0.261157,-0.261157,-0.051771,-0.112504,-0.112504,-0.170481,-0.224304,-0.095175,0.036717,0.388157,0.149232,0.536845,0.454651,0.35617,-0.355522,-0.225211,0.281662,0.022784,-0.275166,0.011811,-0.484946,-0.073282,-0.070251,-0.313021,-0.308627,0.751279,0.579505,0.344001,0.841177,-0.389941,-0.156039,0.200514,0.239594,0.001794,-0.010554,0.187211,0.088829,0.376802,0.221926,0.227748,0.391292,0.344404,0.199203,0.215651,0.347573,0.35857,0.208961,0.208932,0.340843,0.385175,0.209934,0.21928,0.357433,0.148476,-0.069697,-0.111994,-0.109549,-0.380358,-0.079964,-0.061478,-0.043482,-0.01915,-0.026532,-0.018372,-0.062823,-0.034269,-0.064082,-0.01917,-0.044265,-0.07016,0.259834,-0.047619,-0.061584,-0.180782,-0.019847,-0.045953,0.173983,-0.008353,-0.043864,-1.250255,0.0,0.0,0.0,0.0,0.0,1.0,0.0,0.0,0.0,0.0,0.0,0.0,0.0,0.0,0.0,0.0,0.0,0.0,0.0,0.0,0.0,0.0,0.0,0.0,0.0,0.0,0.0,0.0,0.0,0.0,0.0,0.0,0.0,0.0,0.0,0.0,0.0,0.0,0.0,0.0,0.0,0.0,0.0,1.0,1.0,1.0,0.0,0.0,0.0,0.0,0.0,0.0,0.0,0.0,0.0,0.0,0.0,0.0,0.0,0.0,0.0,0.0,0.0,0.0,1.0,0.0,0.0,0.0,0.0,0.0,0.0,0.0,0.0,0.0,0.0,0.0,0.0,0.0,0.0,0.0,0.0,0.0,0.0,0.0,0.0,0.0,0.0,0.0,0.0,0.0,0.0,0.0,0.0,-0.276369,-0.281499,-0.276492,-0.276935,-0.277245,-0.187761,-0.241849
d688ea743859b0af,06_blissymbolics,Blissymbolics,meatball,meatball,Blissymbolics GitHub,https://github.com/blissymbolics/blissymbols,svg,meatball__aad7c4cb2b0d.svg,icon_data/iconsets/06_blissymbolics/rendered_svg/words/meatball__aad7c4cb2b0d.svg,icon_data/normalized_256/06_blissymbolics/meatball_aad7c4cb2b0d__d688ea743859.png,bliss_kind=word,meatball | Blissymbolics | bliss_kind=word,meatball blissymbolics bliss kind word,true,true,true,-0.156288,0.092199,0.092199,-0.054827,0.048752,0.048752,0.088249,0.509197,0.180849,1.610596,-0.583996,0.353484,-0.339534,-0.528252,-0.18622,0.123935,0.326779,0.144622,0.21754,-0.403265,0.222302,-0.464441,0.010376,0.104025,0.051956,0.257941,-0.590213,-0.574459,-0.763342,-0.398096,-0.354655,0.717554,-0.195531,-0.491757,0.001794,1.702936,0.171294,-0.556684,-0.171172,-0.267417,-0.259969,-0.164775,-0.231513,-0.432042,-0.434966,-0.230455,-0.076508,-0.266554,-0.277083,-0.080397,-0.110705,-0.250002,-0.23923,-0.123025,0.148476,-0.079787,-0.111994,-0.109549,0.19114,-0.079964,-0.061478,-0.043482,-0.01915,-0.026532,-0.018372,-0.062823,-0.034269,-0.064082,-0.01917,-0.044265,-0.07016,-0.176984,-0.047619,-0.061584,-0.090564,-0.019847,-0.045953,0.173983,-0.008353,-0.043864,0.356325,0.0,0.0,0.0,0.0,0.0,1.0,0.0,0.0,0.0,0.0,0.0,0.0,0.0,0.0,0.0,0.0,0.0,0.0,0.0,0.0,0.0,0.0,0.0,0.0,0.0,0.0,0.0,0.0,0.0,0.0,0.0,0.0,0.0,0.0,0.0,0.0,0.0,0.0,0.0,0.0,0.0,0.0,0.0,1.0,1.0,1.0,0.0,0.0,0.0,0.0,0.0,0.0,0.0,0.0,0.0,0.0,0.0,0.0,0.0,0.0,0.0,0.0,0.0,0.0,1.0,0.0,0.0,0.0,0.0,0.0,0.0,0.0,0.0,0.0,0.0,0.0,0.0,0.0,0.0,0.0,0.0,0.0,0.0,0.0,0.0,0.0,0.0,0.0,0.0,0.0,0.0,0.0,0.0,-0.276369,-0.281499,-0.276492,-0.276935,-0.277245,-0.187761,-0.241849
c7f27f7fd0d5d77b,06_blissymbolics,Blissymbolics,oats,oats,Blissymbolics GitHub,https://github.com/blissymbolics/blissymbols,svg,oats__4b6cc5f2c3e5.svg,icon_data/iconsets/06_blissymbolics/rendered_svg/words/oats__4b6cc5f2c3e5.svg,icon_data/normalized_256/06_blissymbolics/oats_4b6cc5f2c3e5__c7f27f7fd0d5.png,bliss_kind=word,oats | Blissymbolics | bliss_kind=word,oats blissymbolics bliss kind word,true,true,true,-0.385649,-0.261157,-0.261157,-0.051771,-0.112504,-0.112504,-0.170481,-0.214118,-0.095175,-0.259141,0.388157,0.123452,0.513653,0.454651,0.345252,-0.349548,-0.201692,-0.143844,0.722735,-0.165595,-0.231134,0.049484,-0.073282,-0.070251,-0.296432,-0.32394,0.430811,0.579505,0.326091,0.567052,-0.389941,-0.145824,0.192616,0.239594,-0.044502,-0.010554,-0.103276,0.181647,0.118324,0.323488,0.328972,0.118505,0.014408,0.199203,0.215651,0.013401,0.026643,0.208961,0.208932,0.006673,0.121322,0.310554,0.319588,0.095994,0.148476,-0.069697,-0.111994,-0.109549,-0.389884,-0.079964,-0.061478,-0.043482,-0.01915,-0.026532,-0.018372,-0.062823,-0.034269,-0.064082,-0.01917,-0.044265,-0.07016,0.259834,-0.047619,-0.061584,-0.180782,-0.019847,-0.045953,0.173983,-0.008353,-0.043864,-1.338462,0.0,0.0,0.0,0.0,0.0,1.0,0.0,0.0,0.0,0.0,0.0,0.0,0.0,0.0,0.0,0.0,0.0,0.0,0.0,0.0,0.0,0.0,0.0,0.0,0.0,0.0,0.0,0.0,0.0,0.0,0.0,0.0,0.0,0.0,0.0,0.0,0.0,0.0,0.0,0.0,0.0,0.0,0.0,1.0,1.0,1.0,0.0,0.0,0.0,0.0,0.0,0.0,0.0,0.0,0.0,0.0,0.0,0.0,0.0,0.0,0.0,0.0,0.0,0.0,1.0,0.0,0.0,0.0,0.0,0.0,0.0,0.0,0.0,0.0,0.0,0.0,0.0,0.0,0.0,0.0,0.0,0.0,0.0,0.0,0.0,0.0,0.0,0.0,0.0,0.0,0.0,0.0,0.0,-0.276369,-0.281499,-0.276492,-0.276935,-0.277245,-0.187761,-0.241849
e0bee5c0b0d5a7d6,06_blissymbolics,Blissymbolics,salt crystal,salt crystal,Blissymbolics GitHub,https://github.com/blissymbolics/blissymbols,svg,salt_crystal__f82de49513e1.svg,icon_data/iconsets/06_blissymbolics/rendered_svg/words/salt_crystal__f82de49513e1.svg,icon_data/normalized_256/06_blissymbolics/salt_crystal_f82de49513e1__e0bee5c0b0d5.png,bliss_kind=word,salt crystal | Blissymbolics | bliss_kind=word,salt crystal blissymbolics bliss kind word,true,true,true,-0.216658,-0.261157,-0.261157,-0.051771,-0.112504,-0.112504,-0.170481,-0.217876,-0.095175,0.186853,0.388157,0.132863,0.524471,0.454651,0.348941,-0.351567,-0.20964,-0.245091,0.436609,-0.312956,0.442886,-0.484946,-0.073282,-0.070251,-0.296432,-0.32394,0.53135,0.579505,0.332688,0.654773,-0.389941,-0.145824,0.200514,0.232173,0.001794,-0.034026,0.187211,-0.058838,0.201037,0.064967,0.07131,0.212931,0.344404,0.199203,0.215651,0.347573,0.35857,0.208961,0.208932,0.340843,0.195201,0.045283,0.05514,0.176437,0.148476,-0.069697,-0.111994,-0.109549,-0.374776,-0.079964,-0.061478,-0.043482,-0.01915,-0.026532,-0.018372,-0.062823,-0.034269,-0.064082,-0.01917,-0.044265,-0.07016,0.259834,-0.047619,-0.061584,-0.180782,-0.019847,-0.045953,0.173983,-0.008353,-0.043864,-1.182999,0.0,0.0,0.0,0.0,0.0,1.0,0.0,0.0,0.0,0.0,0.0,0.0,0.0,0.0,0.0,0.0,0.0,0.0,0.0,0.0,0.0,0.0,0.0,0.0,0.0,0.0,0.0,0.0,0.0,0.0,0.0,0.0,0.0,0.0,0.0,0.0,0.0,0.0,0.0,0.0,0.0,0.0,0.0,1.0,1.0,1.0,0.0,0.0,0.0,0.0,0.0,0.0,0.0,0.0,0.0,0.0,0.0,0.0,0.0,0.0,0.0,0.0,0.0,0.0,1.0,0.0,0.0,0.0,0.0,0.0,0.0,0.0,0.0,0.0,0.0,0.0,0.0,0.0,0.0,0.0,0.0,0.0,0.0,0.0,0.0,0.0,0.0,0.0,0.0,0.0,0.0,0.0,0.0,-0.276369,-0.281499,-0.276492,-0.276935,-0.277245,-0.187761,-0.241849
f3ac148d14f99a51,06_blissymbolics,Blissymbolics,scales,scales,Blissymbolics GitHub,https://github.com/blissymbolics/blissymbols,svg,scales__39cbaa68e8ae.svg,icon_data/iconsets/06_blissymbolics/rendered_svg/words/scales__39cbaa68e8ae.svg,icon_data/normalized_256/06_blissymbolics/scales_39cbaa68e8ae__f3ac148d14f9.png,bliss_kind=word,scales | Blissymbolics | bliss_kind=word,scales blissymbolics bliss kind word,true,true,true,-0.152983,-0.261157,-0.261157,-0.051771,-0.112504,-0.112504,-0.170481,-0.223988,-0.095175,-0.109792,0.388157,0.148422,0.53648,0.454651,0.355785,-0.355311,-0.224382,0.021324,0.201942,-0.262684,0.201405,0.049484,-0.073282,-0.070251,-0.313021,-0.308627,0.738712,0.579505,0.343446,0.830213,-0.389941,-0.156039,0.200514,0.239594,0.001794,-0.010554,0.091708,0.181647,0.366463,0.323488,0.328972,0.3808,0.234405,0.199203,0.215651,0.239193,0.247927,0.208961,0.208932,0.232464,0.374621,0.310554,0.319588,0.347378,0.148476,-0.069697,-0.111994,-0.109549,-0.355676,-0.079964,-0.061478,-0.043482,-0.01915,-0.026532,-0.018372,-0.062823,-0.034269,-0.064082,-0.01917,-0.044265,-0.07016,0.259834,-0.047619,-0.061584,-0.180782,-0.019847,-0.045953,0.173983,-0.008353,-0.043864,-1.082916,0.0,0.0,0.0,0.0,0.0,1.0,0.0,0.0,0.0,0.0,0.0,0.0,0.0,0.0,0.0,0.0,0.0,0.0,0.0,0.0,0.0,0.0,0.0,0.0,0.0,0.0,0.0,0.0,0.0,0.0,0.0,0.0,0.0,0.0,0.0,0.0,0.0,0.0,0.0,0.0,0.0,0.0,0.0,1.0,1.0,1.0,0.0,0.0,0.0,0.0,0.0,0.0,0.0,0.0,0.0,0.0,0.0,0.0,0.0,0.0,0.0,0.0,0.0,0.0,1.0,0.0,0.0,0.0,0.0,0.0,0.0,0.0,0.0,0.0,0.0,0.0,0.0,0.0,0.0,0.0,0.0,0.0,0.0,0.0,0.0,0.0,0.0,0.0,0.0,0.0,0.0,0.0,0.0,-0.276369,-0.281499,-0.276492,-0.276935,-0.277245,-0.187761,-0.241849
9b513da0bbf6fec5,06_blissymbolics,Blissymbolics,signal receiver 1,signal receiver 1,Blissymbolics GitHub,https://github.com/blissymbolics/blissymbols,svg,signal_receiver_1__175ce644b442.svg,icon_data/iconsets/06_blissymbolics/rendered_svg/words/signal_receiver_1__175ce644b442.svg,icon_data/normalized_256/06_blissymbolics/signal_receiver_1_175ce644b442__9b513da0bbf6.png,bliss_kind=word,signal receiver 1 | Blissymbolics | bliss_kind=word,signal receiver blissymbolics bliss kind word,true,true,true,-0.196387,-0.261157,-0.261157,-0.051771,-0.112504,-0.112504,-0.170481,-0.210839,-0.095175,-0.295716,0.388157,0.115331,0.502819,0.454651,0.342302,-0.347933,-0.195337,-0.373642,0.130975,0.205285,0.127901,0.049484,-0.073282,-0.070251,-0.296432,-0.32394,0.355407,0.579505,0.320342,0.501262,-0.389941,-0.145824,0.192064,0.239594,-0.044502,-0.010554,-0.151028,0.181647,0.056289,0.323488,0.328972,0.055554,-0.040591,0.199203,0.215651,-0.040789,-0.028678,0.208961,0.208932,-0.047517,0.057997,0.310554,0.319588,0.035661,0.148476,-0.069697,-0.111994,-0.109549,-0.348708,-0.079964,-0.061478,-0.043482,-0.01915,-0.026532,-0.018372,-0.062823,-0.034269,-0.064082,-0.01917,-0.044265,-0.07016,0.259834,-0.047619,-0.061584,-0.180782,-0.019847,-0.045953,0.173983,-0.008353,-0.043864,-1.010649,0.0,0.0,0.0,0.0,0.0,1.0,0.0,0.0,0.0,0.0,0.0,0.0,0.0,0.0,0.0,0.0,0.0,0.0,0.0,0.0,0.0,0.0,0.0,0.0,0.0,0.0,0.0,0.0,0.0,0.0,0.0,0.0,0.0,0.0,0.0,0.0,0.0,0.0,0.0,0.0,0.0,0.0,0.0,1.0,1.0,1.0,0.0,0.0,0.0,0.0,0.0,0.0,0.0,0.0,0.0,0.0,0.0,0.0,0.0,0.0,0.0,0.0,0.0,0.0,1.0,0.0,0.0,0.0,0.0,0.0,0.0,0.0,0.0,0.0,0.0,0.0,0.0,0.0,0.0,0.0,0.0,0.0,0.0,0.0,0.0,0.0,0.0,0.0,0.0,0.0,0.0,0.0,0.0,-0.276369,-0.281499,-0.276492,-0.276935,-0.277245,-0.187761,-0.241849
ab4c6a5c76f157ea,07_arasaac_pictograms,ARASAAC Pictograms,shoemaker,shoemaker,ARASAAC API/static pictograms,https://arasaac.org,png,11401.png,icon_data/iconsets/07_arasaac_pictograms/png_300/11401.png,icon_data/normalized_256/07_arasaac_pictograms/11401__ab4c6a5c76f1.png,arasaac_id=11401,shoemaker | ARASAAC Pictograms | arasaac_id=11401,shoemaker arasaac pictograms id 11401,true,true,true,0.965623,0.353945,0.353945,-0.055615,-0.112504,-0.112504,0.152932,-0.101101,-0.028929,-0.030193,-0.044196,0.353484,-0.259309,-0.119365,-0.188557,0.153765,0.235472,0.32195,-0.136641,-0.16139,-0.066676,0.569323,-0.073282,-0.070251,0.474998,0.334504,0.057767,-0.141376,0.132799,-0.272996,0.163756,0.165376,-0.122641,-0.145317,0.001794,-0.010554,0.13946,0.122581,-0.139993,-0.231063,0.065703,-0.07543,0.05666,0.04509,0.072375,-0.024843,-0.031559,-0.009305,0.17467,0.132551,0.080424,0.045283,0.05514,0.138258,-0.259043,0.495386,0.214705,0.234364,-0.104864,0.218138,-0.014924,0.933382,0.002498,0.03107,-0.001846,-0.040094,0.217078,0.235613,-0.018872,-0.015779,-0.070114,0.259834,-0.047619,-0.061584,-0.180782,-0.019847,-0.045953,0.001484,-0.634524,0.873461,0.996507,0.0,0.0,0.0,0.0,0.0,0.0,1.0,0.0,0.0,0.0,0.0,0.0,0.0,0.0,1.0,0.0,0.0,0.0,0.0,0.0,0.0,0.0,0.0,0.0,0.0,0.0,0.0,0.0,0.0,0.0,0.0,0.0,0.0,0.0,0.0,0.0,0.0,0.0,0.0,0.0,0.0,0.0,0.0,0.0,0.0,0.0,1.0,1.0,0.0,0.0,0.0,0.0,0.0,0.0,0.0,0.0,0.0,0.0,0.0,0.0,0.0,0.0,0.0,0.0,0.0,0.0,0.0,0.0,0.0,0.0,0.0,0.0,0.0,0.0,0.0,0.0,0.0,0.0,0.0,0.0,0.0,0.0,0.0,0.0,0.0,0.0,0.0,0.0,0.0,0.0,0.0,0.0,0.0,-0.276369,-0.281499,-0.276492,-0.276935,-0.277245,-0.187761,-0.241849
255623028b70fd39,07_arasaac_pictograms,ARASAAC Pictograms,Cinderella,Cinderella,ARASAAC API/static pictograms,https://arasaac.org,png,21527.png,icon_data/iconsets/07_arasaac_pictograms/png_300/21527.png,icon_data/normalized_256/07_arasaac_pictograms/21527__255623028b70.png,arasaac_id=21527,Cinderella | ARASAAC Pictograms | arasaac_id=21527,cinderella arasaac pictograms id 21527,true,true,true,0.820206,0.314683,0.314683,-0.055526,-0.058752,-0.058752,0.929124,-0.079145,-0.006847,-0.049539,-0.15026,0.353484,-0.308153,-0.2074,-0.601083,0.51449,0.668582,-0.337654,-0.05809,0.346119,0.043201,0.268622,-0.073282,-0.012159,0.922925,0.686695,-0.064912,-0.255202,0.096368,-0.322715,0.589446,0.336063,-0.260642,-0.266446,0.001794,-0.010554,0.115584,0.122581,-0.171172,-0.037605,-0.206194,-0.139529,-0.213466,0.071444,-0.043897,0.012695,0.024914,0.208961,-0.053377,-0.119487,0.214,0.210792,-0.052292,-0.092859,-0.259043,0.626566,0.159309,0.148308,-0.111889,-0.064558,0.061896,-0.036291,-0.018555,-0.025693,-0.002103,0.909558,0.181314,0.284113,0.13736,0.077413,-0.069956,0.194478,-0.172633,-0.107417,-0.180782,-0.019847,-0.045953,-0.218978,-0.008353,-0.043864,0.988022,0.0,0.0,0.0,0.0,0.0,0.0,1.0,0.0,0.0,0.0,0.0,0.0,0.0,0.0,1.0,0.0,0.0,0.0,0.0,0.0,0.0,0.0,0.0,0.0,0.0,0.0,0.0,0.0,0.0,0.0,0.0,0.0,0.0,0.0,0.0,0.0,0.0,0.0,0.0,0.0,0.0,0.0,0.0,0.0,0.0,0.0,1.0,1.0,0.0,0.0,0.0,0.0,0.0,0.0,0.0,0.0,0.0,0.0,0.0,0.0,0.0,0.0,0.0,0.0,0.0,0.0,0.0,0.0,0.0,0.0,0.0,0.0,0.0,0.0,0.0,0.0,0.0,0.0,0.0,0.0,0.0,0.0,0.0,0.0,0.0,0.0,0.0,0.0,0.0,0.0,0.0,0.0,0.0,-0.276369,-0.281499,-0.276492,-0.276935,-0.277245,-0.187761,-0.241849
a6de1dec67d7aed5,07_arasaac_pictograms,ARASAAC Pictograms,bucket and spade,bucket and spade,ARASAAC API/static pictograms,https://arasaac.org,png,2361.png,icon_data/iconsets/07_arasaac_pictograms/png_300/2361.png,icon_data/normalized_256/07_arasaac_pictograms/2361__a6de1dec67d7.png,arasaac_id=2361,bucket and spade | ARASAAC Pictograms | arasaac_id=2361,bucket and spade arasaac pictograms id 2361,true,true,true,0.03033,-0.10411,-0.10411,-0.053679,-0.112504,-0.112504,0.411662,-0.032524,-0.062052,0.050055,-0.11782,0.353484,-0.247517,-0.167947,-0.306795,0.340206,0.079365,0.246043,-0.25753,-0.038314,-0.024483,0.582885,-0.073282,-0.070251,0.616012,0.058877,-0.402096,-0.20269,0.02017,-0.318916,0.272341,0.065029,-0.197023,-0.178984,0.001794,0.012919,-0.155007,-0.252913,-0.155501,-0.241738,-0.251342,-0.164775,-0.197568,-0.264675,-0.034049,-0.145218,-0.230225,0.125083,0.155602,-0.188636,-0.174195,-0.217701,-0.263167,-0.175501,-0.259043,0.091756,0.467835,0.561825,0.060806,0.246684,-0.061389,-0.043291,-0.01915,-0.026532,-0.018372,0.554413,0.352532,0.468864,-0.016111,0.118688,-0.063745,0.128404,-0.267418,-0.378906,0.05052,1.065523,0.840756,-0.315348,-0.008353,-0.043864,0.423621,0.0,0.0,0.0,0.0,0.0,0.0,1.0,0.0,0.0,0.0,0.0,0.0,0.0,0.0,1.0,0.0,0.0,0.0,0.0,0.0,0.0,0.0,0.0,0.0,0.0,0.0,0.0,0.0,0.0,0.0,0.0,0.0,0.0,0.0,0.0,0.0,0.0,0.0,0.0,0.0,0.0,0.0,0.0,0.0,0.0,0.0,1.0,1.0,0.0,0.0,0.0,0.0,0.0,0.0,0.0,0.0,0.0,0.0,0.0,0.0,0.0,0.0,0.0,0.0,0.0,0.0,0.0,0.0,0.0,0.0,1.0,0.0,0.0,0.0,0.0,0.0,0.0,0.0,0.0,0.0,0.0,0.0,0.0,0.0,0.0,0.0,0.0,0.0,0.0,0.0,0.0,0.0,0.0,-0.276369,-0.281499,-0.276492,-0.276935,-0.277245,-0.187761,-0.241849
92617f40c2c43b99,07_arasaac_pictograms,ARASAAC Pictograms,all,all,ARASAAC API/static pictograms,https://arasaac.org,png,27091.png,icon_data/iconsets/07_arasaac_pictograms/png_300/27091.png,icon_data/normalized_256/07_arasaac_pictograms/27091__92617f40c2c4.png,arasaac_id=27091,all | ARASAAC Pictograms | arasaac_id=27091,all arasaac pictograms id 27091,true,true,true,0.064481,0.175958,0.175958,-0.055138,0.048752,0.048752,-0.105799,0.281456,-0.051011,0.220388,-0.601406,-0.561769,-0.340144,-0.556137,0.268828,-0.19225,-0.426741,-0.028816,0.20768,-0.205689,0.180948,0.583453,-0.073282,-0.070251,0.450113,0.181378,-0.494584,-0.604244,-0.45512,-0.396293,0.067932,-0.149572,0.157797,0.188668,0.001794,-0.010554,0.067833,-0.18119,-0.168102,-0.246354,-0.238833,-0.161496,-0.13641,-0.22399,-0.220212,-0.123203,-0.122464,-0.202848,-0.211971,-0.128942,-0.170567,-0.254576,-0.243647,-0.172202,-0.259043,-0.069697,0.454018,0.545045,0.148914,-0.047312,-0.061478,-0.043482,-0.01915,-0.026532,-0.018372,-0.062823,-0.034269,-0.064082,-0.01917,-0.044265,0.601357,0.016045,0.742974,0.618612,-0.180782,-0.019847,-0.045953,-0.110257,1.309148,0.697666,-0.541458,0.0,0.0,0.0,0.0,0.0,0.0,1.0,0.0,0.0,0.0,0.0,0.0,0.0,0.0,1.0,0.0,0.0,0.0,0.0,0.0,0.0,0.0,0.0,0.0,0.0,0.0,0.0,0.0,0.0,0.0,0.0,0.0,0.0,0.0,0.0,0.0,0.0,0.0,0.0,0.0,0.0,0.0,0.0,0.0,0.0,0.0,1.0,1.0,0.0,0.0,0.0,0.0,0.0,0.0,0.0,0.0,0.0,0.0,0.0,0.0,0.0,0.0,0.0,0.0,0.0,0.0,0.0,0.0,0.0,0.0,0.0,0.0,0.0,0.0,0.0,0.0,0.0,0.0,0.0,0.0,0.0,0.0,0.0,0.0,0.0,0.0,0.0,0.0,0.0,0.0,0.0,0.0,0.0,-0.276369,-0.281499,-0.276492,-0.276935,-0.277245,-0.187761,-0.241849
8025a575373cd6a9,07_arasaac_pictograms,ARASAAC Pictograms,epidural,epidural,ARASAAC API/static pictograms,https://arasaac.org,png,32286.png,icon_data/iconsets/07_arasaac_pictograms/png_300/32286.png,icon_data/normalized_256/07_arasaac_pictograms/32286__8025a575373c.png,arasaac_id=32286,epidural | ARASAAC Pictograms | arasaac_id=32286,epidural arasaac pictograms id 32286,true,true,true,0.293181,-0.036056,-0.036056,-0.05417,-0.112504,-0.112504,0.088249,-0.089712,-0.062052,-0.196088,-0.111132,0.353484,-0.162532,-0.227686,-0.541367,0.504805,0.462367,0.397534,-0.251432,-0.079826,-0.192515,-0.139454,-0.073282,-0.070251,0.17638,0.058877,-0.220556,-0.224408,0.113857,-0.237112,0.352878,0.651358,-0.228284,-0.244224,0.048091,-0.010554,-0.103276,0.071953,-0.108329,0.034239,-0.259969,-0.164775,-0.057922,-0.197791,-0.434966,-0.230455,0.001,0.106426,-0.215227,-0.143054,0.003082,0.140329,0.143337,0.001096,-0.259043,0.28348,0.095623,0.227838,-0.119044,0.416103,-0.050207,0.013953,-0.01915,0.006623,2.217979,-0.053467,-0.032658,-0.03214,-0.01917,-0.044265,-0.070099,-0.176984,-0.047619,-0.061584,0.27731,-0.019847,-0.045953,0.243774,-0.008355,-0.043864,0.951282,0.0,0.0,0.0,0.0,0.0,0.0,1.0,0.0,0.0,0.0,0.0,0.0,0.0,0.0,1.0,0.0,0.0,0.0,0.0,0.0,0.0,0.0,0.0,0.0,0.0,0.0,0.0,0.0,0.0,0.0,0.0,0.0,0.0,0.0,0.0,0.0,0.0,0.0,0.0,0.0,0.0,0.0,0.0,0.0,0.0,0.0,1.0,1.0,0.0,0.0,0.0,0.0,0.0,0.0,0.0,0.0,0.0,0.0,0.0,0.0,0.0,0.0,0.0,0.0,0.0,0.0,0.0,0.0,0.0,0.0,0.0,0.0,0.0,0.0,0.0,0.0,0.0,0.0,0.0,0.0,0.0,0.0,0.0,0.0,0.0,0.0,0.0,0.0,0.0,0.0,0.0,0.0,0.0,-0.276369,-0.281499,-0.276492,-0.276935,-0.277245,-0.187761,-0.241849
a51195a2d92d9ff2,07_arasaac_pictograms,ARASAAC Pictograms,beetle,beetle,ARASAAC API/static pictograms,https://arasaac.org,png,3301.png,icon_data/iconsets/07_arasaac_pictograms/png_300/3301.png,icon_data/normalized_256/07_arasaac_pictograms/3301__a51195a2d92d.png,arasaac_id=3301,beetle | ARASAAC Pictograms | arasaac_id=3301,beetle arasaac pictograms id 3301,true,true,true,-0.093494,-0.049143,-0.049143,-0.054085,0.210008,0.210008,-0.170481,0.04525,0.092521,-0.138733,-0.214162,-0.331597,-0.26796,-0.283523,-0.731341,0.612818,0.857893,-0.158761,0.339725,-0.173253,0.191102,-0.1501,-0.073282,-0.070251,0.267624,0.395755,-0.316505,-0.333927,-0.103541,-0.322835,0.578033,0.055657,-0.150955,-0.134031,0.464756,-0.339168,-0.091338,0.004448,-0.163417,-0.024332,-0.189946,-0.164775,-0.212893,0.152661,0.036954,-0.195598,-0.231522,-0.070887,0.180717,-0.16902,-0.174195,-0.26015,-0.23353,-0.175501,0.148476,-0.069697,-0.111994,-0.109549,0.295114,-0.079964,-0.061478,-0.043482,-0.01915,-0.026532,-0.018372,-0.062823,-0.034269,-0.064082,-0.01917,-0.044265,-0.07016,-0.176984,-0.047619,-0.061584,0.27731,-0.019847,-0.045953,0.243774,-0.008355,-0.043864,-1.148909,0.0,0.0,0.0,0.0,0.0,0.0,1.0,0.0,0.0,0.0,0.0,0.0,0.0,0.0,1.0,0.0,0.0,0.0,0.0,0.0,0.0,0.0,0.0,0.0,0.0,0.0,0.0,0.0,0.0,0.0,0.0,0.0,0.0,0.0,0.0,0.0,0.0,0.0,0.0,0.0,0.0,0.0,0.0,0.0,0.0,0.0,1.0,1.0,0.0,0.0,0.0,0.0,0.0,0.0,0.0,0.0,0.0,0.0,0.0,0.0,0.0,0.0,0.0,0.0,0.0,0.0,0.0,0.0,0.0,0.0,0.0,0.0,0.0,0.0,0.0,0.0,0.0,0.0,0.0,0.0,0.0,0.0,0.0,0.0,0.0,0.0,0.0,0.0,0.0,0.0,0.0,0.0,0.0,-0.276369,-0.281499,-0.276492,-0.276935,-0.277245,-0.187761,-0.241849
97bbfcfc069b7629,07_arasaac_pictograms,ARASAAC Pictograms,fight,fight,ARASAAC API/static pictograms,https://arasaac.org,png,34496.png,icon_data/iconsets/07_arasaac_pictograms/png_300/34496.png,icon_data/normalized_256/07_arasaac_pictograms/34496__97bbfcfc069b.png,arasaac_id=34496,fight | ARASAAC Pictograms | arasaac_id=34496,fight arasaac pictograms id 34496,true,true,true,0.540169,0.38012,0.38012,-0.05567,-0.112504,-0.112504,1.187854,-0.02812,-0.017888,-0.252114,-0.210266,0.353484,-0.31172,-0.213889,-0.361192,0.37138,0.191791,-0.165549,0.208685,-0.019966,0.092204,-0.00862,-0.073282,-0.070251,0.607717,0.732633,-0.220065,-0.210184,0.013054,-0.327892,-0.040714,-0.098591,-0.195875,-0.167997,0.048091,-0.080971,-0.143069,0.109924,-0.113822,-0.031257,0.046292,-0.164775,-0.135264,-0.027342,0.035842,-0.207452,-0.169142,-0.069522,0.022897,-0.198091,-0.052657,-0.206553,0.003134,-0.057194,-0.259043,0.475204,0.536486,0.56937,-0.012928,0.232904,0.105108,-0.02249,0.01999,1.950796,-0.002468,0.21221,-0.030499,0.095424,-0.019051,-0.011035,-0.069937,-0.176984,-0.047619,-0.061584,0.160723,-0.963055,0.838454,0.070625,-0.527969,-0.470201,1.213847,0.0,0.0,0.0,0.0,0.0,0.0,1.0,0.0,0.0,0.0,0.0,0.0,0.0,0.0,1.0,0.0,0.0,0.0,0.0,0.0,0.0,0.0,0.0,0.0,0.0,0.0,0.0,0.0,0.0,0.0,0.0,0.0,0.0,0.0,0.0,0.0,0.0,0.0,0.0,0.0,0.0,0.0,0.0,0.0,0.0,0.0,1.0,1.0,0.0,0.0,0.0,0.0,0.0,0.0,0.0,0.0,0.0,0.0,0.0,0.0,0.0,0.0,0.0,0.0,0.0,0.0,0.0,0.0,0.0,0.0,0.0,0.0,0.0,0.0,0.0,0.0,0.0,0.0,0.0,0.0,0.0,0.0,0.0,0.0,0.0,0.0,0.0,0.0,0.0,0.0,0.0,0.0,0.0,-0.276369,-0.281499,-0.276492,-0.276935,-0.277245,-0.187761,-0.241849
52c97289f9c9f6dc,07_arasaac_pictograms,ARASAAC Pictograms,agricultural machiner store,agricultural machiner store,ARASAAC API/static pictograms,https://arasaac.org,png,36253.png,icon_data/iconsets/07_arasaac_pictograms/png_300/36253.png,icon_data/normalized_256/07_arasaac_pictograms/36253__52c97289f9c9.png,arasaac_id=36253,agricultural machiner store | ARASAAC Pictograms | arasaac_id=36253,agricultural machiner store arasaac pictograms id 36253,true,true,true,1.452548,0.364415,0.364415,-0.055637,0.317511,0.317511,0.670393,-0.085663,0.280217,-0.036642,0.059503,0.353484,-0.266349,-0.059688,-0.580438,0.444747,0.821334,0.287197,-0.139219,-0.101284,-0.10671,-0.170188,-0.073282,0.162117,0.740436,0.533569,0.196891,-0.031452,0.107146,-0.251065,0.791268,0.273602,-0.211543,-0.079049,0.094387,0.130281,0.155377,0.147895,0.310728,0.258857,-0.030058,-0.164775,0.252738,0.199203,-0.084243,-0.181627,0.178488,0.208658,0.075452,0.067495,-0.04639,0.04414,0.097885,-0.002517,-0.259043,0.747655,0.153788,0.234474,-0.095126,0.058569,0.097365,0.834045,0.024486,1.025952,0.00596,0.087566,-0.033642,0.24204,-0.016022,0.047621,-0.069885,0.205309,-0.047619,-0.061584,-0.180782,-0.019847,-0.045953,0.07497,-0.651339,0.912414,1.548763,0.0,0.0,0.0,0.0,0.0,0.0,1.0,0.0,0.0,0.0,0.0,0.0,0.0,0.0,1.0,0.0,0.0,0.0,0.0,0.0,0.0,0.0,0.0,0.0,0.0,0.0,0.0,0.0,0.0,0.0,0.0,0.0,0.0,0.0,0.0,0.0,0.0,0.0,0.0,0.0,0.0,0.0,0.0,0.0,0.0,0.0,1.0,1.0,0.0,0.0,0.0,0.0,0.0,0.0,0.0,0.0,0.0,0.0,0.0,0.0,0.0,0.0,0.0,0.0,0.0,0.0,0.0,0.0,0.0,0.0,0.0,0.0,0.0,0.0,0.0,0.0,0.0,0.0,0.0,0.0,0.0,0.0,0.0,0.0,0.0,0.0,0.0,0.0,0.0,0.0,0.0,0.0,0.0,-0.276369,-0.281499,-0.276492,-0.276935,-0.277245,-0.187761,-0.241849
4ca95e3d476453ba,07_arasaac_pictograms,ARASAAC Pictograms,public telephone,public telephone,ARASAAC API/static pictograms,https://arasaac.org,png,37502.png,icon_data/iconsets/07_arasaac_pictograms/png_300/37502.png,icon_data/normalized_256/07_arasaac_pictograms/37502__4ca95e3d4764.png,arasaac_id=37502,public telephone | ARASAAC Pictograms | arasaac_id=37502,public telephone arasaac pictograms id 37502,true,true,true,0.580269,-0.062231,-0.062231,-0.053996,-0.112504,-0.112504,-0.105799,-0.199489,-0.084134,-0.126122,0.303211,0.353484,0.229642,0.290199,0.043299,-0.023368,-0.094368,0.221343,-0.33797,0.259303,-0.375353,0.065961,-0.073282,-0.070251,-0.138828,-0.216751,0.177206,0.374268,0.300512,0.054389,1.514506,-0.128524,0.1843,0.22113,-1.248202,-0.010554,-0.063483,0.021324,-0.033855,0.148063,0.15413,-0.025594,-0.069953,0.199203,0.215651,-0.060687,-0.035881,0.208961,0.208932,-0.065721,0.00737,0.136756,0.146329,-0.044624,-0.259043,0.495386,0.008043,0.204748,-0.11154,-0.051569,-0.041474,-0.038092,-0.01915,-0.026532,-0.018372,1.224593,-0.025176,-0.064082,-0.01917,-0.044265,-0.07016,0.149171,-0.047619,-0.061584,-0.180782,-0.019847,-0.045953,-0.131345,-0.008353,-0.043864,0.872233,0.0,0.0,0.0,0.0,0.0,0.0,1.0,0.0,0.0,0.0,0.0,0.0,0.0,0.0,1.0,0.0,0.0,0.0,0.0,0.0,0.0,0.0,0.0,0.0,0.0,0.0,0.0,0.0,0.0,0.0,0.0,0.0,0.0,0.0,0.0,0.0,0.0,0.0,0.0,0.0,0.0,0.0,0.0,0.0,0.0,0.0,1.0,1.0,0.0,0.0,0.0,0.0,0.0,0.0,0.0,0.0,0.0,0.0,0.0,0.0,0.0,0.0,0.0,0.0,0.0,0.0,0.0,0.0,0.0,0.0,0.0,0.0,0.0,0.0,0.0,0.0,0.0,0.0,0.0,0.0,0.0,0.0,0.0,0.0,0.0,0.0,0.0,0.0,0.0,0.0,0.0,0.0,0.0,-0.276369,-0.281499,-0.276492,-0.276935,-0.277245,-0.187761,-0.241849
a8150b5836fa8340,07_arasaac_pictograms,ARASAAC Pictograms,distribution company,distribution company,ARASAAC API/static pictograms,https://arasaac.org,png,37696.png,icon_data/iconsets/07_arasaac_pictograms/png_300/37696.png,icon_data/normalized_256/07_arasaac_pictograms/37696__a8150b5836fa.png,arasaac_id=37696,distribution company | ARASAAC Pictograms | arasaac_id=37696,distribution company arasaac pictograms id 37696,true,true,true,0.709161,0.623543,0.623543,-0.056071,-0.112504,-0.112504,0.929124,0.067445,-0.073093,0.014467,-0.572871,0.353484,-0.35609,-0.524201,-0.293412,0.147188,0.677149,0.141568,-0.264146,0.162915,-0.17837,-0.309091,-0.073282,-0.070251,0.474998,0.533569,-0.359337,-0.566594,-0.13809,-0.403001,0.080538,0.904673,-0.251706,-0.444422,0.001794,-0.034026,0.13946,0.067734,-0.138862,-0.23943,-0.2338,-0.164775,-0.159756,-0.339728,-0.39732,-0.230455,-0.094948,-0.126554,-0.075856,-0.161541,-0.110375,0.015983,0.079789,0.171252,-0.259043,0.313752,-0.078264,-0.006338,-0.092275,0.030059,0.667829,0.120171,-0.015185,-0.026532,-0.018372,-0.057128,-0.008444,0.675394,-0.01917,0.063871,-0.07016,0.259834,-0.047619,-0.061584,-0.180782,-0.019847,-0.045953,0.173983,-0.008353,-0.043864,0.20457,0.0,0.0,0.0,0.0,0.0,0.0,1.0,0.0,0.0,0.0,0.0,0.0,0.0,0.0,1.0,0.0,0.0,0.0,0.0,0.0,0.0,0.0,0.0,0.0,0.0,0.0,0.0,0.0,0.0,0.0,0.0,0.0,0.0,0.0,0.0,0.0,0.0,0.0,0.0,0.0,0.0,0.0,0.0,0.0,0.0,0.0,1.0,1.0,0.0,0.0,0.0,0.0,0.0,0.0,0.0,0.0,0.0,0.0,0.0,0.0,0.0,0.0,0.0,0.0,0.0,0.0,0.0,0.0,0.0,0.0,0.0,0.0,0.0,0.0,0.0,0.0,0.0,0.0,0.0,0.0,0.0,0.0,0.0,0.0,0.0,0.0,0.0,0.0,0.0,0.0,0.0,0.0,0.0,-0.276369,-0.281499,-0.276492,-0.276935,-0.277245,-0.187761,-0.241849
6bfd058b52069703,08_ghs_hazard_pictograms,GHS Hazard Pictograms,corrosion,corrosion,OSHA Hazard Communication Pictograms,https://www.osha.gov/hazcom/pictograms,png,corrosion.png,icon_data/iconsets/08_ghs_hazard_pictograms/png_osha/corrosion.png,icon_data/normalized_256/08_ghs_hazard_pictograms/corrosion__6bfd058b5206.png,,corrosion | GHS Hazard Pictograms,corrosion ghs hazard pictograms,false,true,true,0.217609,0.565959,0.565959,-0.055991,0.532519,0.532519,0.152932,0.442175,-0.095175,-0.036642,-0.557577,-0.669641,-0.352993,-0.430202,0.256156,-0.275578,-0.094863,-0.1341,0.370628,-0.450568,0.560165,0.546861,-0.073282,-0.070251,-0.147123,0.502943,-0.453715,-0.713765,-0.675523,-0.402519,-0.209754,-0.092951,0.057073,0.048894,0.001794,-0.010554,0.179253,0.173209,-0.171172,-0.119402,-0.112446,-0.164775,-0.095161,-0.340807,-0.326,-0.084819,-0.049135,-0.302047,-0.372116,-0.091828,-0.174195,-0.128229,-0.117834,-0.175501,-0.259043,-0.130241,0.548851,0.439763,0.041671,0.566899,-0.061478,-0.043482,-0.01915,-0.026532,-0.018372,0.171241,-0.034269,-0.064082,-0.01917,-0.044265,-0.07016,0.028375,0.673195,0.449703,-0.180782,-0.019847,-0.045953,-0.346178,-0.008353,-0.043864,-1.120059,0.0,0.0,0.0,0.0,0.0,0.0,0.0,0.0,0.0,0.0,0.0,0.0,1.0,0.0,1.0,0.0,0.0,0.0,0.0,0.0,0.0,0.0,0.0,0.0,0.0,0.0,0.0,0.0,0.0,0.0,0.0,0.0,0.0,0.0,0.0,0.0,0.0,0.0,0.0,0.0,0.0,0.0,0.0,0.0,0.0,0.0,0.0,0.0,0.0,0.0,0.0,0.0,0.0,0.0,0.0,0.0,0.0,0.0,0.0,0.0,1.0,1.0,0.0,0.0,0.0,0.0,0.0,0.0,0.0,0.0,0.0,0.0,0.0,0.0,0.0,0.0,0.0,0.0,0.0,0.0,0.0,0.0,0.0,0.0,0.0,0.0,0.0,0.0,0.0,0.0,0.0,0.0,0.0,-0.276369,-0.281499,-0.276492,-0.276935,-0.277245,-0.187761,-0.241849
cddd255cbebb9d8e,08_ghs_hazard_pictograms,GHS Hazard Pictograms,environment,environment,OSHA Hazard Communication Pictograms,https://www.osha.gov/hazcom/pictograms,png,environment.png,icon_data/iconsets/08_ghs_hazard_pictograms/png_osha/environment.png,icon_data/normalized_256/08_ghs_hazard_pictograms/environment__cddd255cbebb.png,,environment | GHS Hazard Pictograms,environment ghs hazard pictograms,false,true,true,0.166052,-0.261157,-0.261157,-0.051771,-0.112504,-0.112504,-0.170481,-0.199508,-0.095175,-0.036642,0.388157,0.087919,0.089885,0.454651,0.256156,-0.275578,-0.094863,-0.202701,0.55281,-0.375814,0.360765,-0.484946,-0.073282,-0.070251,-0.313021,-0.308627,0.078925,-0.191198,0.300545,0.559708,-0.389942,-0.156039,0.200514,0.239594,0.001794,-0.010554,0.179253,0.173209,-0.171172,0.023419,0.0299,-0.164775,0.046491,0.199203,0.215651,0.054044,0.058914,0.208961,0.208932,0.047315,-0.174195,0.013268,0.023224,-0.175501,-0.259043,0.011029,0.096166,0.356849,-0.220343,0.699506,-0.061478,-0.043482,-0.01915,-0.026532,-0.018372,-0.062541,-0.034269,-0.051396,-0.01917,-0.044265,-0.07016,0.259834,-0.047619,-0.061584,0.065295,0.969725,0.620566,-0.315348,-0.008353,-0.043864,-0.256838,0.0,0.0,0.0,0.0,0.0,0.0,0.0,0.0,0.0,0.0,0.0,0.0,1.0,0.0,1.0,0.0,0.0,0.0,0.0,0.0,0.0,0.0,0.0,0.0,0.0,0.0,0.0,0.0,0.0,0.0,0.0,0.0,0.0,0.0,0.0,0.0,0.0,0.0,0.0,0.0,0.0,0.0,0.0,0.0,0.0,0.0,0.0,0.0,0.0,0.0,0.0,0.0,0.0,0.0,0.0,0.0,0.0,0.0,0.0,0.0,1.0,1.0,0.0,0.0,0.0,0.0,0.0,0.0,0.0,0.0,0.0,0.0,0.0,0.0,0.0,0.0,0.0,0.0,0.0,0.0,0.0,0.0,0.0,0.0,0.0,0.0,0.0,0.0,0.0,0.0,0.0,0.0,0.0,-0.276369,-0.281499,-0.276492,-0.276935,-0.277245,-0.187761,-0.241849
65ab556300024c0b,08_ghs_hazard_pictograms,GHS Hazard Pictograms,exclamation mark,exclamation mark,OSHA Hazard Communication Pictograms,https://www.osha.gov/hazcom/pictograms,png,exclamation_mark.png,icon_data/iconsets/08_ghs_hazard_pictograms/png_osha/exclamation_mark.png,icon_data/normalized_256/08_ghs_hazard_pictograms/exclamation_mark__65ab55630002.png,,exclamation mark | GHS Hazard Pictograms,exclamation mark ghs hazard pictograms,false,true,true,-0.029819,0.361798,0.361798,-0.055632,-0.005,-0.005,-0.105799,0.0789,-0.095175,-0.036642,-0.519606,-0.371668,-0.331921,-0.394678,0.256156,-0.275578,-0.094863,-0.530722,0.620997,-0.264114,0.607796,0.049959,-0.073282,-0.070251,-0.213482,-0.170813,-0.432581,-0.693031,-0.155793,-0.351931,-0.229311,-0.086527,0.19518,0.122802,0.001794,-0.010554,0.179253,0.173209,-0.171172,-0.11695,-0.110002,-0.164775,-0.095304,-0.264675,-0.258492,-0.085665,-0.083711,-0.320096,-0.329018,-0.092393,-0.174195,-0.128229,-0.117834,-0.175501,-0.259043,-0.130241,0.525998,0.464064,0.060909,0.519187,-0.061478,-0.043482,-0.01915,-0.026532,-0.018372,0.255204,-0.034269,-0.064082,-0.01917,-0.044265,-0.07016,0.028375,0.673195,0.449703,-0.180782,-0.019847,-0.045953,-0.346178,-0.008353,-0.043864,-1.03151,0.0,0.0,0.0,0.0,0.0,0.0,0.0,0.0,0.0,0.0,0.0,0.0,1.0,0.0,1.0,0.0,0.0,0.0,0.0,0.0,0.0,0.0,0.0,0.0,0.0,0.0,0.0,0.0,0.0,0.0,0.0,0.0,0.0,0.0,0.0,0.0,0.0,0.0,0.0,0.0,0.0,0.0,0.0,0.0,0.0,0.0,0.0,0.0,0.0,0.0,0.0,0.0,0.0,0.0,0.0,0.0,0.0,0.0,0.0,0.0,1.0,1.0,0.0,0.0,0.0,0.0,0.0,0.0,0.0,0.0,0.0,0.0,0.0,0.0,0.0,0.0,0.0,0.0,0.0,0.0,0.0,0.0,0.0,0.0,0.0,0.0,0.0,0.0,0.0,0.0,0.0,0.0,0.0,-0.276369,-0.281499,-0.276492,-0.276935,-0.277245,-0.187761,-0.241849
832f13e7c3d03100,08_ghs_hazard_pictograms,GHS Hazard Pictograms,exploding bomb,exploding bomb,OSHA Hazard Communication Pictograms,https://www.osha.gov/hazcom/pictograms,png,exploding_bomb.png,icon_data/iconsets/08_ghs_hazard_pictograms/png_osha/exploding_bomb.png,icon_data/normalized_256/08_ghs_hazard_pictograms/exploding_bomb__832f13e7c3d0.png,,exploding bomb | GHS Hazard Pictograms,exploding bomb ghs hazard pictograms,false,true,true,0.088056,0.458643,0.458643,-0.05582,1.983821,1.983821,-0.105799,0.309269,-0.095175,-0.036642,-0.5959,-0.582608,-0.348351,-0.466057,0.256156,-0.275578,-0.094863,-0.448696,0.769744,-0.480689,0.675674,0.361419,-0.073282,-0.070251,0.22615,-0.017687,-0.475045,-0.734691,-0.494293,-0.388905,-0.209829,-0.133866,0.089666,0.148916,0.001794,-0.010554,0.179253,0.173209,-0.171172,-0.119402,-0.111152,-0.164775,-0.095304,-0.358684,-0.361104,-0.082843,-0.083711,-0.338753,-0.382658,-0.092393,-0.174195,-0.128229,-0.117834,-0.175501,-0.259043,-0.130241,0.575929,0.389359,0.018876,0.623434,-0.061478,-0.043482,-0.01915,-0.026532,-0.018372,0.071753,-0.034269,-0.064082,-0.01917,-0.044265,-0.07016,0.028375,0.673195,0.449703,-0.180782,-0.019847,-0.045953,-0.346178,-0.008353,-0.043864,-1.262366,0.0,0.0,0.0,0.0,0.0,0.0,0.0,0.0,0.0,0.0,0.0,0.0,1.0,0.0,1.0,0.0,0.0,0.0,0.0,0.0,0.0,0.0,0.0,0.0,0.0,0.0,0.0,0.0,0.0,0.0,0.0,0.0,0.0,0.0,0.0,0.0,0.0,0.0,0.0,0.0,0.0,0.0,0.0,0.0,0.0,0.0,0.0,0.0,0.0,0.0,0.0,0.0,0.0,0.0,0.0,0.0,0.0,0.0,0.0,0.0,1.0,1.0,0.0,0.0,0.0,0.0,0.0,0.0,0.0,0.0,0.0,0.0,0.0,0.0,0.0,0.0,0.0,0.0,0.0,0.0,0.0,0.0,0.0,0.0,0.0,0.0,0.0,0.0,0.0,0.0,0.0,0.0,0.0,-0.276369,-0.281499,-0.276492,-0.276935,-0.277245,-0.187761,-0.241849
e6a519ba8dd89268,08_ghs_hazard_pictograms,GHS Hazard Pictograms,flame,flame,OSHA Hazard Communication Pictograms,https://www.osha.gov/hazcom/pictograms,png,flame.png,icon_data/iconsets/08_ghs_hazard_pictograms/png_osha/flame.png,icon_data/normalized_256/08_ghs_hazard_pictograms/flame__e6a519ba8dd8.png,,flame | GHS Hazard Pictograms,flame ghs hazard pictograms,false,true,true,0.105682,0.568577,0.568577,-0.055995,-0.005,-0.005,-0.105799,0.222382,-0.095175,-0.036642,-0.437624,-0.513862,-0.343298,-0.317976,0.256156,-0.275578,-0.094863,-0.339956,0.390875,-0.187823,0.434195,0.040465,-0.073282,-0.070251,0.043661,0.36513,-0.386951,-0.648263,-0.370417,-0.375436,-0.252916,-0.143276,0.064784,0.016329,0.001794,-0.010554,0.179253,0.173209,-0.171172,-0.116806,-0.111583,-0.164775,-0.095304,-0.21536,-0.198927,-0.085665,-0.083711,-0.223932,-0.245302,-0.092393,-0.174195,-0.128229,-0.117834,-0.175501,-0.259043,-0.130241,0.486573,0.481031,0.094097,0.436876,-0.061478,-0.043482,-0.01915,-0.026532,-0.018372,0.400051,-0.034269,-0.064082,-0.01917,-0.044265,-0.07016,0.028375,0.673195,0.449703,-0.180782,-0.019847,-0.045953,-0.346178,-0.008353,-0.043864,-0.929092,0.0,0.0,0.0,0.0,0.0,0.0,0.0,0.0,0.0,0.0,0.0,0.0,1.0,0.0,1.0,0.0,0.0,0.0,0.0,0.0,0.0,0.0,0.0,0.0,0.0,0.0,0.0,0.0,0.0,0.0,0.0,0.0,0.0,0.0,0.0,0.0,0.0,0.0,0.0,0.0,0.0,0.0,0.0,0.0,0.0,0.0,0.0,0.0,0.0,0.0,0.0,0.0,0.0,0.0,0.0,0.0,0.0,0.0,0.0,0.0,1.0,1.0,0.0,0.0,0.0,0.0,0.0,0.0,0.0,0.0,0.0,0.0,0.0,0.0,0.0,0.0,0.0,0.0,0.0,0.0,0.0,0.0,0.0,0.0,0.0,0.0,0.0,0.0,0.0,0.0,0.0,0.0,0.0,-0.276369,-0.281499,-0.276492,-0.276935,-0.277245,-0.187761,-0.241849
77256bc1bfc6a972,08_ghs_hazard_pictograms,GHS Hazard Pictograms,flame over circle,flame over circle,OSHA Hazard Communication Pictograms,https://www.osha.gov/hazcom/pictograms,png,flame_over_circle.png,icon_data/iconsets/08_ghs_hazard_pictograms/png_osha/flame_over_circle.png,icon_data/normalized_256/08_ghs_hazard_pictograms/flame_over_circle__77256bc1bfc6.png,,flame over circle | GHS Hazard Pictograms,flame over circle ghs hazard pictograms,false,true,true,0.136969,0.618308,0.618308,-0.056064,-0.058752,-0.058752,0.282297,0.114157,-0.095175,-0.036642,-0.419498,0.353484,-0.344938,-0.301018,0.256156,-0.275578,-0.094863,-0.363333,0.316004,-0.12026,0.438522,0.043048,-0.073282,-0.070251,0.027071,0.457005,-0.376863,-0.638366,-0.209742,-0.378395,-0.279909,-0.079129,0.149523,0.018467,0.001794,-0.010554,0.179253,0.173209,-0.171172,-0.107861,-0.09663,-0.164775,-0.095304,-0.17005,-0.158104,-0.085665,-0.083711,-0.257756,-0.25817,-0.092393,-0.174195,-0.128229,-0.117834,-0.175501,-0.259043,-0.130241,0.479276,0.481401,0.10024,0.421641,-0.061478,-0.043482,-0.01915,-0.026532,-0.018372,0.426861,-0.034269,-0.064082,-0.01917,-0.044265,-0.07016,0.028375,0.673195,0.449703,-0.180782,-0.019847,-0.045953,-0.346178,-0.008353,-0.043864,-0.916167,0.0,0.0,0.0,0.0,0.0,0.0,0.0,0.0,0.0,0.0,0.0,0.0,1.0,0.0,1.0,0.0,0.0,0.0,0.0,0.0,0.0,0.0,0.0,0.0,0.0,0.0,0.0,0.0,0.0,0.0,0.0,0.0,0.0,0.0,0.0,0.0,0.0,0.0,0.0,0.0,0.0,0.0,0.0,0.0,0.0,0.0,0.0,0.0,0.0,0.0,0.0,0.0,0.0,0.0,0.0,0.0,0.0,0.0,0.0,0.0,1.0,1.0,0.0,0.0,0.0,0.0,0.0,0.0,0.0,0.0,0.0,0.0,0.0,0.0,0.0,0.0,0.0,0.0,0.0,0.0,0.0,0.0,0.0,0.0,0.0,0.0,0.0,0.0,0.0,0.0,0.0,0.0,0.0,-0.276369,-0.281499,-0.276492,-0.276935,-0.277245,-0.187761,-0.241849
9fc96269778b3b35,08_ghs_hazard_pictograms,GHS Hazard Pictograms,gas cylinder,gas cylinder,OSHA Hazard Communication Pictograms,https://www.osha.gov/hazcom/pictograms,png,gas_cylinder.png,icon_data/iconsets/08_ghs_hazard_pictograms/png_osha/gas_cylinder.png,icon_data/normalized_256/08_ghs_hazard_pictograms/gas_cylinder__9fc96269778b.png,,gas cylinder | GHS Hazard Pictograms,gas cylinder ghs hazard pictograms,false,true,true,-0.035768,0.351328,0.351328,-0.055609,-0.058752,-0.058752,-0.105799,0.081745,-0.095175,-0.036642,-0.522958,-0.374921,-0.332143,-0.397813,0.256156,-0.275578,-0.094863,-0.136887,0.565516,-0.576241,0.565236,0.504408,-0.073282,-0.070251,-0.221777,-0.262689,-0.434447,-0.694861,-0.160177,-0.351961,-0.230445,-0.117318,0.038108,0.076974,0.001794,-0.010554,0.179253,0.173209,-0.171172,-0.119402,-0.112446,-0.164775,-0.095304,-0.300275,-0.241179,-0.085665,-0.083711,-0.254268,-0.383898,-0.092393,-0.174195,-0.128229,-0.117834,-0.175501,-0.259043,-0.130241,0.527878,0.462531,0.059326,0.523113,-0.061478,-0.043482,-0.01915,-0.026532,-0.018372,0.248294,-0.034269,-0.064082,-0.01917,-0.044265,-0.07016,0.028375,0.673195,0.449703,-0.180782,-0.019847,-0.045953,-0.346178,-0.008353,-0.043864,-1.037901,0.0,0.0,0.0,0.0,0.0,0.0,0.0,0.0,0.0,0.0,0.0,0.0,1.0,0.0,1.0,0.0,0.0,0.0,0.0,0.0,0.0,0.0,0.0,0.0,0.0,0.0,0.0,0.0,0.0,0.0,0.0,0.0,0.0,0.0,0.0,0.0,0.0,0.0,0.0,0.0,0.0,0.0,0.0,0.0,0.0,0.0,0.0,0.0,0.0,0.0,0.0,0.0,0.0,0.0,0.0,0.0,0.0,0.0,0.0,0.0,1.0,1.0,0.0,0.0,0.0,0.0,0.0,0.0,0.0,0.0,0.0,0.0,0.0,0.0,0.0,0.0,0.0,0.0,0.0,0.0,0.0,0.0,0.0,0.0,0.0,0.0,0.0,0.0,0.0,0.0,0.0,0.0,0.0,-0.276369,-0.281499,-0.276492,-0.276935,-0.277245,-0.187761,-0.241849
a2d4a495cac2adae,08_ghs_hazard_pictograms,GHS Hazard Pictograms,health hazard,health hazard,OSHA Hazard Communication Pictograms,https://www.osha.gov/hazcom/pictograms,png,health_hazard.png,icon_data/iconsets/08_ghs_hazard_pictograms/png_osha/health_hazard.png,icon_data/normalized_256/08_ghs_hazard_pictograms/health_hazard__a2d4a495cac2.png,,health hazard | GHS Hazard Pictograms,health hazard ghs pictograms,false,true,true,0.156798,0.618308,0.618308,-0.056064,0.693775,0.693775,-0.105799,0.155136,-0.095175,-0.036642,-0.276569,-0.452361,-0.342385,-0.167296,0.256156,-0.275578,-0.094863,-0.391719,0.514443,-0.275129,0.524458,0.041031,-0.073282,-0.070251,0.566242,0.058877,-0.29731,-0.560318,-0.271441,-0.362512,-0.105342,-0.126149,0.133553,-0.047438,0.001794,-0.010554,0.179253,0.173209,-0.171172,-0.076845,-0.069167,-0.164775,-0.095304,-0.189006,-0.190826,-0.085665,-0.083711,-0.051624,-0.04423,-0.092393,-0.174195,-0.096071,-0.089338,-0.175501,-0.259043,-0.130241,0.433963,0.467309,0.138385,0.327036,-0.061478,-0.043482,-0.01915,-0.026532,-0.018372,0.593345,-0.034269,-0.064082,-0.01917,-0.044265,-0.07016,0.028375,0.673195,0.449703,-0.180782,-0.019847,-0.045953,-0.346178,-0.008353,-0.043864,-0.873642,0.0,0.0,0.0,0.0,0.0,0.0,0.0,0.0,0.0,0.0,0.0,0.0,1.0,0.0,1.0,0.0,0.0,0.0,0.0,0.0,0.0,0.0,0.0,0.0,0.0,0.0,0.0,0.0,0.0,0.0,0.0,0.0,0.0,0.0,0.0,0.0,0.0,0.0,0.0,0.0,0.0,0.0,0.0,0.0,0.0,0.0,0.0,0.0,0.0,0.0,0.0,0.0,0.0,0.0,0.0,0.0,0.0,0.0,0.0,0.0,1.0,1.0,0.0,0.0,0.0,0.0,0.0,0.0,0.0,0.0,0.0,0.0,0.0,0.0,0.0,0.0,0.0,0.0,0.0,0.0,0.0,0.0,0.0,0.0,0.0,0.0,0.0,0.0,0.0,0.0,0.0,0.0,1.0,-0.276369,-0.281499,-0.276492,-0.276935,-0.277245,-0.187761,-0.241849
4de8ea4a98e350d2,08_ghs_hazard_pictograms,GHS Hazard Pictograms,skull and crossbones,skull and crossbones,OSHA Hazard Communication Pictograms,https://www.osha.gov/hazcom/pictograms,png,skull_and_crossbones.png,icon_data/iconsets/08_ghs_hazard_pictograms/png_osha/skull_and_crossbones.png,icon_data/normalized_256/08_ghs_hazard_pictograms/skull_and_crossbones__4de8ea4a98e3.png,,skull and crossbones | GHS Hazard Pictograms,skull and crossbones ghs hazard pictograms,false,true,true,0.317858,0.67851,0.67851,-0.05614,0.102504,0.102504,0.282297,0.278872,-0.095175,-0.036642,-0.531866,0.353484,-0.355492,-0.406148,0.256156,-0.275578,-0.094863,-0.332791,0.45894,-0.358687,0.624005,0.583579,-0.073282,-0.070251,0.358869,0.395755,-0.439405,-0.699725,-0.451457,-0.401028,-0.216744,-0.108915,0.058405,0.029305,0.001794,-0.010554,0.179253,0.173209,-0.171172,-0.112045,-0.104394,-0.164775,-0.095304,-0.291645,-0.282478,-0.085665,-0.083711,-0.322068,-0.330878,-0.092393,-0.174195,-0.128229,-0.117834,-0.175501,-0.259043,-0.130241,0.532999,0.457963,0.055015,0.533804,-0.061478,-0.043482,-0.01915,-0.026532,-0.018372,0.229481,-0.034269,-0.064082,-0.01917,-0.044265,-0.07016,0.028375,0.673195,0.449703,-0.180782,-0.019847,-0.045953,-0.346178,-0.008353,-0.043864,-1.056076,0.0,0.0,0.0,0.0,0.0,0.0,0.0,0.0,0.0,0.0,0.0,0.0,1.0,0.0,1.0,0.0,0.0,0.0,0.0,0.0,0.0,0.0,0.0,0.0,0.0,0.0,0.0,0.0,0.0,0.0,0.0,0.0,0.0,0.0,0.0,0.0,0.0,0.0,0.0,0.0,0.0,0.0,0.0,0.0,0.0,0.0,0.0,0.0,0.0,0.0,0.0,0.0,0.0,0.0,0.0,0.0,0.0,0.0,0.0,0.0,1.0,1.0,0.0,0.0,0.0,0.0,0.0,0.0,0.0,0.0,1.0,0.0,0.0,0.0,0.0,0.0,0.0,0.0,0.0,0.0,0.0,0.0,0.0,0.0,0.0,0.0,0.0,0.0,0.0,0.0,0.0,0.0,0.0,-0.276369,-0.281499,-0.276492,-0.276935,-0.277245,-0.187761,-0.241849
6ff9dd295e18ba9b,09_universal_symbols_healthcare_webfont,Universal Symbols Healthcare Webfont,anesthesia,anesthesia,webfont-medical-icons GitHub,https://github.com/samcome/webfont-medical-icons,svg,anesthesia.svg,icon_data/iconsets/09_universal_symbols_healthcare_webfont/packages/svg/anesthesia.svg,icon_data/normalized_256/09_universal_symbols_healthcare_webfont/anesthesia__6ff9dd295e18.png,,anesthesia | Universal Symbols Healthcare Webfont,anesthesia universal symbols healthcare webfont,false,true,true,0.014466,-0.58834,-0.58834,2.158501,-0.112504,-0.112504,-0.170481,-0.226914,-0.095175,-0.048834,0.388157,0.155979,0.538613,0.454651,0.359498,-0.357343,-0.23238,0.145829,-0.104861,-0.029243,-0.042974,0.049484,-0.073282,-0.070251,-0.313021,-0.308627,0.864385,0.579505,0.348605,0.939862,-0.38994,-0.156039,0.200514,0.239594,0.001794,-0.010554,0.171294,0.181647,0.469854,0.323488,0.328972,0.485719,0.326071,0.199203,0.215651,0.32951,0.340129,0.208961,0.208932,0.32278,0.480163,0.310554,0.319588,0.447932,0.148476,-0.069697,-0.111994,-0.109549,0.052008,-0.079964,-0.061478,-0.043482,-0.01915,-0.026532,-0.018372,-0.062823,-0.034269,-0.064082,-0.01917,-0.044265,-0.07016,-0.176984,-0.047619,-0.061584,0.342645,-0.019848,-0.045952,0.173983,-0.008353,-0.043864,0.100098,0.0,0.0,0.0,0.0,0.0,0.0,0.0,1.0,0.0,0.0,0.0,0.0,0.0,1.0,0.0,0.0,0.0,0.0,0.0,0.0,0.0,0.0,0.0,0.0,0.0,0.0,0.0,0.0,0.0,0.0,0.0,0.0,0.0,0.0,0.0,0.0,0.0,0.0,0.0,0.0,0.0,0.0,0.0,0.0,0.0,0.0,0.0,0.0,1.0,1.0,1.0,0.0,0.0,0.0,0.0,0.0,0.0,0.0,0.0,0.0,0.0,0.0,0.0,0.0,0.0,0.0,0.0,0.0,0.0,0.0,0.0,0.0,0.0,0.0,0.0,0.0,0.0,0.0,0.0,0.0,0.0,0.0,0.0,0.0,0.0,0.0,0.0,0.0,0.0,0.0,0.0,0.0,0.0,-0.276369,-0.281499,-0.276492,-0.276935,-0.277245,-0.187761,-0.241849
bd7774dcad9acd79,09_universal_symbols_healthcare_webfont,Universal Symbols Healthcare Webfont,i ambulance,i ambulance,webfont-medical-icons GitHub,https://github.com/samcome/webfont-medical-icons,svg,i-ambulance.svg,icon_data/iconsets/09_universal_symbols_healthcare_webfont/packages/svg/i-ambulance.svg,icon_data/normalized_256/09_universal_symbols_healthcare_webfont/i_ambulance__bd7774dcad9a.png,,i ambulance | Universal Symbols Healthcare Webfont,ambulance universal symbols healthcare webfont,false,true,true,-0.094155,0.212602,0.212602,-0.055254,-0.112504,-0.112504,0.864441,-0.166468,-0.051011,0.311136,0.0664,0.353484,-0.203761,-0.007424,-0.371057,0.428123,0.039782,0.192748,-0.168111,-0.016407,-0.069589,-0.45342,0.094034,-0.070251,0.118315,0.242628,-0.016484,0.030336,0.243396,-0.271635,0.14558,0.062625,-0.043534,-0.017562,0.048091,0.059864,0.175273,-0.160094,-0.171172,-0.267417,-0.161333,-0.164775,0.304873,0.031529,0.068563,-0.016658,0.317511,0.049395,0.164749,0.288911,-0.078383,-0.21327,-0.192638,-0.093958,0.148476,-0.079787,-0.111994,-0.109549,0.177376,-0.079964,-0.061478,-0.043482,-0.01915,-0.026532,-0.018372,-0.062823,-0.034269,-0.064082,-0.01917,-0.044265,-0.07016,-0.176984,-0.047619,-0.061584,0.27731,-0.019847,-0.045953,-0.218978,-0.008353,-0.043864,0.495208,0.0,0.0,0.0,0.0,0.0,0.0,0.0,1.0,0.0,0.0,0.0,0.0,0.0,1.0,0.0,0.0,0.0,0.0,0.0,0.0,0.0,0.0,0.0,0.0,0.0,0.0,0.0,0.0,0.0,0.0,0.0,0.0,0.0,0.0,0.0,0.0,0.0,0.0,0.0,0.0,0.0,0.0,0.0,0.0,0.0,0.0,0.0,0.0,1.0,1.0,1.0,0.0,0.0,0.0,0.0,0.0,0.0,0.0,0.0,0.0,0.0,0.0,0.0,0.0,0.0,0.0,0.0,0.0,0.0,0.0,0.0,0.0,0.0,0.0,0.0,0.0,0.0,0.0,0.0,0.0,0.0,0.0,0.0,0.0,0.0,0.0,0.0,0.0,0.0,0.0,0.0,0.0,0.0,-0.276369,-0.281499,-0.276492,-0.276935,-0.277245,-0.187761,-0.241849
66cc7c6ebe473f7b,09_universal_symbols_healthcare_webfont,Universal Symbols Healthcare Webfont,i dermatology,i dermatology,webfont-medical-icons GitHub,https://github.com/samcome/webfont-medical-icons,svg,i-dermatology.svg,icon_data/iconsets/09_universal_symbols_healthcare_webfont/packages/svg/i-dermatology.svg,icon_data/normalized_256/09_universal_symbols_healthcare_webfont/i_dermatology__66cc7c6ebe47.png,,i dermatology | Universal Symbols Healthcare Webfont,dermatology universal symbols healthcare webfont,false,true,true,0.010501,0.097434,0.097434,-0.054849,-0.112504,-0.112504,0.670393,-0.197348,-0.017888,-0.020847,0.264365,0.353484,-0.079601,0.078253,-0.112097,0.141,-0.02734,-0.218056,0.654723,-0.111315,-0.136518,0.256921,-0.073282,-0.070251,0.20956,0.150752,0.367876,0.131215,0.296783,-0.167666,0.379112,0.191558,-0.124373,-0.030107,0.001794,0.059864,0.171294,0.143676,-0.171172,0.005674,0.265276,0.157521,-0.2265,0.153894,0.209456,0.314269,-0.019314,0.206231,0.186763,0.134245,0.435143,0.218081,0.292231,0.100864,0.148476,-0.079787,-0.111994,-0.109549,0.217824,-0.079964,-0.061478,-0.043482,-0.01915,-0.026532,-0.018372,-0.062823,-0.034269,-0.064082,-0.01917,-0.044265,-0.07016,-0.176984,-0.047619,-0.061584,0.27731,-0.019847,-0.045953,0.102127,-0.008354,-0.043864,0.066263,0.0,0.0,0.0,0.0,0.0,0.0,0.0,1.0,0.0,0.0,0.0,0.0,0.0,1.0,0.0,0.0,0.0,0.0,0.0,0.0,0.0,0.0,0.0,0.0,0.0,0.0,0.0,0.0,0.0,0.0,0.0,0.0,0.0,0.0,0.0,0.0,0.0,0.0,0.0,0.0,0.0,0.0,0.0,0.0,0.0,0.0,0.0,0.0,1.0,1.0,1.0,0.0,0.0,0.0,0.0,0.0,0.0,0.0,0.0,0.0,0.0,0.0,0.0,0.0,0.0,0.0,0.0,0.0,0.0,0.0,0.0,0.0,0.0,0.0,0.0,0.0,0.0,0.0,0.0,0.0,0.0,0.0,0.0,0.0,0.0,0.0,0.0,0.0,0.0,0.0,0.0,0.0,0.0,-0.276369,-0.281499,-0.276492,-0.276935,-0.277245,-0.187761,-0.241849
39719b9e379a0e17,09_universal_symbols_healthcare_webfont,Universal Symbols Healthcare Webfont,i drinking fountain,i drinking fountain,webfont-medical-icons GitHub,https://github.com/samcome/webfont-medical-icons,svg,i-drinking-fountain.svg,icon_data/iconsets/09_universal_symbols_healthcare_webfont/packages/svg/i-drinking-fountain.svg,icon_data/normalized_256/09_universal_symbols_healthcare_webfont/i_drinking_fountain__39719b9e379a.png,,i drinking fountain | Universal Symbols Healthcare Webfont,drinking fountain universal symbols healthcare webfont,false,true,true,-0.159593,-0.58834,-0.58834,2.158501,-0.112504,-0.112504,-0.170481,-0.226914,-0.095175,-0.048834,0.388157,0.155979,0.538613,0.454651,0.359498,-0.357343,-0.23238,-0.274563,0.01306,0.208516,0.093506,0.049484,-0.073282,-0.070251,-0.313021,-0.308627,0.864385,0.579505,0.348605,0.939862,-0.38994,-0.156039,0.200514,0.239594,0.001794,-0.010554,0.171294,0.181647,0.469854,0.323488,0.328972,0.485719,0.326071,0.199203,0.215651,0.32951,0.340129,0.208961,0.208932,0.32278,0.480163,0.310554,0.319588,0.447932,0.148476,-0.069697,-0.111994,-0.109549,-0.210165,-0.079964,-0.061478,-0.043482,-0.01915,-0.026532,-0.018372,-0.062823,-0.034269,-0.064082,-0.01917,-0.044265,-0.07016,0.259834,-0.047619,-0.061584,-0.180782,-0.019847,-0.045953,0.173983,-0.008353,-0.043864,-0.21744,0.0,0.0,0.0,0.0,0.0,0.0,0.0,1.0,0.0,0.0,0.0,0.0,0.0,1.0,0.0,0.0,0.0,0.0,0.0,0.0,0.0,0.0,0.0,0.0,0.0,0.0,0.0,0.0,0.0,0.0,0.0,0.0,0.0,0.0,0.0,0.0,0.0,0.0,0.0,0.0,0.0,0.0,0.0,0.0,0.0,0.0,0.0,0.0,1.0,1.0,1.0,0.0,0.0,0.0,0.0,0.0,0.0,0.0,0.0,0.0,0.0,0.0,0.0,0.0,0.0,0.0,0.0,0.0,0.0,0.0,0.0,0.0,0.0,0.0,0.0,0.0,0.0,0.0,0.0,0.0,0.0,0.0,0.0,0.0,0.0,0.0,0.0,0.0,0.0,0.0,0.0,0.0,0.0,-0.276369,-0.281499,-0.276492,-0.276935,-0.277245,-0.187761,-0.241849
31f94ec85b9130e2,09_universal_symbols_healthcare_webfont,Universal Symbols Healthcare Webfont,i genetics,i genetics,webfont-medical-icons GitHub,https://github.com/samcome/webfont-medical-icons,svg,i-genetics.svg,icon_data/iconsets/09_universal_symbols_healthcare_webfont/packages/svg/i-genetics.svg,icon_data/normalized_256/09_universal_symbols_healthcare_webfont/i_genetics__31f94ec85b91.png,,i genetics | Universal Symbols Healthcare Webfont,genetics universal symbols healthcare webfont,false,true,true,0.288775,0.791061,0.791061,-0.056264,-0.058752,-0.058752,0.34698,-0.011524,0.048358,-0.039714,-0.160345,0.353484,-0.315892,-0.186901,-0.608894,0.532441,0.639258,-0.231386,-0.117081,0.307124,0.004958,-0.107135,-0.073282,-0.012159,0.566242,0.793884,0.091492,-0.175725,-0.013646,-0.316302,0.031561,-0.016422,-0.129915,-0.191581,0.048091,-0.057498,0.175273,0.173209,0.078906,0.07521,0.076774,-0.160021,0.094902,0.044936,0.026946,0.100754,-0.068728,-0.203,-0.162362,0.008649,0.245498,0.07101,0.082069,0.24541,0.148476,-0.079787,-0.111994,-0.109549,0.082559,-0.079964,-0.061478,-0.043482,-0.01915,-0.026532,-0.018372,-0.062823,-0.034269,-0.064082,-0.01917,-0.044265,-0.07016,-0.176984,-0.047619,-0.061584,0.210041,-0.019847,-0.045952,0.173983,-0.008353,-0.043864,1.426583,0.0,0.0,0.0,0.0,0.0,0.0,0.0,1.0,0.0,0.0,0.0,0.0,0.0,1.0,0.0,0.0,0.0,0.0,0.0,0.0,0.0,0.0,0.0,0.0,0.0,0.0,0.0,0.0,0.0,0.0,0.0,0.0,0.0,0.0,0.0,0.0,0.0,0.0,0.0,0.0,0.0,0.0,0.0,0.0,0.0,0.0,0.0,0.0,1.0,1.0,1.0,0.0,0.0,0.0,0.0,0.0,0.0,0.0,0.0,0.0,0.0,0.0,0.0,0.0,0.0,0.0,0.0,0.0,0.0,0.0,0.0,0.0,0.0,0.0,0.0,0.0,0.0,0.0,0.0,0.0,0.0,0.0,0.0,0.0,0.0,0.0,0.0,0.0,0.0,0.0,0.0,0.0,0.0,-0.276369,-0.281499,-0.276492,-0.276935,-0.277245,-0.187761,-0.241849
4e6eb33dee2b707c,09_universal_symbols_healthcare_webfont,Universal Symbols Healthcare Webfont,i information us,i information us,webfont-medical-icons GitHub,https://github.com/samcome/webfont-medical-icons,svg,i-information-us.svg,icon_data/iconsets/09_universal_symbols_healthcare_webfont/packages/svg/i-information-us.svg,icon_data/normalized_256/09_universal_symbols_healthcare_webfont/i_information_us__4e6eb33dee2b.png,,i information us | Universal Symbols Healthcare Webfont,information us universal symbols healthcare webfont,false,true,true,-0.011973,-0.58834,-0.58834,2.158501,-0.112504,-0.112504,-0.170481,-0.226914,-0.095175,-0.048834,0.388157,0.155979,0.538613,0.454651,0.359498,-0.357343,-0.23238,-0.122235,0.237177,-0.080406,0.093683,0.049484,-0.073282,-0.070251,-0.313021,-0.308627,0.864385,0.579505,0.348605,0.939862,-0.38994,-0.156039,0.200514,0.239594,0.001794,-0.010554,0.171294,0.181647,0.469854,0.323488,0.328972,0.485719,0.326071,0.199203,0.215651,0.32951,0.340129,0.208961,0.208932,0.32278,0.480163,0.310554,0.319588,0.447932,0.148476,-0.069697,-0.111994,-0.109549,-0.126134,-0.079964,-0.061478,-0.043482,-0.01915,-0.026532,-0.018372,-0.062823,-0.034269,-0.064082,-0.01917,-0.044265,-0.07016,0.259834,-0.047619,-0.061584,-0.180782,-0.019847,-0.045953,0.173983,-0.008353,-0.043864,0.213157,0.0,0.0,0.0,0.0,0.0,0.0,0.0,1.0,0.0,0.0,0.0,0.0,0.0,1.0,0.0,0.0,0.0,0.0,0.0,0.0,0.0,0.0,0.0,0.0,0.0,0.0,0.0,0.0,0.0,0.0,0.0,0.0,0.0,0.0,0.0,0.0,0.0,0.0,0.0,0.0,0.0,0.0,0.0,0.0,0.0,0.0,0.0,0.0,1.0,1.0,1.0,0.0,0.0,0.0,0.0,0.0,0.0,0.0,0.0,0.0,0.0,0.0,0.0,0.0,0.0,0.0,0.0,0.0,0.0,0.0,0.0,0.0,0.0,0.0,0.0,0.0,0.0,0.0,0.0,0.0,0.0,0.0,0.0,0.0,0.0,0.0,0.0,0.0,0.0,0.0,0.0,0.0,0.0,-0.276369,-0.281499,-0.276492,-0.276935,-0.277245,-0.187761,-0.241849
ab45fc2620cc66ce,09_universal_symbols_healthcare_webfont,Universal Symbols Healthcare Webfont,i no smoking,i no smoking,webfont-medical-icons GitHub,https://github.com/samcome/webfont-medical-icons,svg,i-no-smoking.svg,icon_data/iconsets/09_universal_symbols_healthcare_webfont/packages/svg/i-no-smoking.svg,icon_data/normalized_256/09_universal_symbols_healthcare_webfont/i_no_smoking__ab45fc2620cc.png,,i no smoking | Universal Symbols Healthcare Webfont,no smoking universal symbols healthcare webfont,false,true,true,0.14424,0.649718,0.649718,-0.056104,-0.112504,-0.112504,0.088249,-0.197273,-0.051011,-0.036642,0.011981,0.353484,-0.301607,-0.08302,0.011905,0.11235,-0.426741,-0.095216,-0.106496,-0.154939,0.518631,-0.322855,-0.073282,-0.070251,0.043661,0.610132,0.217338,-0.055402,0.296652,-0.277171,-0.029205,-0.013699,-0.029055,-0.033198,0.094387,-0.057498,0.179253,0.173209,0.044334,0.142869,0.197409,0.083423,0.125123,0.008103,-0.068676,0.217884,0.190445,-0.159923,0.071731,0.214824,0.010008,0.067008,0.09589,0.033776,0.148476,-0.079787,-0.111994,-0.109549,0.171958,-0.079964,-0.061478,-0.043482,-0.01915,-0.026532,-0.018372,-0.062823,-0.034269,-0.064082,-0.01917,-0.044265,-0.07016,-0.176984,-0.047619,-0.061584,0.27731,-0.019847,-0.045953,-0.218978,-0.008353,-0.043864,0.617216,0.0,0.0,0.0,0.0,0.0,0.0,0.0,1.0,0.0,0.0,0.0,0.0,0.0,1.0,0.0,0.0,0.0,0.0,0.0,0.0,0.0,0.0,0.0,0.0,0.0,0.0,0.0,0.0,0.0,0.0,0.0,0.0,0.0,0.0,0.0,0.0,0.0,0.0,0.0,0.0,0.0,0.0,0.0,0.0,0.0,0.0,0.0,0.0,1.0,1.0,1.0,0.0,0.0,0.0,0.0,0.0,0.0,0.0,0.0,0.0,0.0,0.0,0.0,0.0,0.0,0.0,0.0,0.0,0.0,0.0,0.0,0.0,0.0,0.0,0.0,0.0,0.0,0.0,0.0,0.0,0.0,0.0,0.0,0.0,0.0,0.0,0.0,0.0,0.0,0.0,0.0,0.0,0.0,-0.276369,-0.281499,-0.276492,-0.276935,-0.277245,-0.187761,-0.241849
e0760c68f28e0892,09_universal_symbols_healthcare_webfont,Universal Symbols Healthcare Webfont,i pharmacy,i pharmacy,webfont-medical-icons GitHub,https://github.com/samcome/webfont-medical-icons,svg,i-pharmacy.svg,icon_data/iconsets/09_universal_symbols_healthcare_webfont/packages/svg/i-pharmacy.svg,icon_data/normalized_256/09_universal_symbols_healthcare_webfont/i_pharmacy__e0760c68f28e.png,,i pharmacy | Universal Symbols Healthcare Webfont,pharmacy universal symbols healthcare webfont,false,true,true,-0.046124,0.262334,0.262334,-0.055394,-0.005,-0.005,-0.041116,-0.046864,-0.051011,-0.384106,0.071293,-0.20436,-0.27873,0.087626,0.210198,-0.191645,-0.194227,0.006763,-0.323003,0.412352,-0.309882,0.048104,-0.073282,-0.012159,-0.030993,0.012939,-0.079934,0.138783,0.043442,-0.280673,0.437359,-0.088842,-0.011106,0.067827,0.279572,-0.010554,-0.266427,0.181647,-0.146778,0.282372,0.296908,-0.092807,-0.242255,0.027522,-0.098697,-0.230455,-0.231522,-0.094398,0.024758,-0.237181,-0.174195,0.253669,0.300923,-0.175501,0.148476,-0.079787,-0.111994,-0.109549,0.143624,-0.079964,-0.061478,-0.043482,-0.01915,-0.026532,-0.018372,-0.062823,-0.034269,-0.064082,-0.01917,-0.044265,-0.07016,-0.176984,-0.047619,-0.061584,0.27731,-0.019847,-0.045953,0.027773,-0.008353,-0.043864,0.841183,0.0,0.0,0.0,0.0,0.0,0.0,0.0,1.0,0.0,0.0,0.0,0.0,0.0,1.0,0.0,0.0,0.0,0.0,0.0,0.0,0.0,0.0,0.0,0.0,0.0,0.0,0.0,0.0,0.0,0.0,0.0,0.0,0.0,0.0,0.0,0.0,0.0,0.0,0.0,0.0,0.0,0.0,0.0,0.0,0.0,0.0,0.0,0.0,1.0,1.0,1.0,0.0,0.0,0.0,0.0,0.0,0.0,0.0,0.0,0.0,0.0,0.0,0.0,0.0,0.0,0.0,0.0,0.0,0.0,0.0,0.0,0.0,0.0,0.0,0.0,0.0,0.0,0.0,0.0,0.0,0.0,0.0,0.0,0.0,0.0,0.0,0.0,0.0,0.0,0.0,0.0,0.0,0.0,-0.276369,-0.281499,-0.276492,-0.276935,-0.277245,-0.187761,-0.241849
c2a7cdc53f4dd23f,09_universal_symbols_healthcare_webfont,Universal Symbols Healthcare Webfont,intensive care,intensive care,webfont-medical-icons GitHub,https://github.com/samcome/webfont-medical-icons,svg,intensive-care.svg,icon_data/iconsets/09_universal_symbols_healthcare_webfont/packages/svg/intensive-care.svg,icon_data/normalized_256/09_universal_symbols_healthcare_webfont/intensive_care__c2a7cdc53f4d.png,,intensive care | Universal Symbols Healthcare Webfont,intensive care universal symbols healthcare webfont,false,true,true,0.214745,0.076495,0.076495,-0.054761,-0.112504,-0.112504,0.411662,-0.220385,-0.095175,-0.036642,0.229007,0.353484,-0.211969,0.294159,0.182118,-0.089449,-0.426741,0.172135,-0.258487,0.181667,-0.259542,0.115479,-0.073282,-0.070251,0.101726,0.043564,0.684515,0.381507,0.3371,-0.153346,0.811812,-0.069176,0.161006,0.078879,0.001794,-0.010554,0.187211,0.181647,0.457738,0.323488,0.324946,0.472112,0.322204,0.160212,0.212474,0.343057,0.246055,-0.107745,-0.207785,0.199724,0.43135,0.310554,0.319588,0.394355,0.148476,-0.079787,-0.111994,-0.109549,0.216845,-0.079964,-0.061478,-0.043482,-0.01915,-0.026532,-0.018372,-0.062823,-0.034269,-0.064082,-0.01917,-0.044265,-0.07016,-0.176984,-0.047619,-0.061584,-0.090564,-0.019847,-0.045953,-0.131345,-0.008353,-0.043864,0.268904,0.0,0.0,0.0,0.0,0.0,0.0,0.0,1.0,0.0,0.0,0.0,0.0,0.0,1.0,0.0,0.0,0.0,0.0,0.0,0.0,0.0,0.0,0.0,0.0,0.0,0.0,0.0,0.0,0.0,0.0,0.0,0.0,0.0,0.0,0.0,0.0,0.0,0.0,0.0,0.0,0.0,0.0,0.0,0.0,0.0,0.0,0.0,0.0,1.0,1.0,1.0,0.0,0.0,0.0,0.0,0.0,0.0,0.0,0.0,0.0,0.0,0.0,0.0,0.0,0.0,0.0,0.0,0.0,0.0,0.0,0.0,0.0,0.0,0.0,0.0,0.0,0.0,0.0,0.0,0.0,0.0,0.0,0.0,0.0,0.0,0.0,0.0,0.0,0.0,0.0,0.0,0.0,0.0,-0.276369,-0.281499,-0.276492,-0.276935,-0.277245,-0.187761,-0.241849
bcc9cc12c88e11a7,09_universal_symbols_healthcare_webfont,Universal Symbols Healthcare Webfont,text telephone,text telephone,webfont-medical-icons GitHub,https://github.com/samcome/webfont-medical-icons,svg,text-telephone.svg,icon_data/iconsets/09_universal_symbols_healthcare_webfont/packages/svg/text-telephone.svg,icon_data/normalized_256/09_universal_symbols_healthcare_webfont/text_telephone__bcc9cc12c88e.png,,text telephone | Universal Symbols Healthcare Webfont,text telephone universal symbols healthcare webfont,false,true,true,0.159883,0.314683,0.314683,-0.055526,-0.112504,-0.112504,0.993806,-0.21971,-0.095175,-0.036642,0.223759,0.353484,-0.252797,0.292583,0.200168,-0.110848,-0.426741,0.367753,-0.241684,-0.022306,-0.24841,0.582191,-0.073282,-0.070251,0.375459,0.380442,0.682625,0.379681,0.335914,-0.194635,0.671497,-0.143456,0.195113,0.109185,0.001794,-0.010554,0.187211,0.181647,0.465331,0.177637,0.186338,0.480473,0.302009,0.074372,0.080476,0.308624,0.332638,0.079579,0.072196,0.315301,0.481482,0.201073,0.209591,0.448717,0.148476,-0.079787,-0.111994,-0.109549,0.20833,-0.079964,-0.061478,-0.043482,-0.01915,-0.026532,-0.018372,-0.062823,-0.034269,-0.064082,-0.01917,-0.044265,-0.07016,-0.176984,-0.047619,-0.061584,-0.008526,-0.019847,-0.045953,0.027773,-0.008353,-0.043864,0.236952,0.0,0.0,0.0,0.0,0.0,0.0,0.0,1.0,0.0,0.0,0.0,0.0,0.0,1.0,0.0,0.0,0.0,0.0,0.0,0.0,0.0,0.0,0.0,0.0,0.0,0.0,0.0,0.0,0.0,0.0,0.0,0.0,0.0,0.0,0.0,0.0,0.0,0.0,0.0,0.0,0.0,0.0,0.0,0.0,0.0,0.0,0.0,0.0,1.0,1.0,1.0,0.0,0.0,0.0,0.0,0.0,0.0,0.0,0.0,0.0,0.0,0.0,0.0,0.0,0.0,0.0,0.0,0.0,0.0,0.0,0.0,0.0,0.0,0.0,0.0,0.0,0.0,0.0,0.0,0.0,0.0,0.0,0.0,0.0,0.0,0.0,0.0,0.0,0.0,0.0,0.0,0.0,0.0,-0.276369,-0.281499,-0.276492,-0.276935,-0.277245,-0.187761,-0.241849
f0a0fb220faa1075,10_openmoji,OpenMoji,"person running: medium-dark skin tone, facing right","person running: medium-dark skin tone, facing right",OpenMoji GitHub,https://github.com/hfg-gmuend/openmoji,svg,1F3C3-1F3FE-200D-27A1-FE0F.svg,icon_data/iconsets/10_openmoji/color/svg/1F3C3-1F3FE-200D-27A1-FE0F.svg,icon_data/normalized_256/10_openmoji/1f3c3_1f3fe_200d_27a1_fe0f__f0a0fb220faa.png,emoji=🏃🏾‍➡️; tags=,"person running: medium-dark skin tone, facing right | OpenMoji | emoji=🏃🏾‍➡️; tags=",person running medium dark skin tone facing right openmoji emoji tags,true,true,true,-0.170389,-0.193103,-0.193103,-0.052784,-0.112504,-0.112504,-0.170481,0.01256,-0.062052,-0.23269,-0.183174,-0.289614,-0.173441,-0.3511,-0.491629,0.559025,0.080423,-0.254397,0.511576,-0.058953,-0.01964,0.163474,-0.073282,-0.070251,-0.113943,-0.017687,-0.461594,-0.424431,-0.05205,-0.277657,0.024122,0.006534,-0.26621,-0.163006,-1.15561,0.059864,-0.238572,-0.058838,-0.171172,-0.267417,-0.120498,-0.164775,-0.242255,-0.272689,-0.069788,-0.230455,-0.171735,-0.036608,-0.086088,-0.237181,-0.151107,-0.271155,-0.130515,-0.175501,-0.259043,0.192663,0.263787,0.118033,0.048056,-0.055901,0.832735,-0.008797,-0.01915,-0.023459,-0.018372,-0.056982,0.041791,0.335991,-0.01917,-0.020498,-0.07016,-0.176984,-0.047619,-0.061584,0.07913,0.067718,0.616225,-0.114523,0.204655,0.351769,1.609068,0.0,0.0,0.0,0.0,0.0,0.0,0.0,0.0,1.0,0.0,0.0,0.0,0.0,0.0,0.0,0.0,0.0,0.0,0.0,0.0,0.0,0.0,0.0,0.0,0.0,0.0,0.0,0.0,0.0,0.0,0.0,0.0,0.0,0.0,0.0,0.0,0.0,0.0,0.0,0.0,0.0,0.0,0.0,0.0,0.0,0.0,0.0,0.0,0.0,0.0,0.0,1.0,1.0,1.0,0.0,0.0,0.0,0.0,0.0,0.0,0.0,0.0,0.0,0.0,0.0,1.0,1.0,1.0,0.0,0.0,0.0,1.0,0.0,0.0,0.0,1.0,0.0,0.0,0.0,0.0,0.0,0.0,0.0,0.0,0.0,0.0,0.0,0.0,0.0,0.0,0.0,0.0,0.0,-0.276369,-0.281499,-0.276492,-0.276935,-0.277245,-0.187761,-0.241849
709929ff886fee1d,10_openmoji,OpenMoji,woman farmer: medium-light skin tone,woman farmer: medium-light skin tone,OpenMoji GitHub,https://github.com/hfg-gmuend/openmoji,svg,1F469-1F3FC-200D-1F33E.svg,icon_data/iconsets/10_openmoji/color/svg/1F469-1F3FC-200D-1F33E.svg,icon_data/normalized_256/10_openmoji/1f469_1f3fc_200d_1f33e__709929ff886f.png,emoji=👩🏼‍🌾; tags=,woman farmer: medium-light skin tone | OpenMoji | emoji=👩🏼‍🌾; tags=,woman farmer medium light skin tone openmoji emoji tags,true,true,true,0.310367,0.139314,0.139314,-0.055011,-0.112504,-0.112504,-0.041116,-0.129179,-0.028929,0.081828,0.150911,0.353484,-0.196217,0.020532,-0.454794,0.367656,0.578819,-0.060945,0.0049,0.181057,-0.17548,-0.252587,-0.073282,-0.070251,0.234445,0.012939,-0.030892,0.062537,0.179909,-0.251609,0.40069,0.029595,0.060806,-0.045219,0.835126,-0.45653,0.043957,-0.09259,-0.169556,-0.012214,-0.009065,-0.164775,-0.200289,0.182559,0.19373,-0.025125,-0.03228,0.155418,0.156067,0.096989,-0.143192,-0.082922,-0.074662,-0.063792,-0.259043,0.94947,0.311076,0.259715,-0.002397,-0.038189,0.560544,0.285147,0.0971,0.011861,-0.005381,0.048075,0.004491,0.423161,-0.014499,-0.004681,-0.069876,-0.176984,-0.047619,-0.061584,0.218568,0.032635,0.575328,0.159651,-0.401023,1.150463,1.839092,0.0,0.0,0.0,0.0,0.0,0.0,0.0,0.0,1.0,0.0,0.0,0.0,0.0,0.0,0.0,0.0,0.0,0.0,0.0,0.0,0.0,0.0,0.0,0.0,0.0,0.0,0.0,0.0,0.0,0.0,0.0,0.0,0.0,0.0,0.0,0.0,0.0,0.0,0.0,0.0,0.0,0.0,0.0,0.0,0.0,0.0,0.0,0.0,0.0,0.0,0.0,1.0,1.0,1.0,0.0,0.0,0.0,0.0,0.0,0.0,0.0,0.0,0.0,0.0,0.0,1.0,1.0,1.0,0.0,0.0,0.0,0.0,0.0,0.0,0.0,0.0,0.0,0.0,0.0,0.0,0.0,0.0,0.0,0.0,0.0,0.0,0.0,0.0,0.0,0.0,0.0,1.0,0.0,-0.276369,-0.281499,-0.276492,-0.276935,-0.277245,-0.187761,-0.241849
7e81760c1b53d064,10_openmoji,OpenMoji,card index,card index,OpenMoji GitHub,https://github.com/hfg-gmuend/openmoji,svg,1F4C7.svg,icon_data/iconsets/10_openmoji/color/svg/1F4C7.svg,icon_data/normalized_256/10_openmoji/1f4c7__7e81760c1b53.png,"emoji=📇; tags=card, index, old, rolodex, school","card index | OpenMoji | emoji=📇; tags=card, index, old, rolodex, school",card index openmoji emoji tags old rolodex school,true,true,true,0.05721,0.058172,0.058172,-0.054678,-0.112504,-0.112504,0.023567,-0.18018,-0.073093,-0.106866,0.259109,0.353484,-0.0139,0.219271,-0.16934,0.076215,0.420281,0.50462,-0.429298,0.084584,-0.432424,0.037734,-0.073282,-0.070251,0.068546,-0.170813,0.008651,0.291356,0.26701,-0.166571,0.569527,-0.005098,0.182171,0.137201,0.001794,-0.433058,-0.107255,-0.054619,-0.109298,0.143591,0.12106,-0.123955,-0.112491,0.182867,0.198813,-0.1026,-0.100999,0.192883,0.192499,-0.109327,-0.134781,-0.027895,-0.017811,-0.137951,-0.259043,0.364206,-0.07686,-0.015367,-0.089697,0.154203,-0.060189,0.66081,-0.015358,-0.026532,-0.018372,0.386473,0.015127,0.479916,-0.017682,0.317689,-0.07016,0.149171,-0.047619,-0.061584,-0.180782,-0.019847,-0.045953,0.027773,-0.008353,-0.043864,0.942731,0.0,0.0,0.0,0.0,0.0,0.0,0.0,0.0,1.0,0.0,0.0,0.0,0.0,0.0,0.0,0.0,0.0,0.0,0.0,0.0,0.0,0.0,0.0,0.0,0.0,0.0,0.0,0.0,0.0,0.0,0.0,0.0,0.0,0.0,0.0,0.0,0.0,0.0,0.0,0.0,0.0,0.0,0.0,0.0,0.0,0.0,0.0,0.0,0.0,0.0,0.0,1.0,1.0,1.0,0.0,0.0,0.0,0.0,0.0,0.0,0.0,0.0,0.0,0.0,0.0,0.0,0.0,0.0,0.0,0.0,0.0,0.0,0.0,0.0,0.0,0.0,0.0,0.0,0.0,0.0,0.0,0.0,0.0,0.0,0.0,0.0,0.0,0.0,0.0,0.0,0.0,0.0,0.0,-0.276369,-0.281499,-0.276492,-0.276935,-0.277245,-0.187761,-0.241849
f3b6090794574209,10_openmoji,OpenMoji,person gesturing NO: medium-dark skin tone,person gesturing NO: medium-dark skin tone,OpenMoji GitHub,https://github.com/hfg-gmuend/openmoji,svg,1F645-1F3FE.svg,icon_data/iconsets/10_openmoji/color/svg/1F645-1F3FE.svg,icon_data/normalized_256/10_openmoji/1f645_1f3fe__f3b609079457.png,emoji=🙅🏾; tags=,person gesturing NO: medium-dark skin tone | OpenMoji | emoji=🙅🏾; tags=,person gesturing no medium dark skin tone openmoji emoji tags,true,true,true,-0.038853,-0.229748,-0.229748,-0.052286,-0.112504,-0.112504,-0.170481,-0.151838,-0.051011,-0.190981,0.2411,-0.017421,0.12932,0.141957,-0.295664,0.344262,0.021146,-0.293855,0.312894,-0.138434,0.366076,0.049219,-0.073282,-0.070251,-0.113943,-0.201438,-0.226251,0.199865,0.218359,-0.104672,0.651239,0.009755,0.199429,0.015275,0.001794,-0.010554,-0.250509,-0.130561,-0.171172,-0.127625,-0.121648,-0.164775,-0.238961,0.133551,0.148143,-0.227068,-0.222302,0.098084,0.096381,-0.228008,-0.134781,-0.030611,-0.020519,-0.137951,-0.259043,0.313752,0.247713,0.158642,0.083703,-0.065126,0.623338,-0.017375,-0.018715,-0.018868,-0.018372,0.283813,-0.006245,0.135439,-0.01917,-0.038339,-0.07016,-0.176984,-0.047619,-0.061584,0.07913,0.067718,0.616225,0.094196,-0.084289,-0.368609,1.270861,0.0,0.0,0.0,0.0,0.0,0.0,0.0,0.0,1.0,0.0,0.0,0.0,0.0,0.0,0.0,0.0,0.0,0.0,0.0,0.0,0.0,0.0,0.0,0.0,0.0,0.0,0.0,0.0,0.0,0.0,0.0,0.0,0.0,0.0,0.0,0.0,0.0,0.0,0.0,0.0,0.0,0.0,0.0,0.0,0.0,0.0,0.0,0.0,0.0,0.0,0.0,1.0,1.0,1.0,0.0,0.0,0.0,0.0,0.0,0.0,0.0,0.0,0.0,0.0,0.0,1.0,1.0,1.0,0.0,0.0,0.0,1.0,0.0,0.0,0.0,1.0,0.0,0.0,0.0,0.0,0.0,0.0,0.0,0.0,0.0,0.0,0.0,0.0,0.0,0.0,0.0,0.0,0.0,-0.276369,-0.281499,-0.276492,-0.276935,-0.277245,-0.187761,-0.241849
6d73856e7180fb8d,10_openmoji,OpenMoji,"person walking: medium skin tone, facing right","person walking: medium skin tone, facing right",OpenMoji GitHub,https://github.com/hfg-gmuend/openmoji,svg,1F6B6-1F3FD-200D-27A1-FE0F.svg,icon_data/iconsets/10_openmoji/color/svg/1F6B6-1F3FD-200D-27A1-FE0F.svg,icon_data/normalized_256/10_openmoji/1f6b6_1f3fd_200d_27a1_fe0f__6d73856e7180.png,emoji=🚶🏽‍➡️; tags=,"person walking: medium skin tone, facing right | OpenMoji | emoji=🚶🏽‍➡️; tags=",person walking medium skin tone facing right openmoji emoji tags,true,true,true,-0.202997,-0.261157,-0.261157,-0.051771,-0.112504,-0.112504,-0.170481,-0.002882,-0.062052,-0.512235,0.093013,-0.268634,-0.107319,-0.14789,-0.468716,0.575116,-0.065539,-0.468146,0.076987,0.577898,-0.263281,0.051506,-0.073282,-0.070251,-0.172007,-0.124875,-0.491687,-0.138218,-0.027473,-0.256057,0.02968,0.103652,-0.120909,-0.136898,0.001794,-0.010554,-0.505183,-0.012428,-0.171172,-0.226446,-0.155294,-0.164775,-0.242255,-0.277621,-0.146985,-0.230455,-0.231522,-0.22196,-0.081747,-0.237181,-0.174195,-0.146238,-0.112705,-0.175501,-0.259043,0.182572,0.163773,0.063716,0.040465,-0.052328,0.826229,-0.005486,-0.01915,-0.021185,-0.018372,-0.052661,0.029594,0.370963,-0.01917,-0.037373,-0.07016,-0.176984,-0.047619,-0.061584,0.15005,0.046724,0.595851,-0.034998,0.177423,0.328507,1.809386,0.0,0.0,0.0,0.0,0.0,0.0,0.0,0.0,1.0,0.0,0.0,0.0,0.0,0.0,0.0,0.0,0.0,0.0,0.0,0.0,0.0,0.0,0.0,0.0,0.0,0.0,0.0,0.0,0.0,0.0,0.0,0.0,0.0,0.0,0.0,0.0,0.0,0.0,0.0,0.0,0.0,0.0,0.0,0.0,0.0,0.0,0.0,0.0,0.0,0.0,0.0,1.0,1.0,1.0,0.0,0.0,0.0,0.0,0.0,0.0,0.0,0.0,0.0,0.0,0.0,1.0,1.0,1.0,0.0,0.0,0.0,0.0,0.0,0.0,0.0,1.0,0.0,0.0,0.0,0.0,0.0,0.0,0.0,0.0,0.0,0.0,0.0,0.0,0.0,0.0,0.0,0.0,0.0,-0.276369,-0.281499,-0.276492,-0.276935,-0.277245,-0.187761,-0.241849
9099811c08fecfa1,10_openmoji,OpenMoji,flamingo,flamingo,OpenMoji GitHub,https://github.com/hfg-gmuend/openmoji,svg,1F9A9.svg,icon_data/iconsets/10_openmoji/color/svg/1F9A9.svg,icon_data/normalized_256/10_openmoji/1f9a9__9099811c08fe.png,"emoji=🦩; tags=animal, bird, flamboyant, ornithology, tropical","flamingo | OpenMoji | emoji=🦩; tags=animal, bird, flamboyant, ornithology, tropical",flamingo openmoji emoji tags animal bird flamboyant ornithology tropical,true,true,true,-0.1911,-0.148607,-0.148607,-0.053277,-0.112504,-0.112504,-0.105799,-0.006031,0.004194,-0.073798,-0.002026,0.353484,-0.192966,-0.13716,-0.64139,0.558965,0.679759,-0.033967,-0.039795,-0.090623,0.257756,-0.237192,-0.073282,-0.070251,-0.080763,0.028251,-0.427991,-0.432506,-0.02244,-0.295731,0.190218,-0.096037,-0.281081,-0.248986,0.001794,0.294589,-0.115214,-0.101028,-0.108006,-0.181292,-0.259969,-0.164775,-0.188831,0.013343,-0.165888,-0.228197,-0.231522,-0.20118,0.096691,-0.157166,-0.174195,-0.26944,-0.188506,-0.175501,-0.259043,0.222935,0.076765,0.113746,-0.051498,-0.061407,-0.061478,-0.043482,-0.01915,-0.00306,0.029199,-0.047291,-0.034269,-0.064082,-0.01917,0.137237,0.596533,0.143319,0.42712,-0.074673,-0.180782,-0.019847,-0.045953,0.173983,-0.008353,-0.043864,1.490333,0.0,0.0,0.0,0.0,0.0,0.0,0.0,0.0,1.0,0.0,0.0,0.0,0.0,0.0,0.0,0.0,0.0,0.0,0.0,0.0,0.0,0.0,0.0,0.0,0.0,0.0,0.0,0.0,0.0,0.0,0.0,0.0,0.0,0.0,0.0,0.0,0.0,0.0,0.0,0.0,0.0,0.0,0.0,0.0,0.0,0.0,0.0,0.0,0.0,0.0,0.0,1.0,1.0,1.0,0.0,0.0,0.0,0.0,0.0,0.0,0.0,0.0,0.0,0.0,0.0,0.0,0.0,0.0,0.0,0.0,0.0,0.0,0.0,0.0,0.0,0.0,0.0,0.0,0.0,0.0,0.0,0.0,0.0,0.0,0.0,0.0,0.0,0.0,0.0,0.0,0.0,0.0,0.0,-0.276369,-0.281499,-0.276492,-0.276935,-0.277245,-0.187761,-0.241849
960c8c87ff30f1bf,10_openmoji,OpenMoji,leg: medium-dark skin tone,leg: medium-dark skin tone,OpenMoji GitHub,https://github.com/hfg-gmuend/openmoji,svg,1F9B5-1F3FE.svg,icon_data/iconsets/10_openmoji/color/svg/1F9B5-1F3FE.svg,icon_data/normalized_256/10_openmoji/1f9b5_1f3fe__960c8c87ff30.png,emoji=🦵🏾; tags=,leg: medium-dark skin tone | OpenMoji | emoji=🦵🏾; tags=,leg medium dark skin tone openmoji emoji tags,true,true,true,-0.203218,-0.195721,-0.195721,-0.052751,-0.112504,-0.112504,-0.170481,-0.087809,-0.062052,-0.34008,-0.051909,-0.137707,-0.016083,-0.044819,-0.308907,0.482588,-0.39264,-0.141554,0.208182,0.255628,-0.377936,0.101891,-0.073282,-0.070251,-0.105648,-0.170813,-0.372739,-0.205215,0.110701,-0.205619,0.081859,-0.106419,-0.101714,-0.077706,0.001794,-0.010554,-0.306219,0.012886,-0.171172,-0.125461,0.100786,-0.161004,-0.242255,-0.107635,-0.150798,-0.230455,-0.231522,-0.230302,-0.128876,-0.237181,-0.168918,0.044854,-0.076657,-0.175501,-0.259043,0.142209,0.372094,0.141641,0.02895,-0.062211,0.887969,-0.037448,-0.01915,-0.025707,-0.018372,-0.062823,-0.034269,-0.064082,-0.01917,-0.037886,-0.07016,0.039921,0.016165,0.446373,-0.180782,-0.019847,-0.045953,-0.114523,0.204655,0.351769,1.209018,0.0,0.0,0.0,0.0,0.0,0.0,0.0,0.0,1.0,0.0,0.0,0.0,0.0,0.0,0.0,0.0,0.0,0.0,0.0,0.0,0.0,0.0,0.0,0.0,0.0,0.0,0.0,0.0,0.0,0.0,0.0,0.0,0.0,0.0,0.0,0.0,0.0,0.0,0.0,0.0,0.0,0.0,0.0,0.0,0.0,0.0,0.0,0.0,0.0,0.0,0.0,1.0,1.0,1.0,0.0,0.0,0.0,0.0,0.0,0.0,0.0,0.0,0.0,0.0,0.0,1.0,1.0,1.0,0.0,0.0,0.0,1.0,0.0,0.0,0.0,0.0,0.0,0.0,0.0,0.0,0.0,0.0,0.0,0.0,0.0,0.0,0.0,0.0,0.0,0.0,0.0,0.0,0.0,-0.276369,-0.281499,-0.276492,-0.276935,-0.277245,-0.187761,-0.241849
0b97f051d6187ce8,10_openmoji,OpenMoji,woman mage: dark skin tone,woman mage: dark skin tone,OpenMoji GitHub,https://github.com/hfg-gmuend/openmoji,svg,1F9D9-1F3FF-200D-2640-FE0F.svg,icon_data/iconsets/10_openmoji/color/svg/1F9D9-1F3FF-200D-2640-FE0F.svg,icon_data/normalized_256/10_openmoji/1f9d9_1f3ff_200d_2640_fe0f__0b97f051d618.png,emoji=🧙🏿‍♀️; tags=,woman mage: dark skin tone | OpenMoji | emoji=🧙🏿‍♀️; tags=,woman mage dark skin tone openmoji emoji tags,true,true,true,-0.051632,-0.172164,-0.172164,-0.053029,-0.112504,-0.112504,-0.170481,-0.172759,-0.051011,-0.093537,0.284541,0.026938,0.176575,0.145249,-0.309599,0.277834,0.301049,-0.03267,0.087962,0.007041,-0.027564,-0.043884,0.094034,-0.070251,0.051956,-0.232064,-0.082192,0.20546,0.254211,-0.079048,1.038302,-0.027508,0.0756,0.057443,0.464756,-0.245278,-0.123173,-0.088371,-0.171172,-0.035152,-0.096774,-0.164775,-0.160472,0.191651,0.17594,-0.11022,-0.192336,0.205624,0.208932,-0.047093,-0.134781,-0.036899,-0.022798,-0.096787,-0.259043,0.41466,0.188664,0.155085,0.056674,0.124485,0.000679,-0.03746,-0.01915,-0.025932,-0.018372,0.838063,0.006531,0.092208,-0.01917,-0.044265,-0.07016,-0.176984,-0.047619,-0.061584,0.202617,-0.074563,-0.377579,-0.19461,0.321696,0.057798,1.19372,0.0,0.0,0.0,0.0,0.0,0.0,0.0,0.0,1.0,0.0,0.0,0.0,0.0,0.0,0.0,0.0,0.0,0.0,0.0,0.0,0.0,0.0,0.0,0.0,0.0,0.0,0.0,0.0,0.0,0.0,0.0,0.0,0.0,0.0,0.0,0.0,0.0,0.0,0.0,0.0,0.0,0.0,0.0,0.0,0.0,0.0,0.0,0.0,0.0,0.0,0.0,1.0,1.0,1.0,0.0,0.0,0.0,0.0,0.0,0.0,0.0,0.0,0.0,0.0,0.0,1.0,1.0,0.0,0.0,0.0,0.0,1.0,0.0,0.0,0.0,0.0,0.0,0.0,0.0,0.0,0.0,0.0,0.0,0.0,0.0,0.0,0.0,0.0,0.0,0.0,0.0,0.0,0.0,-0.276369,-0.281499,-0.276492,-0.276935,-0.277245,-0.187761,-0.241849
d35e50aec0a064c5,10_openmoji,OpenMoji,anticlockwise triangle-headed top u-shaped arrow,anticlockwise triangle-headed top u-shaped arrow,OpenMoji GitHub,https://github.com/hfg-gmuend/openmoji,svg,2B8F.svg,icon_data/iconsets/10_openmoji/color/svg/2B8F.svg,icon_data/normalized_256/10_openmoji/2b8f__d35e50aec0a0.png,emoji=⮏; tags=,anticlockwise triangle-headed top u-shaped arrow | OpenMoji | emoji=⮏; tags=,anticlockwise triangle headed top shaped arrow openmoji emoji tags,true,true,true,-0.253673,-0.015116,-0.015116,-0.054297,-0.112504,-0.112504,-0.170481,-0.013803,-0.017888,0.058198,-0.202431,-0.253318,-0.212299,-0.273862,-0.124185,0.152031,-0.016203,-0.332392,0.180709,0.104645,0.174369,-0.338774,-0.073282,-0.070251,-0.205187,-0.017687,-0.323451,-0.292559,-0.00999,-0.275851,-0.132322,0.026446,-0.37106,-0.248613,0.325868,0.341533,-0.023691,-0.13478,-0.16471,-0.125894,-0.214102,-0.164775,0.002234,-0.239401,-0.064546,-0.230455,0.063524,-0.304929,0.095141,-0.031852,-0.063376,-0.274871,-0.095322,-0.165917,0.148476,-0.079787,-0.111994,-0.109549,0.120156,-0.079964,-0.061478,-0.043482,-0.01915,-0.026532,-0.018372,-0.062823,-0.034269,-0.064082,-0.01917,-0.044265,-0.07016,-0.101694,-0.047619,-0.061584,-0.180782,-0.019847,-0.045953,0.173983,-0.008353,-0.043864,1.372055,0.0,0.0,0.0,0.0,0.0,0.0,0.0,0.0,1.0,0.0,0.0,0.0,0.0,0.0,0.0,0.0,0.0,0.0,0.0,0.0,0.0,0.0,0.0,0.0,0.0,0.0,0.0,0.0,0.0,0.0,0.0,0.0,0.0,0.0,0.0,0.0,0.0,0.0,0.0,0.0,0.0,0.0,0.0,0.0,0.0,0.0,0.0,0.0,0.0,0.0,0.0,1.0,1.0,1.0,0.0,0.0,0.0,0.0,0.0,0.0,0.0,0.0,0.0,0.0,0.0,0.0,0.0,0.0,0.0,0.0,0.0,0.0,0.0,0.0,0.0,0.0,0.0,0.0,0.0,0.0,0.0,0.0,0.0,0.0,0.0,0.0,0.0,0.0,0.0,0.0,0.0,0.0,0.0,-0.276369,-0.281499,-0.276492,-0.276935,-0.277245,-0.187761,-0.241849
a1b878174fb512f0,10_openmoji,OpenMoji,demisexual,demisexual,OpenMoji GitHub,https://github.com/hfg-gmuend/openmoji,svg,E426.svg,icon_data/iconsets/10_openmoji/color/svg/E426.svg,icon_data/normalized_256/10_openmoji/e426__a1b878174fb5.png,emoji=; tags=,demisexual | OpenMoji | emoji=; tags=,demisexual openmoji emoji tags,true,true,true,-0.141746,-0.10411,-0.10411,-0.053679,-0.112504,-0.112504,-0.170481,-0.199391,-0.095175,0.422969,0.388157,0.087641,0.491435,0.454651,0.308116,-0.317174,-0.162369,0.615558,-0.44722,-0.025485,-0.407162,-0.484946,-0.073282,-0.070251,-0.279842,-0.308627,0.111914,0.578771,0.300341,0.119482,1.088712,-0.156039,0.200514,0.239594,0.001794,-0.010554,0.091708,-0.282446,-0.096213,-0.184321,-0.177149,-0.088709,0.234405,0.199203,0.215651,0.239193,0.247927,0.208961,0.208932,0.232464,-0.097677,-0.192546,-0.181952,-0.1026,-0.259043,0.132119,-0.067528,-0.024287,-0.06125,-0.079964,-0.061478,-0.041991,-0.01915,-0.026532,-0.018372,-0.062823,-0.034269,0.216544,2.212659,-0.016671,-0.07016,0.091081,-0.047619,-0.061584,0.210041,-0.019847,-0.045952,-0.218978,-0.008353,-0.043864,1.000913,0.0,0.0,0.0,0.0,0.0,0.0,0.0,0.0,1.0,0.0,0.0,0.0,0.0,0.0,0.0,0.0,0.0,0.0,0.0,0.0,0.0,0.0,0.0,0.0,0.0,0.0,0.0,0.0,0.0,0.0,0.0,0.0,0.0,0.0,0.0,0.0,0.0,0.0,0.0,0.0,0.0,0.0,0.0,0.0,0.0,0.0,0.0,0.0,0.0,0.0,0.0,1.0,1.0,1.0,0.0,0.0,0.0,0.0,0.0,0.0,0.0,0.0,0.0,0.0,0.0,0.0,0.0,0.0,0.0,0.0,0.0,0.0,0.0,0.0,0.0,0.0,0.0,0.0,0.0,0.0,0.0,0.0,0.0,0.0,0.0,0.0,0.0,0.0,0.0,0.0,0.0,0.0,0.0,-0.276369,-0.281499,-0.276492,-0.276935,-0.277245,-0.187761,-0.241849
017f18f80c2b6bb0,11_iso_7010_safety_signs,ISO 7010 Safety Signs,ISO 7010 W003,ISO 7010 W003,ISO7010-Font GitHub,https://github.com/Adewra/ISO7010-Font,svg,ISO_7010_W003.svg,icon_data/iconsets/11_iso_7010_safety_signs/Warning Symbols/ISO 7010 W003/ISO_7010_W003.svg,icon_data/normalized_256/11_iso_7010_safety_signs/iso_7010_w003__017f18f80c2b.png,,ISO 7010 W003 | ISO 7010 Safety Signs,iso 7010 w003 safety signs,false,true,true,0.012484,-0.512433,-0.512433,-0.032481,-0.112504,-0.112504,-0.170481,-0.222672,-0.095175,0.074825,0.388157,0.145045,0.534648,0.454651,0.354212,-0.354451,-0.220995,-0.078213,0.48921,-0.535836,0.490721,-0.484946,-0.073282,-0.070251,-0.313021,-0.308627,0.688442,0.579505,0.341126,0.786352,-0.389942,-0.156039,0.200514,0.239594,0.001794,-0.010554,0.187211,0.046638,0.325106,0.175761,0.181737,0.338833,0.344404,0.199203,0.215651,0.347573,0.35857,0.208961,0.208932,0.340843,0.332405,0.164198,0.173685,0.307156,0.148476,-0.069697,-0.111994,-0.109549,-0.220055,-0.079964,-0.061478,-0.043482,-0.01915,-0.026532,-0.018372,-0.062823,-0.034269,-0.064082,-0.01917,-0.044265,-0.07016,0.259834,-0.047619,-0.061584,-0.180782,-0.019847,-0.045953,0.173983,-0.008353,-0.043864,-0.672144,0.0,0.0,0.0,0.0,0.0,0.0,0.0,0.0,0.0,1.0,0.0,0.0,0.0,0.0,0.0,0.0,1.0,1.0,0.0,0.0,0.0,0.0,0.0,0.0,0.0,0.0,0.0,0.0,0.0,0.0,0.0,0.0,0.0,0.0,0.0,0.0,0.0,0.0,0.0,0.0,0.0,0.0,0.0,0.0,0.0,0.0,0.0,0.0,0.0,0.0,0.0,0.0,0.0,0.0,1.0,1.0,0.0,0.0,0.0,0.0,0.0,0.0,0.0,0.0,0.0,0.0,0.0,0.0,0.0,0.0,0.0,0.0,0.0,0.0,0.0,0.0,0.0,0.0,0.0,0.0,0.0,0.0,0.0,0.0,0.0,0.0,0.0,0.0,0.0,0.0,0.0,0.0,0.0,-0.276369,-0.281499,-0.276492,-0.276935,-0.277245,-0.187761,-0.241849
3ae85d1803f6fd0e,11_iso_7010_safety_signs,ISO 7010 Safety Signs,ISO 7010 W006,ISO 7010 W006,ISO7010-Font GitHub,https://github.com/Adewra/ISO7010-Font,svg,ISO_7010_W006.svg,icon_data/iconsets/11_iso_7010_safety_signs/Warning Symbols/ISO 7010 W006/ISO_7010_W006.svg,icon_data/normalized_256/11_iso_7010_safety_signs/iso_7010_w006__3ae85d1803f6.png,,ISO 7010 W006 | ISO 7010 Safety Signs,iso 7010 w006 safety signs,false,true,true,0.069328,-0.512433,-0.512433,-0.032481,-0.112504,-0.112504,-0.170481,-0.222672,-0.095175,0.074825,0.388157,0.145045,0.534648,0.454651,0.354212,-0.354451,-0.220995,-0.167076,0.227573,-0.115093,0.2254,-0.484946,-0.073282,-0.070251,-0.313021,-0.308627,0.688442,0.579505,0.341126,0.786352,-0.389942,-0.156039,0.200514,0.239594,0.001794,-0.010554,0.187211,0.046638,0.325106,0.175761,0.181737,0.338833,0.344404,0.199203,0.215651,0.347573,0.35857,0.208961,0.208932,0.340843,0.332405,0.164198,0.173685,0.307156,0.148476,-0.069697,-0.111994,-0.109549,-0.229025,-0.079964,-0.061478,-0.043482,-0.01915,-0.026532,-0.018372,-0.062823,-0.034269,-0.064082,-0.01917,-0.044265,-0.07016,0.259834,-0.047619,-0.061584,-0.180782,-0.019847,-0.045953,0.173983,-0.008353,-0.043864,-0.632975,0.0,0.0,0.0,0.0,0.0,0.0,0.0,0.0,0.0,1.0,0.0,0.0,0.0,0.0,0.0,0.0,1.0,1.0,0.0,0.0,0.0,0.0,0.0,0.0,0.0,0.0,0.0,0.0,0.0,0.0,0.0,0.0,0.0,0.0,0.0,0.0,0.0,0.0,0.0,0.0,0.0,0.0,0.0,0.0,0.0,0.0,0.0,0.0,0.0,0.0,0.0,0.0,0.0,0.0,1.0,1.0,0.0,0.0,0.0,0.0,0.0,0.0,0.0,0.0,0.0,0.0,0.0,0.0,0.0,0.0,0.0,0.0,0.0,0.0,0.0,0.0,0.0,0.0,0.0,0.0,0.0,0.0,0.0,0.0,0.0,0.0,0.0,0.0,0.0,0.0,0.0,0.0,0.0,-0.276369,-0.281499,-0.276492,-0.276935,-0.277245,-0.187761,-0.241849
b8d532b96649ad9b,11_iso_7010_safety_signs,ISO 7010 Safety Signs,ISO 7010 W015,ISO 7010 W015,ISO7010-Font GitHub,https://github.com/Adewra/ISO7010-Font,svg,ISO_7010_W015.svg,icon_data/iconsets/11_iso_7010_safety_signs/Warning Symbols/ISO 7010 W015/ISO_7010_W015.svg,icon_data/normalized_256/11_iso_7010_safety_signs/iso_7010_w015__b8d532b96649.png,,ISO 7010 W015 | ISO 7010 Safety Signs,iso 7010 w015 safety signs,false,true,true,0.07726,-0.512433,-0.512433,-0.032481,-0.112504,-0.112504,-0.170481,-0.222672,-0.095175,0.074825,0.388157,0.145045,0.534648,0.454651,0.354212,-0.354451,-0.220995,-0.125309,0.356463,-0.344852,0.394589,-0.484946,-0.073282,-0.070251,-0.313021,-0.308627,0.688442,0.579505,0.341126,0.786352,-0.389942,-0.156039,0.200514,0.239594,0.001794,-0.010554,0.187211,0.046638,0.325106,0.175761,0.181737,0.338833,0.344404,0.199203,0.215651,0.347573,0.35857,0.208961,0.208932,0.340843,0.332405,0.164198,0.173685,0.307156,0.148476,-0.069697,-0.111994,-0.109549,-0.232544,-0.079964,-0.061478,-0.043482,-0.01915,-0.026532,-0.018372,-0.062823,-0.034269,-0.064082,-0.01917,-0.044265,-0.07016,0.259834,-0.047619,-0.061584,-0.180782,-0.019847,-0.045953,0.173983,-0.008353,-0.043864,-0.638779,0.0,0.0,0.0,0.0,0.0,0.0,0.0,0.0,0.0,1.0,0.0,0.0,0.0,0.0,0.0,0.0,1.0,1.0,0.0,0.0,0.0,0.0,0.0,0.0,0.0,0.0,0.0,0.0,0.0,0.0,0.0,0.0,0.0,0.0,0.0,0.0,0.0,0.0,0.0,0.0,0.0,0.0,0.0,0.0,0.0,0.0,0.0,0.0,0.0,0.0,0.0,0.0,0.0,0.0,1.0,1.0,0.0,0.0,0.0,0.0,0.0,0.0,0.0,0.0,0.0,0.0,0.0,0.0,0.0,0.0,0.0,0.0,0.0,0.0,0.0,0.0,0.0,0.0,0.0,0.0,0.0,0.0,0.0,0.0,0.0,0.0,0.0,0.0,0.0,0.0,0.0,0.0,0.0,-0.276369,-0.281499,-0.276492,-0.276935,-0.277245,-0.187761,-0.241849
3fc360c5c4e56a82,11_iso_7010_safety_signs,ISO 7010 Safety Signs,ISO 7010 W019,ISO 7010 W019,ISO7010-Font GitHub,https://github.com/Adewra/ISO7010-Font,svg,ISO_7010_W019.svg,icon_data/iconsets/11_iso_7010_safety_signs/Warning Symbols/ISO 7010 W019/ISO_7010_W019.svg,icon_data/normalized_256/11_iso_7010_safety_signs/iso_7010_w019__3fc360c5c4e5.png,,ISO 7010 W019 | ISO 7010 Safety Signs,iso 7010 w019 safety signs,false,true,true,0.223998,-0.512433,-0.512433,-0.032481,-0.112504,-0.112504,-0.170481,-0.222672,-0.095175,0.074825,0.388157,0.145045,0.534648,0.454651,0.354212,-0.354451,-0.220995,-0.066306,0.246955,-0.233841,0.24184,-0.484946,-0.073282,-0.070251,-0.313021,-0.308627,0.688442,0.579505,0.341126,0.786352,-0.389942,-0.156039,0.200514,0.239594,0.001794,-0.010554,0.187211,0.046638,0.325106,0.175761,0.181737,0.338833,0.344404,0.199203,0.215651,0.347573,0.35857,0.208961,0.208932,0.340843,0.332405,0.164198,0.173685,0.307156,0.148476,-0.069697,-0.111994,-0.109549,-0.222283,-0.079964,-0.061478,-0.043482,-0.01915,-0.026532,-0.018372,-0.062823,-0.034269,-0.064082,-0.01917,-0.044265,-0.07016,0.259834,-0.047619,-0.061584,-0.180782,-0.019847,-0.045953,0.173983,-0.008353,-0.043864,-0.532768,0.0,0.0,0.0,0.0,0.0,0.0,0.0,0.0,0.0,1.0,0.0,0.0,0.0,0.0,0.0,0.0,1.0,1.0,0.0,0.0,0.0,0.0,0.0,0.0,0.0,0.0,0.0,0.0,0.0,0.0,0.0,0.0,0.0,0.0,0.0,0.0,0.0,0.0,0.0,0.0,0.0,0.0,0.0,0.0,0.0,0.0,0.0,0.0,0.0,0.0,0.0,0.0,0.0,0.0,1.0,1.0,0.0,0.0,0.0,0.0,0.0,0.0,0.0,0.0,0.0,0.0,0.0,0.0,0.0,0.0,0.0,0.0,0.0,0.0,0.0,0.0,0.0,0.0,0.0,0.0,0.0,0.0,0.0,0.0,0.0,0.0,0.0,0.0,0.0,0.0,0.0,0.0,0.0,-0.276369,-0.281499,-0.276492,-0.276935,-0.277245,-0.187761,-0.241849
672c5ac5c05045ac,11_iso_7010_safety_signs,ISO 7010 Safety Signs,ISO 7010 W022,ISO 7010 W022,ISO7010-Font GitHub,https://github.com/Adewra/ISO7010-Font,svg,ISO_7010_W022.svg,icon_data/iconsets/11_iso_7010_safety_signs/Warning Symbols/ISO 7010 W022/ISO_7010_W022.svg,icon_data/normalized_256/11_iso_7010_safety_signs/iso_7010_w022__672c5ac5c050.png,,ISO 7010 W022 | ISO 7010 Safety Signs,iso 7010 w022 safety signs,false,true,true,0.03694,-0.386795,-0.386795,-0.048113,-0.112504,-0.112504,-0.170481,-0.222501,-0.095175,0.078824,0.388157,0.144606,0.534375,0.454651,0.354012,-0.354341,-0.220564,-0.095753,0.41484,-0.338108,0.280498,-0.484946,-0.073282,-0.070251,-0.296432,-0.32394,0.682158,0.579505,0.340825,0.786352,-0.389942,-0.145824,0.200514,0.232968,0.001794,-0.034026,0.187211,0.042419,0.325106,0.175761,0.181737,0.338833,0.344404,0.199203,0.215651,0.347573,0.35857,0.208961,0.208932,0.340843,0.321851,0.15505,0.164567,0.297101,0.148476,-0.069697,-0.111994,-0.109549,-0.235259,-0.079964,-0.061478,-0.043482,-0.01915,-0.026532,-0.018372,-0.062823,-0.034269,-0.064082,-0.01917,-0.044265,-0.07016,0.259834,-0.047619,-0.061584,-0.180782,-0.019847,-0.045953,0.173983,-0.008353,-0.043864,-0.677702,0.0,0.0,0.0,0.0,0.0,0.0,0.0,0.0,0.0,1.0,0.0,0.0,0.0,0.0,0.0,0.0,1.0,1.0,0.0,0.0,0.0,0.0,0.0,0.0,0.0,0.0,0.0,0.0,0.0,0.0,0.0,0.0,0.0,0.0,0.0,0.0,0.0,0.0,0.0,0.0,0.0,0.0,0.0,0.0,0.0,0.0,0.0,0.0,0.0,0.0,0.0,0.0,0.0,0.0,1.0,1.0,0.0,0.0,0.0,0.0,0.0,0.0,0.0,0.0,0.0,0.0,0.0,0.0,0.0,0.0,0.0,0.0,0.0,0.0,0.0,0.0,0.0,0.0,0.0,0.0,0.0,0.0,0.0,0.0,0.0,0.0,0.0,0.0,0.0,0.0,0.0,0.0,0.0,-0.276369,-0.281499,-0.276492,-0.276935,-0.277245,-0.187761,-0.241849
969d2464f703154e,11_iso_7010_safety_signs,ISO 7010 Safety Signs,ISO 7010 W024,ISO 7010 W024,ISO7010-Font GitHub,https://github.com/Adewra/ISO7010-Font,svg,ISO_7010_W024.svg,icon_data/iconsets/11_iso_7010_safety_signs/Warning Symbols/ISO 7010 W024/ISO_7010_W024.svg,icon_data/normalized_256/11_iso_7010_safety_signs/iso_7010_w024__969d2464f703.png,,ISO 7010 W024 | ISO 7010 Safety Signs,iso 7010 w024 safety signs,false,true,true,0.061396,-0.512433,-0.512433,-0.032481,-0.112504,-0.112504,-0.170481,-0.222672,-0.095175,0.074825,0.388157,0.145045,0.534648,0.454651,0.354212,-0.354451,-0.220995,0.205374,0.262894,-0.522196,0.272788,-0.484946,-0.073282,-0.070251,-0.313021,-0.308627,0.688442,0.579505,0.341126,0.786352,-0.389942,-0.156039,0.200514,0.239594,0.001794,-0.010554,0.187211,0.046638,0.325106,0.175761,0.181737,0.338833,0.344404,0.199203,0.215651,0.347573,0.35857,0.208961,0.208932,0.340843,0.332405,0.164198,0.173685,0.307156,0.148476,-0.069697,-0.111994,-0.109549,-0.22767,-0.079964,-0.061478,-0.043482,-0.01915,-0.026532,-0.018372,-0.062823,-0.034269,-0.064082,-0.01917,-0.044265,-0.07016,0.259834,-0.047619,-0.061584,-0.180782,-0.019847,-0.045953,0.173983,-0.008353,-0.043864,-0.655212,0.0,0.0,0.0,0.0,0.0,0.0,0.0,0.0,0.0,1.0,0.0,0.0,0.0,0.0,0.0,0.0,1.0,1.0,0.0,0.0,0.0,0.0,0.0,0.0,0.0,0.0,0.0,0.0,0.0,0.0,0.0,0.0,0.0,0.0,0.0,0.0,0.0,0.0,0.0,0.0,0.0,0.0,0.0,0.0,0.0,0.0,0.0,0.0,0.0,0.0,0.0,0.0,0.0,0.0,1.0,1.0,0.0,0.0,0.0,0.0,0.0,0.0,0.0,0.0,0.0,0.0,0.0,0.0,0.0,0.0,0.0,0.0,0.0,0.0,0.0,0.0,0.0,0.0,0.0,0.0,0.0,0.0,0.0,0.0,0.0,0.0,0.0,0.0,0.0,0.0,0.0,0.0,0.0,-0.276369,-0.281499,-0.276492,-0.276935,-0.277245,-0.187761,-0.241849
9198bbcd6bccdff0,11_iso_7010_safety_signs,ISO 7010 Safety Signs,ISO 7010 W025,ISO 7010 W025,ISO7010-Font GitHub,https://github.com/Adewra/ISO7010-Font,svg,ISO_7010_W025.svg,icon_data/iconsets/11_iso_7010_safety_signs/Warning Symbols/ISO 7010 W025/ISO_7010_W025.svg,icon_data/normalized_256/11_iso_7010_safety_signs/iso_7010_w025__9198bbcd6bcc.png,,ISO 7010 W025 | ISO 7010 Safety Signs,iso 7010 w025 safety signs,false,true,true,0.090039,-0.512433,-0.512433,-0.032481,-0.112504,-0.112504,-0.170481,-0.222672,-0.095175,0.074825,0.388157,0.145045,0.534648,0.454651,0.354212,-0.354451,-0.220995,-0.124091,0.430207,-0.424078,0.443047,-0.484946,-0.073282,-0.070251,-0.313021,-0.308627,0.688442,0.579505,0.341126,0.786352,-0.389942,-0.156039,0.200514,0.239594,0.001794,-0.010554,0.187211,0.046638,0.325106,0.175761,0.181737,0.338833,0.344404,0.199203,0.215651,0.347573,0.35857,0.208961,0.208932,0.340843,0.332405,0.164198,0.173685,0.307156,0.148476,-0.069697,-0.111994,-0.109549,-0.257397,-0.079964,-0.061478,-0.043482,-0.01915,-0.026532,-0.018372,-0.062823,-0.034269,-0.064082,-0.01917,-0.044265,-0.07016,0.259834,-0.047619,-0.061584,-0.180782,-0.019847,-0.045953,0.173983,-0.008353,-0.043864,-0.689477,0.0,0.0,0.0,0.0,0.0,0.0,0.0,0.0,0.0,1.0,0.0,0.0,0.0,0.0,0.0,0.0,1.0,1.0,0.0,0.0,0.0,0.0,0.0,0.0,0.0,0.0,0.0,0.0,0.0,0.0,0.0,0.0,0.0,0.0,0.0,0.0,0.0,0.0,0.0,0.0,0.0,0.0,0.0,0.0,0.0,0.0,0.0,0.0,0.0,0.0,0.0,0.0,0.0,0.0,1.0,1.0,0.0,0.0,0.0,0.0,0.0,0.0,0.0,0.0,0.0,0.0,0.0,0.0,0.0,0.0,0.0,0.0,0.0,0.0,0.0,0.0,0.0,0.0,0.0,0.0,0.0,0.0,0.0,0.0,0.0,0.0,0.0,0.0,0.0,0.0,0.0,0.0,0.0,-0.276369,-0.281499,-0.276492,-0.276935,-0.277245,-0.187761,-0.241849
8eb2ae5e436bf3d9,11_iso_7010_safety_signs,ISO 7010 Safety Signs,ISO 7010 W032,ISO 7010 W032,ISO7010-Font GitHub,https://github.com/Adewra/ISO7010-Font,svg,ISO_7010_W032.svg,icon_data/iconsets/11_iso_7010_safety_signs/Warning Symbols/ISO 7010 W032/ISO_7010_W032.svg,icon_data/normalized_256/11_iso_7010_safety_signs/iso_7010_w032__8eb2ae5e436b.png,,ISO 7010 W032 | ISO 7010 Safety Signs,iso 7010 w032 safety signs,false,true,true,0.178391,-0.261157,-0.261157,-0.051771,-0.112504,-0.112504,-0.170481,-0.222328,-0.095175,0.082859,0.388157,0.144165,0.534091,0.454651,0.353811,-0.354231,-0.220131,-0.147265,0.432097,-0.419759,0.469099,-0.484946,-0.073282,-0.070251,-0.313021,-0.308627,0.675875,0.579505,0.340521,0.775388,-0.389941,-0.156039,0.200514,0.239594,0.001794,-0.010554,0.187211,0.0382,0.314767,0.166529,0.172535,0.328341,0.344404,0.199203,0.215651,0.347573,0.35857,0.208961,0.208932,0.340843,0.321851,0.15505,0.164567,0.297101,0.148476,-0.069697,-0.111994,-0.109549,-0.209113,-0.079964,-0.061478,-0.043482,-0.01915,-0.026532,-0.018372,-0.062823,-0.034269,-0.064082,-0.01917,-0.044265,-0.07016,0.259834,-0.047619,-0.061584,-0.180782,-0.019847,-0.045953,0.173983,-0.008353,-0.043864,-0.352725,0.0,0.0,0.0,0.0,0.0,0.0,0.0,0.0,0.0,1.0,0.0,0.0,0.0,0.0,0.0,0.0,1.0,1.0,0.0,0.0,0.0,0.0,0.0,0.0,0.0,0.0,0.0,0.0,0.0,0.0,0.0,0.0,0.0,0.0,0.0,0.0,0.0,0.0,0.0,0.0,0.0,0.0,0.0,0.0,0.0,0.0,0.0,0.0,0.0,0.0,0.0,0.0,0.0,0.0,1.0,1.0,0.0,0.0,0.0,0.0,0.0,0.0,0.0,0.0,0.0,0.0,0.0,0.0,0.0,0.0,0.0,0.0,0.0,0.0,0.0,0.0,0.0,0.0,0.0,0.0,0.0,0.0,0.0,0.0,0.0,0.0,0.0,0.0,0.0,0.0,0.0,0.0,0.0,-0.276369,-0.281499,-0.276492,-0.276935,-0.277245,-0.187761,-0.241849
395681962a31584b,11_iso_7010_safety_signs,ISO 7010 Safety Signs,ISO 7010 W033,ISO 7010 W033,ISO7010-Font GitHub,https://github.com/Adewra/ISO7010-Font,svg,ISO_7010_W033.svg,icon_data/iconsets/11_iso_7010_safety_signs/Warning Symbols/ISO 7010 W033/ISO_7010_W033.svg,icon_data/normalized_256/11_iso_7010_safety_signs/iso_7010_w033__395681962a31.png,,ISO 7010 W033 | ISO 7010 Safety Signs,iso 7010 w033 safety signs,false,true,true,-0.019244,-0.261157,-0.261157,-0.051771,-0.112504,-0.112504,-0.170481,-0.222328,-0.095175,0.082859,0.388157,0.144165,0.534091,0.454651,0.353811,-0.354231,-0.220131,-0.038947,0.475486,-0.532299,0.440115,-0.484946,-0.073282,-0.070251,-0.313021,-0.308627,0.675875,0.579505,0.340521,0.775388,-0.389941,-0.156039,0.200514,0.239594,0.001794,-0.010554,0.187211,0.0382,0.314767,0.166529,0.172535,0.328341,0.344404,0.199203,0.215651,0.347573,0.35857,0.208961,0.208932,0.340843,0.321851,0.15505,0.164567,0.297101,0.148476,-0.069697,-0.111994,-0.109549,-0.244428,-0.079964,-0.061478,-0.043482,-0.01915,-0.026532,-0.018372,-0.062823,-0.034269,-0.064082,-0.01917,-0.044265,-0.07016,0.259834,-0.047619,-0.061584,-0.180782,-0.019847,-0.045953,0.173983,-0.008353,-0.043864,-0.592762,0.0,0.0,0.0,0.0,0.0,0.0,0.0,0.0,0.0,1.0,0.0,0.0,0.0,0.0,0.0,0.0,1.0,1.0,0.0,0.0,0.0,0.0,0.0,0.0,0.0,0.0,0.0,0.0,0.0,0.0,0.0,0.0,0.0,0.0,0.0,0.0,0.0,0.0,0.0,0.0,0.0,0.0,0.0,0.0,0.0,0.0,0.0,0.0,0.0,0.0,0.0,0.0,0.0,0.0,1.0,1.0,0.0,0.0,0.0,0.0,0.0,0.0,0.0,0.0,0.0,0.0,0.0,0.0,0.0,0.0,0.0,0.0,0.0,0.0,0.0,0.0,0.0,0.0,0.0,0.0,0.0,0.0,0.0,0.0,0.0,0.0,0.0,0.0,0.0,0.0,0.0,0.0,0.0,-0.276369,-0.281499,-0.276492,-0.276935,-0.277245,-0.187761,-0.241849
5d96dfc9b1190032,11_iso_7010_safety_signs,ISO 7010 Safety Signs,ISO 7010 W036,ISO 7010 W036,ISO7010-Font GitHub,https://github.com/Adewra/ISO7010-Font,svg,ISO_7010_W036.svg,icon_data/iconsets/11_iso_7010_safety_signs/Warning Symbols/ISO 7010 W036/ISO_7010_W036.svg,icon_data/normalized_256/11_iso_7010_safety_signs/iso_7010_w036__5d96dfc9b119.png,,ISO 7010 W036 | ISO 7010 Safety Signs,iso 7010 w036 safety signs,false,true,true,0.403786,-0.261157,-0.261157,-0.051771,-0.112504,-0.112504,-0.170481,-0.222328,-0.095175,0.082859,0.388157,0.144165,0.534091,0.454651,0.353811,-0.354231,-0.220131,0.229265,0.193042,-0.518019,0.301071,-0.484946,-0.073282,-0.070251,-0.313021,-0.308627,0.675875,0.579505,0.340521,0.775388,-0.389941,-0.156039,0.200514,0.239594,0.001794,-0.010554,0.187211,0.0382,0.314767,0.166529,0.172535,0.328341,0.344404,0.199203,0.215651,0.347573,0.35857,0.208961,0.208932,0.340843,0.321851,0.15505,0.164567,0.297101,0.148476,-0.069697,-0.111994,-0.109549,-0.209662,-0.079964,-0.061478,-0.043482,-0.01915,-0.026532,-0.018372,-0.062823,-0.034269,-0.064082,-0.01917,-0.044265,-0.07016,0.259834,-0.047619,-0.061584,-0.180782,-0.019847,-0.045953,0.173983,-0.008353,-0.043864,-0.156613,0.0,0.0,0.0,0.0,0.0,0.0,0.0,0.0,0.0,1.0,0.0,0.0,0.0,0.0,0.0,0.0,1.0,1.0,0.0,0.0,0.0,0.0,0.0,0.0,0.0,0.0,0.0,0.0,0.0,0.0,0.0,0.0,0.0,0.0,0.0,0.0,0.0,0.0,0.0,0.0,0.0,0.0,0.0,0.0,0.0,0.0,0.0,0.0,0.0,0.0,0.0,0.0,0.0,0.0,1.0,1.0,0.0,0.0,0.0,0.0,0.0,0.0,0.0,0.0,0.0,0.0,0.0,0.0,0.0,0.0,0.0,0.0,0.0,0.0,0.0,0.0,0.0,0.0,0.0,0.0,0.0,0.0,0.0,0.0,0.0,0.0,0.0,0.0,0.0,0.0,0.0,0.0,0.0,-0.276369,-0.281499,-0.276492,-0.276935,-0.277245,-0.187761,-0.241849
f1c82e0e3033e0f2,12_iso_15223_medical_device_symbols,ISO 15223 Medical Device Symbols,batch code,batch code,medical-device-symbols GitHub,https://github.com/t4dhg/medical-device-symbols,svg,batch-code.svg,icon_data/iconsets/12_iso_15223_medical_device_symbols/src/icons/batch-code.svg,icon_data/normalized_256/12_iso_15223_medical_device_symbols/batch_code__f1c82e0e3033.png,,batch code | ISO 15223 Medical Device Symbols,batch code iso 15223 medical device symbols,false,true,true,-0.042158,0.599986,0.599986,-0.056039,0.048752,0.048752,-0.041116,0.239663,-0.095175,0.424686,-0.504659,-0.528423,-0.333096,-0.380712,0.315035,-0.323915,-0.167304,0.451297,-0.431365,0.14246,-0.441594,0.56868,-0.073282,-0.070251,-0.147123,0.104814,-0.449371,-0.402482,-0.39541,-0.386611,-0.279203,-0.125625,-0.013048,0.066476,0.001794,-0.034026,0.035999,-0.320418,-0.135146,-0.221253,-0.213958,-0.128217,-0.069523,-0.304282,-0.204327,-0.086794,-0.057203,-0.217713,-0.23445,-0.124709,-0.144511,-0.238282,-0.227546,-0.147221,0.148476,-0.079787,-0.111994,-0.109549,0.187632,-0.079964,-0.061478,-0.043482,-0.01915,-0.026532,-0.018372,-0.062823,-0.034269,-0.064082,-0.01917,-0.044265,-0.07016,-0.176984,-0.047619,-0.061584,-0.090564,-0.019847,-0.045953,-0.049713,-0.008353,-0.043864,0.365713,0.0,0.0,0.0,0.0,0.0,0.0,0.0,0.0,0.0,0.0,1.0,0.0,0.0,1.0,0.0,0.0,0.0,1.0,0.0,0.0,0.0,0.0,0.0,0.0,0.0,0.0,0.0,0.0,0.0,0.0,0.0,0.0,0.0,0.0,0.0,0.0,0.0,0.0,0.0,0.0,0.0,0.0,0.0,0.0,0.0,0.0,0.0,0.0,0.0,0.0,0.0,0.0,0.0,0.0,0.0,0.0,1.0,1.0,1.0,0.0,0.0,0.0,0.0,0.0,0.0,0.0,0.0,0.0,0.0,0.0,0.0,0.0,0.0,0.0,0.0,0.0,0.0,0.0,0.0,0.0,0.0,0.0,0.0,0.0,0.0,0.0,0.0,0.0,0.0,0.0,0.0,0.0,0.0,-0.276369,-0.281499,-0.276492,-0.276935,-0.277245,-0.187761,-0.241849
4ce46f5f8d9a06ef,12_iso_15223_medical_device_symbols,ISO 15223 Medical Device Symbols,catalogue number,catalogue number,medical-device-symbols GitHub,https://github.com/t4dhg/medical-device-symbols,svg,catalogue-number.svg,icon_data/iconsets/12_iso_15223_medical_device_symbols/src/icons/catalogue-number.svg,icon_data/normalized_256/12_iso_15223_medical_device_symbols/catalogue_number__4ce46f5f8d9a.png,,catalogue number | ISO 15223 Medical Device Symbols,catalogue number iso 15223 medical device symbols,false,true,true,-0.002939,0.686362,0.686362,-0.056149,0.048752,0.048752,-0.041116,0.256118,-0.095175,0.424686,-0.423539,-0.532165,-0.33342,-0.304811,0.312346,-0.317875,-0.176928,0.551236,-0.502645,0.123156,-0.48895,0.576645,-0.073282,-0.070251,-0.064173,0.104814,-0.40806,-0.314932,-0.419042,-0.385424,-0.270868,-0.036154,0.045959,0.074127,0.001794,-0.034026,0.035999,-0.320418,-0.134985,-0.221253,-0.213958,-0.128053,-0.05119,-0.17529,-0.189873,-0.081149,-0.044813,-0.162502,-0.20856,-0.129084,-0.144676,-0.238282,-0.227546,-0.147221,0.148476,-0.079787,-0.111994,-0.109549,0.193109,-0.079964,-0.061478,-0.043482,-0.01915,-0.026532,-0.018372,-0.062823,-0.034269,-0.064082,-0.01917,-0.044265,-0.07016,-0.176984,-0.047619,-0.061584,-0.090564,-0.019847,-0.045953,0.173983,-0.008353,-0.043864,0.258342,0.0,0.0,0.0,0.0,0.0,0.0,0.0,0.0,0.0,0.0,1.0,0.0,0.0,1.0,0.0,0.0,0.0,1.0,0.0,0.0,0.0,0.0,0.0,0.0,0.0,0.0,0.0,0.0,0.0,0.0,0.0,0.0,0.0,0.0,0.0,0.0,0.0,0.0,0.0,0.0,0.0,0.0,0.0,0.0,0.0,0.0,0.0,0.0,0.0,0.0,0.0,0.0,0.0,0.0,0.0,0.0,1.0,1.0,1.0,0.0,0.0,0.0,0.0,0.0,0.0,0.0,0.0,0.0,0.0,0.0,0.0,0.0,0.0,0.0,0.0,0.0,0.0,0.0,0.0,0.0,0.0,0.0,0.0,0.0,0.0,0.0,0.0,0.0,0.0,0.0,0.0,0.0,0.0,-0.276369,-0.281499,-0.276492,-0.276935,-0.277245,-0.187761,-0.241849
0db27129c0b71a97,12_iso_15223_medical_device_symbols,ISO 15223 Medical Device Symbols,do not re use,do not re use,medical-device-symbols GitHub,https://github.com/t4dhg/medical-device-symbols,svg,do-not-re-use.svg,icon_data/iconsets/12_iso_15223_medical_device_symbols/src/icons/do-not-re-use.svg,icon_data/normalized_256/12_iso_15223_medical_device_symbols/do_not_re_use__0db27129c0b7.png,,do not re use | ISO 15223 Medical Device Symbols,do not re use iso 15223 medical device symbols,false,true,true,0.019534,0.432469,0.432469,-0.055773,-0.112504,-0.112504,-0.041116,0.013345,-0.051011,-0.040727,-0.595468,0.353484,-0.346447,-0.549882,0.221256,-0.13585,-0.426741,-0.195459,0.207707,-0.290327,0.56447,-0.037871,-0.073282,-0.070251,0.11002,0.380442,-0.502929,-0.59709,-0.053295,-0.392371,-0.354459,-0.153008,-0.089222,-0.127971,0.001794,-0.034026,-0.075421,-0.09259,-0.166648,-0.16398,-0.158889,-0.160185,-0.151592,-0.279624,-0.321235,-0.144936,-0.141769,-0.320248,-0.265921,-0.15265,-0.170732,-0.168248,-0.159012,-0.172202,0.148476,-0.079787,-0.111994,-0.109549,0.157002,-0.079964,-0.061478,-0.043482,-0.01915,-0.026532,-0.018372,-0.062823,-0.034269,-0.064082,-0.01917,-0.044265,-0.07016,-0.176984,-0.047619,-0.061584,0.210041,-0.019847,-0.045952,-0.131345,-0.008353,-0.043864,0.79347,0.0,0.0,0.0,0.0,0.0,0.0,0.0,0.0,0.0,0.0,1.0,0.0,0.0,1.0,0.0,0.0,0.0,1.0,0.0,0.0,0.0,0.0,0.0,0.0,0.0,0.0,0.0,0.0,0.0,0.0,0.0,0.0,0.0,0.0,0.0,0.0,0.0,0.0,0.0,0.0,0.0,0.0,0.0,0.0,0.0,0.0,0.0,0.0,0.0,0.0,0.0,0.0,0.0,0.0,0.0,0.0,1.0,1.0,1.0,0.0,0.0,0.0,0.0,0.0,0.0,0.0,0.0,0.0,0.0,0.0,0.0,0.0,0.0,0.0,0.0,0.0,0.0,0.0,0.0,0.0,0.0,0.0,0.0,0.0,0.0,0.0,0.0,0.0,0.0,0.0,0.0,0.0,0.0,-0.276369,-0.281499,-0.276492,-0.276935,-0.277245,-0.187761,-0.241849
cad61736ae362480,12_iso_15223_medical_device_symbols,ISO 15223 Medical Device Symbols,do not use if package is damaged,do not use if package is damaged,medical-device-symbols GitHub,https://github.com/t4dhg/medical-device-symbols,svg,do-not-use-if-package-is-damaged.svg,icon_data/iconsets/12_iso_15223_medical_device_symbols/src/icons/do-not-use-if-package-is-damaged.svg,icon_data/normalized_256/12_iso_15223_medical_device_symbols/do_not_use_if_package_is_damaged__cad61736ae36.png,,do not use if package is damaged | ISO 15223 Medical Device Symbols,do not use if package is damaged iso 15223 medical device symbols,false,true,true,0.138952,0.563342,0.563342,-0.055987,-0.112504,-0.112504,0.217614,-0.036495,-0.051011,-0.036642,-0.5087,0.353484,-0.349877,-0.4831,0.217321,-0.131184,-0.426741,-0.312009,0.226321,-0.137175,0.47898,-0.261558,-0.073282,-0.070251,0.342279,0.288566,-0.460072,-0.519963,0.0266,-0.394041,-0.353893,-0.128848,-0.101385,-0.108308,0.001794,-0.010554,-0.075421,-0.096809,-0.167456,-0.182446,-0.174849,-0.161004,-0.158181,-0.180838,-0.281207,-0.147617,-0.146811,-0.20391,-0.150115,-0.154203,-0.170402,-0.190688,-0.180099,-0.171888,0.148476,-0.079787,-0.111994,-0.109549,0.149389,-0.079964,-0.061478,-0.043482,-0.01915,-0.026532,-0.018372,-0.062823,-0.034269,-0.064082,-0.01917,-0.044265,-0.07016,-0.176984,-0.047619,-0.061584,0.27731,-0.019847,-0.045953,0.102127,-0.008354,-0.043864,0.835544,0.0,0.0,0.0,0.0,0.0,0.0,0.0,0.0,0.0,0.0,1.0,0.0,0.0,1.0,0.0,0.0,0.0,1.0,0.0,0.0,0.0,0.0,0.0,0.0,0.0,0.0,0.0,0.0,0.0,0.0,0.0,0.0,0.0,0.0,0.0,0.0,0.0,0.0,0.0,0.0,0.0,0.0,0.0,0.0,0.0,0.0,0.0,0.0,0.0,0.0,0.0,0.0,0.0,0.0,0.0,0.0,1.0,1.0,1.0,0.0,0.0,0.0,0.0,0.0,0.0,0.0,0.0,0.0,0.0,0.0,0.0,0.0,0.0,0.0,0.0,0.0,0.0,0.0,0.0,0.0,0.0,0.0,0.0,0.0,0.0,0.0,0.0,0.0,0.0,0.0,0.0,0.0,0.0,-0.276369,-0.281499,-0.276492,-0.276935,-0.277245,-0.187761,-0.241849
e6e2d33ceb0e83af,12_iso_15223_medical_device_symbols,ISO 15223 Medical Device Symbols,latex,latex,medical-device-symbols GitHub,https://github.com/t4dhg/medical-device-symbols,svg,latex.svg,icon_data/iconsets/12_iso_15223_medical_device_symbols/src/icons/latex.svg,icon_data/normalized_256/12_iso_15223_medical_device_symbols/latex__e6e2d33ceb0e.png,,latex | ISO 15223 Medical Device Symbols,latex iso 15223 medical device symbols,false,true,true,-0.033345,0.306831,0.306831,-0.055507,0.156256,0.156256,-0.041116,0.442585,-0.062052,0.025947,-0.613158,-0.669882,-0.344646,-0.592852,0.100425,0.007403,-0.426741,-0.020417,0.210906,-0.239774,0.218834,0.56689,0.010376,-0.070251,0.093431,0.36513,-0.52367,-0.646658,-0.676068,-0.394906,-0.343085,0.273285,0.02045,-0.41904,0.001794,0.012919,-0.02767,-0.109466,-0.119153,-0.185042,-0.177868,-0.11166,-0.11335,-0.267295,-0.231648,-0.112902,-0.202421,-0.348764,-0.360798,-0.208534,-0.174195,-0.214271,-0.203752,-0.175501,0.148476,-0.079787,-0.111994,-0.109549,0.135779,-0.079964,-0.061478,-0.043482,-0.01915,-0.026532,-0.018372,-0.062823,-0.034269,-0.064082,-0.01917,-0.044265,-0.07016,-0.176984,-0.047619,-0.061584,0.27731,-0.019847,-0.045953,0.027773,-0.008353,-0.043864,0.871513,0.0,0.0,0.0,0.0,0.0,0.0,0.0,0.0,0.0,0.0,1.0,0.0,0.0,1.0,0.0,0.0,0.0,1.0,0.0,0.0,0.0,0.0,0.0,0.0,0.0,0.0,0.0,0.0,0.0,0.0,0.0,0.0,0.0,0.0,0.0,0.0,0.0,0.0,0.0,0.0,0.0,0.0,0.0,0.0,0.0,0.0,0.0,0.0,0.0,0.0,0.0,0.0,0.0,0.0,0.0,0.0,1.0,1.0,1.0,0.0,0.0,0.0,0.0,0.0,0.0,0.0,0.0,0.0,0.0,0.0,0.0,0.0,0.0,0.0,0.0,0.0,0.0,0.0,0.0,0.0,0.0,0.0,0.0,0.0,0.0,0.0,0.0,0.0,0.0,0.0,0.0,0.0,0.0,-0.276369,-0.281499,-0.276492,-0.276935,-0.277245,-0.187761,-0.241849
0dbe74d0ea5067c3,12_iso_15223_medical_device_symbols,ISO 15223 Medical Device Symbols,serial number,serial number,medical-device-symbols GitHub,https://github.com/t4dhg/medical-device-symbols,svg,serial-number.svg,icon_data/iconsets/12_iso_15223_medical_device_symbols/src/icons/serial-number.svg,icon_data/normalized_256/12_iso_15223_medical_device_symbols/serial_number__0dbe74d0ea50.png,,serial number | ISO 15223 Medical Device Symbols,serial number iso 15223 medical device symbols,false,true,true,-0.045242,0.508375,0.508375,-0.055903,-0.005,-0.005,-0.105799,0.274498,-0.095175,0.424686,-0.509817,-0.556391,-0.333298,-0.385537,0.315035,-0.323915,-0.167304,0.49813,-0.461685,0.021908,-0.29105,-0.48358,-0.073282,-0.070251,-0.089058,0.19669,-0.451997,-0.408048,-0.445249,-0.386212,-0.265522,-0.139138,-0.009093,0.08909,0.001794,-0.034026,0.035999,-0.320418,-0.135146,-0.221253,-0.213958,-0.128217,-0.144431,-0.202722,-0.17653,-0.142537,-0.127939,-0.18677,-0.172439,-0.143901,-0.144511,-0.238282,-0.227546,-0.147221,0.148476,-0.079787,-0.111994,-0.109549,0.184036,-0.079964,-0.061478,-0.043482,-0.01915,-0.026532,-0.018372,-0.062823,-0.034269,-0.064082,-0.01917,-0.044265,-0.07016,-0.176984,-0.047619,-0.061584,0.067895,-0.019847,-0.045952,-0.218978,-0.008353,-0.043864,0.350164,0.0,0.0,0.0,0.0,0.0,0.0,0.0,0.0,0.0,0.0,1.0,0.0,0.0,1.0,0.0,0.0,0.0,1.0,0.0,0.0,0.0,0.0,0.0,0.0,0.0,0.0,0.0,0.0,0.0,0.0,0.0,0.0,0.0,0.0,0.0,0.0,0.0,0.0,0.0,0.0,0.0,0.0,0.0,0.0,0.0,0.0,0.0,0.0,0.0,0.0,0.0,0.0,0.0,0.0,0.0,0.0,1.0,1.0,1.0,0.0,0.0,0.0,0.0,0.0,0.0,0.0,0.0,0.0,0.0,0.0,0.0,0.0,0.0,0.0,0.0,0.0,0.0,0.0,0.0,0.0,0.0,0.0,0.0,0.0,0.0,0.0,0.0,0.0,0.0,0.0,0.0,0.0,0.0,-0.276369,-0.281499,-0.276492,-0.276935,-0.277245,-0.187761,-0.241849
397929e89a5a2bf0,12_iso_15223_medical_device_symbols,ISO 15223 Medical Device Symbols,sterile,sterile,medical-device-symbols GitHub,https://github.com/t4dhg/medical-device-symbols,svg,sterile.svg,icon_data/iconsets/12_iso_15223_medical_device_symbols/src/icons/sterile.svg,icon_data/normalized_256/12_iso_15223_medical_device_symbols/sterile__397929e89a5a.png,,sterile | ISO 15223 Medical Device Symbols,sterile iso 15223 medical device symbols,false,true,true,-0.000295,0.403677,0.403677,-0.055718,0.263759,0.263759,-0.041116,0.660849,-0.095175,1.461119,-0.543776,-0.779143,-0.347777,-0.417276,0.31505,-0.333022,-0.136633,0.33851,-0.468999,0.265479,-0.428256,-0.482888,-0.073282,-0.070251,0.11002,0.181378,-0.534912,-0.446552,-0.953797,-0.404355,-0.338309,-0.14704,-0.009846,-0.026336,0.001794,-0.034026,0.179253,-0.53137,-0.171172,-0.267417,-0.259969,-0.164775,-0.123663,-0.261285,-0.277077,-0.111349,-0.115261,-0.262003,-0.257549,-0.117935,-0.174195,-0.274871,-0.264022,-0.175501,0.148476,-0.079787,-0.111994,-0.109549,0.107772,-0.079964,-0.061478,-0.043482,-0.01915,-0.026532,-0.018372,-0.062823,-0.034269,-0.064082,-0.01917,-0.044265,-0.07016,-0.176984,-0.047619,-0.061584,0.210041,-0.019847,-0.045952,-0.049713,-0.008353,-0.043864,0.999288,0.0,0.0,0.0,0.0,0.0,0.0,0.0,0.0,0.0,0.0,1.0,0.0,0.0,1.0,0.0,0.0,0.0,1.0,0.0,0.0,0.0,0.0,0.0,0.0,0.0,0.0,0.0,0.0,0.0,0.0,0.0,0.0,0.0,0.0,0.0,0.0,0.0,0.0,0.0,0.0,0.0,0.0,0.0,0.0,0.0,0.0,0.0,0.0,0.0,0.0,0.0,0.0,0.0,0.0,0.0,0.0,1.0,1.0,1.0,0.0,0.0,0.0,0.0,0.0,0.0,0.0,0.0,0.0,0.0,0.0,0.0,0.0,0.0,0.0,0.0,0.0,0.0,0.0,0.0,0.0,0.0,0.0,0.0,0.0,0.0,0.0,0.0,0.0,0.0,0.0,0.0,0.0,0.0,-0.276369,-0.281499,-0.276492,-0.276935,-0.277245,-0.187761,-0.241849
9875309b29ecca62,12_iso_15223_medical_device_symbols,ISO 15223 Medical Device Symbols,sterilized using ethylene oxide,sterilized using ethylene oxide,medical-device-symbols GitHub,https://github.com/t4dhg/medical-device-symbols,svg,sterilized-using-ethylene-oxide.svg,icon_data/iconsets/12_iso_15223_medical_device_symbols/src/icons/sterilized-using-ethylene-oxide.svg,icon_data/normalized_256/12_iso_15223_medical_device_symbols/sterilized_using_ethylene_oxide__9875309b29ec.png,,sterilized using ethylene oxide | ISO 15223 Medical Device Symbols,sterilized using ethylene oxide iso 15223 medical device symbols,false,true,true,0.109208,0.547637,0.547637,-0.055964,0.371263,0.371263,0.088249,0.633331,-0.095175,1.461119,-0.441978,-0.709295,-0.351212,-0.322033,0.31505,-0.333022,-0.136633,0.253328,-0.434999,0.303537,-0.394877,-0.482723,-0.073282,-0.070251,0.217855,0.42638,-0.496695,-0.337084,-0.920057,-0.404116,-0.342223,-0.146499,-0.065379,0.009434,0.001794,-0.034026,0.179253,-0.53137,-0.171172,-0.267417,-0.259969,-0.164775,-0.072531,-0.245566,-0.270564,-0.071977,-0.080541,-0.241678,-0.245147,-0.072354,-0.174195,-0.274871,-0.264022,-0.175501,0.148476,-0.079787,-0.111994,-0.109549,0.12059,-0.079964,-0.061478,-0.043482,-0.01915,-0.026532,-0.018372,-0.062823,-0.034269,-0.064082,-0.01917,-0.044265,-0.07016,-0.176984,-0.047619,-0.061584,0.067895,-0.019847,-0.045952,0.102127,-0.008354,-0.043864,0.989592,0.0,0.0,0.0,0.0,0.0,0.0,0.0,0.0,0.0,0.0,1.0,0.0,0.0,1.0,0.0,0.0,0.0,1.0,0.0,0.0,0.0,0.0,0.0,0.0,0.0,0.0,0.0,0.0,0.0,0.0,0.0,0.0,0.0,0.0,0.0,0.0,0.0,0.0,0.0,0.0,0.0,0.0,0.0,0.0,0.0,0.0,0.0,0.0,0.0,0.0,0.0,0.0,0.0,0.0,0.0,0.0,1.0,1.0,1.0,0.0,0.0,0.0,0.0,0.0,0.0,0.0,0.0,0.0,0.0,0.0,0.0,0.0,0.0,0.0,0.0,0.0,0.0,0.0,0.0,0.0,0.0,0.0,0.0,0.0,0.0,0.0,0.0,0.0,0.0,0.0,0.0,0.0,0.0,-0.276369,-0.281499,-0.276492,-0.276935,-0.277245,-0.187761,-0.241849
b566cf363514b2ce,12_iso_15223_medical_device_symbols,ISO 15223 Medical Device Symbols,sterilized using steam or dry heat,sterilized using steam or dry heat,medical-device-symbols GitHub,https://github.com/t4dhg/medical-device-symbols,svg,sterilized-using-steam-or-dry-heat.svg,icon_data/iconsets/12_iso_15223_medical_device_symbols/src/icons/sterilized-using-steam-or-dry-heat.svg,icon_data/normalized_256/12_iso_15223_medical_device_symbols/sterilized_using_steam_or_dry_heat__b566cf363514.png,,sterilized using steam or dry heat | ISO 15223 Medical Device Symbols,sterilized using steam or dry heat iso 15223 medical device symbols,false,true,true,0.085192,0.474348,0.474348,-0.055847,0.317511,0.317511,0.088249,0.631478,-0.095175,1.461119,-0.478003,-0.63057,-0.35077,-0.355738,0.31505,-0.333022,-0.136633,0.260381,-0.457878,0.319922,-0.408139,-0.480684,-0.073282,-0.070251,0.151495,0.303879,-0.510219,-0.375823,-0.917773,-0.40514,-0.338547,-0.031452,-0.156176,-0.009709,0.001794,-0.034026,0.179253,-0.53137,-0.171172,-0.267417,-0.259969,-0.164775,-0.072531,-0.245566,-0.273265,-0.115018,-0.080541,-0.241678,-0.247783,-0.102271,-0.174195,-0.274871,-0.264022,-0.175501,0.148476,-0.079787,-0.111994,-0.109549,0.108217,-0.079964,-0.061478,-0.043482,-0.01915,-0.026532,-0.018372,-0.062823,-0.034269,-0.064082,-0.01917,-0.044265,-0.07016,-0.176984,-0.047619,-0.061584,0.067895,-0.019847,-0.045952,0.102127,-0.008354,-0.043864,1.043019,0.0,0.0,0.0,0.0,0.0,0.0,0.0,0.0,0.0,0.0,1.0,0.0,0.0,1.0,0.0,0.0,0.0,1.0,0.0,0.0,0.0,0.0,0.0,0.0,0.0,0.0,0.0,0.0,0.0,0.0,0.0,0.0,0.0,0.0,0.0,0.0,0.0,0.0,0.0,0.0,0.0,0.0,0.0,0.0,0.0,0.0,0.0,0.0,0.0,0.0,0.0,0.0,0.0,0.0,0.0,0.0,1.0,1.0,1.0,0.0,0.0,0.0,0.0,0.0,0.0,0.0,0.0,0.0,0.0,0.0,0.0,0.0,0.0,0.0,0.0,0.0,0.0,0.0,0.0,0.0,0.0,0.0,0.0,0.0,0.0,0.0,0.0,1.0,0.0,0.0,0.0,0.0,0.0,-0.276369,-0.281499,-0.276492,-0.276935,-0.277245,-0.187761,-0.241849
d176e3613fd2e8ca,12_iso_15223_medical_device_symbols,ISO 15223 Medical Device Symbols,udi,udi,medical-device-symbols GitHub,https://github.com/t4dhg/medical-device-symbols,svg,udi.svg,icon_data/iconsets/12_iso_15223_medical_device_symbols/src/icons/udi.svg,icon_data/normalized_256/12_iso_15223_medical_device_symbols/udi__d176e3613fd2.png,,udi | ISO 15223 Medical Device Symbols,udi iso 15223 medical device symbols,false,true,true,-0.010431,0.605221,0.605221,-0.056046,0.048752,0.048752,-0.041116,0.226167,-0.095175,0.389463,-0.461345,-0.517092,-0.333725,-0.340153,0.32184,-0.336737,-0.15126,0.334221,-0.452293,0.275462,-0.454478,0.581498,-0.073282,-0.070251,-0.196892,0.089502,-0.418713,-0.355569,-0.375906,-0.382475,-0.271216,-0.127315,-0.028903,0.134352,0.001794,-0.034026,0.035999,-0.303542,-0.120284,-0.202787,-0.195554,-0.113135,-0.081124,-0.26822,-0.22593,-0.071694,-0.089185,-0.205275,-0.224838,-0.078563,-0.129669,-0.219988,-0.209308,-0.13308,0.148476,-0.079787,-0.111994,-0.109549,0.18889,-0.079964,-0.061478,-0.043482,-0.01915,-0.026532,-0.018372,-0.062823,-0.034269,-0.064082,-0.01917,-0.044265,-0.07016,-0.176984,-0.047619,-0.061584,0.210041,-0.019847,-0.045952,-0.131345,-0.008353,-0.043864,0.331307,0.0,0.0,0.0,0.0,0.0,0.0,0.0,0.0,0.0,0.0,1.0,0.0,0.0,1.0,0.0,0.0,0.0,1.0,0.0,0.0,0.0,0.0,0.0,0.0,0.0,0.0,0.0,0.0,0.0,0.0,0.0,0.0,0.0,0.0,0.0,0.0,0.0,0.0,0.0,0.0,0.0,0.0,0.0,0.0,0.0,0.0,0.0,0.0,0.0,0.0,0.0,0.0,0.0,0.0,0.0,0.0,1.0,1.0,1.0,0.0,0.0,0.0,0.0,0.0,0.0,0.0,0.0,0.0,0.0,0.0,0.0,0.0,0.0,0.0,0.0,0.0,0.0,0.0,0.0,0.0,0.0,0.0,0.0,0.0,0.0,0.0,0.0,0.0,0.0,0.0,0.0,0.0,0.0,-0.276369,-0.281499,-0.276492,-0.276935,-0.277245,-0.187761,-0.241849
09f287549c50a508,13_usp_pictograms_manual,USP Pictograms,06,06,USP Pictograms,https://www.usp.org/health-quality-safety/usp-pictograms,gif,06.GIF,icon_data/iconsets/13_usp_pictograms_manual/gif/pictogif/06.GIF,icon_data/normalized_256/13_usp_pictograms_manual/06__09f287549c50.png,,06 | USP Pictograms,06 usp pictograms,false,true,true,0.510425,-0.261157,-0.261157,-0.051771,-0.112504,-0.112504,-0.170481,-0.213861,-0.095175,0.280611,0.388157,0.122813,0.512845,0.454651,0.345012,-0.349416,-0.201176,0.207263,-0.127856,0.018327,-0.186904,-0.484946,-0.073282,-0.070251,-0.313021,-0.308627,0.424528,0.579505,0.325641,0.556087,-0.389941,-0.156039,0.200514,0.239594,0.001794,-0.010554,0.187211,-0.130561,0.107985,-0.018129,-0.011509,0.118505,0.344404,0.199203,0.215651,0.347573,0.35857,0.208961,0.208932,0.340843,0.110767,-0.027895,-0.017811,0.095994,0.148476,-0.069697,-0.111994,-0.109549,-0.228265,-0.079964,-0.061478,-0.043482,-0.01915,-0.026532,-0.018372,-0.062823,-0.034269,-0.064082,-0.01917,-0.044265,-0.07016,0.259834,-0.047619,-0.061584,-0.180782,-0.019847,-0.045953,0.173983,-0.008353,-0.043864,-0.148919,0.0,0.0,0.0,0.0,0.0,0.0,0.0,0.0,0.0,0.0,0.0,1.0,0.0,0.0,1.0,0.0,0.0,0.0,0.0,0.0,0.0,0.0,0.0,0.0,0.0,0.0,0.0,0.0,0.0,0.0,0.0,0.0,0.0,0.0,0.0,0.0,0.0,0.0,0.0,0.0,0.0,0.0,0.0,0.0,0.0,0.0,0.0,0.0,0.0,0.0,0.0,0.0,0.0,0.0,0.0,0.0,0.0,0.0,0.0,1.0,0.0,0.0,0.0,0.0,0.0,0.0,0.0,0.0,0.0,0.0,0.0,0.0,0.0,0.0,0.0,0.0,0.0,0.0,0.0,0.0,0.0,0.0,0.0,0.0,0.0,0.0,0.0,0.0,0.0,0.0,0.0,0.0,0.0,-0.276369,-0.281499,-0.276492,-0.276935,-0.277245,-0.187761,-0.241849
2b5b06037a00ac7f,13_usp_pictograms_manual,USP Pictograms,06A,06A,USP Pictograms,https://www.usp.org/health-quality-safety/usp-pictograms,gif,06A.GIF,icon_data/iconsets/13_usp_pictograms_manual/gif/pictogif/06A.GIF,icon_data/normalized_256/13_usp_pictograms_manual/06a__2b5b06037a00.png,,06A | USP Pictograms,06a usp pictograms,false,true,true,0.400481,-0.575252,-0.575252,0.080845,-0.112504,-0.112504,-0.170481,-0.193511,-0.095175,-0.429825,0.388157,0.073805,0.436037,0.454651,0.329896,-0.341145,-0.168614,0.076258,-0.141272,0.177994,-0.228549,0.049484,-0.073282,-0.070251,-0.296432,-0.32394,0.078925,0.579505,0.290109,0.260032,-0.389942,-0.145824,0.18916,0.239594,-0.044502,-0.010554,-0.326116,0.181647,-0.171172,0.323488,0.31977,-0.164775,-0.242255,0.199203,0.205485,-0.230455,-0.231522,0.208961,0.19901,-0.237181,-0.174195,0.310554,0.310469,-0.175501,0.148476,-0.069697,-0.111994,-0.109549,-0.209537,-0.079964,-0.061478,-0.043482,-0.01915,-0.026532,-0.018372,-0.062823,-0.034269,-0.064082,-0.01917,-0.044265,-0.07016,0.259834,-0.047619,-0.061584,-0.180782,-0.019847,-0.045953,0.173983,-0.008353,-0.043864,0.09839,0.0,0.0,0.0,0.0,0.0,0.0,0.0,0.0,0.0,0.0,0.0,1.0,0.0,0.0,1.0,0.0,0.0,0.0,0.0,0.0,0.0,0.0,0.0,0.0,0.0,0.0,0.0,0.0,0.0,0.0,0.0,0.0,0.0,0.0,0.0,0.0,0.0,0.0,0.0,0.0,0.0,0.0,0.0,0.0,0.0,0.0,0.0,0.0,0.0,0.0,0.0,0.0,0.0,0.0,0.0,0.0,0.0,0.0,0.0,1.0,0.0,0.0,0.0,0.0,0.0,0.0,0.0,0.0,0.0,0.0,0.0,0.0,0.0,0.0,0.0,0.0,0.0,0.0,0.0,0.0,0.0,0.0,0.0,0.0,0.0,0.0,0.0,0.0,0.0,0.0,0.0,0.0,0.0,-0.276369,-0.281499,-0.276492,-0.276935,-0.277245,-0.187761,-0.241849
35be32b4253e6b7e,13_usp_pictograms_manual,USP Pictograms,18,18,USP Pictograms,https://www.usp.org/health-quality-safety/usp-pictograms,gif,18.GIF,icon_data/iconsets/13_usp_pictograms_manual/gif/pictogif/18.GIF,icon_data/normalized_256/13_usp_pictograms_manual/18__35be32b4253e.png,,18 | USP Pictograms,18 usp pictograms,false,true,true,0.430446,-0.261157,-0.261157,-0.051771,-0.112504,-0.112504,-0.170481,-0.216768,-0.095175,-0.225614,0.388157,0.130077,0.521495,0.454651,0.347817,-0.350951,-0.207217,0.05002,-0.174922,0.206288,-0.19973,0.049484,-0.073282,-0.070251,-0.313021,-0.308627,0.499932,0.579505,0.330742,0.621877,-0.389941,-0.156039,0.200514,0.239594,0.001794,-0.010554,-0.059504,0.181647,0.170019,0.323488,0.328972,0.181456,0.060241,0.199203,0.215651,0.067591,0.072744,0.208961,0.208932,0.060863,0.174092,0.310554,0.319588,0.156326,0.148476,-0.069697,-0.111994,-0.109549,-0.270537,-0.079964,-0.061478,-0.043482,-0.01915,-0.026532,-0.018372,-0.062823,-0.034269,-0.064082,-0.01917,-0.044265,-0.07016,0.259834,-0.047619,-0.061584,-0.180782,-0.019847,-0.045953,0.173983,-0.008353,-0.043864,-0.292241,0.0,0.0,0.0,0.0,0.0,0.0,0.0,0.0,0.0,0.0,0.0,1.0,0.0,0.0,1.0,0.0,0.0,0.0,0.0,0.0,0.0,0.0,0.0,0.0,0.0,0.0,0.0,0.0,0.0,0.0,0.0,0.0,0.0,0.0,0.0,0.0,0.0,0.0,0.0,0.0,0.0,0.0,0.0,0.0,0.0,0.0,0.0,0.0,0.0,0.0,0.0,0.0,0.0,0.0,0.0,0.0,0.0,0.0,0.0,1.0,0.0,0.0,0.0,0.0,0.0,0.0,0.0,0.0,0.0,0.0,0.0,0.0,0.0,0.0,0.0,0.0,0.0,0.0,0.0,0.0,0.0,0.0,0.0,0.0,0.0,0.0,0.0,0.0,0.0,0.0,0.0,0.0,0.0,-0.276369,-0.281499,-0.276492,-0.276935,-0.277245,-0.187761,-0.241849
4345ee093157bb2b,13_usp_pictograms_manual,USP Pictograms,20,20,USP Pictograms,https://www.usp.org/health-quality-safety/usp-pictograms,gif,20.GIF,icon_data/iconsets/13_usp_pictograms_manual/gif/pictogif/20.GIF,icon_data/normalized_256/13_usp_pictograms_manual/20__4345ee093157.png,,20 | USP Pictograms,20 usp pictograms,false,true,true,0.839815,-0.261157,-0.261157,-0.051771,-0.112504,-0.112504,-0.170481,-0.216994,-0.095175,-0.222566,0.388157,0.130645,0.522118,0.454651,0.348044,-0.351075,-0.207706,0.19,-0.33257,0.114489,-0.105399,0.049484,-0.073282,-0.070251,-0.296432,-0.32394,0.506215,0.579505,0.33114,0.632843,-0.389941,-0.145824,0.193099,0.239594,-0.044502,-0.010554,-0.055525,0.181647,0.180359,0.323488,0.328972,0.181456,0.069407,0.199203,0.215651,0.067591,0.081964,0.208961,0.208932,0.060863,0.184647,0.310554,0.319588,0.156326,0.148476,-0.069697,-0.111994,-0.109549,-0.237009,-0.079964,-0.061478,-0.043482,-0.01915,-0.026532,-0.018372,-0.062823,-0.034269,-0.064082,-0.01917,-0.044265,-0.07016,0.259834,-0.047619,-0.061584,-0.180782,-0.019847,-0.045953,0.173983,-0.008353,-0.043864,0.208531,0.0,0.0,0.0,0.0,0.0,0.0,0.0,0.0,0.0,0.0,0.0,1.0,0.0,0.0,1.0,0.0,0.0,0.0,0.0,0.0,0.0,0.0,0.0,0.0,0.0,0.0,0.0,0.0,0.0,0.0,0.0,0.0,0.0,0.0,0.0,0.0,0.0,0.0,0.0,0.0,0.0,0.0,0.0,0.0,0.0,0.0,0.0,0.0,0.0,0.0,0.0,0.0,0.0,0.0,0.0,0.0,0.0,0.0,0.0,1.0,0.0,0.0,0.0,0.0,0.0,0.0,0.0,0.0,1.0,0.0,0.0,0.0,0.0,0.0,0.0,0.0,0.0,0.0,0.0,0.0,0.0,0.0,0.0,0.0,0.0,0.0,0.0,0.0,0.0,0.0,0.0,0.0,0.0,-0.276369,-0.281499,-0.276492,-0.276935,-0.277245,-0.187761,-0.241849
0f0ba10ef3a52533,13_usp_pictograms_manual,USP Pictograms,35,35,USP Pictograms,https://www.usp.org/health-quality-safety/usp-pictograms,gif,35.GIF,icon_data/iconsets/13_usp_pictograms_manual/gif/pictogif/35.GIF,icon_data/normalized_256/13_usp_pictograms_manual/35__0f0ba10ef3a5.png,,35 | USP Pictograms,35 usp pictograms,false,true,true,0.45314,-0.261157,-0.261157,-0.051771,-0.112504,-0.112504,-0.170481,-0.217876,-0.095175,-0.210374,0.388157,0.132863,0.524471,0.454651,0.348941,-0.351567,-0.20964,0.020122,-0.16814,0.196152,-0.145746,0.049484,-0.073282,-0.070251,-0.296432,-0.32394,0.53135,0.579505,0.332688,0.654773,-0.389941,-0.145824,0.193247,0.239594,-0.044502,-0.010554,-0.039608,0.181647,0.201037,0.323488,0.328972,0.202439,0.087741,0.199203,0.215651,0.085654,0.100405,0.208961,0.208932,0.078926,0.205755,0.310554,0.319588,0.176437,0.148476,-0.069697,-0.111994,-0.109549,-0.283092,-0.079964,-0.061478,-0.043482,-0.01915,-0.026532,-0.018372,-0.062823,-0.034269,-0.064082,-0.01917,-0.044265,-0.07016,0.259834,-0.047619,-0.061584,-0.180782,-0.019847,-0.045953,0.173983,-0.008353,-0.043864,-0.185145,0.0,0.0,0.0,0.0,0.0,0.0,0.0,0.0,0.0,0.0,0.0,1.0,0.0,0.0,1.0,0.0,0.0,0.0,0.0,0.0,0.0,0.0,0.0,0.0,0.0,0.0,0.0,0.0,0.0,0.0,0.0,0.0,0.0,0.0,0.0,0.0,0.0,0.0,0.0,0.0,0.0,0.0,0.0,0.0,0.0,0.0,0.0,0.0,0.0,0.0,0.0,0.0,0.0,0.0,0.0,0.0,0.0,0.0,0.0,1.0,0.0,0.0,0.0,0.0,0.0,0.0,0.0,0.0,0.0,0.0,0.0,0.0,0.0,0.0,0.0,0.0,0.0,0.0,0.0,0.0,1.0,0.0,0.0,0.0,0.0,0.0,0.0,0.0,0.0,0.0,0.0,0.0,0.0,-0.276369,-0.281499,-0.276492,-0.276935,-0.277245,-0.187761,-0.241849
67facd157d491218,13_usp_pictograms_manual,USP Pictograms,37,37,USP Pictograms,https://www.usp.org/health-quality-safety/usp-pictograms,gif,37.GIF,icon_data/iconsets/13_usp_pictograms_manual/gif/pictogif/37.GIF,icon_data/normalized_256/13_usp_pictograms_manual/37__67facd157d49.png,,37 | USP Pictograms,37 usp pictograms,false,true,true,0.598776,-0.261157,-0.261157,-0.051771,-0.112504,-0.112504,-0.170481,-0.220511,-0.095175,-0.170751,0.388157,0.139532,0.530672,0.454651,0.351753,-0.353105,-0.215697,0.138686,-0.177989,0.022107,-0.039201,0.049484,-0.073282,-0.070251,-0.313021,-0.308627,0.613038,0.579505,0.337322,0.720563,-0.389941,-0.156039,0.200514,0.239594,0.001794,-0.010554,0.012123,0.181647,0.263072,0.323488,0.328972,0.275882,0.14274,0.199203,0.215651,0.148876,0.155726,0.208961,0.208932,0.142147,0.26908,0.310554,0.319588,0.246824,0.148476,-0.069697,-0.111994,-0.109549,-0.257589,-0.079964,-0.061478,-0.043482,-0.01915,-0.026532,-0.018372,-0.062823,-0.034269,-0.064082,-0.01917,-0.044265,-0.07016,0.259834,-0.047619,-0.061584,-0.180782,-0.019847,-0.045953,0.173983,-0.008353,-0.043864,-0.039061,0.0,0.0,0.0,0.0,0.0,0.0,0.0,0.0,0.0,0.0,0.0,1.0,0.0,0.0,1.0,0.0,0.0,0.0,0.0,0.0,0.0,0.0,0.0,0.0,0.0,0.0,0.0,0.0,0.0,0.0,0.0,0.0,0.0,0.0,0.0,0.0,0.0,0.0,0.0,0.0,0.0,0.0,0.0,0.0,0.0,0.0,0.0,0.0,0.0,0.0,0.0,0.0,0.0,0.0,0.0,0.0,0.0,0.0,0.0,1.0,0.0,0.0,0.0,0.0,0.0,0.0,0.0,0.0,0.0,0.0,0.0,0.0,0.0,0.0,0.0,0.0,0.0,0.0,0.0,0.0,0.0,0.0,0.0,0.0,0.0,0.0,0.0,0.0,0.0,0.0,0.0,0.0,0.0,-0.276369,-0.281499,-0.276492,-0.276935,-0.277245,-0.187761,-0.241849
e93973679234ed81,13_usp_pictograms_manual,USP Pictograms,54,54,USP Pictograms,https://www.usp.org/health-quality-safety/usp-pictograms,gif,54.GIF,icon_data/iconsets/13_usp_pictograms_manual/gif/pictogif/54.GIF,icon_data/normalized_256/13_usp_pictograms_manual/54__e93973679234.png,,54 | USP Pictograms,54 usp pictograms,false,true,true,0.667519,-0.261157,-0.261157,-0.051771,-0.112504,-0.112504,-0.170481,-0.223506,-0.095175,-0.118936,0.388157,0.147181,0.535865,0.454651,0.355201,-0.354992,-0.223125,0.053217,0.032648,-0.153588,0.152888,0.049484,-0.073282,-0.070251,-0.296432,-0.32394,0.719861,0.579505,0.342595,0.819247,-0.389941,-0.145824,0.194195,0.239594,-0.044502,-0.010554,0.079771,0.181647,0.356124,0.323488,0.328972,0.359817,0.225239,0.199203,0.215651,0.22113,0.238707,0.208961,0.208932,0.2144,0.364067,0.310554,0.319588,0.327267,0.148476,-0.069697,-0.111994,-0.109549,-0.281124,-0.079964,-0.061478,-0.043482,-0.01915,-0.026532,-0.018372,-0.062823,-0.034269,-0.064082,-0.01917,-0.044265,-0.07016,0.259834,-0.047619,-0.061584,-0.180782,-0.019847,-0.045953,0.173983,-0.008353,-0.043864,-0.139288,0.0,0.0,0.0,0.0,0.0,0.0,0.0,0.0,0.0,0.0,0.0,1.0,0.0,0.0,1.0,0.0,0.0,0.0,0.0,0.0,0.0,0.0,0.0,0.0,0.0,0.0,0.0,0.0,0.0,0.0,0.0,0.0,0.0,0.0,0.0,0.0,0.0,0.0,0.0,0.0,0.0,0.0,0.0,0.0,0.0,0.0,0.0,0.0,0.0,0.0,0.0,0.0,0.0,0.0,0.0,0.0,0.0,0.0,0.0,1.0,0.0,0.0,0.0,0.0,0.0,0.0,0.0,0.0,0.0,0.0,0.0,0.0,0.0,0.0,0.0,0.0,0.0,0.0,0.0,0.0,0.0,0.0,0.0,0.0,0.0,0.0,0.0,0.0,0.0,0.0,0.0,0.0,0.0,-0.276369,-0.281499,-0.276492,-0.276935,-0.277245,-0.187761,-0.241849
db7e3477d2e2096c,13_usp_pictograms_manual,USP Pictograms,57,57,USP Pictograms,https://www.usp.org/health-quality-safety/usp-pictograms,gif,57.GIF,icon_data/iconsets/13_usp_pictograms_manual/gif/pictogif/57.GIF,icon_data/normalized_256/13_usp_pictograms_manual/57__db7e3477d2e2.png,,57 | USP Pictograms,57 usp pictograms,false,true,true,0.677213,-0.261157,-0.261157,-0.051771,-0.112504,-0.112504,-0.170481,-0.218514,-0.095175,-0.20123,0.388157,0.134473,0.526092,0.454651,0.349605,-0.351929,-0.211069,0.112151,-0.142381,0.088069,-0.139464,0.049484,-0.073282,-0.070251,-0.313021,-0.308627,0.550201,0.579505,0.33381,0.665737,-0.389941,-0.156039,0.200514,0.239594,0.001794,-0.010554,-0.02767,0.181647,0.211376,0.323488,0.328972,0.223423,0.096907,0.199203,0.215651,0.103718,0.109625,0.208961,0.208932,0.096989,0.216309,0.310554,0.319588,0.196547,0.148476,-0.069697,-0.111994,-0.109549,-0.192313,-0.079964,-0.061478,-0.043482,-0.01915,-0.026532,-0.018372,-0.062823,-0.034269,-0.064082,-0.01917,-0.044265,-0.07016,0.259834,-0.047619,-0.061584,-0.180782,-0.019847,-0.045953,0.173983,-0.008353,-0.043864,0.274742,0.0,0.0,0.0,0.0,0.0,0.0,0.0,0.0,0.0,0.0,0.0,1.0,0.0,0.0,1.0,0.0,0.0,0.0,0.0,0.0,0.0,0.0,0.0,0.0,0.0,0.0,0.0,0.0,0.0,0.0,0.0,0.0,0.0,0.0,0.0,0.0,0.0,0.0,0.0,0.0,0.0,0.0,0.0,0.0,0.0,0.0,0.0,0.0,0.0,0.0,0.0,0.0,0.0,0.0,0.0,0.0,0.0,0.0,0.0,1.0,0.0,0.0,0.0,0.0,0.0,0.0,0.0,0.0,0.0,0.0,0.0,0.0,0.0,0.0,0.0,0.0,0.0,0.0,0.0,0.0,0.0,0.0,0.0,0.0,0.0,0.0,0.0,0.0,0.0,0.0,0.0,0.0,0.0,-0.276369,-0.281499,-0.276492,-0.276935,-0.277245,-0.187761,-0.241849
786becad40b24f1e,13_usp_pictograms_manual,USP Pictograms,58,58,USP Pictograms,https://www.usp.org/health-quality-safety/usp-pictograms,gif,58.GIF,icon_data/iconsets/13_usp_pictograms_manual/gif/pictogif/58.GIF,icon_data/normalized_256/13_usp_pictograms_manual/58__786becad40b2.png,,58 | USP Pictograms,58 usp pictograms,false,true,true,0.427802,-0.261157,-0.261157,-0.051771,-0.112504,-0.112504,-0.170481,-0.198879,-0.095175,0.630546,0.388157,0.086427,0.457522,0.454651,0.333259,-0.342985,-0.175857,0.282808,-0.176326,-0.006045,-0.212758,-0.484946,-0.073282,-0.070251,-0.313021,-0.308627,0.148046,0.579505,0.299449,0.314858,-0.389941,-0.156039,0.200514,0.239594,0.001794,-0.010554,0.187211,-0.316199,-0.119476,-0.221253,-0.213958,-0.112316,0.344404,0.199203,0.215651,0.347573,0.35857,0.208961,0.208932,0.340843,-0.121424,-0.229135,-0.218427,-0.125224,0.148476,-0.069697,-0.111994,-0.109549,-0.268238,-0.079964,-0.061478,-0.043482,-0.01915,-0.026532,-0.018372,-0.062823,-0.034269,-0.064082,-0.01917,-0.044265,-0.07016,0.259834,-0.047619,-0.061584,-0.180782,-0.019847,-0.045953,0.173983,-0.008353,-0.043864,0.027189,0.0,0.0,0.0,0.0,0.0,0.0,0.0,0.0,0.0,0.0,0.0,1.0,0.0,0.0,1.0,0.0,0.0,0.0,0.0,0.0,0.0,0.0,0.0,0.0,0.0,0.0,0.0,0.0,0.0,0.0,0.0,0.0,0.0,0.0,0.0,0.0,0.0,0.0,0.0,0.0,0.0,0.0,0.0,0.0,0.0,0.0,0.0,0.0,0.0,0.0,0.0,0.0,0.0,0.0,0.0,0.0,0.0,0.0,0.0,1.0,0.0,0.0,0.0,0.0,0.0,0.0,0.0,0.0,0.0,0.0,0.0,0.0,0.0,0.0,0.0,0.0,0.0,0.0,0.0,0.0,0.0,0.0,0.0,0.0,0.0,0.0,0.0,0.0,0.0,0.0,0.0,0.0,0.0,-0.276369,-0.281499,-0.276492,-0.276935,-0.277245,-0.187761,-0.241849
6a09c26401d7753b,13_usp_pictograms_manual,USP Pictograms,59A,59A,USP Pictograms,https://www.usp.org/health-quality-safety/usp-pictograms,gif,59A.GIF,icon_data/iconsets/13_usp_pictograms_manual/gif/pictogif/59A.GIF,icon_data/normalized_256/13_usp_pictograms_manual/59a__6a09c26401d7.png,,59A | USP Pictograms,59a usp pictograms,false,true,true,0.279962,-0.261157,-0.261157,-0.051771,-0.112504,-0.112504,-0.170481,-0.187756,-0.095175,-0.460304,0.388157,0.060505,0.413033,0.454651,0.326666,-0.339378,-0.161656,0.077748,-0.28888,0.234919,-0.171118,0.049484,-0.073282,-0.070251,-0.296432,-0.32394,0.016088,0.579505,0.280119,0.205207,-0.389941,-0.145824,0.188198,0.239594,-0.044502,-0.010554,-0.365909,0.181647,-0.171172,0.277323,0.273759,-0.164775,-0.242255,0.149887,0.154655,-0.230455,-0.231522,0.160424,0.149401,-0.237181,-0.174195,0.264818,0.264875,-0.175501,0.148476,-0.069697,-0.111994,-0.109549,-0.223926,-0.079964,-0.061478,-0.043482,-0.01915,-0.026532,-0.018372,-0.062823,-0.034269,-0.064082,-0.01917,-0.044265,-0.07016,0.259834,-0.047619,-0.061584,-0.180782,-0.019847,-0.045953,0.173983,-0.008353,-0.043864,0.056244,0.0,0.0,0.0,0.0,0.0,0.0,0.0,0.0,0.0,0.0,0.0,1.0,0.0,0.0,1.0,0.0,0.0,0.0,0.0,0.0,0.0,0.0,0.0,0.0,0.0,0.0,0.0,0.0,0.0,0.0,0.0,0.0,0.0,0.0,0.0,0.0,0.0,0.0,0.0,0.0,0.0,0.0,0.0,0.0,0.0,0.0,0.0,0.0,0.0,0.0,0.0,0.0,0.0,0.0,0.0,0.0,0.0,0.0,0.0,1.0,0.0,0.0,0.0,0.0,0.0,0.0,0.0,0.0,0.0,0.0,0.0,0.0,0.0,0.0,0.0,0.0,0.0,0.0,0.0,0.0,0.0,0.0,0.0,0.0,0.0,0.0,0.0,0.0,0.0,0.0,0.0,0.0,0.0,-0.276369,-0.281499,-0.276492,-0.276935,-0.277245,-0.187761,-0.241849
