icon_id,set_id,set_name,icon_name,label,source,source_url,format,filename,relative_path,normalized_path,notes,metadata_text,metadata_tokens,has_notes,source_path_exists,normalized_path_exists,foreground_area_ratio,canny_edge_density,connected_components,quadtree_leaf_count,quadtree_structural_variability,quadtree_mean_leaf_size,bounding_box_occupancy,bounding_box_aspect_ratio,bbox_center_x,bbox_center_y,bbox_width_ratio,bbox_height_ratio,solidity,centroid_distance_from_center,horizontal_symmetry,vertical_symmetry,perimeter_area_ratio,filled_vs_outline_proxy,contour_count,holes_count,closed_contour_ratio,line_orientation_0,line_orientation_45,line_orientation_90,line_orientation_135,is_monochrome,color_count,mean_saturation,colorfulness,foreground_background_contrast,grid_foreground_0_0,grid_foreground_0_1,grid_foreground_0_2,grid_foreground_0_3,grid_foreground_1_0,grid_foreground_1_1,grid_foreground_1_2,grid_foreground_1_3,grid_foreground_2_0,grid_foreground_2_1,grid_foreground_2_2,grid_foreground_2_3,grid_foreground_3_0,grid_foreground_3_1,grid_foreground_3_2,grid_foreground_3_3,circularity,rectangularity,corner_count,curvature_histogram_straight,curvature_histogram_gentle,curvature_histogram_sharp,principal_axis_orientation,arrowhead_count,arc_count,hu_moment_1,hu_moment_2,hu_moment_3,hu_moment_4,hu_moment_5,hu_moment_6,hu_moment_7,stroke_width_mean,stroke_width_std,skeleton_endpoints,skeleton_junctions,hue_histogram_00,hue_histogram_01,hue_histogram_02,hue_histogram_03,hue_histogram_04,hue_histogram_05,hue_histogram_06,hue_histogram_07,hue_histogram_08,hue_histogram_09,hue_histogram_10,hue_histogram_11,dominant_color_1_lab_l,dominant_color_1_lab_a,dominant_color_1_lab_b,dominant_color_2_lab_l,dominant_color_2_lab_a,dominant_color_2_lab_b,dominant_color_3_lab_l,dominant_color_3_lab_a,dominant_color_3_lab_b,texture_entropy,lbp_histogram_00,lbp_histogram_01,lbp_histogram_02,lbp_histogram_03,lbp_histogram_04,lbp_histogram_05,lbp_histogram_06,lbp_histogram_07,lbp_histogram_08,lbp_histogram_09,crush_test_stability,text_or_letter_presence,quadtree_structural_variability_v2,enclosure_score_v2,principal_axis_orientation_v2,orientation_confidence_v2,solid_fill_ratio_v2,horizontal_symmetry_v2,mean_saturation_v2,local_texture_variation_v2,red_pixel_ratio_v2,strict_red_flag_v2
38fcc454e8b76e8a,01_mcdougall_symbol_icon_set,McDougall Symbol/Icon Set,Binary file,Binary file,McDougall et al. BURO eprint,https://eprints.bournemouth.ac.uk/10165/,png,mcdougall_021.png,icon_data/iconsets/01_mcdougall_symbol_icon_set/extracted_icons_png/mcdougall_021.png,icon_data/normalized_256/01_mcdougall_symbol_icon_set/mcdougall_021__38fcc454e8b7.png,"appendix_item=21; mcdougall_ratings=concreteness:3.88,complexity:3.88,familiarity:2.45,meaningfulness:2.28,semantic_distance:2.88,concept_agreement:20.00,name_agreement:20.00,common_response:","Binary file | McDougall Symbol/Icon Set | appendix_item=21; mcdougall_ratings=concreteness:3.88,complexity:3.88,familiarity:2.45,meaningfulness:2.28,semantic_distance:2.88,concept_agreement:20.00,name_agreement:20.00,common_response:",binary file mcdougall symbol icon set appendix item 21 ratings concreteness 88 complexity familiarity 45 meaningfulness 28 semantic distance concept agreement 20 00 name common response,true,true,true,0.0722808837890625,0.034942626953125,51.0,652.0,0.1591796875,100.51533742331289,0.5410622501427755,0.8252427184466019,0.4980392156862745,0.5137254901960784,0.33203125,0.40234375,0.5541647168928404,0.00895120465820693,0.5163252240717029,0.514386189258312,0.5218492716909436,0.6570952975447357,51.0,0.0,0.19324440093011871,0.00502581475302577,0.03708261623978615,0.9133292436599731,0.04456228390336037,0.0,5.0,0.08158949762582779,0.009259181833487794,0.6929029524326324,0.0,0.0,0.0,0.0,0.0,0.28466796875,0.279296875,0.0,0.0,0.304443359375,0.2880859375,0.0,0.0,0.0,0.0,0.0,0.009741286486352554,0.5410622501427755,6.0,0.0,0.0,1.0,88.69601830286544,0.0,0.0,-0.5117067215243069,-2.6522940247250357,-5.91356580454559,-6.991684344768874,13.489828885377435,9.565252337482494,13.805950292768314,0.019492188468575478,0.008816132321953773,67.0,36.0,0.0,0.0,0.0,0.0,0.0,0.0,0.0,0.0,0.0,0.0,0.0,1.0,5.552043914794922,0.0,0.0,53.38896942138672,0.0,1.1920928955078125e-05,106.24158477783203,-5.9604644775390625e-05,2.384185791015625e-05,0.2592983841896057,0.0,0.0,0.002322144817394976,0.016466117796073463,0.010977411864048976,0.2231370065442263,0.03229892336922103,0.001477728520160439,0.6919991555837027,0.02132151150517205,0.580583751640686,0.5000000000000001,1.8549400342661337,0.9763563677898344,88.69601830286545,0.1533061965551636,0.27337977622968124,0.9759341355288157,0.08158949762582779,0.7793343663215637,0.0,0.0
671222e19754e444,01_mcdougall_symbol_icon_set,McDougall Symbol/Icon Set,Bitmap,Bitmap,McDougall et al. BURO eprint,https://eprints.bournemouth.ac.uk/10165/,png,mcdougall_023.png,icon_data/iconsets/01_mcdougall_symbol_icon_set/extracted_icons_png/mcdougall_023.png,icon_data/normalized_256/01_mcdougall_symbol_icon_set/mcdougall_023__671222e19754.png,"appendix_item=23; mcdougall_ratings=concreteness:2.33,complexity:2.93,familiarity:2.27,meaningfulness:1.68,semantic_distance:1.85,concept_agreement:0.00,name_agreement:17.50,common_response:game","Bitmap | McDougall Symbol/Icon Set | appendix_item=23; mcdougall_ratings=concreteness:2.33,complexity:2.93,familiarity:2.27,meaningfulness:1.68,semantic_distance:1.85,concept_agreement:0.00,name_agreement:17.50,common_response:game",bitmap mcdougall symbol icon set appendix item 23 ratings concreteness 33 complexity 93 familiarity 27 meaningfulness 68 semantic distance 85 concept agreement 00 name 17 50 common response game,true,true,true,0.177215576171875,0.0298004150390625,1.0,244.0,0.0595703125,268.59016393442624,0.9862432065217391,0.71875,0.5,0.5,0.359375,0.5,1.0,0.00231268706226908,0.9849598359254829,0.9785349233390119,0.04012398828999483,0.9614238410596027,1.0,0.0,0.7570069091383131,0.4484054446220398,0.021684249863028526,0.5077527165412903,0.022157562896609306,0.0,5.0,0.06074744835495949,0.010553627793436809,0.47782468795776367,0.0,0.0,0.0,0.0,0.0,0.70751953125,0.70556640625,0.0,0.0,0.71875,0.70361328125,0.0,0.0,0.0,0.0,0.0,0.6720782677668009,0.9862432065217391,7.0,0.0,0.0,1.0,90.7325785678491,0.0,0.0,-0.7545110033757897,-2.5021927549904337,-6.141762775269584,-7.9320265741567635,14.979941933790554,9.263334954480516,15.621681151430437,0.359375,0.0,1.0,1.0,0.0,0.0,0.0,0.0,0.0,0.0,0.0,0.0,0.0,0.0,0.0,1.0,5.552043914794922,0.0,0.0,106.24158477783203,-5.9604644775390625e-05,2.384185791015625e-05,53.38896942138672,0.0,1.1920928955078125e-05,0.24449563026428223,0.0,0.0,8.610297916307904e-05,0.0028413983123816086,0.007835371103840192,0.1348372653693818,0.01171000516617875,0.006199414499741691,0.8359738246943345,0.0005166178749784743,0.9435581658137091,0.6250000000000002,0.9510869565217391,0.9780061141304348,90.7325785678491,0.3187238962928333,0.9124906721772573,1.0,0.06074744835495949,0.42281025648117065,0.0,0.0
3167ff62be4a1ae7,01_mcdougall_symbol_icon_set,McDougall Symbol/Icon Set,Colour area,Colour area,McDougall et al. BURO eprint,https://eprints.bournemouth.ac.uk/10165/,png,mcdougall_048.png,icon_data/iconsets/01_mcdougall_symbol_icon_set/extracted_icons_png/mcdougall_048.png,icon_data/normalized_256/01_mcdougall_symbol_icon_set/mcdougall_048__3167ff62be4a.png,"appendix_item=48; mcdougall_ratings=concreteness:4.47,complexity:3.35,familiarity:3.40,meaningfulness:3.23,semantic_distance:2.95,concept_agreement:2.50,name_agreement:20.00,common_response:paint","Colour area | McDougall Symbol/Icon Set | appendix_item=48; mcdougall_ratings=concreteness:4.47,complexity:3.35,familiarity:3.40,meaningfulness:3.23,semantic_distance:2.95,concept_agreement:2.50,name_agreement:20.00,common_response:paint",colour area mcdougall symbol icon set appendix item 48 ratings concreteness 47 complexity 35 familiarity 40 meaningfulness 23 semantic distance 95 concept agreement 50 name 20 00 common response paint,true,true,true,0.1238861083984375,0.022613525390625,1.0,367.0,0.089599609375,178.57220708446866,0.5154920634920634,1.008,0.5,0.4980392156862745,0.4921875,0.48828125,0.7510638297872341,0.015426074800583058,0.48292237442922376,0.5897787350695124,0.07587141273555857,0.9294791070406411,1.0,0.0,0.6222886487315091,0.4308502674102783,0.06517966836690903,0.43226686120033264,0.07170319557189941,0.0,4.0,0.03594022989273071,0.03469235502332361,0.5169814825057983,0.0,0.0,0.0,0.0,0.0,0.374267578125,0.576416015625,0.0,0.0,0.430908203125,0.6005859375,0.0,0.0,0.0,0.0,0.0,0.26887534527845686,0.5154920634920634,13.0,0.0,0.46153846153846156,0.5384615384615384,158.63386044346493,0.0,1.0,-0.6949683855904595,-2.7063181737988415,-2.8604194892249435,-3.494291309928351,-6.720430886341516,-4.8622675318056,-7.019819997610957,0.0954524576663971,0.053865697234869,6.0,2.0,1.0,0.0,0.0,0.0,0.0,0.0,0.0,0.0,0.0,0.0,0.0,0.0,5.552043914794922,0.0,0.0,70.54791259765625,13.362974166870117,5.047941207885742,92.83883666992188,-5.98469352722168,17.697763442993164,0.3688674569129944,0.0,0.0,0.0,0.012193619903929056,0.0,0.14213573100135485,0.009730262347579751,0.004557211479246212,0.8146323438847148,0.016750831383175267,0.9424969409687196,1.0,0.6867301587301587,0.6863492063492064,158.63386044346493,0.21968949912049462,0.8028492835735107,0.7173297204089174,0.03594022989273071,0.48082849383354187,0.0,0.0
7cb54d2ffd287b95,01_mcdougall_symbol_icon_set,McDougall Symbol/Icon Set,Football,Football,McDougall et al. BURO eprint,https://eprints.bournemouth.ac.uk/10165/,png,mcdougall_102.png,icon_data/iconsets/01_mcdougall_symbol_icon_set/extracted_icons_png/mcdougall_102.png,icon_data/normalized_256/01_mcdougall_symbol_icon_set/mcdougall_102__7cb54d2ffd28.png,"appendix_item=102; mcdougall_ratings=concreteness:4.93,complexity:3.03,familiarity:4.53,meaningfulness:3.97,semantic_distance:4.83,concept_agreement:75.00,name_agreement:75.00,common_response:","Football | McDougall Symbol/Icon Set | appendix_item=102; mcdougall_ratings=concreteness:4.93,complexity:3.03,familiarity:4.53,meaningfulness:3.97,semantic_distance:4.83,concept_agreement:75.00,name_agreement:75.00,common_response:",football mcdougall symbol icon set appendix item 102 ratings concreteness 93 complexity 03 familiarity 53 meaningfulness 97 semantic distance 83 concept agreement 75 00 name common response,true,true,true,0.11248779296875,0.0111846923828125,1.0,271.0,0.066162109375,241.83025830258302,0.8257168458781362,0.5806451612903226,0.5,0.5,0.28125,0.484375,0.9427712769358655,0.010754882442454079,0.9679658302189001,0.8081922982585235,0.05914270211611503,0.9441598360655737,1.0,0.0,0.6788213627992634,0.2569800913333893,0.16330771148204803,0.42242610454559326,0.15728598833084106,0.0,4.0,0.044746968895196915,0.035328549072565676,0.37206488847732544,0.0,0.0,0.0,0.0,0.0,0.443115234375,0.4482421875,0.0,0.0,0.45166015625,0.456787109375,0.0,0.0,0.0,0.0,0.0,0.4873289504726865,0.8257168458781362,19.0,0.0,0.7894736842105263,0.21052631578947367,90.27231178646832,0.0,1.0,-0.7100948377580034,-1.954496424985559,-6.420799219404612,-5.270360267379932,-11.121426595883168,-6.261522778544335,-11.917403624720828,0.2473466992378235,0.050652243196964264,11.0,1.0,1.0,0.0,0.0,0.0,0.0,0.0,0.0,0.0,0.0,0.0,0.0,0.0,92.83883666992188,-5.98469352722168,17.697763442993164,70.54791259765625,13.362974166870117,5.047941207885742,5.552043914794922,0.0,0.0,0.3820261061191559,0.0,0.0,0.0,0.01641345632121541,0.0,0.12954422137818775,0.031199131850244168,0.012750949538795442,0.7787574606619642,0.031334780249593054,0.9406833950080696,0.6250000000000002,0.899641577060932,0.8758400537634409,90.27231178646832,0.5405633847437238,0.9034183396635921,0.9971513836136734,0.044746968895196915,0.3099561333656311,0.0,0.0
c0b01f650a9f3047,01_mcdougall_symbol_icon_set,McDougall Symbol/Icon Set,Football ground,Football ground,McDougall et al. BURO eprint,https://eprints.bournemouth.ac.uk/10165/,png,mcdougall_103.png,icon_data/iconsets/01_mcdougall_symbol_icon_set/extracted_icons_png/mcdougall_103.png,icon_data/normalized_256/01_mcdougall_symbol_icon_set/mcdougall_103__c0b01f650a9f.png,"appendix_item=103; mcdougall_ratings=concreteness:2.93,complexity:2.15,familiarity:2.48,meaningfulness:2.40,semantic_distance:2.31,concept_agreement:12.50,name_agreement:32.50,common_response:rugby","Football ground | McDougall Symbol/Icon Set | appendix_item=103; mcdougall_ratings=concreteness:2.93,complexity:2.15,familiarity:2.48,meaningfulness:2.40,semantic_distance:2.31,concept_agreement:12.50,name_agreement:32.50,common_response:rugby",football ground mcdougall symbol icon set appendix item 103 ratings concreteness 93 complexity 15 familiarity 48 meaningfulness 40 semantic distance 31 concept agreement 12 50 name 32 common response rugby,true,true,true,0.233551025390625,0.029571533203125,1.0,319.0,0.077880859375,205.44200626959247,0.795778309244047,0.7239263803680982,0.5,0.4980392156862745,0.4609375,0.63671875,0.9954474505723205,0.0017596664676739723,0.993228284932934,0.9867601246105919,0.036717627074349925,0.9645828081673808,1.0,0.0,0.772952227047773,0.2741882801055908,0.263445645570755,0.20252151787281036,0.25984451174736023,0.0,5.0,0.0364517979323864,0.009100681272416693,0.2908211350440979,0.0,0.11474609375,0.11669921875,0.0,0.0,0.82080078125,0.824951171875,0.0,0.0,0.8203125,0.81884765625,0.0,0.0,0.11181640625,0.108642578125,0.0,0.6089742677504765,0.795778309244047,20.0,0.175,0.825,0.0,90.43718373723522,0.0,3.0,-0.7752033595039824,-2.5504775278247775,-8.96037145249273,-10.521749572686478,-20.44788791887724,-12.003912259839423,20.383515600704,0.4584517180919647,0.005952789448201656,3.0,3.0,0.0,0.0,0.0,0.0,0.0,0.0,0.0,0.0,0.0,0.0,0.0,1.0,106.24158477783203,-5.9604644775390625e-05,2.384185791015625e-05,5.552043914794922,0.0,0.0,53.38896942138672,0.0,1.1920928955078125e-05,0.22755587100982666,0.0,6.533385600418136e-05,0.0003266692800209068,0.017574807265124788,0.00953874297661048,0.06265516790800993,0.02639487782568927,0.016006794721024436,0.8666535998954659,0.0007840062720501764,0.968580859814999,0.6250000000000002,0.6122491421441197,0.7994176978267651,90.43718373723522,0.3162019876542207,0.9046996820419008,1.0,0.0364517979323864,0.36448636651039124,0.0,0.0
af8efb82a3eaf250,01_mcdougall_symbol_icon_set,McDougall Symbol/Icon Set,Mouse properties,Mouse properties,McDougall et al. BURO eprint,https://eprints.bournemouth.ac.uk/10165/,png,mcdougall_152.png,icon_data/iconsets/01_mcdougall_symbol_icon_set/extracted_icons_png/mcdougall_152.png,icon_data/normalized_256/01_mcdougall_symbol_icon_set/mcdougall_152__af8efb82a3ea.png,"appendix_item=152; mcdougall_ratings=concreteness:4.25,complexity:3.25,familiarity:3.87,meaningfulness:2.93,semantic_distance:2.90,concept_agreement:52.50,name_agreement:52.50,common_response:","Mouse properties | McDougall Symbol/Icon Set | appendix_item=152; mcdougall_ratings=concreteness:4.25,complexity:3.25,familiarity:3.87,meaningfulness:2.93,semantic_distance:2.90,concept_agreement:52.50,name_agreement:52.50,common_response:",mouse properties mcdougall symbol icon set appendix item 152 ratings concreteness 25 complexity familiarity 87 meaningfulness 93 semantic distance 90 concept agreement 52 50 name common response,true,true,true,0.1009368896484375,0.0077667236328125,1.0,292.0,0.0712890625,224.43835616438355,0.559077079107505,0.6397058823529411,0.4980392156862745,0.5,0.33984375,0.53125,0.8593141075604053,0.0501312144547139,0.524896265560166,0.4525691699604743,0.07588813303099018,0.9294646620767177,1.0,0.0,0.6222368544821748,0.36601078510284424,0.12036694586277008,0.37902387976646423,0.13459841907024384,0.0,5.0,0.03418487682938576,0.03615791003583286,0.19762849807739258,0.0,0.0146484375,0.0,0.0,0.0,0.3955078125,0.2373046875,0.0,0.0,0.31982421875,0.624267578125,0.0,0.0,0.0,0.0234375,0.0,0.3298619927222819,0.559077079107505,19.0,0.05263157894736842,0.7894736842105263,0.15789473684210525,65.03231107561722,0.0,1.0,-0.6791918040122977,-1.8227701581339113,-3.2036462802576873,-3.545020486991842,-6.919858200410866,-4.497336053226407,-8.236625831674836,0.14233480393886566,0.1231679916381836,13.0,4.0,0.9619686800894854,0.0,0.0,0.0,0.0,0.0,0.0,0.0,0.03803131991051454,0.0,0.0,0.0,106.24158477783203,-5.9604644775390625e-05,2.384185791015625e-05,92.83883666992188,-5.98469352722168,17.697763442993164,70.54791259765625,13.362974166870117,5.047941207885742,0.3768567442893982,0.0,0.0,0.0,0.010582010582010581,0.0,0.10778533635676493,0.026757369614512472,0.012396069538926682,0.8263038548752835,0.01617535903250189,0.9274953755930067,1.0,0.6504394861392833,0.6506085192697769,65.03231107561723,0.5858773721569872,0.8547745023935501,0.7359032501889645,0.03418487682938576,0.19648827612400055,0.0,0.0
121de65a284465c5,01_mcdougall_symbol_icon_set,McDougall Symbol/Icon Set,Opening of selvedge loops,Opening of selvedge loops,McDougall et al. BURO eprint,https://eprints.bournemouth.ac.uk/10165/,png,mcdougall_166.png,icon_data/iconsets/01_mcdougall_symbol_icon_set/extracted_icons_png/mcdougall_166.png,icon_data/normalized_256/01_mcdougall_symbol_icon_set/mcdougall_166__121de65a2844.png,"appendix_item=166; mcdougall_ratings=concreteness:1.62,complexity:2.90,familiarity:1.50,meaningfulness:1.30,semantic_distance:1.68,concept_agreement:0.00,name_agreement:2.50,common_response:","Opening of selvedge loops | McDougall Symbol/Icon Set | appendix_item=166; mcdougall_ratings=concreteness:1.62,complexity:2.90,familiarity:1.50,meaningfulness:1.30,semantic_distance:1.68,concept_agreement:0.00,name_agreement:2.50,common_response:",opening of selvedge loops mcdougall symbol icon set appendix item 166 ratings concreteness 62 complexity 90 familiarity 50 meaningfulness 30 semantic distance 68 concept agreement 00 name common response,true,true,true,0.0284576416015625,0.01544189453125,7.0,313.0,0.076416015625,209.38019169329073,0.31750085120871635,0.7415730337078652,0.5,0.4980392156862745,0.2578125,0.34765625,0.3535880178215945,0.0296900865778559,0.1526576019777503,0.4743083003952569,0.4857908847184987,0.673042223024179,7.0,0.0,0.20465269395369254,0.8844237327575684,0.05124229937791824,0.008717715740203857,0.05561615526676178,0.0,5.0,0.09259069710969925,0.009196003691935798,0.74536994099617,0.0,0.0,0.0,0.0,0.0,0.153076171875,0.112548828125,0.0,0.0,0.0849609375,0.104736328125,0.0,0.0,0.0,0.0,0.0,0.028551721897894164,0.31750085120871635,12.0,0.08333333333333333,0.25,0.6666666666666666,76.6571400310231,1.0,1.0,-0.26405705280501623,-1.441361912327239,-1.945016622230372,-2.5065579596370533,-5.177965586460491,-3.3263102641318967,-4.762200955467853,0.01740182563662529,0.00859544426202774,18.0,13.0,0.0,0.0,0.0,0.0,0.0,0.0,0.0,0.0,0.0,0.0,0.0,1.0,5.552043914794922,0.0,0.0,53.38896942138672,0.0,1.1920928955078125e-05,106.24158477783203,-5.9604644775390625e-05,2.384185791015625e-05,0.20529603958129883,0.0,0.0,0.0010723860589812334,0.022520107238605896,0.026273458445040216,0.06863270777479893,0.02359249329758713,0.006434316353887399,0.8509383378016085,0.0005361930294906167,0.3547399173115826,0.5000000000000001,0.8607422540006809,0.8979400749063671,76.6571400310231,0.3494428000345837,0.3898123324396783,0.4831099195710456,0.09259069710969925,0.6443670988082886,0.0,0.0
276e0f48b2aecf30,01_mcdougall_symbol_icon_set,McDougall Symbol/Icon Set,Protect from heat and radioactive,Protect from heat and radioactive,McDougall et al. BURO eprint,https://eprints.bournemouth.ac.uk/10165/,png,mcdougall_179.png,icon_data/iconsets/01_mcdougall_symbol_icon_set/extracted_icons_png/mcdougall_179.png,icon_data/normalized_256/01_mcdougall_symbol_icon_set/mcdougall_179__276e0f48b2ae.png,"appendix_item=179; mcdougall_ratings=concreteness:2.50,complexity:3.62,familiarity:2.20,meaningfulness:2.70,semantic_distance:2.60,concept_agreement:0.00,name_agreement:20.00,common_response:energy","Protect from heat and radioactive | McDougall Symbol/Icon Set | appendix_item=179; mcdougall_ratings=concreteness:2.50,complexity:3.62,familiarity:2.20,meaningfulness:2.70,semantic_distance:2.60,concept_agreement:0.00,name_agreement:20.00,common_response:energy",protect from heat and radioactive mcdougall symbol icon set appendix item 179 ratings concreteness 50 complexity 62 familiarity 20 meaningfulness 70 semantic distance 60 concept agreement 00 name common response energy,true,true,true,0.0786285400390625,0.0213165283203125,17.0,610.0,0.14892578125,107.43606557377049,0.2950641319285387,0.7972972972972973,0.5,0.5,0.4609375,0.578125,0.4058439001338899,0.033804013754938335,0.283756851021425,0.1639936751750621,0.3124393557151174,0.7619399674700577,17.0,0.0,0.28575389563577885,0.20559062063694,0.1991821527481079,0.35009145736694336,0.2451358586549759,0.0,4.0,0.10302525013685226,0.007139603364872888,0.824087604880333,0.0,0.011962890625,0.013671875,0.0,0.0,0.41943359375,0.33642578125,0.0,0.0,0.200927734375,0.221923828125,0.0,0.0,0.0390625,0.0146484375,0.0,0.02498148519570727,0.2950641319285387,17.0,0.058823529411764705,0.7058823529411765,0.23529411764705882,86.09451406206814,0.0,1.0,-0.3720450214958105,-1.8387637983714649,-1.7970159075603356,-3.191012252547118,-5.685448050258981,-4.130411695830834,7.041103422048731,0.037685930728912354,0.02029825933277607,38.0,12.0,0.0,0.0,0.0,0.0,0.0,0.0,0.0,0.0,0.0,0.0,0.0,1.0,5.552043914794922,0.0,0.0,53.38896942138672,0.0,1.1920928955078125e-05,38.68827819824219,0.0,0.0,0.11992497742176056,0.0,0.0,0.0005821851348728896,0.0166893071996895,0.01513681350669513,0.06365224141276926,0.017077430622938095,0.0,0.8868620221230351,0.0,0.7377036073313549,0.5000000000000001,0.5808520384791571,0.7270384791571233,86.09451406206816,0.2835718537875131,0.41561549906203504,0.6815447312245294,0.10302525013685226,0.22274936735630035,0.0,0.0
b5c1200b37f8968d,01_mcdougall_symbol_icon_set,McDougall Symbol/Icon Set,Slow,Slow,McDougall et al. BURO eprint,https://eprints.bournemouth.ac.uk/10165/,png,mcdougall_202.png,icon_data/iconsets/01_mcdougall_symbol_icon_set/extracted_icons_png/mcdougall_202.png,icon_data/normalized_256/01_mcdougall_symbol_icon_set/mcdougall_202__b5c1200b37f8.png,"appendix_item=202; mcdougall_ratings=concreteness:4.72,complexity:1.70,familiarity:3.45,meaningfulness:3.53,semantic_distance:3.26,concept_agreement:15.00,name_agreement:62.50,common_response:turtle","Slow | McDougall Symbol/Icon Set | appendix_item=202; mcdougall_ratings=concreteness:4.72,complexity:1.70,familiarity:3.45,meaningfulness:3.53,semantic_distance:3.26,concept_agreement:15.00,name_agreement:62.50,common_response:turtle",slow mcdougall symbol icon set appendix item 202 ratings concreteness 72 complexity 70 familiarity 45 meaningfulness 53 semantic distance 26 concept agreement 15 00 name 62 50 common response turtle,true,true,true,0.0988311767578125,0.00732421875,1.0,232.0,0.056640625,282.48275862068965,0.561411112074196,1.6746987951807228,0.4980392156862745,0.4980392156862745,0.54296875,0.32421875,0.801162718782856,0.006687245558437656,0.8102291783119061,0.6740759886275524,0.08028408213679172,0.9256824353294268,1.0,0.0,0.6089122872990504,0.3822818398475647,0.2704933285713196,0.15267521142959595,0.19454960525035858,0.0,4.0,0.11118347942829132,0.006189864889838496,0.8596495240926743,0.0,0.0,0.0,0.0,0.00537109375,0.36572265625,0.410888671875,0.002685546875,0.01318359375,0.3798828125,0.400146484375,0.00341796875,0.0,0.0,0.0,0.0,0.30100733161688004,0.561411112074196,18.0,0.1111111111111111,0.7222222222222222,0.16666666666666666,179.28301805220113,0.0,1.0,-0.7137542855216306,-2.1459271253157595,-3.227088964168646,-4.218653869827219,-8.809979119458538,6.425505781332603,-7.945541872591423,0.1254613697528839,0.10258933156728745,14.0,1.0,0.0,0.0,0.0,0.0,0.0,0.0,0.0,0.0,0.0,0.0,0.0,1.0,5.552043914794922,0.0,0.0,53.38896942138672,0.0,1.1920928955078125e-05,80.7330322265625,-2.9802322387695312e-05,1.1920928955078125e-05,0.04586758092045784,0.0,0.0,0.0,0.004477381503782615,0.006638876022850085,0.01837270341207349,0.0016983171221244403,0.0,0.9688127219391693,0.0,0.9366821155166973,1.0,0.4590448123428968,0.7007454277541822,179.28301805220113,0.43731132348967383,0.8466368174566415,0.9524471205805156,0.11118347942829132,0.04401709884405136,0.0,0.0
2dfb8baa45944a16,01_mcdougall_symbol_icon_set,McDougall Symbol/Icon Set,Windscreen demisting and defrosting,Windscreen demisting and defrosting,McDougall et al. BURO eprint,https://eprints.bournemouth.ac.uk/10165/,png,mcdougall_236.png,icon_data/iconsets/01_mcdougall_symbol_icon_set/extracted_icons_png/mcdougall_236.png,icon_data/normalized_256/01_mcdougall_symbol_icon_set/mcdougall_236__2dfb8baa4594.png,"appendix_item=236; mcdougall_ratings=concreteness:3.50,complexity:2.00,familiarity:3.90,meaningfulness:3.65,semantic_distance:2.88,concept_agreement:40.00,name_agreement:40.00,common_response:","Windscreen demisting and defrosting | McDougall Symbol/Icon Set | appendix_item=236; mcdougall_ratings=concreteness:3.50,complexity:2.00,familiarity:3.90,meaningfulness:3.65,semantic_distance:2.88,concept_agreement:40.00,name_agreement:40.00,common_response:",windscreen demisting and defrosting mcdougall symbol icon set appendix item 236 ratings concreteness 50 complexity 00 familiarity 90 meaningfulness 65 semantic distance 88 concept agreement 40 name common response,true,true,true,0.1371612548828125,0.0215301513671875,1.0,343.0,0.083740234375,191.067055393586,0.6089283294946484,1.0082644628099173,0.5,0.4980392156862745,0.4765625,0.47265625,0.8882411067193676,0.07108315420717594,0.8454116197905974,0.4828439458924447,0.0754255200800979,0.9298644874314679,1.0,0.0,0.6236730729202803,0.15693198144435883,0.21486586332321167,0.41988426446914673,0.20831792056560516,0.0,5.0,0.05361077934503555,0.010277068707951564,0.42465919256210327,0.0,0.0,0.0,0.0,0.0,0.7685546875,0.708984375,0.0,0.0,0.359375,0.357666015625,0.0,0.0,0.0,0.0,0.0,0.24573207997771207,0.6089283294946484,17.0,0.058823529411764705,0.7058823529411765,0.23529411764705882,40.297193795964944,0.0,1.0,-0.7639312232379682,-4.509395426722225,-3.1032022750666477,-4.835390546096727,-8.80661521815169,8.003290337961777,-9.8314445697187,0.07613110542297363,0.11785370856523514,7.0,5.0,0.0,0.0,0.0,0.0,0.0,0.0,0.0,0.0,0.0,0.0,0.0,1.0,106.24158477783203,-5.9604644775390625e-05,2.384185791015625e-05,5.552043914794922,0.0,0.0,53.38896942138672,0.0,1.1920928955078125e-05,0.252088725566864,0.0,0.00011124707976415619,0.000556235398820781,0.01813327400155746,0.008899766381132495,0.06886194237401268,0.02658805206363333,0.013572143731227055,0.8627211035710313,0.000556235398820781,0.9436681475941044,1.0,0.7099309036715892,0.6855439642324889,40.297193795965086,0.03230230473440979,0.8267882968072088,0.9674046056291022,0.05361077934503555,0.4320507049560547,0.0,0.0
80b2d92acb1f6d71,02_aiga_dot_symbol_signs,AIGA/DOT Symbol Signs,Aiga baggage check in,Aiga baggage check in,AIGA/Wikimedia Commons,https://www.aiga.org/resources/symbol-signs,png,Aiga_baggage_check_in.png,icon_data/iconsets/02_aiga_dot_symbol_signs/png_512/Aiga_baggage_check_in.png,icon_data/normalized_256/02_aiga_dot_symbol_signs/aiga_baggage_check_in__80b2d92acb1f.png,,Aiga baggage check in | AIGA/DOT Symbol Signs,aiga baggage check in dot symbol signs,false,true,true,0.7107086181640625,0.0250244140625,1.0,388.0,0.0947265625,168.90721649484536,0.8582141804245284,1.2075471698113207,0.5,0.5,1.0,0.828125,0.9570944210418165,0.07319452224783278,0.999441940330543,0.7322597441237727,0.020181634712411706,0.9802176063303659,1.0,0.0,0.8609904430929626,0.2433597594499588,0.033174872398376465,0.6899993419647217,0.033466145396232605,1.0,8.0,0.0,0.0,0.8789906799793243,0.037841796875,0.38623046875,0.38623046875,0.03515625,0.980712890625,1.0,1.0,0.980712890625,1.0,1.0,1.0,1.0,0.6259765625,0.65625,0.65625,0.6259765625,0.662408153129252,0.8582141804245284,14.0,0.0,1.0,0.0,0.03921499328092182,0.0,1.0,-0.7656207746646855,-2.681579418649903,-3.9677572788379267,-5.800237019271558,10.684330803254625,7.141095094347082,12.360092577384819,0.6638656854629517,0.13079187273979187,9.0,1.0,0.0,0.0,0.0,0.0,0.0,0.0,0.0,0.0,0.0,0.0,0.0,0.0,5.552043914794922,0.0,0.0,106.24158477783203,-5.9604644775390625e-05,2.384185791015625e-05,38.68827819824219,0.0,0.0,0.13820120692253113,0.0,0.0,8.638749109128999e-05,0.0004319374554564499,0.00019437185495540247,0.040623717685679114,0.0003239530915923374,8.638749109128999e-05,0.9582316480573613,2.1596872772822497e-05,0.9775693323857247,0.1250000000000001,0.24705188679245282,0.8966870577830188,0.03921499328092182,0.26596902751271073,0.9084311999484723,1.0,0.0,0.09652987122535706,0.0,0.0
81cdfb4479630d2b,02_aiga_dot_symbol_signs,AIGA/DOT Symbol Signs,Aiga drinkingfountain,Aiga drinkingfountain,AIGA/Wikimedia Commons,https://www.aiga.org/resources/symbol-signs,png,Aiga_drinkingfountain.png,icon_data/iconsets/02_aiga_dot_symbol_signs/png_512/Aiga_drinkingfountain.png,icon_data/normalized_256/02_aiga_dot_symbol_signs/aiga_drinkingfountain__81cdfb447963.png,,Aiga drinkingfountain | AIGA/DOT Symbol Signs,aiga drinkingfountain dot symbol signs,false,true,true,0.33453369140625,0.0350494384765625,8.0,907.0,0.221435546875,72.25578831312018,0.4074714245887929,0.8274509803921568,0.4980392156862745,0.4980392156862745,0.82421875,0.99609375,0.5859368736135981,0.12556266184222492,0.35609575060308035,0.2819553268623553,0.0842911877394636,0.9222614840989399,8.0,0.0,0.5972540045766591,0.197055384516716,0.19420690834522247,0.39608144760131836,0.21265627443790436,1.0,1.0,0.0,0.0,1.0,0.0546875,0.439208984375,0.62158203125,0.066162109375,0.627197265625,0.65185546875,0.666259765625,0.466064453125,0.625,0.008056640625,0.24169921875,0.310302734375,0.574462890625,0.0,0.0,0.0,0.08067253862523968,0.4074714245887929,12.0,0.08333333333333333,0.8333333333333334,0.08333333333333333,145.48693203448727,1.0,2.0,-0.4761284929327825,-1.785645872671542,-1.9706515866849001,-2.5629546188646826,-5.283614072444423,-4.31524038158546,-4.858425500472851,0.14998456835746765,0.043906182050704956,14.0,6.0,0.0,0.0,0.0,0.0,0.0,0.0,0.0,0.0,0.0,0.0,0.0,0.0,5.552043914794922,0.0,0.0,0.0,0.0,0.0,0.0,0.0,0.0,-0.0,0.0,0.0,0.0,0.0,0.0,0.0,0.0,0.0,1.0,0.0,0.9319826552839252,0.5000000000000001,0.25900938574481924,0.6954186413902054,145.48693147662607,0.38309418211991714,0.6823116219667944,0.6098795840175151,0.0,0.042281344532966614,0.0,0.0
da1cc0b972f266c1,02_aiga_dot_symbol_signs,AIGA/DOT Symbol Signs,Aiga escalator down mirror,Aiga escalator down mirror,AIGA/Wikimedia Commons,https://www.aiga.org/resources/symbol-signs,png,Aiga_escalator_down_mirror.png,icon_data/iconsets/02_aiga_dot_symbol_signs/png_512/Aiga_escalator_down_mirror.png,icon_data/normalized_256/02_aiga_dot_symbol_signs/aiga_escalator_down_mirror__da1cc0b972f2.png,,Aiga escalator down mirror | AIGA/DOT Symbol Signs,aiga escalator down mirror dot symbol signs,false,true,true,0.36480712890625,0.025177001953125,3.0,760.0,0.185546875,86.23157894736842,0.466953125,1.28,0.5,0.5,1.0,0.78125,0.6498328395531516,0.04582025321610118,0.2816554090275544,0.2600400548118478,0.05931069098209804,0.9440101081892127,3.0,0.0,0.6782026551685011,0.2963128089904785,0.08053629845380783,0.10420527309179306,0.518945574760437,1.0,8.0,0.0,0.0,0.6513381004333496,0.226806640625,0.126220703125,0.23486328125,0.0,0.708251953125,0.913330078125,0.5322265625,0.0,0.066650390625,0.48388671875,0.916015625,0.45751953125,0.009765625,0.366455078125,0.306396484375,0.488525390625,0.14941721919472742,0.466953125,16.0,0.125,0.84375,0.03125,38.78172518211625,0.0,2.0,-0.5539324313309038,-1.585025880810197,-3.5663154953513025,-4.693113649983518,-9.397324574743752,-5.516757128028797,8.838810775120342,0.2190469205379486,0.1267491579055786,13.0,8.0,0.0,0.0,0.0,0.0,0.0,0.0,0.0,0.0,0.0,0.0,0.0,0.0,5.552043914794922,0.0,0.0,106.24158477783203,-5.9604644775390625e-05,2.384185791015625e-05,93.67325592041016,0.0,0.0,0.2513402998447418,0.0,0.0,0.0,0.00037688442211055275,0.01624790619765494,0.04032663316582914,0.001340033500837521,0.01076214405360134,0.9309463986599665,0.0,0.9429471868467836,1.0,0.423125,0.71857421875,38.78172520201974,0.5773238390808458,0.7433216217723495,0.49071440522001003,0.0,0.17083874344825745,0.0,0.0
cfb5182dc1998eb7,02_aiga_dot_symbol_signs,AIGA/DOT Symbol Signs,Aiga fire extinguisher,Aiga fire extinguisher,AIGA/Wikimedia Commons,https://www.aiga.org/resources/symbol-signs,png,Aiga_fire_extinguisher.png,icon_data/iconsets/02_aiga_dot_symbol_signs/png_512/Aiga_fire_extinguisher.png,icon_data/normalized_256/02_aiga_dot_symbol_signs/aiga_fire_extinguisher__cfb5182dc199.png,,Aiga fire extinguisher | AIGA/DOT Symbol Signs,aiga fire extinguisher dot symbol signs,false,true,true,0.3555145263671875,0.0218505859375,1.0,601.0,0.146728515625,109.04492512479202,0.5141905014124294,0.69140625,0.4980392156862745,0.5,0.69140625,1.0,0.678124454275569,0.11235078505421255,0.26145100162425555,0.6038411234253459,0.048499935619554485,0.9537435015759957,1.0,0.0,0.720461362441634,0.2535252273082733,0.1689952313899994,0.4735167324542999,0.10396274924278259,1.0,8.0,0.0,0.0,0.9898753548040986,0.106201171875,0.72216796875,0.530517578125,0.28759765625,0.144775390625,0.99853515625,0.187744140625,0.0,0.140625,1.0,0.21875,0.0,0.1376953125,1.0,0.213623046875,0.0,0.22929271590880598,0.5141905014124294,17.0,0.0,0.8823529411764706,0.11764705882352941,101.92683872074512,1.0,2.0,-0.5310265215234896,-1.4550498391311517,-2.3387635395183226,-3.3100515681399765,-6.48478119976848,4.211066368778389,6.1827053627863355,0.22991584241390228,0.12235352396965027,23.0,1.0,0.0,0.0,0.0,0.0,0.0,0.0,0.0,0.0,0.0,0.0,0.0,0.0,5.552043914794922,0.0,0.0,106.24158477783203,-5.9604644775390625e-05,2.384185791015625e-05,93.67325592041016,0.0,0.0,0.023572809994220734,0.0,0.0,0.0,0.0006893580353295993,0.0037914691943127963,0.0009478672985781991,0.00025850926324859976,0.0006893580353295993,0.9936234381732012,0.0,0.9647794498072972,1.0,0.2503531073446328,0.758253884180791,101.9268387207451,0.6360651510510983,0.796471951585905,0.4619511567020044,0.0,0.04046343266963959,0.0,0.0
453de2a0ac7e4646,02_aiga_dot_symbol_signs,AIGA/DOT Symbol Signs,Aiga immigration,Aiga immigration,AIGA/Wikimedia Commons,https://www.aiga.org/resources/symbol-signs,png,Aiga_immigration.png,icon_data/iconsets/02_aiga_dot_symbol_signs/png_512/Aiga_immigration.png,icon_data/normalized_256/02_aiga_dot_symbol_signs/aiga_immigration__453de2a0ac7e.png,,Aiga immigration | AIGA/DOT Symbol Signs,aiga immigration dot symbol signs,false,true,true,0.4782867431640625,0.0449981689453125,5.0,1048.0,0.255859375,62.534351145038165,0.5210272606382979,0.91796875,0.5176470588235295,0.5,0.91796875,1.0,0.6315354703523866,0.10926954040921646,0.22998744310155392,0.35032094085210874,0.07261126176423673,0.9323042146277624,5.0,0.0,0.6325550420761609,0.28708168864250183,0.22753828763961792,0.3216318190097809,0.16374829411506653,1.0,8.0,0.0,0.0,0.9742336254566908,0.60986328125,0.13525390625,0.80224609375,0.265625,0.574951171875,0.27978515625,0.69482421875,0.356201171875,0.2685546875,0.531005859375,0.723876953125,0.89306640625,0.0,0.001708984375,0.699462890625,0.816162109375,0.07603851431053468,0.5210272606382979,13.0,0.07692307692307693,0.46153846153846156,0.46153846153846156,47.60828556023039,1.0,1.0,-0.5267719146685972,-1.8536051269545215,-2.5348282351855125,-3.523350860085644,-6.6734717519977504,-4.62559204230402,6.737080748879856,0.1491333693265915,0.04679553210735321,19.0,5.0,0.0,0.0,0.0,0.0,0.0,0.0,0.0,0.0,0.0,0.0,0.0,0.0,5.552043914794922,0.0,0.0,106.24158477783203,-5.9604644775390625e-05,2.384185791015625e-05,80.7330322265625,-2.9802322387695312e-05,1.1920928955078125e-05,0.051411114633083344,0.0,3.211716341212744e-05,0.0001605858170606372,0.0005459917780061664,0.0041752312435765675,0.010116906474820143,0.0003211716341212744,0.000802929085303186,0.9838129496402878,3.211716341212744e-05,0.9260623471971938,0.5000000000000001,0.32180851063829785,0.8250166223404255,47.608285560230414,0.39807907652864294,0.6456213112139096,0.4532461317594513,0.0,0.06942500919103622,0.0,0.0
22dd7014ca4e0926,02_aiga_dot_symbol_signs,AIGA/DOT Symbol Signs,Aiga mail white,Aiga mail white,AIGA/Wikimedia Commons,https://www.aiga.org/resources/symbol-signs,png,Aiga_mail_white.png,icon_data/iconsets/02_aiga_dot_symbol_signs/png_512/Aiga_mail_white.png,icon_data/normalized_256/02_aiga_dot_symbol_signs/aiga_mail_white__22dd7014ca4e.png,,Aiga mail white | AIGA/DOT Symbol Signs,aiga mail white dot symbol signs,false,true,true,0.3149871826171875,0.0,1.0,1435.0,0.350341796875,45.669686411149826,0.48659925040661905,1.324022346368715,0.49019607843137253,0.49019607843137253,0.92578125,0.69921875,0.49141224781289056,0.01643723115562964,0.7649623803009576,0.6746166950596252,0.1257569151770576,0.8882912345625887,1.0,4.0,1.0,0.0,0.0,0.0,0.0,1.0,1.0,0.0,0.0,0.0,0.32763671875,0.265625,0.265625,0.30712890625,0.438232421875,0.203125,0.23291015625,0.408935546875,0.458251953125,0.30810546875,0.3134765625,0.433349609375,0.2841796875,0.265625,0.265625,0.261962890625,0.03849225022498409,0.48659925040661905,5.0,0.0,0.0,1.0,179.9675189977779,0.0,0.0,-0.3277219979312939,-1.7816413097048085,-5.285188117893211,-4.688406596738539,9.68152315105909,5.580184606329181,10.446402100665138,0.07652747631072998,0.0120691591873765,20.0,9.0,0.0,0.0,0.0,0.0,0.0,0.0,0.0,0.0,0.0,0.0,0.0,0.0,106.24158477783203,-5.9604644775390625e-05,2.384185791015625e-05,0.0,0.0,0.0,0.0,0.0,0.0,-0.0,0.0,0.0,0.0,0.0,0.0,0.0,0.0,0.0,1.0,0.0,0.8485207254137425,0.6250000000000002,0.0003771539023642835,0.9902057845979775,179.9675189977779,0.27346474369425144,0.45965541184259395,1.0,0.0,0.0010918301995843649,0.0,0.0
7ab893955ce53d32,02_aiga_dot_symbol_signs,AIGA/DOT Symbol Signs,Aiga restaurant,Aiga restaurant,AIGA/Wikimedia Commons,https://www.aiga.org/resources/symbol-signs,png,Aiga_restaurant.png,icon_data/iconsets/02_aiga_dot_symbol_signs/png_512/Aiga_restaurant.png,icon_data/normalized_256/02_aiga_dot_symbol_signs/aiga_restaurant__7ab893955ce5.png,,Aiga restaurant | AIGA/DOT Symbol Signs,aiga restaurant dot symbol signs,false,true,true,0.2810516357421875,0.041656494140625,2.0,925.0,0.225830078125,70.84972972972973,0.532957175925926,0.52734375,0.4980392156862745,0.5,0.52734375,1.0,0.566494433167251,0.07866381818084396,0.45031496062992127,0.6097710190526132,0.08719257288669309,0.9198002496878901,2.0,0.0,0.5890875363802092,0.025223277509212494,0.04525543004274368,0.879642128944397,0.049879152327775955,1.0,1.0,0.0,0.0,1.0,0.062255859375,0.597900390625,0.57861328125,0.037841796875,0.027099609375,0.70263671875,0.609375,0.046875,0.0,0.453125,0.48291015625,0.046875,0.0,0.4326171875,0.376953125,0.041748046875,0.08973974477166169,0.532957175925926,17.0,0.058823529411764705,0.8235294117647058,0.11764705882352941,86.5149770510812,0.0,1.0,-0.4236489134032504,-1.5651252209846536,-2.880408793658986,-2.789452462388711,-5.62989055095652,-3.5813841968565274,6.425032461092301,0.10041414201259613,0.049960147589445114,7.0,4.0,0.0,0.0,0.0,0.0,0.0,0.0,0.0,0.0,0.0,0.0,0.0,0.0,5.552043914794922,0.0,0.0,0.0,0.0,0.0,0.0,0.0,0.0,-0.0,0.0,0.0,0.0,0.0,0.0,0.0,0.0,0.0,1.0,0.0,0.8838823046952545,1.0,0.23935185185185184,0.9407986111111111,86.51497711279562,0.4376090581011608,0.7438514577338617,0.682881806829904,0.0,0.0654890239238739,0.0,0.0
a775dde68401f18c,02_aiga_dot_symbol_signs,AIGA/DOT Symbol Signs,Aiga stairs,Aiga stairs,AIGA/Wikimedia Commons,https://www.aiga.org/resources/symbol-signs,png,Aiga_stairs.png,icon_data/iconsets/02_aiga_dot_symbol_signs/png_512/Aiga_stairs.png,icon_data/normalized_256/02_aiga_dot_symbol_signs/aiga_stairs__a775dde68401.png,,Aiga stairs | AIGA/DOT Symbol Signs,aiga stairs dot symbol signs,false,true,true,0.16864013671875,0.0242767333984375,1.0,580.0,0.1416015625,112.99310344827586,0.2044395116537181,1.2028301886792452,0.5019607843137255,0.5,0.99609375,0.828125,0.5846536355701325,0.009636199873979751,0.08640519020937776,0.0892962743938498,0.084509591024249,0.9220757550475555,1.0,0.0,0.5966313971064565,0.5478322505950928,0.028081052005290985,0.42287978529930115,0.0012068822979927063,1.0,1.0,0.0,0.0,1.0,0.0,0.0,0.06103515625,0.480224609375,0.0,0.10546875,0.567138671875,0.138916015625,0.118408203125,0.583984375,0.11572265625,0.0,0.4453125,0.08203125,0.0,0.0,0.1592051043724094,0.2044395116537181,10.0,0.1,0.3,0.6,135.69869624031156,2.0,0.0,-0.1219841918314195,-0.2851663473853872,-4.407108563371288,-4.494174425028318,-8.944892620707122,-4.641133321127725,10.670829557487393,0.10201396048069,0.005085502751171589,24.0,5.0,0.0,0.0,0.0,0.0,0.0,0.0,0.0,0.0,0.0,0.0,0.0,0.0,5.552043914794922,0.0,0.0,0.0,0.0,0.0,0.0,0.0,0.0,-0.0,0.0,0.0,0.0,0.0,0.0,0.0,0.0,0.0,1.0,0.0,0.9144833824440809,1.0,0.14413614502404737,0.34967628560858305,135.69869624031156,0.9536763617251472,0.6157558209675473,0.1742671009771987,0.0,0.06499657779932022,0.0,0.0
8d956b8fd66bfd40,02_aiga_dot_symbol_signs,AIGA/DOT Symbol Signs,Aiga uparrow,Aiga uparrow,AIGA/Wikimedia Commons,https://www.aiga.org/resources/symbol-signs,png,Aiga_uparrow.png,icon_data/iconsets/02_aiga_dot_symbol_signs/png_512/Aiga_uparrow.png,icon_data/normalized_256/02_aiga_dot_symbol_signs/aiga_uparrow__8d956b8fd66b.png,,Aiga uparrow | AIGA/DOT Symbol Signs,aiga uparrow dot symbol signs,false,true,true,0.332763671875,0.0252685546875,1.0,610.0,0.14892578125,107.43606557377049,0.3999413145539906,0.83203125,0.4980392156862745,0.5,0.83203125,1.0,0.6089919017034348,0.07841386780119088,0.9618567830154732,0.44884400744087166,0.05841892883345561,0.944805476128585,1.0,0.0,0.6815,0.00537202088162303,0.26553797721862793,0.46355193853378296,0.26553797721862793,1.0,1.0,0.0,0.0,1.0,0.000244140625,0.523193359375,0.5078125,0.0,0.461669921875,0.789794921875,0.789794921875,0.446044921875,0.23095703125,0.34375,0.328369140625,0.230712890625,0.0,0.34375,0.328125,0.0,0.1688444720752108,0.3999413145539906,8.0,0.0,0.0,1.0,90.0,0.0,0.0,-0.576139112290473,-2.8636222836205616,-2.869263902537681,-2.9289208864766607,-5.828013280983831,-4.360732028286941,24.464730428955665,0.1966911107301712,0.0492105633020401,2.0,2.0,0.0,0.0,0.0,0.0,0.0,0.0,0.0,0.0,0.0,0.0,0.0,0.0,5.552043914794922,0.0,0.0,0.0,0.0,0.0,0.0,0.0,0.0,-0.0,0.0,0.0,0.0,0.0,0.0,0.0,0.0,0.0,1.0,0.0,0.9141606818938115,1.0,0.21332159624413147,0.6567268192488263,90.0,0.13942092843706672,0.7209280997798974,1.0,0.0,0.0310219693928957,0.0,0.0
951be4fa343dfcc3,02_aiga_dot_symbol_signs,AIGA/DOT Symbol Signs,Toilet women,Toilet women,AIGA/Wikimedia Commons,https://www.aiga.org/resources/symbol-signs,png,Toilet_women.png,icon_data/iconsets/02_aiga_dot_symbol_signs/png_512/Toilet_women.png,icon_data/normalized_256/02_aiga_dot_symbol_signs/toilet_women__951be4fa343d.png,,Toilet women | AIGA/DOT Symbol Signs,toilet women aiga dot symbol signs,false,true,true,0.2375946044921875,0.023712158203125,2.0,658.0,0.16064453125,99.59878419452887,0.5344797995400405,0.46987951807228917,0.4980392156862745,0.4980392156862745,0.45703125,0.97265625,0.8006067149982005,0.011586231399770948,0.9235330450895615,0.6926839873899336,0.08451608759874125,0.9220702315390538,2.0,0.0,0.5966128970458638,0.14531800150871277,0.07595525681972504,0.6970175504684448,0.08170917630195618,1.0,1.0,0.0,0.0,1.0,0.0,0.293701171875,0.27783203125,0.0,0.0,0.73681640625,0.710205078125,0.0,0.0,0.603515625,0.591064453125,0.0,0.0,0.2900390625,0.29833984375,0.0,0.11298338709233716,0.5344797995400405,17.0,0.3333333333333333,0.6060606060606061,0.06060606060606061,90.01132898932914,0.0,2.0,-0.586520533150759,-1.4662455081731158,-3.539532831130916,-3.835339561635501,-7.52290627432829,-4.568688378252691,-9.133385778035802,0.10768207907676697,0.05819101631641388,41.0,7.0,0.0,0.0,0.0,0.0,0.0,0.0,0.0,0.0,0.0,0.0,0.0,0.0,5.552043914794922,0.0,0.0,0.0,0.0,0.0,0.0,0.0,0.0,-0.0,0.0,0.0,0.0,0.0,0.0,0.0,0.0,0.0,1.0,0.0,0.9154082141351341,1.0,0.2328630762365702,0.6675934507259809,90.01132898932914,0.7135062456771663,0.7812814419968745,1.0,0.0,0.050549354404211044,0.0,0.0
26246a410ab5f5fc,03_mapbox_maki_icons,Mapbox Maki,bar,bar,Mapbox Maki GitHub,https://github.com/mapbox/maki,svg,bar.svg,icon_data/iconsets/03_mapbox_maki_icons/icons/bar.svg,icon_data/normalized_256/03_mapbox_maki_icons/bar__26246a410ab5.png,,bar | Mapbox Maki,bar mapbox maki,false,true,true,0.408050537109375,0.0281219482421875,1.0,619.0,0.151123046875,105.8739903069467,0.49266764922623435,0.9745762711864406,0.5,0.5,0.8984375,0.921875,0.6312733109862613,0.16726268692291504,0.9980573819485954,0.37011988933292345,0.04233041657318076,0.9593886776207218,1.0,0.0,0.7470249734622046,0.7137690186500549,0.03140885755419731,0.22553811967372894,0.029283907264471054,1.0,7.0,0.0,0.0,0.6020791232585907,0.5751953125,0.84130859375,0.84130859375,0.5751953125,0.10302734375,0.85986328125,0.864013671875,0.105224609375,0.0,0.26806640625,0.26806640625,0.0,0.00244140625,0.611328125,0.611328125,0.00244140625,0.2622472210362792,0.49266764922623435,16.0,0.1875,0.8125,0.0,90.00469997151838,0.0,2.0,-0.547573357223819,-1.9586945272047807,-1.7880489554226702,-2.633061171211689,-4.843622500736524,-3.612412401156342,7.1134941340008915,0.18348930776119232,0.11445356160402298,13.0,7.0,0.0,0.0,0.0,0.0,0.0,0.0,0.0,0.0,0.0,0.0,0.0,0.0,5.552043914794922,0.0,0.0,80.7330322265625,-2.9802322387695312e-05,1.1920928955078125e-05,22.906902313232422,0.0,0.0,0.9337002038955688,0.0,0.0015705631590756115,0.0004487323311644604,0.007628449629795826,0.49663450751626653,0.34073741679754693,0.010844364669807793,0.004898661281878693,0.13521800912422408,0.002019295490240072,0.9629369440033195,0.5000000000000001,0.4716285924834193,0.7804347826086957,90.00469997098818,0.3700207623824367,0.7801710168773216,1.0,0.0,0.13232843577861786,0.0,0.0
633d125136da3e33,03_mapbox_maki_icons,Mapbox Maki,casino,casino,Mapbox Maki GitHub,https://github.com/mapbox/maki,svg,casino.svg,icon_data/iconsets/03_mapbox_maki_icons/icons/casino.svg,icon_data/normalized_256/03_mapbox_maki_icons/casino__633d125136da.png,,casino | Mapbox Maki,casino mapbox maki,false,true,true,0.465728759765625,0.0322265625,1.0,562.0,0.13720703125,116.61209964412811,0.6457222645341457,0.8632478632478633,0.5,0.503921568627451,0.7890625,0.9140625,0.9107102895761536,0.059878606898730306,0.9993449495611162,0.6737223075235798,0.036432737042133546,0.9648479484099387,1.0,0.0,0.7743163021969659,0.3848761320114136,0.1986129879951477,0.219013050198555,0.19749782979488373,1.0,7.0,0.0,0.0,0.7390690743923187,0.0,0.379150390625,0.378662109375,0.0,0.24169921875,0.98193359375,0.981689453125,0.2412109375,0.494140625,0.98388671875,0.984375,0.49365234375,0.00830078125,0.63720703125,0.637451171875,0.00830078125,0.31017963282460687,0.6457222645341457,20.0,0.38461538461538464,0.6153846153846154,0.0,89.97525042166569,0.0,1.0,-0.7586870827386486,-3.0853612869996843,-4.490076713424543,-5.283678379612752,10.170555930989796,-6.826360074049312,-13.995686651180828,0.2539623975753784,0.17966072261333466,15.0,6.0,0.0,0.0,0.0,0.0,0.0,0.0,0.0,0.0,0.0,0.0,0.0,0.0,5.552043914794922,0.0,0.0,80.7330322265625,-2.9802322387695312e-05,1.1920928955078125e-05,22.906902313232422,0.0,0.0,0.7695096731185913,0.0,0.0,3.2763252735731606e-05,0.005995675250638884,0.46749885328615426,0.18740580564838477,0.012384509534106546,0.005602516217810104,0.32101435030469827,6.552650547146321e-05,0.9713411736229627,0.5000000000000001,0.5314377591605315,0.7090314800710841,89.97525042166569,0.16443961043230365,0.8341087303147456,1.0,0.0,0.09027769416570663,0.0,0.0
70c66f7df237db99,03_mapbox_maki_icons,Mapbox Maki,defibrillator,defibrillator,Mapbox Maki GitHub,https://github.com/mapbox/maki,svg,defibrillator.svg,icon_data/iconsets/03_mapbox_maki_icons/icons/defibrillator.svg,icon_data/normalized_256/03_mapbox_maki_icons/defibrillator__70c66f7df237.png,,defibrillator | Mapbox Maki,defibrillator mapbox maki,false,true,true,0.5466461181640625,0.026458740234375,1.0,574.0,0.14013671875,114.17421602787456,0.6963341626496656,1.0825688073394495,0.5,0.5313725490196078,0.921875,0.8515625,0.9550404542606934,0.05881468414748636,0.9948215379475472,0.5678336980306345,0.02964410327983252,0.9712093691544447,1.0,0.0,0.8083075742875837,0.31607913970947266,0.19262391328811646,0.21098415553569794,0.2803128659725189,1.0,8.0,0.0,0.0,0.6695549786090851,0.329833984375,0.477294921875,0.477783203125,0.3291015625,0.82666015625,1.0,1.0,0.826416015625,0.280029296875,0.986083984375,1.0,0.282958984375,0.0,0.46337890625,0.466796875,0.0,0.3991600143809049,0.6963341626496656,16.0,0.41304347826086957,0.5869565217391305,0.0,0.45508905570889624,0.0,3.0,-0.7626203315830371,-3.496963835415653,-2.953433020793866,-5.5421952433672335,9.80665758879685,7.299517168652962,10.355973643537528,0.48697370290756226,0.08086550980806351,6.0,3.0,0.0,0.0,0.0,0.0,0.0,0.0,0.0,0.0,0.0,0.0,0.0,0.0,5.552043914794922,0.0,0.0,80.7330322265625,-2.9802322387695312e-05,1.1920928955078125e-05,22.906902313232422,0.0,0.0,0.865659236907959,0.0,5.582693649685973e-05,0.00044661549197487786,0.009658060013956735,0.5947801814375436,0.17666434054431263,0.008178646196789952,0.004633635729239358,0.2046894626657362,0.0008932309839497557,0.9704665939532073,0.1250000000000001,0.5983517337894573,0.7291148343958949,0.45508905570889624,0.1033090609323166,0.8561246801581763,1.0,0.0,0.10154164582490921,0.0,0.0
ca282d9b8d67354b,03_mapbox_maki_icons,Mapbox Maki,fire station,fire station,Mapbox Maki GitHub,https://github.com/mapbox/maki,svg,fire-station.svg,icon_data/iconsets/03_mapbox_maki_icons/icons/fire-station.svg,icon_data/normalized_256/03_mapbox_maki_icons/fire_station__ca282d9b8d67.png,,fire station | Mapbox Maki,fire station mapbox maki,false,true,true,0.6418914794921875,0.0298004150390625,1.0,589.0,0.143798828125,111.26655348047538,0.7617521367521367,1.0085470085470085,0.5,0.503921568627451,0.921875,0.9140625,0.9443814612353938,0.03952857785980179,0.9989071038251366,0.852518936057777,0.025720873844105832,0.9749241002108971,1.0,0.0,0.829347633223587,0.1262846440076828,0.22812864184379578,0.4140644371509552,0.23152226209640503,1.0,8.0,0.0,0.0,0.6444249153137207,0.21142578125,0.392822265625,0.39404296875,0.21142578125,0.77197265625,0.998046875,0.998779296875,0.7734375,0.778564453125,1.0,1.0,0.779296875,0.20166015625,0.779052734375,0.778564453125,0.201171875,0.4515406813512385,0.7617521367521367,18.0,0.4230769230769231,0.5769230769230769,0.0,179.84594269204334,0.0,1.0,-0.7869950571199146,-3.6468741112051273,-4.447755589704231,-5.586515562274509,10.603655741455691,7.409953307711826,12.94050106160584,0.4582294225692749,0.23722165822982788,3.0,1.0,0.0,0.0,0.0,0.0,0.0,0.0,0.0,0.0,0.0,0.0,0.0,0.0,5.552043914794922,0.0,0.0,22.906902313232422,0.0,0.0,80.7330322265625,-2.9802322387695312e-05,1.1920928955078125e-05,0.8664506673812866,2.377160244372073e-05,0.0,7.13148073311622e-05,0.0047780920911878666,0.5577768797394632,0.1723441177169753,0.01041196187034968,0.008272517650414814,0.24615494330472817,0.00016640121710604513,0.9771191338566785,0.1250000000000001,0.5600463566565261,0.8066148775894538,179.84594269204334,0.09195132707544104,0.8669899604599013,1.0,0.0,0.09220419079065323,0.0,0.0
bbdb16044679062a,03_mapbox_maki_icons,Mapbox Maki,horse riding,horse riding,Mapbox Maki GitHub,https://github.com/mapbox/maki,svg,horse-riding.svg,icon_data/iconsets/03_mapbox_maki_icons/icons/horse-riding.svg,icon_data/normalized_256/03_mapbox_maki_icons/horse_riding__bbdb16044679.png,,horse riding | Mapbox Maki,horse riding mapbox maki,false,true,true,0.455047607421875,0.0233001708984375,2.0,688.0,0.16796875,95.25581395348837,0.455047607421875,1.0,0.5,0.5,1.0,1.0,0.6279373368146214,0.09674136369385473,0.3735261606484893,0.33003300330033003,0.050902018643954126,0.9515634971282706,2.0,0.0,0.7106228851927751,0.2744147479534149,0.12308042496442795,0.5206921100616455,0.08181275427341461,1.0,7.0,0.0,0.0,0.6012305617332458,0.0,0.442138671875,0.190673828125,0.002685546875,0.224365234375,0.625,0.634765625,0.78076171875,0.881103515625,1.0,0.917236328125,0.161865234375,0.47412109375,0.46826171875,0.477783203125,0.0,0.16263090800660812,0.455047607421875,10.0,0.0,0.2,0.8,140.84407748024577,0.0,0.0,-0.6391185988833318,-2.2648774122563755,-3.5235488711256626,-4.060154090422899,7.886840284614723,-5.324747852846352,8.266561173931935,0.18618832528591156,0.085550956428051,30.0,12.0,0.0,0.0,0.0,0.0,0.0,0.0,0.0,0.0,0.0,0.0,0.0,0.0,5.552043914794922,0.0,0.0,80.7330322265625,-2.9802322387695312e-05,1.1920928955078125e-05,67.34303283691406,0.0,1.1920928955078125e-05,0.9352866411209106,0.0,0.000135189941868325,0.000135189941868325,0.011558740029741787,0.6224482898472353,0.22877517912667297,0.012065702311748005,0.0030079762065702313,0.12160335271055833,0.00027037988373665,0.9680803980378159,0.5000000000000001,0.388427734375,0.72467041015625,140.8440774802462,0.3211292705207243,0.7080119822055306,0.578130239420562,0.0,0.12457150965929031,0.0,0.0
ce5351620f2eb860,03_mapbox_maki_icons,Mapbox Maki,parking garage,parking garage,Mapbox Maki GitHub,https://github.com/mapbox/maki,svg,parking-garage.svg,icon_data/iconsets/03_mapbox_maki_icons/icons/parking-garage.svg,icon_data/normalized_256/03_mapbox_maki_icons/parking_garage__ce5351620f2e.png,,parking garage | Mapbox Maki,parking garage mapbox maki,false,true,true,0.4232635498046875,0.024810791015625,2.0,658.0,0.16064453125,99.59878419452887,0.44046938516260165,1.0406504065040652,0.5,0.4803921568627451,1.0,0.9609375,0.6935963793663891,0.09535611871916401,0.7600888324873096,0.4343554475412379,0.050470456757633654,0.9519544253406088,2.0,0.0,0.7123706309869283,0.6272411942481995,0.09835989028215408,0.19189435243606567,0.08250457048416138,1.0,8.0,0.0,0.0,0.5177703201770782,0.362548828125,0.6357421875,0.62646484375,0.357421875,0.25537109375,0.76220703125,0.72412109375,0.28125,0.015625,1.0,0.943603515625,0.080810546875,0.009521484375,0.702880859375,0.0146484375,0.0,0.17784620126107606,0.44046938516260165,13.0,0.12,0.8,0.08,109.37036342553311,0.0,1.0,-0.6256379053016083,-2.6823962082265536,-2.4668456415613886,-4.689278834407917,-9.019816994614235,-7.489275227743837,8.274238411095684,0.20992246270179749,0.10323117673397064,23.0,14.0,0.0,0.0,0.0,0.0,0.0,0.0,0.0,0.0,0.0,0.0,0.0,0.0,80.7330322265625,-2.9802322387695312e-05,1.1920928955078125e-05,38.68827819824219,0.0,0.0,67.34303283691406,0.0,1.1920928955078125e-05,0.9803317785263062,0.0,0.0,0.0,0.005242416573267291,0.6325246755124914,0.3183050724899671,0.015510322137459778,0.006580136664376876,0.021548139845981418,0.0002892367764561264,0.955682417150767,0.5000000000000001,0.42098577235772355,0.6350514481707317,109.37036355962178,0.19250401912061454,0.7272912986529194,0.8814665272720719,0.0,0.12375058978796005,0.0,0.0
ab05a4526c352168,03_mapbox_maki_icons,Mapbox Maki,rail light,rail light,Mapbox Maki GitHub,https://github.com/mapbox/maki,svg,rail-light.svg,icon_data/iconsets/03_mapbox_maki_icons/icons/rail-light.svg,icon_data/normalized_256/03_mapbox_maki_icons/rail_light__ab05a4526c35.png,,rail light | Mapbox Maki,rail light mapbox maki,false,true,true,0.447021484375,0.0300750732421875,2.0,634.0,0.15478515625,103.36908517350157,0.6893825301204819,0.6484375,0.5,0.5,0.6484375,1.0,0.8229675824484521,0.022636564308361026,1.0,0.6241268433307462,0.04642271982523211,0.9556367432150313,2.0,0.0,0.7291915571485464,0.44273555278778076,0.06758613884449005,0.4219728112220764,0.06770548969507217,1.0,8.0,0.0,0.0,0.5955967903137207,0.0,0.717529296875,0.717529296875,0.0,0.040771484375,1.0,1.0,0.040771484375,0.019287109375,0.920654296875,0.920654296875,0.019287109375,0.169189453125,0.708740234375,0.708740234375,0.169189453125,0.1990400051461215,0.6893825301204819,8.0,0.0,0.25,0.75,90.0,2.0,0.0,-0.6435955644780413,-1.8124519456355095,-3.4773649296406357,-4.341015164704626,8.250205211877256,-5.247241137522381,-24.96480973471348,0.26105546951293945,0.18102091550827026,14.0,5.0,0.0,0.0,0.0,0.0,0.0,0.0,0.0,0.0,0.0,0.0,0.0,0.0,5.552043914794922,0.0,0.0,22.906902313232422,0.0,0.0,80.7330322265625,-2.9802322387695312e-05,1.1920928955078125e-05,0.9645382165908813,0.0,6.870491240123669e-05,0.0,0.009275163174166953,0.6167639986259017,0.25207832360013743,0.01346616283064239,0.005874270010305737,0.10219855719683957,0.00027481964960494675,0.9540661854487548,0.1250000000000001,0.8723644578313253,0.8376788403614458,90.0,0.5462225075810583,0.8205215729109776,1.0,0.0,0.1371852308511734,0.0,0.0
b6aae574e74b8cfe,03_mapbox_maki_icons,Mapbox Maki,restaurant bbq,restaurant bbq,Mapbox Maki GitHub,https://github.com/mapbox/maki,svg,restaurant-bbq.svg,icon_data/iconsets/03_mapbox_maki_icons/icons/restaurant-bbq.svg,icon_data/normalized_256/03_mapbox_maki_icons/restaurant_bbq__b6aae574e74b.png,,restaurant bbq | Mapbox Maki,restaurant bbq mapbox maki,false,true,true,0.556121826171875,0.0323028564453125,1.0,784.0,0.19140625,83.59183673469387,0.5981814600840336,0.9296875,0.5196078431372549,0.5,0.9296875,1.0,0.6509260416852708,0.049893852425360145,0.5616590967520781,0.745665293610499,0.04296767820885694,0.9588024834262865,1.0,0.0,0.7441907951157757,0.06867847591638565,0.13152143359184265,0.6646907925605774,0.13510923087596893,1.0,7.0,0.0,0.0,0.6128722131252289,0.572265625,0.70654296875,0.365234375,0.683837890625,0.658447265625,0.891357421875,0.98486328125,0.234130859375,0.29638671875,0.522705078125,0.984130859375,0.230224609375,0.302978515625,0.436279296875,0.365478515625,0.6630859375,0.18675671208051947,0.5981814600840336,13.0,0.0,0.46153846153846156,0.5384615384615384,64.73726310750907,0.0,1.0,-0.6236250844875303,-2.906596636764148,-3.6429211625861844,-3.9814891190061497,-9.249179093706154,-5.491027728107482,-7.7939609771955505,0.2514225244522095,0.07000564783811569,19.0,12.0,0.0,0.0,0.0,0.0,0.0,0.0,0.0,0.0,0.0,0.0,0.0,0.0,5.552043914794922,0.0,0.0,67.34303283691406,0.0,1.1920928955078125e-05,80.7330322265625,-2.9802322387695312e-05,1.1920928955078125e-05,0.9332844614982605,0.0,0.0,0.0,0.0041631055112900115,0.6097433211105291,0.2590499296959003,0.011965482065562019,0.006286013619696176,0.10857158611562957,0.00022056188139284828,0.962456418089068,0.5000000000000001,0.5084033613445378,0.918969931722689,64.7372631075089,0.14802216981015798,0.7623333150414311,0.7580804477857652,0.0,0.10634946078062057,0.0,0.0
c4317c54e3675826,03_mapbox_maki_icons,Mapbox Maki,theatre,theatre,Mapbox Maki GitHub,https://github.com/mapbox/maki,svg,theatre.svg,icon_data/iconsets/03_mapbox_maki_icons/icons/theatre.svg,icon_data/normalized_256/03_mapbox_maki_icons/theatre__c4317c54e367.png,,theatre | Mapbox Maki,theatre mapbox maki,false,true,true,0.6493072509765625,0.0333709716796875,1.0,658.0,0.16064453125,99.59878419452887,0.767273710782546,1.004255319148936,0.5,0.5019607843137255,0.921875,0.91796875,0.9128312936406637,0.00986975024797037,0.6157117363405096,0.6303206773686832,0.030362136629614834,0.97053255787433,1.0,0.0,0.8045718391347917,0.33915257453918457,0.05452756583690643,0.5675728917121887,0.03874693810939789,1.0,8.0,0.0,0.0,0.6046694815158844,0.67431640625,0.71435546875,0.373779296875,0.0146484375,0.84375,0.927490234375,0.911376953125,0.82958984375,0.727783203125,0.91650390625,1.0,0.842041015625,0.00830078125,0.260498046875,0.828369140625,0.51611328125,0.32034283897144245,0.767273710782546,20.0,0.225,0.775,0.0,36.88648582682529,0.0,3.0,-0.7394188882738757,-2.3843543395705815,-4.59128779847605,-5.404267721177812,-10.608985745523446,-6.625592010343422,10.507814369108274,0.3693588674068451,0.11027974635362625,9.0,2.0,0.0,0.0,0.0,0.0,0.0,0.0,0.0,0.0,0.0,0.0,0.0,0.0,5.552043914794922,0.0,0.0,22.906902313232422,0.0,0.0,80.7330322265625,-2.9802322387695312e-05,1.1920928955078125e-05,0.9602128863334656,4.700021150095175e-05,0.00016450074025333114,0.00023500105750475878,0.009964044838201772,0.6391558762014429,0.2357295607830235,0.011491551711982705,0.003948017766079948,0.09877094446925011,0.0004935022207599934,0.9637260621105367,0.1250000000000001,0.7117201586729174,0.8405427335016228,36.88648582682529,0.3525670472902488,0.8418521216678808,0.7922590651657933,0.0,0.13208673894405365,0.0,0.0
6cd75929d0d2a3f0,03_mapbox_maki_icons,Mapbox Maki,waste basket,waste basket,Mapbox Maki GitHub,https://github.com/mapbox/maki,svg,waste-basket.svg,icon_data/iconsets/03_mapbox_maki_icons/icons/waste-basket.svg,icon_data/normalized_256/03_mapbox_maki_icons/waste_basket__6cd75929d0d2.png,,waste basket | Mapbox Maki,waste basket mapbox maki,false,true,true,0.5657196044921875,0.025177001953125,1.0,577.0,0.140869140625,113.58058925476602,0.7854872881355932,0.847457627118644,0.5,0.5,0.78125,0.921875,0.9493387276428489,0.008527793697717986,0.9994067842312463,0.8344878772884711,0.027188132164531354,0.9735314969934091,1.0,0.0,0.82135182436474,0.7287587523460388,0.04888744279742241,0.17368830740451813,0.04866543784737587,1.0,7.0,0.0,0.0,0.7304891645908356,0.161865234375,0.705322265625,0.705322265625,0.161865234375,0.4111328125,0.99951171875,0.99951171875,0.41015625,0.296630859375,1.0,1.0,0.2958984375,0.115478515625,0.837158203125,0.837158203125,0.114501953125,0.4585323272228583,0.7854872881355932,14.0,0.3170731707317073,0.6829268292682927,0.0,90.02501558115107,0.0,2.0,-0.7699294488251655,-2.6695996964287123,-4.560255851664577,-7.038131288381737,-12.837721542323317,-8.373147241793491,-14.206678030728167,0.3649851381778717,0.26248395442962646,8.0,7.0,0.0,0.0,0.0,0.0,0.0,0.0,0.0,0.0,0.0,0.0,0.0,0.0,5.552043914794922,0.0,0.0,80.7330322265625,-2.9802322387695312e-05,1.1920928955078125e-05,22.906902313232422,0.0,0.0,0.746300458908081,0.0,0.00026972353337828726,0.00037761294672960215,0.003776129467296022,0.3318678354686446,0.25496965610249495,0.005205664194200944,0.0022387053270397843,0.3978961564396494,0.0033985165205664193,0.975180906783446,0.1250000000000001,0.6471186440677966,0.8274046610169492,90.02501558115107,0.27235139281380144,0.876394695437177,1.0,0.0,0.09886863082647324,0.0,0.0
47e3bd73efa382ae,04_ocha_humanitarian_icons,OCHA Humanitarian Icons,child combatant,child combatant,MapAction OCHA humanitarian icons for GIS,https://github.com/mapaction/ocha-humanitarian-icons-for-gis,svg,child-combatant.svg,icon_data/iconsets/04_ocha_humanitarian_icons/humanitarian-icons-v2-1-svg/child-combatant.svg,icon_data/normalized_256/04_ocha_humanitarian_icons/child_combatant__47e3bd73efa3.png,,child combatant | OCHA Humanitarian Icons,child combatant ocha humanitarian icons,false,true,true,0.42816162109375,0.0224151611328125,3.0,1033.0,0.252197265625,63.44240077444337,0.42816162109375,1.0,0.5,0.5,1.0,1.0,0.49779575472116516,0.04150974145116739,0.4312675337923999,0.6180371352785146,0.07391304347826087,0.9311740890688259,3.0,0.0,0.628415300546448,0.13256259262561798,0.1386728733778,0.6084930300712585,0.1202714815735817,1.0,7.0,0.0,0.0,0.9005731269717216,0.23095703125,0.376708984375,0.004150390625,0.35791015625,0.6474609375,0.74755859375,0.227783203125,0.70751953125,0.443603515625,0.536376953125,0.318115234375,0.845703125,0.3515625,0.39404296875,0.0166015625,0.64453125,0.08197473598339694,0.42816162109375,19.0,0.05263157894736842,0.6842105263157895,0.2631578947368421,17.60250305378017,0.0,1.0,-0.4712519210792094,-2.3413874057186717,-3.636307184554028,-4.231322760659044,-8.176185094974162,-5.402804193780239,8.817385867472469,0.127592995762825,0.048345740884542465,43.0,17.0,0.0,0.0,0.0,0.0,0.0,0.0,0.0,0.0,0.0,0.0,0.0,0.0,5.552043914794922,0.0,0.0,38.68827819824219,0.0,0.0,67.34303283691406,0.0,1.1920928955078125e-05,0.36870890855789185,0.0,0.0,0.00025086908217754366,0.01745332043149482,0.10826792817976562,0.1326739060316095,0.00035838440311077664,0.0,0.7409955918718417,0.0,0.948212629504786,0.5000000000000001,0.343017578125,0.8601150512695312,17.602503053780225,0.1997828564217224,0.5825611784271799,0.6581610833927298,0.0,0.12295940518379211,0.0,0.0
ccaf59c0ceb35dab,04_ocha_humanitarian_icons,OCHA Humanitarian Icons,food,food,MapAction OCHA humanitarian icons for GIS,https://github.com/mapaction/ocha-humanitarian-icons-for-gis,svg,food.svg,icon_data/iconsets/04_ocha_humanitarian_icons/humanitarian-icons-v2-1-svg/food.svg,icon_data/normalized_256/04_ocha_humanitarian_icons/food__ccaf59c0ceb3.png,,food | OCHA Humanitarian Icons,food ocha humanitarian icons,false,true,true,0.69140625,0.007049560546875,1.0,280.0,0.068359375,234.05714285714285,1.0,1.4463276836158192,0.5,0.4980392156862745,1.0,0.69140625,1.0,0.002772967769359,1.0,0.9887640449438202,0.019111935028248588,0.9812464810082724,1.0,0.0,0.8673813169984685,0.6562770009040833,0.14091189205646515,0.06300684809684753,0.13980425894260406,1.0,8.0,0.0,0.0,0.6715246737003326,0.390625,0.390625,0.390625,0.390625,1.0,1.0,1.0,1.0,1.0,1.0,1.0,1.0,0.375,0.375,0.375,0.375,0.7592543899613349,1.0,4.0,0.0,0.0,0.0,0.0,0.0,0.0,-0.7492365620168587,-2.4025589801549483,-30.0,-30.0,-30.0,-30.0,-30.0,0.6953125,0.0,2.0,0.0,0.0,0.0,0.0,0.0,0.0,0.0,0.0,0.0,0.0,0.0,0.0,0.0,5.552043914794922,0.0,0.0,106.24158477783203,-5.9604644775390625e-05,2.384185791015625e-05,93.67325592041016,0.0,0.0,0.31479698419570923,0.0,0.0,8.897192935628809e-05,0.005071399973308422,0.036233818230348325,0.0657502557942969,0.0034699052448952357,0.0034699052448952357,0.8859157435828996,0.0,0.9943502824858758,0.1250000000000001,0.3043785310734463,0.9904661016949152,0.0,0.35314826094587193,0.9192119821092278,1.0,0.0,0.10590925067663193,0.0,0.0
e0d2e112cc0df560,04_ocha_humanitarian_icons,OCHA Humanitarian Icons,health facility destroyed,health facility destroyed,MapAction OCHA humanitarian icons for GIS,https://github.com/mapaction/ocha-humanitarian-icons-for-gis,svg,health-facility-destroyed.svg,icon_data/iconsets/04_ocha_humanitarian_icons/humanitarian-icons-v2-1-svg/health-facility-destroyed.svg,icon_data/normalized_256/04_ocha_humanitarian_icons/health_facility_destroyed__e0d2e112cc0d.png,,health facility destroyed | OCHA Humanitarian Icons,health facility destroyed ocha humanitarian icons,false,true,true,0.5745086669921875,0.02374267578125,2.0,430.0,0.10498046875,152.4093023255814,0.5745086669921875,1.0,0.5,0.5,1.0,1.0,0.814507144325102,0.10985041764911252,0.28510478530957745,0.26070651264021427,0.031127991288411993,0.9698117095536152,2.0,0.0,0.8006251727730879,0.2019282579421997,0.2559654414653778,0.28620636463165283,0.2559000253677368,1.0,8.0,0.0,0.0,0.8030554056167603,0.876220703125,0.548828125,0.015625,0.0,0.54833984375,0.5185546875,0.8720703125,0.4375,0.0,0.6875,1.0,1.0,0.0,0.6875,1.0,1.0,0.34445393947602565,0.5745086669921875,19.0,0.15789473684210525,0.6842105263157895,0.15789473684210525,46.62736160691671,1.0,1.0,-0.6179748175464247,-1.7199629552176088,-2.5310000823125463,-2.979599869775258,-5.74150987813605,-3.8427594659872426,-6.496471844654333,0.6036931872367859,0.11134044080972672,0.0,1.0,0.0,0.0,0.0,0.0,0.0,0.0,0.0,0.0,0.0,0.0,0.0,0.0,5.552043914794922,0.0,0.0,106.24158477783203,-5.9604644775390625e-05,2.384185791015625e-05,93.67325592041016,0.0,0.0,0.3528594970703125,0.0,0.0,8.045699573577922e-05,0.024914849679512966,0.07082897524606431,0.08456030251830397,0.0034328318180599135,0.0030573658379596104,0.8131252179043634,0.0,0.9743857666136502,0.5000000000000001,0.243408203125,0.7053451538085938,46.627361606916665,0.572787247019637,0.8233158924508425,0.4683806539002948,0.0,0.10681488364934921,0.0,0.0
5cea9f126476238d,04_ocha_humanitarian_icons,OCHA Humanitarian Icons,house affected,house affected,MapAction OCHA humanitarian icons for GIS,https://github.com/mapaction/ocha-humanitarian-icons-for-gis,svg,house-affected.svg,icon_data/iconsets/04_ocha_humanitarian_icons/humanitarian-icons-v2-1-svg/house-affected.svg,icon_data/normalized_256/04_ocha_humanitarian_icons/house_affected__5cea9f126476.png,,house affected | OCHA Humanitarian Icons,house affected ocha humanitarian icons,false,true,true,0.5274810791015625,0.0166473388671875,2.0,553.0,0.135009765625,118.50994575045208,0.5274810791015625,1.0,0.5,0.5,1.0,1.0,0.744059405940594,0.08518394724100177,0.2641336941417392,0.27148006473444164,0.037316671005814456,0.9640257675897265,2.0,0.0,0.7700995789614382,0.11155393719673157,0.22318558394908905,0.4429916739463806,0.22226876020431519,1.0,8.0,0.0,0.0,0.942902036011219,0.876220703125,0.54833984375,0.054931640625,0.0,0.54833984375,0.48974609375,0.89013671875,0.559326171875,0.0,0.53125,1.0,1.0,0.0,0.53125,0.467041015625,0.943115234375,0.2610461305016418,0.5274810791015625,18.0,0.05555555555555555,0.7777777777777778,0.16666666666666666,43.86316682754389,1.0,1.0,-0.5769199078268527,-1.6287545684958653,-2.512941518719,-3.0757410484997587,-5.921519783947301,-3.920013784954985,-6.208031046232014,0.2976885139942169,0.08998116850852966,4.0,3.0,0.0,0.0,0.0,0.0,0.0,0.0,0.0,0.0,0.0,0.0,0.0,0.0,5.552043914794922,0.0,0.0,22.906902313232422,0.0,0.0,67.34303283691406,0.0,1.1920928955078125e-05,0.21942079067230225,0.0,0.0,0.0,0.015883675435779145,0.052556279015445705,0.06297994102017578,8.759379835907618e-05,0.0002335834622908698,0.8682005314023767,5.839586557271745e-05,0.9755515282704874,0.5000000000000001,0.205322265625,0.70892333984375,43.863166827543864,0.578818793394802,0.7869960561967853,0.4455726228702016,0.0,0.06283987313508987,0.0,0.0
714e0ea28c0b44d6,04_ocha_humanitarian_icons,OCHA Humanitarian Icons,potable water,potable water,MapAction OCHA humanitarian icons for GIS,https://github.com/mapaction/ocha-humanitarian-icons-for-gis,svg,potable-water.svg,icon_data/iconsets/04_ocha_humanitarian_icons/humanitarian-icons-v2-1-svg/potable-water.svg,icon_data/normalized_256/04_ocha_humanitarian_icons/potable_water__714e0ea28c0b.png,,potable water | OCHA Humanitarian Icons,potable water ocha humanitarian icons,false,true,true,0.73046875,0.0150146484375,1.0,376.0,0.091796875,174.29787234042553,1.0,0.73046875,0.4980392156862745,0.5,0.73046875,1.0,1.0,0.002772967769359,0.9893617021276596,1.0,0.018507687165775402,0.9818286229952008,1.0,0.0,0.8710334788937409,0.250459760427475,0.02876393496990204,0.6912906765937805,0.02948569692671299,1.0,8.0,0.0,0.0,0.6134161651134491,0.46875,1.0,1.0,0.453125,0.46875,1.0,1.0,0.453125,0.46875,1.0,1.0,0.453125,0.46875,1.0,1.0,0.453125,0.7663444069149427,1.0,4.0,0.0,0.0,0.0,90.0,0.0,0.0,-0.7570837923185695,-2.548020001871297,-30.0,-30.0,-30.0,-30.0,-30.0,0.734375,0.0,2.0,0.0,0.0,0.0,0.0,0.0,0.0,0.0,0.0,0.0,0.0,0.0,0.0,0.0,5.552043914794922,0.0,0.0,106.24158477783203,-5.9604644775390625e-05,2.384185791015625e-05,93.67325592041016,0.0,0.0,0.341094434261322,0.0,0.0,0.00042107036085729923,0.003368562886858394,0.0812455261274159,0.03522253568571308,0.0018316560697292518,0.0015579603351720073,0.8734262495262959,0.00292643900795823,0.9736101827094474,0.1250000000000001,0.28609625668449196,0.9907670454545454,90.0,0.30414017492015166,0.9217218137254902,1.0,0.0,0.08907920122146606,0.0,0.0
d2908bcd850fab66,04_ocha_humanitarian_icons,OCHA Humanitarian Icons,remove,remove,MapAction OCHA humanitarian icons for GIS,https://github.com/mapaction/ocha-humanitarian-icons-for-gis,svg,remove.svg,icon_data/iconsets/04_ocha_humanitarian_icons/humanitarian-icons-v2-1-svg/remove.svg,icon_data/normalized_256/04_ocha_humanitarian_icons/remove__d2908bcd850f.png,,remove | OCHA Humanitarian Icons,remove ocha humanitarian icons,false,true,true,0.9609375,0.008148193359375,1.0,376.0,0.091796875,174.29787234042553,1.0,0.9609375,0.5,0.5,0.9609375,1.0,1.0,0.0,1.0,1.0,0.015942581300813007,0.9843075961237887,1.0,0.0,0.8868859846777829,0.8248189687728882,0.057687364518642426,0.05952773615717888,0.0579659529030323,1.0,8.0,0.0,0.0,0.13985925912857056,0.921875,1.0,1.0,0.921875,0.921875,1.0,1.0,0.921875,0.921875,1.0,1.0,0.921875,0.921875,1.0,1.0,0.921875,0.785086502406592,1.0,4.0,0.0,0.0,0.0,90.0,0.0,0.0,-0.7778134684503888,-4.355305202635669,-30.0,-30.0,-30.0,-30.0,-30.0,0.9609375,0.0,0.0,1.0,0.0,0.0,0.0,0.0,0.0,0.0,0.0,0.0,0.0,0.0,0.0,0.0,106.24158477783203,-5.9604644775390625e-05,2.384185791015625e-05,5.552043914794922,0.0,0.0,93.67325592041016,0.0,0.0,0.18011823296546936,0.0,0.0,3.200819409768901e-05,0.0007842007553933807,0.008546187824082965,0.04687600025606555,0.0006401638819537802,0.0005121311055630241,0.9425772997887459,3.200819409768901e-05,0.975609756097561,0.1250000000000001,0.09857723577235772,0.9920445884146342,90.0,0.03982546608488695,0.9123899051490515,1.0,0.0,0.03806864842772484,0.0,0.0
946f5783ecc3c3d3,04_ocha_humanitarian_icons,OCHA Humanitarian Icons,resilence,resilence,MapAction OCHA humanitarian icons for GIS,https://github.com/mapaction/ocha-humanitarian-icons-for-gis,svg,resilence.svg,icon_data/iconsets/04_ocha_humanitarian_icons/humanitarian-icons-v2-1-svg/resilence.svg,icon_data/normalized_256/04_ocha_humanitarian_icons/resilence__946f5783ecc3.png,,resilence | OCHA Humanitarian Icons,resilence ocha humanitarian icons,false,true,true,0.5323333740234375,0.0273590087890625,3.0,934.0,0.22802734375,70.16702355460386,0.5323333740234375,1.0,0.5,0.5,1.0,1.0,0.7460066288891265,0.15334349273469933,0.306971865283033,0.4339676928768137,0.06277409923467193,0.9409337325026297,3.0,0.0,0.665693514225199,0.036971062421798706,0.5747745037078857,0.28568199276924133,0.10257241129875183,1.0,7.0,0.0,0.0,0.9328996613621712,0.0,0.06689453125,0.4853515625,0.794921875,0.0,0.65185546875,0.806884765625,0.818359375,0.337158203125,0.860595703125,0.552490234375,0.78125,0.782958984375,0.718994140625,0.129638671875,0.72998046875,0.09140822160154052,0.5323333740234375,12.0,0.25,0.75,0.0,139.30181564444362,0.0,1.0,-0.5725219564988526,-1.9401075387970055,-2.391356599434822,-3.8789783563385276,7.379122002686884,-4.953979930629706,-7.058894769969376,0.1863594800233841,0.024456752464175224,52.0,5.0,0.0,0.0,0.0,0.0,0.0,0.0,0.0,0.0,0.0,0.0,0.0,0.0,5.552043914794922,0.0,0.0,38.68827819824219,0.0,0.0,22.906902313232422,0.0,0.0,0.2811751365661621,0.0,0.0,0.0,0.018982030730055846,0.12520616915998728,0.03813767759483781,0.00020255215718047398,5.787204490870685e-05,0.8174136983130299,0.0,0.9596441304280099,0.5000000000000001,0.307861328125,0.7135772705078125,139.30181564444365,0.4003761389400472,0.6414805897134558,0.5152062372803623,0.0,0.07279177755117416,0.0,0.0
c3af4581e34e912a,04_ocha_humanitarian_icons,OCHA Humanitarian Icons,toilet,toilet,MapAction OCHA humanitarian icons for GIS,https://github.com/mapaction/ocha-humanitarian-icons-for-gis,svg,toilet.svg,icon_data/iconsets/04_ocha_humanitarian_icons/humanitarian-icons-v2-1-svg/toilet.svg,icon_data/normalized_256/04_ocha_humanitarian_icons/toilet__c3af4581e34e.png,,toilet | OCHA Humanitarian Icons,toilet ocha humanitarian icons,false,true,true,0.578125,0.01513671875,1.0,376.0,0.091796875,174.29787234042553,1.0,0.578125,0.5,0.5,0.578125,1.0,1.0,0.0,1.0,1.0,0.021326013513513514,0.9791192888153815,1.0,0.0,0.8542568542568543,0.3592573404312134,0.13347125053405762,0.38335666060447693,0.12391483038663864,1.0,8.0,0.0,0.0,0.6890398561954498,0.15625,1.0,1.0,0.15625,0.15625,1.0,1.0,0.15625,0.15625,1.0,1.0,0.15625,0.15625,1.0,1.0,0.15625,0.7292707973434595,1.0,4.0,0.0,0.0,0.0,90.0,0.0,0.0,-0.7159827114689782,-2.0357556123137543,-30.0,-30.0,-30.0,-30.0,-30.0,0.578125,0.0,0.0,1.0,0.0,0.0,0.0,0.0,0.0,0.0,0.0,0.0,0.0,0.0,0.0,0.0,5.552043914794922,0.0,0.0,106.24158477783203,-5.9604644775390625e-05,2.384185791015625e-05,93.67325592041016,0.0,0.0,0.34068167209625244,0.0,0.0,7.980421366248138e-05,0.00986912108959353,0.03918386890827836,0.08842306873802937,0.003298574164715897,0.0024739306235369227,0.8565120238348585,0.00015960842732496276,0.972972972972973,0.1250000000000001,0.3310810810810811,0.9893633868243243,90.0,0.49900500926370694,0.9305320945945946,1.0,0.0,0.10845290869474411,0.0,0.0
8b56c33a174b9ce3,04_ocha_humanitarian_icons,OCHA Humanitarian Icons,users,users,MapAction OCHA humanitarian icons for GIS,https://github.com/mapaction/ocha-humanitarian-icons-for-gis,svg,users.svg,icon_data/iconsets/04_ocha_humanitarian_icons/humanitarian-icons-v2-1-svg/users.svg,icon_data/normalized_256/04_ocha_humanitarian_icons/users__8b56c33a174b.png,,users | OCHA Humanitarian Icons,users ocha humanitarian icons,false,true,true,0.75,0.0087432861328125,1.0,40.0,0.009765625,1638.4,1.0,1.3333333333333333,0.5,0.5,1.0,0.75,1.0,0.0,1.0,1.0,0.018229166666666668,0.9820971867007673,1.0,0.0,0.8727272727272728,0.3674812912940979,0.19307096302509308,0.20729173719882965,0.23215597867965698,1.0,8.0,0.0,0.0,0.5452165901660919,0.5,0.5,0.5,0.5,1.0,1.0,1.0,1.0,1.0,1.0,1.0,1.0,0.5,0.5,0.5,0.5,0.7693696294505615,1.0,4.0,0.0,0.0,0.0,0.0,0.0,0.0,-0.7604309658201479,-2.6265289041619853,-30.0,-30.0,-30.0,-30.0,-30.0,0.75,0.0,0.0,1.0,0.0,0.0,0.0,0.0,0.0,0.0,0.0,0.0,0.0,0.0,0.0,0.0,5.552043914794922,0.0,0.0,106.24158477783203,-5.9604644775390625e-05,2.384185791015625e-05,93.67325592041016,0.0,0.0,0.3205708861351013,0.0,0.0,6.151574803149606e-05,0.0073203740157480315,0.05862450787401575,0.03190616797900263,0.00567995406824147,0.005372375328083989,0.8910145997375328,2.050524934383202e-05,1.0,0.1250000000000001,0.3059895833333333,0.99090576171875,0.0,0.28000546885681366,0.9172092013888888,1.0,0.0,0.09784438461065292,0.0,0.0
13c91a98bdfe97db,04_ocha_humanitarian_icons,OCHA Humanitarian Icons,zip compressed,zip compressed,MapAction OCHA humanitarian icons for GIS,https://github.com/mapaction/ocha-humanitarian-icons-for-gis,svg,zip-compressed.svg,icon_data/iconsets/04_ocha_humanitarian_icons/humanitarian-icons-v2-1-svg/zip-compressed.svg,icon_data/normalized_256/04_ocha_humanitarian_icons/zip_compressed__13c91a98bdfe.png,,zip compressed | OCHA Humanitarian Icons,zip compressed ocha humanitarian icons,false,true,true,0.73046875,0.00750732421875,1.0,376.0,0.091796875,174.29787234042553,1.0,0.73046875,0.4980392156862745,0.5,0.73046875,1.0,1.0,0.002772967769359,0.9893617021276596,1.0,0.018507687165775402,0.9818286229952008,1.0,0.0,0.8710334788937409,0.2677127420902252,0.12993651628494263,0.5574843883514404,0.044866327196359634,1.0,8.0,0.0,0.0,0.8688888549804688,0.46875,1.0,1.0,0.453125,0.46875,1.0,1.0,0.453125,0.46875,1.0,1.0,0.453125,0.46875,1.0,1.0,0.453125,0.7663444069149427,1.0,4.0,0.0,0.0,0.0,90.0,0.0,0.0,-0.7570837923185695,-2.548020001871297,-30.0,-30.0,-30.0,-30.0,-30.0,0.734375,0.0,2.0,0.0,0.0,0.0,0.0,0.0,0.0,0.0,0.0,0.0,0.0,0.0,0.0,0.0,5.552043914794922,0.0,0.0,106.24158477783203,-5.9604644775390625e-05,2.384185791015625e-05,93.67325592041016,0.0,0.0,0.25169873237609863,0.0,0.0,2.1053518042864963e-05,0.008252979072803066,0.025180007579266497,0.08810897300938987,0.0024843151290580654,0.0013053181186576278,0.874184176175839,0.0004631773969430292,0.9736101827094474,0.1250000000000001,0.2730614973262032,0.9907670454545454,90.0,0.30414017492015166,0.9217218137254902,1.0,0.0,0.08343522995710373,0.0,0.0
59f7cf4b24c41dc4,05_mulberry_symbols,Mulberry Symbols,charger electric,charger electric,Mulberry Symbols GitHub,https://github.com/mulberrysymbols/mulberry-symbols,svg,charger_electric.svg,icon_data/iconsets/05_mulberry_symbols/EN/charger_electric.svg,icon_data/normalized_256/05_mulberry_symbols/charger_electric__59f7cf4b24c4.png,,charger electric | Mulberry Symbols,charger electric mulberry symbols,false,true,true,0.236602783203125,0.0296478271484375,1.0,1024.0,0.25,64.0,0.3575942069092754,0.9041095890410958,0.5078431372549019,0.4980392156862745,0.7734375,0.85546875,0.4141836393989983,0.17016341113612654,0.20388198757763976,0.16280464941882264,0.13517348123307107,0.8809226224292694,1.0,0.0,0.48044865836276884,0.22040314972400665,0.07197403162717819,0.619701623916626,0.08792117983102798,0.0,19.0,0.07126817107200623,0.008202697584981891,0.7101224064826965,0.17236328125,0.082763671875,0.531982421875,0.330078125,0.184814453125,0.175048828125,0.8056640625,0.535400390625,0.142578125,0.19921875,0.242431640625,0.0,0.111083984375,0.15283203125,0.119384765625,0.0,0.04435341734762263,0.3575942069092754,14.0,0.25925925925925924,0.5925925925925926,0.14814814814814814,142.02435412020372,1.0,1.0,-0.3802813455039957,-1.6830247182077591,-2.4728889200049538,-1.813643517151995,4.740541798479777,-2.6566453518713136,3.9628723840409292,0.038863327354192734,0.03247760981321335,44.0,39.0,0.0,0.0,0.0,0.0,0.0,0.0,0.0,0.0,0.0,0.0,0.0,1.0,5.552043914794922,0.0,0.0,53.38896942138672,0.0,1.1920928955078125e-05,22.906902313232422,0.0,0.0,0.5198660492897034,0.000386946988262608,0.0012898232942086935,0.0005159293176834773,0.006255642976912163,0.12169482780859023,0.15871275635237972,0.02005675222494518,0.060815168321939894,0.5834515671353024,0.04682058557977557,0.8785253952156076,1.0,0.5571698722383653,0.8633711544670449,142.02435361651627,0.34575541175442104,0.5609441506513607,0.47658970721011223,0.07126817107200623,0.17644844949245453,0.0,0.0
f81f3d24abe2590e,05_mulberry_symbols,Mulberry Symbols,country Costa Rica,country Costa Rica,Mulberry Symbols GitHub,https://github.com/mulberrysymbols/mulberry-symbols,svg,country_Costa_Rica.svg,icon_data/iconsets/05_mulberry_symbols/EN/country_Costa_Rica.svg,icon_data/normalized_256/05_mulberry_symbols/country_costa_rica__f81f3d24abe2.png,,country Costa Rica | Mulberry Symbols,country costa rica mulberry symbols,false,true,true,0.198211669921875,0.037322998046875,3.0,736.0,0.1796875,89.04347826086956,0.26357438519600684,1.0,0.515686274509804,0.4725490196078431,0.8671875,0.8671875,0.40992142383792485,0.16422275539245998,0.18370694368507381,0.1617923262677757,0.1342571208622017,0.881634315189358,3.0,0.0,0.48214683393957386,0.35337552428245544,0.10837393254041672,0.21988926827907562,0.3183612823486328,0.0,39.0,0.25698933005332947,0.26818513990860465,0.29536688327789307,0.09619140625,0.080078125,0.119873046875,0.460693359375,0.333740234375,0.911376953125,0.39306640625,0.0,0.0,0.076416015625,0.56298828125,0.0673828125,0.0,0.0,0.01025390625,0.059326171875,0.053669315201439555,0.26357438519600684,17.0,0.23529411764705882,0.47058823529411764,0.29411764705882354,173.49239375523518,2.0,1.0,-0.40172281676079347,-2.2186925884519444,-1.2884102329415175,-2.181682564288932,-5.0313067446950415,-3.3228825989024684,3.918013903526078,0.07012142986059189,0.08362702280282974,37.0,28.0,0.019207115148074556,0.7664868956381872,0.0,0.0,0.0,0.0,0.0,0.03907654461159996,0.00510928186204939,0.0,0.006244677831393698,0.16387548490869525,95.1632308959961,2.9111504554748535,39.89021682739258,5.552043914794922,0.0,0.0,22.906902313232422,0.0,0.0,0.5760024189949036,0.00962278675904542,0.015935334872979216,0.003464203233256351,0.020092378752886837,0.13733641262509622,0.10677444187836797,0.002386451116243264,0.03833718244803695,0.5825250192455735,0.08352578906851424,0.8937676533387948,1.0,0.37237237237237236,0.6429875821767713,173.49239375523518,0.19605436796029066,0.5809340518347447,0.3590454195535027,0.25698933005332947,0.2204274982213974,0.04387990762124711,0.0
60fafea65eec88ff,05_mulberry_symbols,Mulberry Symbols,earrings,earrings,Mulberry Symbols GitHub,https://github.com/mulberrysymbols/mulberry-symbols,svg,earrings.svg,icon_data/iconsets/05_mulberry_symbols/EN/earrings.svg,icon_data/normalized_256/05_mulberry_symbols/earrings__60fafea65eec.png,,earrings | Mulberry Symbols,earrings mulberry symbols,false,true,true,0.1484375,0.02484130859375,2.0,901.0,0.219970703125,72.7369589345172,0.26649864394707284,0.8199052132701422,0.4745098039215686,0.5019607843137255,0.67578125,0.82421875,0.3583321054958008,0.06314267053927215,0.07337526205450734,0.3000133636242149,0.18606085526315788,0.8431270584156699,2.0,0.0,0.40185062789160614,0.08024061471223831,0.2764037251472473,0.49091291427612305,0.15244269371032715,0.0,18.0,0.2653377950191498,0.3193036253781186,0.8003474026918411,0.0,0.078369140625,0.139892578125,0.0634765625,0.098876953125,0.241455078125,0.34912109375,0.049560546875,0.063720703125,0.354736328125,0.354736328125,0.159423828125,0.0,0.358642578125,0.052734375,0.01025390625,0.03731438397377553,0.26649864394707284,16.0,0.21875,0.75,0.03125,116.2956928288522,0.0,1.0,-0.27406733059282373,-1.9697098090711036,-2.936864075147162,-2.6111990010173547,-5.5086190050388,-3.907545686965065,-5.56675111795539,0.0471966490149498,0.03901228308677673,72.0,16.0,0.2054086903676694,0.0,0.0,0.7793983591613491,0.015192950470981464,0.0,0.0,0.0,0.0,0.0,0.0,0.0,5.552043914794922,0.0,0.0,59.524139404296875,-52.370758056640625,46.17144012451172,42.48582077026367,65.02410888671875,50.09224319458008,0.5399534702301025,0.006373355263157895,0.010999177631578948,0.0008223684210526315,0.018297697368421052,0.22913240131578946,0.025699013157894735,0.0034950657894736842,0.012129934210526315,0.6802014802631579,0.012849506578947368,0.8580357058170747,1.0,0.6513437251732734,0.7437196942717037,116.29569282885228,0.19463118465446952,0.4337308114035088,0.25956003289473684,0.2653377950191498,0.2821245789527893,0.059107730263157895,0.0
8ccac8fbcc5ef442,05_mulberry_symbols,Mulberry Symbols,flag The Netherlands,flag The Netherlands,Mulberry Symbols GitHub,https://github.com/mulberrysymbols/mulberry-symbols,svg,flag_The_Netherlands.svg,icon_data/iconsets/05_mulberry_symbols/EN/flag_The_Netherlands.svg,icon_data/normalized_256/05_mulberry_symbols/flag_the_netherlands__8ccac8fbcc5e.png,,flag The Netherlands | Mulberry Symbols,flag the netherlands mulberry symbols,false,true,true,0.3869781494140625,0.025115966796875,1.0,514.0,0.12548828125,127.50194552529183,0.5711936936936937,0.9009009009009009,0.5,0.492156862745098,0.78125,0.8671875,0.7398083458525985,0.1368309347614582,0.8042828685258964,0.427823443305934,0.03375261227869564,0.9673494297593165,1.0,0.0,0.787388618088112,0.4556085169315338,0.020257003605365753,0.5038275718688965,0.020307011902332306,0.0,25.0,0.3693952262401581,0.4650380714962425,0.5216711461544037,0.32861328125,0.375,0.375,0.2109375,0.484375,1.0,1.0,0.5625,0.395751953125,0.484375,0.484375,0.2724609375,0.21826171875,0.0,0.0,0.0,0.4349393576277991,0.5711936936936937,13.0,0.07692307692307693,0.6153846153846154,0.3076923076923077,168.8732882492645,1.0,1.0,-0.6794037711469119,-2.2843449634420256,-2.768188226171229,-3.7274243853068274,-6.975264328554752,5.810128187319218,8.88021275458244,0.21070075035095215,0.18277378380298615,4.0,2.0,0.012573650003037113,0.0,0.0,0.0,0.0,0.0,0.0,0.3655469841462674,0.012452165461944968,0.00018222681163821905,0.0,0.6092449735771123,106.24158477783203,-5.9604644775390625e-05,2.384185791015625e-05,39.53524398803711,11.423871040344238,-43.26803207397461,50.31745910644531,75.10295867919922,41.34857177734375,0.610092043876648,0.0005914593273135917,0.0009069043018808407,0.0006308899491344978,0.003430464098418832,0.019557588423169434,0.1973108315918142,0.002326406687433461,0.005835732029494105,0.7062418674342494,0.0631678561570916,0.9589264850879469,0.5000000000000001,0.5181981981981982,0.7720833333333333,168.8732882492645,0.34453336783831695,0.8478898045555511,0.9040652971097354,0.3693952262401581,0.18436512351036072,0.2237687788336422,0.0
520986b8f519cbf8,05_mulberry_symbols,Mulberry Symbols,key 2,key 2,Mulberry Symbols GitHub,https://github.com/mulberrysymbols/mulberry-symbols,svg,key_2.svg,icon_data/iconsets/05_mulberry_symbols/EN/key_2.svg,icon_data/normalized_256/05_mulberry_symbols/key_2__520986b8f519.png,,key 2 | Mulberry Symbols,key mulberry symbols,false,true,true,0.18096923828125,0.011688232421875,1.0,409.0,0.099853515625,160.23471882640587,0.5050246976664964,0.4517543859649123,0.5019607843137255,0.49607843137254903,0.40234375,0.890625,0.7816258608758692,0.1506927016051117,0.9369590070227013,0.43271321575259725,0.061045531197301856,0.9424666242848061,1.0,0.0,0.6718785406752776,0.10627178102731705,0.18218331038951874,0.5378949642181396,0.17364993691444397,0.0,30.0,0.5070844292640686,0.5140147584251792,0.45730602741241455,0.0,0.140625,0.182373046875,0.0,0.0,0.2744140625,0.28125,0.0,0.0,0.50927734375,0.508544921875,0.0,0.0,0.4951171875,0.50390625,0.0,0.2843265534597154,0.5050246976664964,16.0,0.21875,0.71875,0.0625,90.33831872310019,1.0,2.0,-0.47562238707801874,-1.1701185137925145,-1.7247421183700957,-2.0624034134732603,-3.9560219711285898,-2.647568893656776,5.793982689675226,0.14495237171649933,0.03710244596004486,11.0,2.0,0.01609601786378861,0.622813546706364,0.0,0.0,0.0,0.0,0.0,0.0,0.0,0.02512095273539263,0.04624116114625977,0.289728321548195,90.98872375488281,-20.214916229248047,87.80381774902344,5.552043914794922,0.0,0.0,106.24158477783203,-5.9604644775390625e-05,2.384185791015625e-05,0.56084805727005,0.007672849915682968,0.015598650927487353,0.00193929173693086,0.007841483979763912,0.12166947723440134,0.15413153456998313,0.022765598650927487,0.07470489038785835,0.4765598650927487,0.11711635750421585,0.9352633361002801,1.0,0.3665474365525464,0.6461207630727304,90.33831872310019,0.7772542942993562,0.8609612141652615,0.995531197301855,0.5070844292640686,0.3696204423904419,0.0,0.0
34ba5b6f56c34d2d,05_mulberry_symbols,Mulberry Symbols,multi media,multi media,Mulberry Symbols GitHub,https://github.com/mulberrysymbols/mulberry-symbols,svg,multi_media.svg,icon_data/iconsets/05_mulberry_symbols/EN/multi_media.svg,icon_data/normalized_256/05_mulberry_symbols/multi_media__34ba5b6f56c3.png,,multi media | Mulberry Symbols,multi media mulberry symbols,false,true,true,0.3305206298828125,0.02374267578125,5.0,835.0,0.203857421875,78.48622754491018,0.5121772439232006,1.1237113402061856,0.5,0.503921568627451,0.8515625,0.7578125,0.6456814963857217,0.1474793948116685,0.3327385713406756,0.43869553666312433,0.07192650385485434,0.9328997803522977,5.0,0.0,0.6347545787545789,0.4283638298511505,0.10382384061813354,0.3901350200176239,0.07767737656831741,0.0,29.0,0.087074413895607,0.13453535224161117,0.5968072414398193,0.345947265625,0.5,0.0498046875,0.0,0.64794921875,0.959228515625,0.59423828125,0.180419921875,0.135009765625,0.587158203125,0.37158203125,0.025634765625,0.128662109375,0.524658203125,0.238037109375,0.0,0.11213816876151828,0.5121772439232006,12.0,0.125,0.75,0.125,66.18025866398986,0.0,1.0,-0.6014520230360038,-2.5436689861350406,-2.499592608233743,-3.706852360095094,6.863273201026,-5.308982901825941,7.1415593041530885,0.11267666518688202,0.09282973408699036,19.0,10.0,0.006096279167542569,0.11025856632331302,0.0,0.0,0.0,0.0,0.0,0.0,0.0,0.0,0.004624763506411604,0.8790203910027328,5.552043914794922,0.0,0.0,53.38896942138672,0.0,1.1920928955078125e-05,80.7330322265625,-2.9802322387695312e-05,1.1920928955078125e-05,0.6533694863319397,0.002492959697151563,0.004616592031762153,0.0033701121831863716,0.010987489035593925,0.0475970638474678,0.2786574950371636,0.011587645999723005,0.03660957481187387,0.49928442823507685,0.10479663912100087,0.9316553961282794,1.0,0.8039345502695545,0.79323512721082,66.18025831823246,0.21360800797074656,0.7226967052921532,0.5665020082175338,0.087074413895607,0.3349491357803345,0.0,0.0
651ed6b48d4e4ce0,05_mulberry_symbols,Mulberry Symbols,paint box,paint box,Mulberry Symbols GitHub,https://github.com/mulberrysymbols/mulberry-symbols,svg,paint_box.svg,icon_data/iconsets/05_mulberry_symbols/EN/paint_box.svg,icon_data/normalized_256/05_mulberry_symbols/paint_box__651ed6b48d4e.png,,paint box | Mulberry Symbols,paint box mulberry symbols,false,true,true,0.37451171875,0.0152130126953125,2.0,631.0,0.154052734375,103.86053882725832,0.5785950023573786,0.9619047619047619,0.4764705882352941,0.492156862745098,0.7890625,0.8203125,0.8335540838852097,0.11976347488881856,0.4317214023216473,0.5841993158200478,0.04766949152542373,0.9544994944388271,2.0,0.0,0.7239263803680982,0.5228545069694519,0.09107266366481781,0.25155070424079895,0.13452211022377014,0.0,78.0,0.24233105778694153,0.28185152135207303,0.4348256587982178,0.282470703125,0.559326171875,0.241455078125,0.0,0.501220703125,1.0,0.572265625,0.0,0.3359375,0.98291015625,0.8095703125,0.104736328125,0.053466796875,0.24951171875,0.240966796875,0.058349609375,0.22531156429164406,0.5785950023573786,19.0,0.15789473684210525,0.631578947368421,0.21052631578947367,63.114326588094244,0.0,1.0,-0.7230012548252689,-2.429872274427411,-3.6702320041778265,-4.343035326951682,-8.602544897088208,-5.66659361388482,8.430895999261947,0.21769502758979797,0.20738185942173004,28.0,5.0,0.024491366045477858,0.13404000683877587,0.46815694990596685,0.0023508292015729185,0.006753291160882202,0.0,0.0,0.0,0.011839630706103608,0.001538724568302274,0.019234057103778422,0.33159514446914,104.73958587646484,-10.913789749145508,34.48031997680664,5.552043914794922,0.0,0.0,22.906902313232422,0.0,0.0,0.614154040813446,0.013445241199478488,0.03829856584093872,0.0022816166883963492,0.007496740547588005,0.20021186440677965,0.05300684485006519,0.027297913950456325,0.11465123859191656,0.4394964146023468,0.1038135593220339,0.9610418950498496,1.0,0.78000942951438,0.6941301272984441,63.114326588094244,0.3221551790816249,0.7976559104737072,0.7078715775749674,0.24233105778694153,0.3577920198440552,0.00847457627118644,0.0
0a8d3ea6a14b7694,05_mulberry_symbols,Mulberry Symbols,pilot 2a,pilot 2a,Mulberry Symbols GitHub,https://github.com/mulberrysymbols/mulberry-symbols,svg,pilot_2a.svg,icon_data/iconsets/05_mulberry_symbols/EN/pilot_2a.svg,icon_data/normalized_256/05_mulberry_symbols/pilot_2a__0a8d3ea6a14b.png,,pilot 2a | Mulberry Symbols,pilot 2a mulberry symbols,false,true,true,0.3104705810546875,0.0218048095703125,2.0,829.0,0.202392578125,79.05428226779252,0.43611617190011787,0.9907834101382489,0.5098039215686274,0.5019607843137255,0.83984375,0.84765625,0.61250169328256,0.12413023240772766,0.20603402287949737,0.5261776177617762,0.07843908192853984,0.9272660985280043,2.0,0.0,0.6144345462781218,0.3043651878833771,0.17799408733844757,0.400917112827301,0.11672364175319672,0.0,60.0,0.33105993270874023,0.2397578496959011,0.7090831398963928,0.0,0.500732421875,0.259521484375,0.1923828125,0.16015625,0.901611328125,0.198486328125,0.0888671875,0.427734375,1.0,0.358154296875,0.0,0.124267578125,0.669677734375,0.0859375,0.0,0.10037937218138002,0.43611617190011787,12.0,0.16666666666666666,0.7083333333333334,0.125,114.32001789721681,1.0,2.0,-0.5855918662450966,-1.8432071218179968,-2.694469927295733,-2.8119343943002857,-5.56582752192563,-4.000718568321448,-6.814130505815755,0.12048839032649994,0.08516203612089157,45.0,13.0,0.061459596516370854,0.06316833866166906,0.0,0.0,0.0,0.0,0.01863080145518686,0.4600926028001323,0.013614816448021167,0.005071105721530151,0.010913901444162717,0.3670488369529269,5.552043914794922,0.0,0.0,39.53524398803711,11.423871040344238,-43.26803207397461,22.906902313232422,0.0,0.0,0.6121191382408142,0.01371209514916204,0.02354155403745024,0.009682017004963876,0.01764387870447732,0.1919201847938271,0.06959256892908046,0.01376124244360348,0.0617290018184499,0.46896348356023,0.1294539735587556,0.9410077111735655,1.0,0.5713428357089272,0.7120244346800986,114.32001791076543,0.46130515238700576,0.6607362264707328,0.36644222735538406,0.33105993270874023,0.20829804241657257,0.0,0.0
a6380f9f07fe0748,05_mulberry_symbols,Mulberry Symbols,smooth,smooth,Mulberry Symbols GitHub,https://github.com/mulberrysymbols/mulberry-symbols,svg,smooth.svg,icon_data/iconsets/05_mulberry_symbols/EN/smooth.svg,icon_data/normalized_256/05_mulberry_symbols/smooth__a6380f9f07fe.png,,smooth | Mulberry Symbols,smooth mulberry symbols,false,true,true,0.3091583251953125,0.0268096923828125,1.0,475.0,0.115966796875,137.97052631578947,0.596087084436599,1.2484848484848485,0.5,0.5058823529411764,0.8046875,0.64453125,0.8708041432071174,0.012417584624806006,0.5120149253731343,0.7246339802519578,0.03859631804945462,0.9628379983842608,1.0,0.0,0.7640758758532262,0.5070220828056335,0.04065930098295212,0.04902338609099388,0.40329524874687195,0.0,40.0,0.43575307726860046,0.27826518736849776,0.3335903286933899,0.10302734375,0.05322265625,0.0,0.0,0.285400390625,0.96484375,0.60986328125,0.359130859375,0.132568359375,1.0,0.877685546875,0.3828125,0.02880859375,0.14892578125,0.000244140625,0.0,0.41634872060218603,0.596087084436599,13.0,0.23076923076923078,0.23076923076923078,0.5384615384615384,11.195612833302306,0.0,1.0,-0.6977204382106198,-2.2774263919148816,-2.5766985325373217,-4.271874817403886,7.873192929032683,5.416146089823834,7.823048522769919,0.3117099702358246,0.07676167786121368,14.0,6.0,0.01460446247464503,0.2242393509127789,0.6464503042596349,0.0,0.0,0.0,0.0,0.0,0.0,0.0,0.004614604462474645,0.11009127789046654,76.13999938964844,-29.059558868408203,49.942291259765625,95.79481506347656,7.20086669921875,22.26296615600586,5.552043914794922,0.0,0.0,0.4845784604549408,0.012190908642219042,0.011055722817235082,0.0009377622032476186,0.0035536251912541336,0.10423967227678792,0.02902127239524209,0.0027145747988746856,0.03375943931691427,0.7281476728690588,0.07437934948916639,0.956857358648542,1.0,0.5822889085025007,0.6845248602530156,11.195612833302334,0.3622490391966086,0.8529194018064262,0.7082078870736883,0.43575307726860046,0.17785902321338654,0.0,0.0
8419e26eaf8a2ed7,05_mulberry_symbols,Mulberry Symbols,turkey 2,turkey 2,Mulberry Symbols GitHub,https://github.com/mulberrysymbols/mulberry-symbols,svg,turkey_2.svg,icon_data/iconsets/05_mulberry_symbols/EN/turkey_2.svg,icon_data/normalized_256/05_mulberry_symbols/turkey_2__8419e26eaf8a.png,,turkey 2 | Mulberry Symbols,turkey mulberry symbols,false,true,true,0.3997650146484375,0.0416107177734375,2.0,643.0,0.156982421875,101.92223950233281,0.5445871788475929,1.080568720379147,0.503921568627451,0.4627450980392157,0.890625,0.82421875,0.790435963192035,0.12821145066906986,0.5911934406316429,0.37433772228925144,0.046490324058170156,0.9555750082065871,2.0,0.0,0.7289040981554127,0.3896903693675995,0.24076738953590393,0.14064353704452515,0.2288987785577774,0.0,39.0,0.44295987486839294,0.4002071320874523,0.43679893016815186,0.0,0.0,0.347412109375,0.44677734375,0.025146484375,0.3837890625,0.591796875,0.314208984375,0.503662109375,1.0,1.0,0.614013671875,0.098388671875,0.38916015625,0.439208984375,0.24267578125,0.22192181840374403,0.5445871788475929,17.0,0.17647058823529413,0.7941176470588235,0.029411764705882353,140.9399181486798,0.0,2.0,-0.6546638406738275,-2.220184591433136,-2.3271831561695593,-3.3482574789445376,-6.266527100783838,-5.220180517129765,-6.440355166508381,0.2734118700027466,0.20311465859413147,21.0,5.0,0.01490830932455298,0.71866282526181,0.0,0.0,0.0,0.0,0.0,0.0,0.0,0.0,0.02350573924177985,0.24292312617185713,81.9476089477539,0.6507933139801025,58.094478607177734,5.552043914794922,0.0,0.0,53.38896942138672,0.0,1.1920928955078125e-05,0.5181025862693787,0.013969998854918127,0.025497156380014506,0.004733005076529639,0.01209969846177335,0.15206687278140388,0.03370357647238444,0.023817702965762053,0.08458338104507805,0.5502118401465704,0.09931676781556548,0.9603069696890969,0.5000000000000001,0.577035004573044,0.6889706493722458,140.93991814867974,0.3504060088554991,0.8118121556802422,0.7757929691972976,0.44295987486839294,0.24661682546138763,0.007481201572579106,0.0
f1dbaaccf91a93c6,06_blissymbolics,Blissymbolics,arrow bent,arrow bent,Blissymbolics GitHub,https://github.com/blissymbolics/blissymbols,svg,arrow_bent__92c4c925e45e.svg,icon_data/iconsets/06_blissymbolics/rendered_svg/chars/arrow_bent__92c4c925e45e.svg,icon_data/normalized_256/06_blissymbolics/arrow_bent_92c4c925e45e__f1dbaaccf91a.png,bliss_kind=char,arrow bent | Blissymbolics | bliss_kind=char,arrow bent blissymbolics bliss kind char,true,true,true,0.23828125,0.007293701171875,1.0,376.0,0.091796875,174.29787234042553,1.0,0.23828125,0.4980392156862745,0.5,0.23828125,1.0,1.0,0.002772967769359,0.967741935483871,1.0,0.04059938524590164,0.9609846153846154,1.0,0.0,0.7548337200309357,0.1281430423259735,0.33128300309181213,0.13994042575359344,0.40063348412513733,1.0,8.0,0.0,0.0,0.07313865423202515,0.0,0.484375,0.46875,0.0,0.0,0.484375,0.46875,0.0,0.0,0.484375,0.46875,0.0,0.0,0.484375,0.46875,0.0,0.48820379224052596,1.0,4.0,0.0,0.0,0.0,90.0,0.0,0.0,-0.43229991276341906,-0.9633143455799438,-30.0,-30.0,-30.0,-30.0,-30.0,0.2421875,0.0,2.0,0.0,0.0,0.0,0.0,0.0,0.0,0.0,0.0,0.0,0.0,0.0,0.0,0.0,106.24158477783203,-5.9604644775390625e-05,2.384185791015625e-05,5.552043914794922,0.0,0.0,93.67325592041016,0.0,0.0,0.13447906076908112,0.0,6.454111268878275e-05,0.0005808700141990448,0.006002323480056796,0.014457209242287336,0.044017038853749836,0.0013553633664644378,0.012198270298179941,0.9211307602943075,0.00019362333806634827,0.9519723360655737,0.2500000000000002,0.11475409836065574,0.9797643442622951,90.0,0.892570933506606,0.9463797814207652,1.0,0.0,0.1228010430932045,0.0,0.0
1bf6d6502e22fd36,06_blissymbolics,Blissymbolics,projector,projector,Blissymbolics GitHub,https://github.com/blissymbolics/blissymbols,svg,projector__d6064a663a22.svg,icon_data/iconsets/06_blissymbolics/rendered_svg/chars/projector__d6064a663a22.svg,icon_data/normalized_256/06_blissymbolics/projector_d6064a663a22__1bf6d6502e22.png,bliss_kind=char,projector | Blissymbolics | bliss_kind=char,projector blissymbolics bliss kind char,true,true,true,0.6171875,0.0189666748046875,1.0,376.0,0.091796875,174.29787234042553,1.0,0.6171875,0.5,0.5,0.6171875,1.0,1.0,0.0,1.0,1.0,0.020470727848101267,0.9799399166585909,1.0,0.0,0.8592794017675051,0.33406612277030945,0.1905694454908371,0.28607675433158875,0.18928776681423187,1.0,8.0,0.0,0.0,0.1275448203086853,0.234375,1.0,1.0,0.234375,0.234375,1.0,1.0,0.234375,0.234375,1.0,1.0,0.234375,0.234375,1.0,1.0,0.234375,0.7413891785829305,1.0,4.0,0.0,0.0,0.0,90.0,0.0,0.0,-0.7294393168828551,-2.1557037630010063,-30.0,-30.0,-30.0,-30.0,-30.0,0.6171875,0.0,0.0,1.0,0.0,0.0,0.0,0.0,0.0,0.0,0.0,0.0,0.0,0.0,0.0,0.0,106.24158477783203,-5.9604644775390625e-05,2.384185791015625e-05,5.552043914794922,0.0,0.0,93.67325592041016,0.0,0.0,0.2050556242465973,0.0,0.0007724509119904316,0.0006976975979268414,0.0030898036479617263,0.040142529652147915,0.050333898136150704,0.004460281072460879,0.00941891757201236,0.8905860659822585,0.000498355427090601,0.9874208860759495,0.1250000000000001,0.43829113924050633,0.9897893591772152,90.0,0.44831929987403035,0.9265559071729959,1.0,0.0,0.18410120904445648,0.0,0.0
7f0b8a0a616b25e4,06_blissymbolics,Blissymbolics,accident,accident,Blissymbolics GitHub,https://github.com/blissymbolics/blissymbols,svg,accident__f2b195dcacba.svg,icon_data/iconsets/06_blissymbolics/rendered_svg/words/accident__f2b195dcacba.svg,icon_data/normalized_256/06_blissymbolics/accident_f2b195dcacba__7f0b8a0a616b.png,bliss_kind=word,accident | Blissymbolics | bliss_kind=word,accident blissymbolics bliss kind word,true,true,true,0.71484375,0.0074310302734375,1.0,376.0,0.091796875,174.29787234042553,1.0,0.71484375,0.4980392156862745,0.5,0.71484375,1.0,1.0,0.002772967769359,0.9891304347826086,1.0,0.01874146174863388,0.9816033189456481,1.0,0.0,0.8696168696168696,0.3361448347568512,0.13761331140995026,0.38883939385414124,0.1374025195837021,1.0,8.0,0.0,0.0,0.05509042739868164,0.4375,1.0,1.0,0.421875,0.4375,1.0,1.0,0.421875,0.4375,1.0,1.0,0.421875,0.4375,1.0,1.0,0.421875,0.7636808268708373,1.0,4.0,0.0,0.0,0.0,90.0,0.0,0.0,-0.7541362215130466,-2.488169841454653,-30.0,-30.0,-30.0,-30.0,-30.0,0.71875,0.0,2.0,0.0,0.0,0.0,0.0,0.0,0.0,0.0,0.0,0.0,0.0,0.0,0.0,0.0,106.24158477783203,-5.9604644775390625e-05,2.384185791015625e-05,5.552043914794922,0.0,0.0,93.67325592041016,0.0,0.0,0.10753884166479111,0.0,0.0,0.0001290822253775655,0.000602383718428639,0.017275504496364183,0.028978959597263456,0.00273224043715847,0.003872466761326965,0.9463663353556215,4.30274084591885e-05,0.9785511820227346,0.1250000000000001,0.2073087431693989,0.9906506147540983,90.0,0.3236318835018127,0.9207507969034608,1.0,0.0,0.09038390219211578,0.0,0.0
067dab84101e4d40,06_blissymbolics,Blissymbolics,babysitter,babysitter,Blissymbolics GitHub,https://github.com/blissymbolics/blissymbols,svg,babysitter__8ce26ed0d4d1.svg,icon_data/iconsets/06_blissymbolics/rendered_svg/words/babysitter__8ce26ed0d4d1.svg,icon_data/normalized_256/06_blissymbolics/babysitter_8ce26ed0d4d1__067dab84101e.png,bliss_kind=word,babysitter | Blissymbolics | bliss_kind=word,babysitter blissymbolics bliss kind word,true,true,true,0.0823822021484375,0.019805908203125,3.0,661.0,0.161376953125,99.14674735249622,0.20567619047619048,2.380952380952381,0.5,0.596078431372549,0.9765625,0.41015625,0.22002159871222773,0.24531902733293537,0.4089248434237996,0.3716971544715447,0.2196703093165401,0.8198936977980258,3.0,0.0,0.36266541277624775,0.30970945954322815,0.19592109322547913,0.2869880199432373,0.20738136768341064,1.0,8.0,0.0,0.0,0.6431684792041779,0.0,0.0,0.0,0.0,0.04638671875,0.0595703125,0.0595703125,0.298828125,0.109375,0.064453125,0.064453125,0.409912109375,0.102783203125,0.0,0.0,0.102783203125,0.048234059351032685,0.20567619047619048,14.0,0.0,0.5714285714285714,0.42857142857142855,173.77082229203305,0.0,1.0,-0.129402303825673,-0.0241315389021857,-0.0591959507331559,-0.12665916931989535,-0.21640153444160307,-0.12895455748114312,-0.6988130730255951,0.03462669253349304,0.017753662541508675,18.0,4.0,0.0,0.0,0.0,0.0,0.0,0.0,0.0,0.0,0.0,0.0,0.0,0.0,5.552043914794922,0.0,0.0,106.24158477783203,-5.9604644775390625e-05,2.384185791015625e-05,53.38896942138672,0.0,1.1920928955078125e-05,0.5149925351142883,0.0,0.0003704389701796629,0.0005556584552694943,0.02018892387479163,0.1289127616225227,0.15576958696054824,0.0051861455825152804,0.008149657343952585,0.6804963882200408,0.0003704389701796629,0.8093476422279411,1.0,0.25843809523809524,0.9348,173.77082229203305,0.7632441172371622,0.556028894239674,0.623078347842193,0.0,0.4488603472709656,0.0,0.0
9c32fad280ea8306,06_blissymbolics,Blissymbolics,bruise,bruise,Blissymbolics GitHub,https://github.com/blissymbolics/blissymbols,svg,bruise__0e81a600332a.svg,icon_data/iconsets/06_blissymbolics/rendered_svg/words/bruise__0e81a600332a.svg,icon_data/normalized_256/06_blissymbolics/bruise_0e81a600332a__9c32fad280ea.png,bliss_kind=word,bruise | Blissymbolics | bliss_kind=word,bruise blissymbolics bliss kind word,true,true,true,0.9140625,0.0146331787109375,1.0,376.0,0.091796875,174.29787234042553,1.0,1.0940170940170941,0.5,0.5,1.0,0.9140625,1.0,0.0,1.0,1.0,0.016359508547008548,0.9839038170948032,1.0,0.0,0.8842701936702881,0.4579078257083893,0.18213464319705963,0.17994903028011322,0.18000854551792145,1.0,8.0,0.0,0.0,0.04402434825897217,0.828125,0.828125,0.828125,0.828125,1.0,1.0,1.0,1.0,1.0,1.0,1.0,1.0,0.828125,0.828125,0.828125,0.828125,0.7838149367790211,1.0,4.0,0.0,0.0,0.0,0.0,0.0,0.0,-0.7764075438847501,-3.6480366158377953,-30.0,-30.0,-30.0,-30.0,-30.0,0.9140625,0.0,0.0,1.0,0.0,0.0,0.0,0.0,0.0,0.0,0.0,0.0,0.0,0.0,0.0,0.0,106.24158477783203,-5.9604644775390625e-05,2.384185791015625e-05,5.552043914794922,0.0,0.0,93.67325592041016,0.0,0.0,0.0959009975194931,0.0,0.0,0.0,0.0005720438791304933,0.021552594387240057,0.01909617067097382,0.003078942055320008,0.004626825492967225,0.951056598694394,1.6824819974426273e-05,0.9746794871794872,0.1250000000000001,0.16613247863247863,0.9918369391025641,0.0,0.08961675949788017,0.9151976495726495,1.0,0.0,0.08004795014858246,0.0,0.0
d688ea743859b0af,06_blissymbolics,Blissymbolics,meatball,meatball,Blissymbolics GitHub,https://github.com/blissymbolics/blissymbols,svg,meatball__aad7c4cb2b0d.svg,icon_data/iconsets/06_blissymbolics/rendered_svg/words/meatball__aad7c4cb2b0d.svg,icon_data/normalized_256/06_blissymbolics/meatball_aad7c4cb2b0d__d688ea743859.png,bliss_kind=word,meatball | Blissymbolics | bliss_kind=word,meatball blissymbolics bliss kind word,true,true,true,0.124298095703125,0.02301025390625,4.0,589.0,0.143798828125,111.26655348047538,0.4073,3.125,0.5,0.6450980392156863,0.9765625,0.3125,0.49590600553982894,0.2244523677533514,0.5068442471328154,0.007544836116264688,0.1411735821261969,0.8762908777969018,4.0,0.0,0.46961835581690303,0.3670225143432617,0.25876370072364807,0.11203274875879288,0.2621810734272003,1.0,8.0,0.0,0.0,0.5291585326194763,0.0,0.0,0.0,0.0,0.014892578125,0.0,0.0,0.0,0.583251953125,0.31005859375,0.310546875,0.49560546875,0.092529296875,0.039306640625,0.03955078125,0.10302734375,0.07740314179551593,0.4073,23.0,0.043478260869565216,0.8695652173913043,0.08695652173913043,5.177185459386266,0.0,1.0,-0.07461930727973469,-0.22822657061395046,-2.0759010781299496,-2.6920334934778496,-5.076739273888068,-2.8106154115990893,6.310573415886072,0.037217482924461365,0.024325285106897354,9.0,5.0,0.0,0.0,0.0,0.0,0.0,0.0,0.0,0.0,0.0,0.0,0.0,0.0,5.552043914794922,0.0,0.0,106.24158477783203,-5.9604644775390625e-05,2.384185791015625e-05,22.906902313232422,0.0,0.0,0.5132037997245789,0.0,0.00024551927326295114,0.0020869138227350846,0.008347655290940338,0.20218512153204027,0.08580898600540142,0.010066290203780998,0.01497667566904002,0.6759145592929044,0.0003682789098944267,0.8420911944726067,0.6250000000000002,0.5072,0.821325,5.177185459386266,0.9130740959864179,0.7311154758981914,0.7323839921433832,0.0,0.47448840737342834,0.0,0.0
c7f27f7fd0d5d77b,06_blissymbolics,Blissymbolics,oats,oats,Blissymbolics GitHub,https://github.com/blissymbolics/blissymbols,svg,oats__4b6cc5f2c3e5.svg,icon_data/iconsets/06_blissymbolics/rendered_svg/words/oats__4b6cc5f2c3e5.svg,icon_data/normalized_256/06_blissymbolics/oats_4b6cc5f2c3e5__c7f27f7fd0d5.png,bliss_kind=word,oats | Blissymbolics | bliss_kind=word,oats blissymbolics bliss kind word,true,true,true,0.71484375,0.0081329345703125,1.0,376.0,0.091796875,174.29787234042553,1.0,0.71484375,0.4980392156862745,0.5,0.71484375,1.0,1.0,0.002772967769359,0.9891304347826086,1.0,0.01874146174863388,0.9816033189456481,1.0,0.0,0.8696168696168696,0.2479325532913208,0.41517511010169983,0.23677590489387512,0.10011645406484604,1.0,8.0,0.0,0.0,0.031044185161590576,0.4375,1.0,1.0,0.421875,0.4375,1.0,1.0,0.421875,0.4375,1.0,1.0,0.421875,0.4375,1.0,1.0,0.421875,0.7636808268708373,1.0,4.0,0.0,0.0,0.0,90.0,0.0,0.0,-0.7541362215130466,-2.488169841454653,-30.0,-30.0,-30.0,-30.0,-30.0,0.71875,0.0,2.0,0.0,0.0,0.0,0.0,0.0,0.0,0.0,0.0,0.0,0.0,0.0,0.0,0.0,106.24158477783203,-5.9604644775390625e-05,2.384185791015625e-05,5.552043914794922,0.0,0.0,93.67325592041016,0.0,0.0,0.0715848058462143,0.0,0.0,0.0,8.6054816918377e-05,0.019082655651650102,0.008153693903016221,0.0026892130286992814,0.004388795662837227,0.9655995869368788,0.0,0.9785511820227346,0.1250000000000001,0.14275956284153005,0.9906506147540983,90.0,0.3236318835018127,0.9207507969034608,1.0,0.0,0.052598048001527786,0.0,0.0
e0bee5c0b0d5a7d6,06_blissymbolics,Blissymbolics,salt crystal,salt crystal,Blissymbolics GitHub,https://github.com/blissymbolics/blissymbols,svg,salt_crystal__f82de49513e1.svg,icon_data/iconsets/06_blissymbolics/rendered_svg/words/salt_crystal__f82de49513e1.svg,icon_data/normalized_256/06_blissymbolics/salt_crystal_f82de49513e1__e0bee5c0b0d5.png,bliss_kind=word,salt crystal | Blissymbolics | bliss_kind=word,salt crystal blissymbolics bliss kind word,true,true,true,0.77734375,0.016021728515625,1.0,376.0,0.091796875,174.29787234042553,1.0,1.2864321608040201,0.5,0.4980392156862745,1.0,0.77734375,1.0,0.002772967769359,1.0,0.99,0.017862751256281405,0.9824507270413083,1.0,0.0,0.8749656499038198,0.19797009229660034,0.31991279125213623,0.160350039601326,0.32176703214645386,1.0,8.0,0.0,0.0,0.05162978172302246,0.5625,0.5625,0.5625,0.5625,1.0,1.0,1.0,1.0,1.0,1.0,1.0,1.0,0.546875,0.546875,0.546875,0.546875,0.7730723156356886,1.0,4.0,0.0,0.0,0.0,0.0,0.0,0.0,-0.7645269687299555,-2.7447760708791544,-30.0,-30.0,-30.0,-30.0,-30.0,0.78125,0.0,2.0,0.0,0.0,0.0,0.0,0.0,0.0,0.0,0.0,0.0,0.0,0.0,0.0,0.0,106.24158477783203,-5.9604644775390625e-05,2.384185791015625e-05,5.552043914794922,0.0,0.0,93.67325592041016,0.0,0.0,0.11444175243377686,0.0,5.935187749772485e-05,0.0003165433466545325,0.004827286036481621,0.014244450599453963,0.032742452419578204,0.0016618525699362955,0.009535868317967792,0.9362758675266094,0.0003363273058204408,0.9802460578755848,0.1250000000000001,0.20854271356783918,0.9910882537688442,0.0,0.24668283635326008,0.918838986599665,1.0,0.0,0.09853982925415039,0.0,0.0
f3ac148d14f99a51,06_blissymbolics,Blissymbolics,scales,scales,Blissymbolics GitHub,https://github.com/blissymbolics/blissymbols,svg,scales__39cbaa68e8ae.svg,icon_data/iconsets/06_blissymbolics/rendered_svg/words/scales__39cbaa68e8ae.svg,icon_data/normalized_256/06_blissymbolics/scales_39cbaa68e8ae__f3ac148d14f9.png,bliss_kind=word,scales | Blissymbolics | bliss_kind=word,scales blissymbolics bliss kind word,true,true,true,0.90625,0.020416259765625,1.0,376.0,0.091796875,174.29787234042553,1.0,0.90625,0.5,0.5,0.90625,1.0,1.0,0.0,1.0,1.0,0.016433189655172414,0.9838324940365757,1.0,0.0,0.8838095238095238,0.32943812012672424,0.24178317189216614,0.1864224523305893,0.2423563152551651,1.0,8.0,0.0,0.0,0.07765525579452515,0.8125,1.0,1.0,0.8125,0.8125,1.0,1.0,0.8125,0.8125,1.0,1.0,0.8125,0.8125,1.0,1.0,0.8125,0.7834985172080968,1.0,4.0,0.0,0.0,0.0,90.0,0.0,0.0,-0.7760576632350591,-3.5685562650721154,-30.0,-30.0,-30.0,-30.0,-30.0,0.90625,0.0,0.0,1.0,0.0,0.0,0.0,0.0,0.0,0.0,0.0,0.0,0.0,0.0,0.0,0.0,106.24158477783203,-5.9604644775390625e-05,2.384185791015625e-05,5.552043914794922,0.0,0.0,93.67325592041016,0.0,0.0,0.14203226566314697,0.0,8.484930762964974e-05,0.0006957643225631279,0.0018497149063263644,0.03602701601954928,0.020754140646212327,0.004378224273689927,0.007229161010046158,0.9286417322834646,0.00033939723051859896,0.9660919540229885,0.1250000000000001,0.22898706896551724,0.9918002424568966,90.0,0.09812496858191318,0.9148257902298851,1.0,0.0,0.11790119111537933,0.0,0.0
9b513da0bbf6fec5,06_blissymbolics,Blissymbolics,signal receiver 1,signal receiver 1,Blissymbolics GitHub,https://github.com/blissymbolics/blissymbols,svg,signal_receiver_1__175ce644b442.svg,icon_data/iconsets/06_blissymbolics/rendered_svg/words/signal_receiver_1__175ce644b442.svg,icon_data/normalized_256/06_blissymbolics/signal_receiver_1_175ce644b442__9b513da0bbf6.png,bliss_kind=word,signal receiver 1 | Blissymbolics | bliss_kind=word,signal receiver blissymbolics bliss kind word,true,true,true,0.66796875,0.0219268798828125,1.0,376.0,0.091796875,174.29787234042553,1.0,0.66796875,0.4980392156862745,0.5,0.66796875,1.0,1.0,0.002772967769359,0.9883720930232558,1.0,0.019508406432748537,0.9808648890880574,1.0,0.0,0.8650015807777427,0.13453352451324463,0.21815557777881622,0.4291263222694397,0.21818462014198303,1.0,8.0,0.0,0.0,0.08714866638183594,0.34375,1.0,1.0,0.328125,0.34375,1.0,1.0,0.328125,0.34375,1.0,1.0,0.328125,0.34375,1.0,1.0,0.328125,0.7542758420412923,1.0,4.0,0.0,0.0,0.0,90.0,0.0,0.0,-0.743723528653156,-2.3211410420246232,-30.0,-30.0,-30.0,-30.0,-30.0,0.671875,0.0,2.0,0.0,0.0,0.0,0.0,0.0,0.0,0.0,0.0,0.0,0.0,0.0,0.0,0.0,106.24158477783203,-5.9604644775390625e-05,2.384185791015625e-05,5.552043914794922,0.0,0.0,93.67325592041016,0.0,0.0,0.16195428371429443,0.0,0.00011511718929870608,0.0004144218814753419,0.0018648984666390386,0.03614679743979371,0.0374821568356587,0.004719804761246949,0.00888704701386011,0.9101164985955703,0.0002532578164571534,0.9711755715045189,0.1250000000000001,0.3347953216374269,0.9902686403508771,90.0,0.3829596412556054,0.9238547758284601,1.0,0.0,0.14368286728858948,0.0,0.0
ab4c6a5c76f157ea,07_arasaac_pictograms,ARASAAC Pictograms,shoemaker,shoemaker,ARASAAC API/static pictograms,https://arasaac.org,png,11401.png,icon_data/iconsets/07_arasaac_pictograms/png_300/11401.png,icon_data/normalized_256/07_arasaac_pictograms/11401__ab4c6a5c76f1.png,arasaac_id=11401,shoemaker | ARASAAC Pictograms | arasaac_id=11401,shoemaker arasaac pictograms id 11401,true,true,true,0.5246124267578125,0.054107666015625,1.0,1084.0,0.2646484375,60.457564575645755,0.5658492429229757,1.0122448979591836,0.5,0.5019607843137255,0.96875,0.95703125,0.7323286649981362,0.08440848520699562,0.5908291689801962,0.5202069331446764,0.0575899479363602,0.9455460520887764,1.0,5.0,1.0,0.4939490258693695,0.12957867980003357,0.23991724848747253,0.1365550011396408,0.0,64.0,0.3256908357143402,0.2967340398935017,0.46076399087905884,0.05908203125,0.083984375,0.587890625,0.158935546875,0.56201171875,0.797607421875,0.871826171875,0.389404296875,0.37744140625,0.69775390625,0.97998046875,0.708251953125,0.430419921875,0.578125,0.578125,0.532958984375,0.11020415980315343,0.5658492429229757,17.0,0.0,0.7647058823529411,0.23529411764705882,175.5046863276674,0.0,1.0,-0.6842611046516063,-3.618702704780761,-3.0241031292299523,-4.553214496855421,8.545548653753317,-6.636078096602123,8.449716497870083,0.14328798651695251,0.07438511401414871,56.0,13.0,0.37975263398992215,0.048164387147437995,0.46397487075453175,0.007525685491787186,0.006478633597277665,0.0022904260192395786,0.016621948825338656,0.06655323604476147,0.007656566978600877,0.0001308814868136902,0.0007852889208821412,6.54407434068451e-05,106.24158477783203,-5.9604644775390625e-05,2.384185791015625e-05,5.552043914794922,0.0,0.0,62.60882568359375,-30.90411376953125,61.9676399230957,0.7019021511077881,0.012506907885169134,0.022047060876646984,0.010790843779994765,0.02446118495680754,0.1672144498414822,0.12166603647363369,0.01983653762252407,0.037840667810709404,0.49678601553183444,0.08685029522119775,0.9373248106499616,0.1250000000000001,0.6125082290980909,0.7726711652402897,175.50468632766734,0.07497383951824918,0.6814810505802624,0.7926180157645211,0.3256908357143402,0.3733580410480499,0.03190715802332684,0.0
255623028b70fd39,07_arasaac_pictograms,ARASAAC Pictograms,Cinderella,Cinderella,ARASAAC API/static pictograms,https://arasaac.org,png,21527.png,icon_data/iconsets/07_arasaac_pictograms/png_300/21527.png,icon_data/normalized_256/07_arasaac_pictograms/21527__255623028b70.png,arasaac_id=21527,Cinderella | ARASAAC Pictograms | arasaac_id=21527,cinderella arasaac pictograms id 21527,true,true,true,0.453277587890625,0.0314178466796875,5.0,1009.0,0.246337890625,64.95143706640238,0.5052040816326531,0.9795918367346939,0.5,0.5019607843137255,0.9375,0.95703125,0.6701332100116179,0.11739568423229665,0.4188956820787161,0.36786849012294515,0.0763482124823268,0.9290673672358791,5.0,17.0,1.0,0.15791037678718567,0.1844317615032196,0.44435763359069824,0.2133001983165741,0.0,77.0,0.28382474184036255,0.21924374096613636,0.4701414108276367,0.000244140625,0.451416015625,0.1181640625,0.05712890625,0.068359375,0.86572265625,0.67041015625,0.489013671875,0.462890625,1.0,0.6787109375,0.330810546875,0.60888671875,0.855712890625,0.39794921875,0.197021484375,0.07257180756381897,0.5052040816326531,15.0,0.36666666666666664,0.5666666666666667,0.06666666666666667,129.7508325208389,0.0,1.0,-0.6573956713489587,-2.525518936270292,-3.14530476814762,-4.074975550640928,7.708131204926695,-5.357034860303831,-8.183888823492387,0.06745250523090363,0.08123544603586197,60.0,28.0,0.024541845450535348,0.13369691622889682,0.012431326943898624,0.0002807073826041625,0.0004411116012351125,0.0022055580061755625,0.6852067209367606,0.05610137546617476,0.012230821670609937,0.068131691863496,0.004371014957693388,0.0003609094919196375,91.17677307128906,-11.755525588989258,-3.9523839950561523,5.552043914794922,0.0,0.0,22.906902313232422,0.0,0.0,0.6986303329467773,0.024574160102336227,0.04871069817545277,0.015081128391570726,0.033326600686729956,0.20659126102470882,0.032821652191476466,0.021881101460984313,0.051976031778091965,0.2481990170335959,0.3168383491550529,0.9358380466477065,0.1250000000000001,0.5970068027210884,0.7538860544217687,129.7508325208389,0.24810539225561906,0.6666105612783052,0.6673399313270046,0.28382474184036255,0.36909663677215576,6.732646603379788e-05,0.0
a6de1dec67d7aed5,07_arasaac_pictograms,ARASAAC Pictograms,bucket and spade,bucket and spade,ARASAAC API/static pictograms,https://arasaac.org,png,2361.png,icon_data/iconsets/07_arasaac_pictograms/png_300/2361.png,icon_data/normalized_256/07_arasaac_pictograms/2361__a6de1dec67d7.png,arasaac_id=2361,bucket and spade | ARASAAC Pictograms | arasaac_id=2361,bucket and spade arasaac pictograms id 2361,true,true,true,0.220245361328125,0.01580810546875,1.0,565.0,0.137939453125,115.9929203539823,0.5348302949459018,1.108974358974359,0.5019607843137255,0.5,0.67578125,0.609375,0.6897309695608544,0.04739821724546997,0.48177805153475,0.45665556564739124,0.08147429679922405,0.9246636771300448,1.0,2.0,1.0,0.4265727996826172,0.09815458953380585,0.30419155955314636,0.17108100652694702,0.0,24.0,0.5675864815711975,0.5692914917333174,0.6823635697364807,0.03271484375,0.0556640625,0.0361328125,0.0,0.0927734375,0.32958984375,0.677490234375,0.201171875,0.01025390625,0.911376953125,0.94677734375,0.102294921875,0.0,0.12353515625,0.004150390625,0.0,0.13115411507333483,0.5348302949459018,17.0,0.29411764705882354,0.5882352941176471,0.11764705882352941,178.4322347117028,1.0,1.0,-0.6377324513458037,-2.8307636954152513,-2.6837810321844877,-3.142033637807515,-6.090369964841572,5.0026350977888745,6.46611242868908,0.07228825986385345,0.08473047614097595,35.0,6.0,0.4093525817022407,8.85661146045523e-05,8.85661146045523e-05,0.0,0.0,0.0,0.43955362678239307,0.10185103179523514,0.03462935081037995,0.0014170578336728367,0.004074041271809405,0.008945177575059781,5.552043914794922,0.0,0.0,75.94618225097656,-20.668537139892578,-27.36417007446289,50.046669006347656,74.3423080444336,58.65650939941406,0.5418400764465332,0.0146182624359152,0.0241097408895663,0.007898018567271719,0.02009145074130525,0.18394069557988083,0.04052930580573646,0.09997228765414992,0.09013440487737287,0.46771511708466124,0.05099071636414022,0.9371466191194475,1.0,1.02504816955684,0.775418704609456,178.4322347117028,0.16685937158467454,0.7372869613412775,0.7222530137176112,0.5675864815711975,0.23328138887882233,0.2882083968407926,0.0
92617f40c2c43b99,07_arasaac_pictograms,ARASAAC Pictograms,all,all,ARASAAC API/static pictograms,https://arasaac.org,png,27091.png,icon_data/iconsets/07_arasaac_pictograms/png_300/27091.png,icon_data/normalized_256/07_arasaac_pictograms/27091__92617f40c2c4.png,arasaac_id=27091,all | ARASAAC Pictograms | arasaac_id=27091,all arasaac pictograms id 27091,true,true,true,0.18170166015625,0.0377960205078125,4.0,973.0,0.237548828125,67.35457348406989,0.29927117366172407,1.329479768786127,0.5,0.5019607843137255,0.8984375,0.67578125,0.3836772831988143,0.0023862679911698004,0.957586717080388,0.947661105659143,0.19297950957339605,0.8382373644938759,4.0,1.0,0.3931070909811171,0.3355640172958374,0.24032184481620789,0.18270117044448853,0.2414129674434662,0.0,8.0,0.4644835591316223,0.568460535688234,0.8196337074041367,0.01123046875,0.08544921875,0.0849609375,0.011962890625,0.25634765625,0.36474609375,0.364501953125,0.260498046875,0.260009765625,0.373779296875,0.373046875,0.264892578125,0.012451171875,0.08447265625,0.08544921875,0.013427734375,0.028336658826153938,0.29927117366172407,16.0,0.8205128205128205,0.1794871794871795,0.0,0.041252743071822806,0.0,2.0,-0.39494677432340336,-1.3870118865201249,-6.238469451964107,-7.625541198606414,-14.732989808994608,-8.381044218310883,-14.685702551389124,0.025795776396989822,0.02128627337515354,40.0,22.0,0.041869217500392034,0.0,0.0,0.0,0.0,0.0,0.0,0.0,0.0,0.0,0.0,0.9581307824996079,5.552043914794922,0.0,0.0,50.046669006347656,74.3423080444336,58.65650939941406,42.48582077026367,65.02410888671875,50.09224319458008,0.2832726836204529,0.003694994961370507,0.00747396708095398,8.397715821296607e-05,0.00428283506886127,0.08322136378904937,0.01133691635875042,0.004030903594222372,0.01259657373194491,0.8677359758145784,0.0055424924420557605,0.8223559135162739,1.0,0.6433777330987686,0.7800075395828098,0.041252743071822806,0.5028527517643486,0.5109170305676857,1.0,0.4644835591316223,0.15448123216629028,0.5053745381256298,0.0
8025a575373cd6a9,07_arasaac_pictograms,ARASAAC Pictograms,epidural,epidural,ARASAAC API/static pictograms,https://arasaac.org,png,32286.png,icon_data/iconsets/07_arasaac_pictograms/png_300/32286.png,icon_data/normalized_256/07_arasaac_pictograms/32286__8025a575373c.png,arasaac_id=32286,epidural | ARASAAC Pictograms | arasaac_id=32286,epidural arasaac pictograms id 32286,true,true,true,0.332275390625,0.017242431640625,1.0,646.0,0.15771484375,101.44891640866874,0.5024689648807051,0.7982832618025751,0.5,0.5019607843137255,0.7265625,0.91015625,0.670856438693777,0.21370707714857276,0.4171547572562801,0.3636420564844386,0.050789860396767084,0.9516650642426361,1.0,2.0,1.0,0.49281325936317444,0.0994030311703682,0.29191139340400696,0.1158723309636116,0.0,43.0,0.20929867029190063,0.2922262591301436,0.4394356608390808,0.13427734375,0.542724609375,0.0,0.0,0.34033203125,0.411865234375,0.0,0.0,0.41748046875,0.855712890625,0.354736328125,0.1904296875,0.30224609375,0.728515625,0.724853515625,0.313232421875,0.2237060440489696,0.5024689648807051,13.0,0.2,0.76,0.04,58.20571346991596,0.0,1.0,-0.5319170828750092,-1.7172715751473138,-1.8024092584919555,-2.6602280134178584,-5.911079622328499,4.357502410896698,4.893540445002912,0.24287670850753784,0.08736074715852737,17.0,10.0,0.63141217778539,0.011646827096000685,0.033998458508178474,0.0,0.0032542605121178383,0.3114669863834889,0.006851074762353344,0.000428192172647084,0.000856384345294168,0.0,0.0,8.56384345294168e-05,5.552043914794922,0.0,0.0,93.67325592041016,0.0,0.0,106.24158477783203,-5.9604644775390625e-05,2.384185791015625e-05,0.686066746711731,0.012582659808963998,0.024200955180014694,0.00523512123438648,0.019608743570903746,0.14350661278471713,0.10098273328434974,0.05492285084496694,0.07287839823659074,0.5206190301249082,0.04546289493019838,0.948296151232455,1.0,0.6992477733167197,0.7489962619410218,58.205713469915935,0.47128248022463626,0.7848242713690915,0.6066770756796473,0.20929867029190063,0.3952743709087372,0.0,0.0
a51195a2d92d9ff2,07_arasaac_pictograms,ARASAAC Pictograms,beetle,beetle,ARASAAC API/static pictograms,https://arasaac.org,png,3301.png,icon_data/iconsets/07_arasaac_pictograms/png_300/3301.png,icon_data/normalized_256/07_arasaac_pictograms/3301__a51195a2d92d.png,arasaac_id=3301,beetle | ARASAAC Pictograms | arasaac_id=3301,beetle arasaac pictograms id 3301,true,true,true,0.2856903076171875,0.03643798828125,1.0,799.0,0.195068359375,82.02252816020025,0.35576119176103976,0.9449152542372882,0.4980392156862745,0.5,0.87109375,0.921875,0.5076666531093668,0.055711477767815966,0.5124808142822522,0.5082165297245046,0.10073172034396197,0.9084865835314668,1.0,0.0,0.5537546952175327,0.24663633108139038,0.2632281482219696,0.2403307855129242,0.24980472028255463,1.0,8.0,0.0,0.0,0.9638152904808521,0.044677734375,0.474853515625,0.175537109375,0.0,0.0869140625,0.962646484375,0.765869140625,0.109619140625,0.0,0.62255859375,0.970458984375,0.1875,0.0,0.05859375,0.11181640625,0.0,0.06614574686410858,0.35576119176103976,12.0,0.0,0.25,0.75,56.875542293142836,0.0,1.0,-0.7003885344537841,-2.3252937273751138,-3.6654260307022266,-6.27332296297427,-11.341814246310232,-7.480182934146191,-11.460677590395848,0.0652184933423996,0.11979655176401138,58.0,34.0,0.0,0.0,0.0,0.0,0.0,0.0,0.0,0.0,0.0,0.0,0.0,0.0,5.552043914794922,0.0,0.0,93.67325592041016,0.0,0.0,106.24158477783203,-5.9604644775390625e-05,2.384185791015625e-05,0.1232461929321289,0.0011750253698659403,0.0038455375741067136,0.0015488970784596485,0.0064626395342626715,0.04048496501629013,0.004860332211718207,0.000801153661272232,0.00021364097633926187,0.925919991454361,0.014687817123324254,0.9250842855854471,1.0,0.3605685186592688,0.7007771528463935,56.875542293142786,0.34493850024307143,0.689989139917036,0.7412807776531539,0.0,0.13818752765655518,0.0,0.0
97bbfcfc069b7629,07_arasaac_pictograms,ARASAAC Pictograms,fight,fight,ARASAAC API/static pictograms,https://arasaac.org,png,34496.png,icon_data/iconsets/07_arasaac_pictograms/png_300/34496.png,icon_data/normalized_256/07_arasaac_pictograms/34496__97bbfcfc069b.png,arasaac_id=34496,fight | ARASAAC Pictograms | arasaac_id=34496,fight arasaac pictograms id 34496,true,true,true,0.3560943603515625,0.0320587158203125,4.0,1153.0,0.281494140625,56.839549002601906,0.5501933232742361,0.7302904564315352,0.5,0.49411764705882355,0.6875,0.94140625,0.6453816371681416,0.011885870689397806,0.5157833203429463,0.49605743957946025,0.1036122894973647,0.9061153174140943,4.0,3.0,0.75,0.22308588027954102,0.21065112948417664,0.36098045110702515,0.20528262853622437,0.0,63.0,0.6567392349243164,0.5695460520387977,0.6023758351802826,0.108642578125,0.468994140625,0.580810546875,0.0,0.208251953125,0.74169921875,0.796630859375,0.053466796875,0.1337890625,0.6181640625,0.765380859375,0.0927734375,0.20654296875,0.171875,0.54296875,0.20751953125,0.050158240927278254,0.5501933232742361,13.0,0.23076923076923078,0.6153846153846154,0.15384615384615385,80.93171239817262,0.0,1.0,-0.5594694686727267,-2.0991166526392573,-3.6286272236955552,-3.9512406061903222,7.741194877670392,-5.098177052738639,-9.755209906285874,0.09452816843986511,0.04869598522782326,95.0,33.0,0.39982212559909086,0.1640891348386778,0.024754187459854735,0.013192351400760907,0.18993033252631059,0.005138593804041702,0.19679826078363555,0.0009387815603537725,0.004100993132071742,9.881911161618657e-05,0.0007905528929294925,0.000345866890656653,5.552043914794922,0.0,0.0,71.2458724975586,-64.60491180419922,58.50423049926758,75.05999755859375,-25.645166397094727,-28.800142288208008,0.7397268414497375,0.02039679478939024,0.033380468783476884,0.01795432146376998,0.03706560397651797,0.20842439045292882,0.03740840725028924,0.05861935981488623,0.08831469340532203,0.2727857051034837,0.22565025495993488,0.9265163459090106,1.0,0.9023010184835911,0.8525084873632591,80.93171239817265,0.32352745569806335,0.606147605376298,0.7772635728671209,0.6567392349243164,0.3002372682094574,0.10562625873077088,0.0
52c97289f9c9f6dc,07_arasaac_pictograms,ARASAAC Pictograms,agricultural machiner store,agricultural machiner store,ARASAAC API/static pictograms,https://arasaac.org,png,36253.png,icon_data/iconsets/07_arasaac_pictograms/png_300/36253.png,icon_data/normalized_256/07_arasaac_pictograms/36253__52c97289f9c9.png,arasaac_id=36253,agricultural machiner store | ARASAAC Pictograms | arasaac_id=36253,agricultural machiner store arasaac pictograms id 36253,true,true,true,0.6152496337890625,0.0572509765625,1.0,991.0,0.241943359375,66.13118062563068,0.6425657370517929,0.9960159362549801,0.503921568627451,0.5098039215686274,0.9765625,0.98046875,0.8065490478476556,0.10343335296251975,0.46749890813801137,0.5784302211783128,0.05089159495052206,0.9515729355957804,1.0,6.0,1.0,0.423448383808136,0.11890700459480286,0.31727346777915955,0.1403711438179016,0.0,89.0,0.2797073423862457,0.29731549937925833,0.4740546941757202,0.77685546875,0.921875,0.41845703125,0.0,0.875,1.0,0.569091796875,0.113037109375,0.7705078125,1.0,0.85595703125,0.58935546875,0.239990234375,0.593017578125,0.700927734375,0.419921875,0.12033347144362942,0.6425657370517929,12.0,0.20833333333333334,0.625,0.16666666666666666,51.487303357192566,0.0,1.0,-0.7107562420006701,-2.3153495232250787,-3.24488475018069,-4.043545733592395,-7.765927630470042,-5.9058612739464555,-7.947539555899036,0.15165245532989502,0.16873954236507416,35.0,16.0,0.16816485307259632,0.15344582873363824,0.4214897755348788,0.017189717710140356,0.11675340377437839,0.0036271881406718183,0.10445250486253482,0.0002628397203385376,0.009462229932187352,0.0014719024338958103,0.0033117804762655733,0.0003679756084739526,93.67325592041016,0.0,0.0,5.552043914794922,0.0,0.0,75.84243774414062,-31.733989715576172,64.5989990234375,0.8588629961013794,0.026837314284296948,0.04377805888334946,0.016345462211970137,0.043356400525832776,0.14919264826251954,0.12391795024431382,0.059404221544261726,0.08733288687154302,0.26405734553662225,0.18577771163529033,0.9623508185920102,0.1250000000000001,0.6726374501992032,0.7966852589641434,51.487303357192594,0.3573398743720923,0.7517092003339864,0.6794970362838223,0.2797073423862457,0.3493943214416504,0.04625381314947546,0.0
4ca95e3d476453ba,07_arasaac_pictograms,ARASAAC Pictograms,public telephone,public telephone,ARASAAC API/static pictograms,https://arasaac.org,png,37502.png,icon_data/iconsets/07_arasaac_pictograms/png_300/37502.png,icon_data/normalized_256/07_arasaac_pictograms/37502__4ca95e3d4764.png,arasaac_id=37502,public telephone | ARASAAC Pictograms | arasaac_id=37502,public telephone arasaac pictograms id 37502,true,true,true,0.580169677734375,0.0459747314453125,1.0,610.0,0.14892578125,107.43606557377049,0.8733261363897374,0.8914027149321267,0.4470588235294118,0.4980392156862745,0.76953125,0.86328125,0.9466686585001494,0.008970814147728316,0.9698476841778054,0.9594928880643167,0.02472252906212193,0.9758739284430984,1.0,1.0,1.0,0.4176241159439087,0.056068304926157,0.4780803620815277,0.048227205872535706,0.0,64.0,0.12316004931926727,0.2766169678456924,0.43364566564559937,0.23779296875,0.734375,0.734375,0.23681640625,0.3251953125,1.0,1.0,0.32373046875,0.374755859375,1.0,1.0,0.32763671875,0.321533203125,0.71875,0.71875,0.22900390625,0.5407407690121825,0.8733261363897374,17.0,0.0,0.8823529411764706,0.11764705882352941,93.78098896309568,0.0,2.0,-0.7617648564370991,-2.7576404792066675,-4.7827879741908434,-6.274029292784919,-12.366901417568446,7.681389778364676,11.819206174005377,0.47328710556030273,0.2811912000179291,9.0,4.0,0.0364100185528757,0.020524118738404453,0.002551020408163265,0.0,0.0,0.0,0.9380797773654916,0.002435064935064935,0.0,0.0,0.0,0.0,80.7330322265625,-2.9802322387695312e-05,1.1920928955078125e-05,5.552043914794922,0.0,0.0,38.68827819824219,0.0,0.0,0.6760199069976807,0.02101414970280364,0.03379622323917732,0.018699700173583713,0.02553784650991531,0.06746094366419442,0.14465309557624534,0.005865025511545947,0.036058071642733155,0.4459260428173163,0.20098890116248488,0.9569291652567569,0.1250000000000001,0.8459930633713852,0.9225256678227715,93.78098896309565,0.2415152823763215,0.8918433187803553,0.87612434906107,0.12316004931926727,0.3135102391242981,0.0,0.0
a8150b5836fa8340,07_arasaac_pictograms,ARASAAC Pictograms,distribution company,distribution company,ARASAAC API/static pictograms,https://arasaac.org,png,37696.png,icon_data/iconsets/07_arasaac_pictograms/png_300/37696.png,icon_data/normalized_256/07_arasaac_pictograms/37696__a8150b5836fa.png,arasaac_id=37696,distribution company | ARASAAC Pictograms | arasaac_id=37696,distribution company arasaac pictograms id 37696,true,true,true,0.31817626953125,0.0888824462890625,1.0,1612.0,0.3935546875,40.655086848635236,0.365363050182226,1.0603448275862069,0.5,0.5,0.9609375,0.90625,0.4509710627622302,0.19615486200831428,0.3548177506334871,0.1819521596190908,0.19249952042969498,0.8385747607174455,1.0,12.0,1.0,0.34392911195755005,0.13357143104076385,0.4379529356956482,0.08454650640487671,0.0,46.0,0.025376858189702034,0.07735326917382487,0.6039515137672424,0.134033203125,0.13232421875,0.131103515625,0.0,0.368896484375,0.38427734375,0.163818359375,0.0,0.46044921875,0.57666015625,0.6728515625,0.147705078125,0.16748046875,0.542236328125,0.61572265625,0.59326171875,0.01626308170845349,0.365363050182226,18.0,0.05555555555555555,0.7222222222222222,0.2222222222222222,38.10460892387479,0.0,2.0,-0.4792535359671664,-1.7472044395238477,-2.3267238984313945,-2.6415000650537337,-5.12613363494511,-4.552779848876544,-6.435586088947223,0.0326458141207695,0.052912384271621704,73.0,56.0,0.14226519337016574,0.7472375690607734,0.07734806629834254,0.0013812154696132596,0.0,0.0,0.004143646408839779,0.006906077348066298,0.017955801104972375,0.0,0.0027624309392265192,0.0,5.552043914794922,0.0,0.0,106.24158477783203,-5.9604644775390625e-05,2.384185791015625e-05,93.67325592041016,0.0,0.0,0.42101868987083435,0.003884519470554383,0.006570113178591981,0.004172261653558411,0.02119700748129676,0.05798004987531172,0.05347208900824861,0.004412046806061769,0.007960867063111452,0.8188662957989641,0.021484749664300785,0.8234358454504411,0.6250000000000002,0.5831230726100365,0.8101696103167928,38.10460892387488,0.40332144659426655,0.45910863865976087,0.6124592365240744,0.025376858189702034,0.32844817638397217,0.0,0.0
6bfd058b52069703,08_ghs_hazard_pictograms,GHS Hazard Pictograms,corrosion,corrosion,OSHA Hazard Communication Pictograms,https://www.osha.gov/hazcom/pictograms,png,corrosion.png,icon_data/iconsets/08_ghs_hazard_pictograms/png_osha/corrosion.png,icon_data/normalized_256/08_ghs_hazard_pictograms/corrosion__6bfd058b5206.png,,corrosion | GHS Hazard Pictograms,corrosion ghs hazard pictograms,false,true,true,0.2147979736328125,0.021240234375,4.0,1369.0,0.334228515625,47.87143900657414,0.2147979736328125,1.0,0.5,0.5,1.0,1.0,0.42795689117910835,0.018684788632538998,0.8015101100588687,0.6866762520968128,0.2411025076365703,0.8057352183618568,4.0,6.0,1.0,0.3708280920982361,0.23985031247138977,0.1448696255683899,0.24445204436779022,0.0,2.0,0.6681777238845825,0.5222337611563126,0.6596725881099701,0.0,0.28759765625,0.287353515625,0.0,0.2890625,0.284423828125,0.351806640625,0.295166015625,0.359130859375,0.227783203125,0.187744140625,0.2919921875,0.0,0.287353515625,0.287353515625,0.0,0.015356643369259392,0.2147979736328125,8.0,0.0,0.0,1.0,175.27646696683573,0.0,0.0,-0.2746426601501249,-3.167897286943794,-4.664861166246984,-3.27783972704868,-7.363237024073567,4.89382340055328,7.443559070929848,0.05684618651866913,0.02656485326588154,62.0,42.0,0.734673581018683,0.0,0.0,0.0,0.0,0.0,0.26532641898131704,0.0,0.0,0.0,0.0,0.0,52.88874816894531,67.78067016601562,44.090728759765625,5.552043914794922,0.0,0.0,0.0,0.0,0.0,0.16693563759326935,0.0,0.0,0.0,0.0,0.0,0.0,0.0,0.0,1.0,0.0,0.8188301197255382,0.6250000000000002,0.340087890625,0.5019149780273438,175.27646698718334,0.04905621275280649,0.15443631455565818,0.9443063152660368,0.6681777238845825,0.08719737082719803,0.734673581018683,0.0
cddd255cbebb9d8e,08_ghs_hazard_pictograms,GHS Hazard Pictograms,environment,environment,OSHA Hazard Communication Pictograms,https://www.osha.gov/hazcom/pictograms,png,environment.png,icon_data/iconsets/08_ghs_hazard_pictograms/png_osha/environment.png,icon_data/normalized_256/08_ghs_hazard_pictograms/environment__cddd255cbebb.png,,environment | GHS Hazard Pictograms,environment ghs hazard pictograms,false,true,true,0.5058441162109375,0.0184173583984375,1.0,376.0,0.091796875,174.29787234042553,0.5058441162109375,1.0,0.5,0.5,1.0,1.0,1.0,0.001938012694142843,0.9923673297674139,0.9923673297674139,0.030888962625561824,0.9700365764447696,1.0,0.0,0.8018527924920785,0.21715408563613892,0.3621985614299774,0.12660257518291473,0.29404473304748535,0.0,16.0,0.23300258815288544,0.426779560194159,0.267652690410614,0.000244140625,0.523193359375,0.5078125,0.0,0.523193359375,1.0,1.0,0.5078125,0.5078125,1.0,1.0,0.5078125,0.0,0.5078125,0.5078125,0.0,0.3972890398374757,0.5058441162109375,8.0,0.0,0.0,1.0,44.99999999999514,0.0,0.0,-0.778180123370138,-6.377906174410257,-9.90807562244729,-10.880515999377463,21.274811809472133,-14.069469086582592,-29.999650665323653,0.7148128747940063,5.960464477539063e-08,0.0,1.0,0.9995176073323685,0.0,0.0,0.0,0.0,0.0,0.0001929570670525808,0.0,0.0002894356005788712,0.0,0.0,0.0,106.24158477783203,-5.9604644775390625e-05,2.384185791015625e-05,52.88874816894531,67.78067016601562,44.090728759765625,5.552043914794922,0.0,0.0,0.369627445936203,3.0174104583446486e-05,0.0004224374641682508,0.001237138287921306,0.0032588032950122206,0.042304094625991974,0.0670468603844181,0.008690142120032588,0.05380042847228508,0.7905011918771311,0.032708729368455994,0.9505558619452199,0.5000000000000001,0.34521484375,0.5019149780273438,44.999999999992696,0.0038835333243983864,0.8244195750756639,1.0,0.23300258815288544,0.1960499882698059,0.30282646074024916,0.0
65ab556300024c0b,08_ghs_hazard_pictograms,GHS Hazard Pictograms,exclamation mark,exclamation mark,OSHA Hazard Communication Pictograms,https://www.osha.gov/hazcom/pictograms,png,exclamation_mark.png,icon_data/iconsets/08_ghs_hazard_pictograms/png_osha/exclamation_mark.png,icon_data/normalized_256/08_ghs_hazard_pictograms/exclamation_mark__65ab55630002.png,,exclamation mark | GHS Hazard Pictograms,exclamation mark ghs hazard pictograms,false,true,true,0.2051849365234375,0.033447265625,3.0,1102.0,0.26904296875,59.47005444646098,0.2051849365234375,1.0,0.5,0.5,1.0,1.0,0.408804171036831,0.017574765371374534,0.9945120142390982,0.8573204419889503,0.1665799062988027,0.857206604194556,3.0,1.0,0.4286989511269806,0.0560973584651947,0.40559592843055725,0.16779549419879913,0.3705112934112549,0.0,2.0,0.6819132566452026,0.5144794604183962,0.6449252367019653,0.0,0.296142578125,0.296142578125,0.0,0.28759765625,0.297607421875,0.302734375,0.287353515625,0.287353515625,0.181396484375,0.1845703125,0.287353515625,0.0,0.287353515625,0.287353515625,0.0,0.03367745249746648,0.2051849365234375,8.0,0.0,0.0,1.0,90.06583041837848,0.0,0.0,-0.25439963120899634,-3.274086232712965,-5.046925851418021,-3.1983314220369867,7.321033619970173,-4.835475104701654,9.056049576751038,0.07758188247680664,0.015567991882562637,0.0,13.0,0.7690934780992043,0.0,0.0,0.0,0.0,0.0,0.23090652190079572,0.0,0.0,0.0,0.0,0.0,52.88874816894531,67.78067016601562,44.090728759765625,5.552043914794922,0.0,0.0,0.0,0.0,0.0,0.15591765940189362,0.0,0.0,0.0,0.0,0.0,0.0,0.0,0.0,1.0,0.0,0.8546042909922187,1.0,0.27197265625,0.5019149780273438,90.06583041872109,0.0414339669080244,0.24228452442924073,1.0,0.6819132566452026,0.060952845960855484,0.7690934780992043,0.0
832f13e7c3d03100,08_ghs_hazard_pictograms,GHS Hazard Pictograms,exploding bomb,exploding bomb,OSHA Hazard Communication Pictograms,https://www.osha.gov/hazcom/pictograms,png,exploding_bomb.png,icon_data/iconsets/08_ghs_hazard_pictograms/png_osha/exploding_bomb.png,icon_data/normalized_256/08_ghs_hazard_pictograms/exploding_bomb__832f13e7c3d0.png,,exploding bomb | GHS Hazard Pictograms,exploding bomb ghs hazard pictograms,false,true,true,0.2081756591796875,0.02349853515625,5.0,1387.0,0.338623046875,47.25018024513338,0.2081756591796875,1.0,0.5,0.5,1.0,1.0,0.41476279508109504,0.013027657212671313,0.7540498842890203,0.7357506361323155,0.29113831268782525,0.7745103604882203,5.0,17.0,1.0,0.26133739948272705,0.366706520318985,0.07956227660179138,0.29239389300346375,0.0,2.0,0.6775040030479431,0.5172896932633598,0.6496592164039612,0.0,0.28759765625,0.293212890625,0.0,0.28759765625,0.216796875,0.35693359375,0.30615234375,0.294677734375,0.251708984375,0.171875,0.28955078125,0.0,0.287353515625,0.287353515625,0.0,0.0108667897267087,0.2081756591796875,8.0,0.0,0.0,1.0,156.75327265485967,0.0,0.0,-0.26648136625489666,-3.786247833207986,-5.638912613891617,-3.4939138813024364,8.061206960828342,5.949474536773083,-9.256944194963525,0.049774616956710815,0.03164307400584221,86.0,34.0,0.7580444183830536,0.0,0.0,0.0,0.0,0.0,0.2419555816169464,0.0,0.0,0.0,0.0,0.0,52.88874816894531,67.78067016601562,44.090728759765625,5.552043914794922,0.0,0.0,0.0,0.0,0.0,0.15965545177459717,0.0,0.0,0.0,0.0,0.0,0.0,0.0,0.0,1.0,0.0,0.8252864586948956,0.6250000000000002,0.338623046875,0.5019149780273438,156.75327275849924,0.02362421843977946,0.14745046299689707,0.9123359964817123,0.6775040030479431,0.0749627873301506,0.7580444183830536,0.0
e6a519ba8dd89268,08_ghs_hazard_pictograms,GHS Hazard Pictograms,flame,flame,OSHA Hazard Communication Pictograms,https://www.osha.gov/hazcom/pictograms,png,flame.png,icon_data/iconsets/08_ghs_hazard_pictograms/png_osha/flame.png,icon_data/normalized_256/08_ghs_hazard_pictograms/flame__e6a519ba8dd8.png,,flame | GHS Hazard Pictograms,flame ghs hazard pictograms,false,true,true,0.2460784912109375,0.0459442138671875,3.0,1324.0,0.3232421875,49.49848942598187,0.2460784912109375,1.0,0.5,0.5,1.0,1.0,0.4902792344992172,0.0029875702565527037,0.8447723633035918,0.7398856403063977,0.18428722018974392,0.8443897586261061,3.0,1.0,0.4041550760594441,0.15649867057800293,0.2901415228843689,0.23346397280693054,0.31989577412605286,0.0,2.0,0.6309100985527039,0.5302516549991794,0.6996854841709137,0.0,0.296142578125,0.29248046875,0.0,0.28759765625,0.42138671875,0.433837890625,0.287353515625,0.287353515625,0.392578125,0.37646484375,0.287353515625,0.0,0.287353515625,0.287353515625,0.0,0.02294382596673601,0.2460784912109375,8.0,0.0,0.0,1.0,87.89389386897179,0.0,0.0,-0.3954591586917055,-4.267253952372202,-5.601079305342313,-4.860994038661222,11.122228197421672,-7.36909774596904,-10.093928534002233,0.06816083937883377,0.020342137664556503,42.0,21.0,0.6412848018850376,0.0,0.0,0.0,0.0,0.0,0.3587151981149625,0.0,0.0,0.0,0.0,0.0,52.88874816894531,67.78067016601562,44.090728759765625,5.552043914794922,0.0,0.0,0.0,0.0,0.0,0.1883223056793213,0.0,0.0,0.0,0.0,0.0,0.0,0.0,0.0,1.0,0.0,0.857083175332656,1.0,0.33642578125,0.5019149780273438,87.8938938689718,0.01827393948978933,0.20859428287964285,0.9712283747752217,0.6309100985527039,0.08004612475633621,0.6412848018850376,0.0
77256bc1bfc6a972,08_ghs_hazard_pictograms,GHS Hazard Pictograms,flame over circle,flame over circle,OSHA Hazard Communication Pictograms,https://www.osha.gov/hazcom/pictograms,png,flame_over_circle.png,icon_data/iconsets/08_ghs_hazard_pictograms/png_osha/flame_over_circle.png,icon_data/normalized_256/08_ghs_hazard_pictograms/flame_over_circle__77256bc1bfc6.png,,flame over circle | GHS Hazard Pictograms,flame over circle ghs hazard pictograms,false,true,true,0.25518798828125,0.0453338623046875,2.0,1405.0,0.343017578125,46.64483985765125,0.25518798828125,1.0,0.5,0.5,1.0,1.0,0.5084287169197562,0.02197013080332747,0.945782431646306,0.7370170336518488,0.17914374551542694,0.8480730223123732,2.0,7.0,1.0,0.12305904179811478,0.3049224317073822,0.2586028277873993,0.31341567635536194,0.0,2.0,0.6217748522758484,0.529688118078339,0.7094936668872833,0.0,0.322998046875,0.3271484375,0.0,0.28759765625,0.5224609375,0.5263671875,0.287353515625,0.287353515625,0.3212890625,0.33837890625,0.287353515625,0.0,0.287353515625,0.287353515625,0.0,0.02341350351364601,0.25518798828125,8.0,0.0,0.0,1.0,88.65602451760599,0.0,0.0,-0.41146218888455843,-3.409260741540596,-5.469167446942076,-3.4821660131113736,7.960704193055278,-5.190467178538143,-8.898593420870535,0.0677892342209816,0.017444327473640442,52.0,34.0,0.618392729012198,0.0,0.0,0.0,0.0,0.0,0.38160727098780195,0.0,0.0,0.0,0.0,0.0,52.88874816894531,67.78067016601562,44.090728759765625,5.552043914794922,0.0,0.0,0.0,0.0,0.0,0.19183385372161865,0.0,0.0,0.0,0.0,0.0,0.0,0.0,0.0,1.0,0.0,0.8489529905814142,0.6250000000000002,0.34814453125,0.5019149780273438,88.656024517606,0.05091336692828788,0.19634457466315872,0.9971896675436498,0.6217748522758484,0.08583737909793854,0.618392729012198,0.0
9fc96269778b3b35,08_ghs_hazard_pictograms,GHS Hazard Pictograms,gas cylinder,gas cylinder,OSHA Hazard Communication Pictograms,https://www.osha.gov/hazcom/pictograms,png,gas_cylinder.png,icon_data/iconsets/08_ghs_hazard_pictograms/png_osha/gas_cylinder.png,icon_data/normalized_256/08_ghs_hazard_pictograms/gas_cylinder__9fc96269778b.png,,gas cylinder | GHS Hazard Pictograms,gas cylinder ghs hazard pictograms,false,true,true,0.20379638671875,0.03289794921875,2.0,1084.0,0.2646484375,60.457564575645755,0.20379638671875,1.0,0.5,0.5,1.0,1.0,0.4060376670162798,0.0097891233806887,0.783892079604648,0.7901085645355851,0.16711590296495957,0.8568129330254042,2.0,1.0,0.5,0.22929270565509796,0.3857091963291168,0.026248609647154808,0.35874950885772705,0.0,2.0,0.6840043663978577,0.5130344603513176,0.6426800787448883,0.0,0.28759765625,0.287353515625,0.0,0.28759765625,0.239501953125,0.345947265625,0.287353515625,0.287353515625,0.2900390625,0.0859375,0.287353515625,0.0,0.287353515625,0.287353515625,0.0,0.033689758194063286,0.20379638671875,8.0,0.0,0.0,1.0,166.2282669432372,0.0,0.0,-0.25309000972858975,-3.5323821788740943,-5.271630357335316,-3.6536396801504876,-9.56335181625489,6.095740962118585,-8.116551952564334,0.07600110024213791,0.013634728267788887,16.0,4.0,0.7743336328241989,0.0,0.0,0.0,0.0,0.0,0.22566636717580113,0.0,0.0,0.0,0.0,0.0,52.88874816894531,67.78067016601562,44.090728759765625,5.552043914794922,0.0,0.0,0.0,0.0,0.0,0.1540759801864624,0.0,0.0,0.0,0.0,0.0,0.0,0.0,0.0,1.0,0.0,0.8524793840188902,1.0,0.267578125,0.5019149780273438,166.22826696055603,0.030683077731223564,0.2346510931416592,0.8948038334830788,0.6840043663978577,0.06087064370512962,0.7743336328241989,0.0
a2d4a495cac2adae,08_ghs_hazard_pictograms,GHS Hazard Pictograms,health hazard,health hazard,OSHA Hazard Communication Pictograms,https://www.osha.gov/hazcom/pictograms,png,health_hazard.png,icon_data/iconsets/08_ghs_hazard_pictograms/png_osha/health_hazard.png,icon_data/normalized_256/08_ghs_hazard_pictograms/health_hazard__a2d4a495cac2.png,,health hazard | GHS Hazard Pictograms,health hazard ghs pictograms,false,true,true,0.3064117431640625,0.047332763671875,4.0,1369.0,0.334228515625,47.87143900657414,0.3064117431640625,1.0,0.5,0.5,1.0,1.0,0.6104853542493198,0.013839387194607124,0.9223626268428107,0.6661964819117159,0.16503162193117873,0.8583458003846975,4.0,6.0,1.0,0.11879029870033264,0.3582354784011841,0.16437466442584991,0.3585995137691498,0.0,2.0,0.5805208086967468,0.5161777480712467,0.753786712884903,0.0,0.36962890625,0.371826171875,0.0,0.28759765625,0.42724609375,0.4228515625,0.287353515625,0.287353515625,0.709716796875,0.736328125,0.287353515625,0.0,0.357421875,0.35791015625,0.0,0.022976834284621463,0.3064117431640625,8.0,0.0,0.0,1.0,88.61210467615285,0.0,0.0,-0.5255504541596148,-3.1653107686796464,-4.2767233511722695,-4.16834972112213,-8.464053629418597,-5.775941721183232,-8.662662108683598,0.07430026680231094,0.018912525847554207,19.0,11.0,0.5150141925202928,0.0,0.0,0.0,0.0,0.0,0.4849858074797072,0.0,0.0,0.0,0.0,0.0,52.88874816894531,67.78067016601562,44.090728759765625,5.552043914794922,0.0,0.0,0.0,0.0,0.0,0.19986990094184875,0.0,0.0,0.0,0.0,0.0,0.0,0.0,0.0,1.0,0.0,0.8651208974655333,0.6250000000000002,0.34375,0.5019149780273438,88.61210467615287,0.0876788953984462,0.2838172069784041,0.9966137144564514,0.5805208086967468,0.06247579678893089,0.5150141925202928,0.0
4de8ea4a98e350d2,08_ghs_hazard_pictograms,GHS Hazard Pictograms,skull and crossbones,skull and crossbones,OSHA Hazard Communication Pictograms,https://www.osha.gov/hazcom/pictograms,png,skull_and_crossbones.png,icon_data/iconsets/08_ghs_hazard_pictograms/png_osha/skull_and_crossbones.png,icon_data/normalized_256/08_ghs_hazard_pictograms/skull_and_crossbones__4de8ea4a98e3.png,,skull and crossbones | GHS Hazard Pictograms,skull and crossbones ghs hazard pictograms,false,true,true,0.2280731201171875,0.0289306640625,5.0,1492.0,0.3642578125,43.924932975871315,0.2280731201171875,1.0,0.5,0.5,1.0,1.0,0.45440588566130086,0.017615233982690312,0.8441702652683528,0.6618857015788303,0.25998528132735665,0.7936600647799076,5.0,7.0,1.0,0.1952851563692093,0.32677412033081055,0.15606221556663513,0.32187849283218384,0.0,2.0,0.6511130928993225,0.5280827173284094,0.6779942512512207,0.0,0.31396484375,0.31591796875,0.0,0.28759765625,0.380126953125,0.389892578125,0.289794921875,0.287353515625,0.2548828125,0.26513671875,0.289794921875,0.0,0.287353515625,0.287353515625,0.0,0.0124382220598447,0.2280731201171875,8.0,0.0,0.0,1.0,0.40841407222345083,0.0,0.0,-0.32739482866846176,-4.116115259798069,-4.788414646816859,-3.4783049097667877,7.670696155738254,5.550489375116184,-7.923347546247303,0.054834019392728806,0.025965260341763496,95.0,36.0,0.6919114203519101,0.0,0.0,0.0,0.0,0.0,0.30808857964808994,0.0,0.0,0.0,0.0,0.0,52.88874816894531,67.78067016601562,44.090728759765625,5.552043914794922,0.0,0.0,0.0,0.0,0.0,0.1781909465789795,0.0,0.0,0.0,0.0,0.0,0.0,0.0,0.0,1.0,0.0,0.8047651959218522,0.6250000000000002,0.36865234375,0.5019149780273438,0.40841406848102224,0.018592474682126152,0.1336500078053567,0.9951160768047099,0.6511130928993225,0.0934324562549591,0.6919114203519101,0.0
6ff9dd295e18ba9b,09_universal_symbols_healthcare_webfont,Universal Symbols Healthcare Webfont,anesthesia,anesthesia,webfont-medical-icons GitHub,https://github.com/samcome/webfont-medical-icons,svg,anesthesia.svg,icon_data/iconsets/09_universal_symbols_healthcare_webfont/packages/svg/anesthesia.svg,icon_data/normalized_256/09_universal_symbols_healthcare_webfont/anesthesia__6ff9dd295e18.png,,anesthesia | Universal Symbols Healthcare Webfont,anesthesia universal symbols healthcare webfont,false,true,true,0.984375,0.0113525390625,1.0,1.0,0.000244140625,65536.0,1.0,0.984375,0.5,0.5,0.984375,1.0,1.0,0.0,1.0,1.0,0.015749007936507936,0.9844951776339885,1.0,0.0,0.8881057268722466,0.39087799191474915,0.1396367847919464,0.30749261379241943,0.1619926244020462,1.0,8.0,0.0,0.0,0.633150726556778,0.96875,1.0,1.0,0.96875,0.96875,1.0,1.0,0.96875,0.96875,1.0,1.0,0.96875,0.96875,1.0,1.0,0.96875,0.7853494686139281,1.0,4.0,0.0,0.0,0.0,90.0,0.0,0.0,-0.7781041289728772,-5.161796097058275,-30.0,-30.0,-30.0,-30.0,-30.0,0.984375,0.0,0.0,1.0,0.0,0.0,0.0,0.0,0.0,0.0,0.0,0.0,0.0,0.0,0.0,0.0,5.552043914794922,0.0,0.0,106.24158477783203,-5.9604644775390625e-05,2.384185791015625e-05,93.67325592041016,0.0,0.0,0.4681588113307953,0.0,3.124609423822022e-05,0.0003749531308586427,0.012076615423072116,0.11178290213723284,0.09444131983502062,0.0044681914760654915,0.004983752030996125,0.7703880764904387,0.0014529433820772404,0.9842509920634921,0.1250000000000001,0.35367063492063494,0.9921409970238095,90.0,0.015747299245183605,0.9082754629629629,1.0,0.0,0.10374252498149872,0.0,0.0
bd7774dcad9acd79,09_universal_symbols_healthcare_webfont,Universal Symbols Healthcare Webfont,i ambulance,i ambulance,webfont-medical-icons GitHub,https://github.com/samcome/webfont-medical-icons,svg,i-ambulance.svg,icon_data/iconsets/09_universal_symbols_healthcare_webfont/packages/svg/i-ambulance.svg,icon_data/normalized_256/09_universal_symbols_healthcare_webfont/i_ambulance__bd7774dcad9a.png,,i ambulance | Universal Symbols Healthcare Webfont,ambulance universal symbols healthcare webfont,false,true,true,0.4833526611328125,0.0222015380859375,4.0,685.0,0.167236328125,95.67299270072992,0.7294981922022891,1.4508670520231215,0.5019607843137255,0.5019607843137255,0.98046875,0.67578125,0.874029109470925,0.04352207221771742,0.8227170723286725,0.7370585654748848,0.045016889225621116,0.9569223333232637,4.0,0.0,0.7352210746199374,0.40830284357070923,0.12339383363723755,0.3091047406196594,0.159198597073555,1.0,8.0,0.0,0.0,0.7243012487888336,0.0,0.0,0.152587890625,0.0,0.91650390625,0.96875,0.976318359375,0.498046875,0.916015625,0.977783203125,0.973388671875,0.890625,0.140869140625,0.08984375,0.111328125,0.12158203125,0.19575589874237784,0.7294981922022891,15.0,0.06896551724137931,0.8620689655172413,0.06896551724137931,3.711218313812225,0.0,2.0,-0.7081370076674207,-2.0352261028110368,-3.835235990427301,-4.908016042742524,9.336808619047666,5.974417079106711,9.597404756526936,0.32924872636795044,0.13154101371765137,18.0,6.0,0.0,0.0,0.0,0.0,0.0,0.0,0.0,0.0,0.0,0.0,0.0,0.0,5.552043914794922,0.0,0.0,106.24158477783203,-5.9604644775390625e-05,2.384185791015625e-05,22.906902313232422,0.0,0.0,0.5927407145500183,0.0,0.00028411781418694954,0.0005682356283738991,0.021624522524228935,0.1949679578242889,0.1729646115478107,0.0021782365754332796,0.002020393345329419,0.6039397670233924,0.0014521577169555198,0.9521685936077025,0.1250000000000001,0.6216060613039173,0.8346383253114709,3.711218313812225,0.4903700715119591,0.8320548031694921,0.9260346623733308,0.0,0.16792359948158264,0.0,0.0
66cc7c6ebe473f7b,09_universal_symbols_healthcare_webfont,Universal Symbols Healthcare Webfont,i dermatology,i dermatology,webfont-medical-icons GitHub,https://github.com/samcome/webfont-medical-icons,svg,i-dermatology.svg,icon_data/iconsets/09_universal_symbols_healthcare_webfont/packages/svg/i-dermatology.svg,icon_data/normalized_256/09_universal_symbols_healthcare_webfont/i_dermatology__66cc7c6ebe47.png,,i dermatology | Universal Symbols Healthcare Webfont,dermatology universal symbols healthcare webfont,false,true,true,0.6690521240234375,0.0359954833984375,1.0,673.0,0.164306640625,97.37890044576523,0.7073009420570396,1.024390243902439,0.5,0.503921568627451,0.984375,0.9609375,0.91942670818524,0.09373992625628161,0.5632286356019822,0.6524213303184473,0.026501242958469222,0.9741829411895399,1.0,0.0,0.8250757390437122,0.21298128366470337,0.3908281922340393,0.2648753523826599,0.1313151866197586,1.0,8.0,0.0,0.0,0.8662611544132233,0.0,0.4462890625,0.882080078125,0.46337890625,0.021484375,0.953125,1.0,0.94482421875,0.325927734375,0.9990234375,1.0,0.6318359375,0.87255859375,0.8193359375,0.9375,0.407470703125,0.4080726537779888,0.7073009420570396,18.0,0.2222222222222222,0.6944444444444444,0.08333333333333333,124.79054097126249,1.0,1.0,-0.7380261650248339,-2.3956987248644044,-3.2733132851580997,-4.293122509599445,-8.089488982020155,-5.839309006774585,8.691819335125231,0.30479857325553894,0.2384907454252243,7.0,1.0,0.0,0.0,0.0,0.0,0.0,0.0,0.0,0.0,0.0,0.0,0.0,0.0,5.552043914794922,0.0,0.0,80.7330322265625,-2.9802322387695312e-05,1.1920928955078125e-05,22.906902313232422,0.0,0.0,0.4518361985683441,0.001071909138595571,0.002166624854608069,0.003284147148037494,0.035122129222067644,0.1903436951216731,0.08370013912012224,0.0011403288708463522,0.0007298104773416653,0.676465892763473,0.005975323283234885,0.9626550362181889,0.1250000000000001,0.3912762937153181,0.7692847464188928,124.79054097126242,0.3468780368062292,0.8547753172014808,0.7414646384017151,0.0,0.14349208772182465,0.0,0.0
39719b9e379a0e17,09_universal_symbols_healthcare_webfont,Universal Symbols Healthcare Webfont,i drinking fountain,i drinking fountain,webfont-medical-icons GitHub,https://github.com/samcome/webfont-medical-icons,svg,i-drinking-fountain.svg,icon_data/iconsets/09_universal_symbols_healthcare_webfont/packages/svg/i-drinking-fountain.svg,icon_data/normalized_256/09_universal_symbols_healthcare_webfont/i_drinking_fountain__39719b9e379a.png,,i drinking fountain | Universal Symbols Healthcare Webfont,drinking fountain universal symbols healthcare webfont,false,true,true,0.984375,0.019317626953125,1.0,1.0,0.000244140625,65536.0,1.0,0.984375,0.5,0.5,0.984375,1.0,1.0,0.0,1.0,1.0,0.015749007936507936,0.9844951776339885,1.0,0.0,0.8881057268722466,0.18342645466327667,0.17889733612537384,0.43080222606658936,0.20687401294708252,1.0,8.0,0.0,0.0,0.27592259645462036,0.96875,1.0,1.0,0.96875,0.96875,1.0,1.0,0.96875,0.96875,1.0,1.0,0.96875,0.96875,1.0,1.0,0.96875,0.7853494686139281,1.0,4.0,0.0,0.0,0.0,90.0,0.0,0.0,-0.7781041289728772,-5.161796097058275,-30.0,-30.0,-30.0,-30.0,-30.0,0.984375,0.0,0.0,1.0,0.0,0.0,0.0,0.0,0.0,0.0,0.0,0.0,0.0,0.0,0.0,0.0,106.24158477783203,-5.9604644775390625e-05,2.384185791015625e-05,5.552043914794922,0.0,0.0,93.67325592041016,0.0,0.0,0.3806217312812805,0.00010936132983377078,0.0005468066491688539,0.0009686289213848269,0.010779902512185977,0.07005374328208974,0.09714410698662668,0.0038432695913010874,0.0030152480939882515,0.8119141357330334,0.0016247969003874516,0.9842509920634921,0.1250000000000001,0.24875992063492064,0.9921409970238095,90.0,0.015747299245183605,0.9082754629629629,1.0,0.0,0.08387485146522522,0.0,0.0
31f94ec85b9130e2,09_universal_symbols_healthcare_webfont,Universal Symbols Healthcare Webfont,i genetics,i genetics,webfont-medical-icons GitHub,https://github.com/samcome/webfont-medical-icons,svg,i-genetics.svg,icon_data/iconsets/09_universal_symbols_healthcare_webfont/packages/svg/i-genetics.svg,icon_data/normalized_256/09_universal_symbols_healthcare_webfont/i_genetics__31f94ec85b91.png,,i genetics | Universal Symbols Healthcare Webfont,genetics universal symbols healthcare webfont,false,true,true,0.497955322265625,0.0560150146484375,3.0,1264.0,0.30859375,51.848101265822784,0.5138969812449805,0.9920948616600791,0.5019607843137255,0.49411764705882355,0.98046875,0.98828125,0.6162474507138002,0.054839862883059434,0.5548144266044118,0.42512773483558236,0.0797327940185083,0.9261550686797594,3.0,0.0,0.6105519176800749,0.2042692005634308,0.13874107599258423,0.4754353165626526,0.1815543919801712,1.0,8.0,0.0,0.0,0.6786011755466461,0.35791015625,0.543212890625,0.54736328125,0.004638671875,0.547119140625,0.714599609375,0.686767578125,0.54736328125,0.2470703125,0.30419921875,0.3857421875,0.392578125,0.681640625,0.650146484375,0.662841796875,0.694091796875,0.06057111785781133,0.5138969812449805,13.0,0.23076923076923078,0.6923076923076923,0.07692307692307693,66.22702859752225,0.0,2.0,-0.5636203017242758,-2.6478568028707548,-2.818252428132328,-3.8354830326527454,7.178137781100606,-5.255764468166481,-7.739423556404285,0.13512668013572693,0.05742955952882767,35.0,13.0,0.0,0.0,0.0,0.0,0.0,0.0,0.0,0.0,0.0,0.0,0.0,0.0,5.552043914794922,0.0,0.0,80.7330322265625,-2.9802322387695312e-05,1.1920928955078125e-05,67.34303283691406,0.0,1.1920928955078125e-05,0.8308354616165161,0.0002453084754078253,0.0020544584815405374,0.004599533913896725,0.036857598430025756,0.36593891818962343,0.2519624678032626,0.008003189010180302,0.008309824604440083,0.311787072243346,0.010241628848276708,0.9341244383345426,0.5000000000000001,0.5709336566776373,0.8339133584240115,66.22702859752233,0.17365684252039543,0.5691712120283549,0.7803211374639946,0.0,0.29918742179870605,0.0,0.0
4e6eb33dee2b707c,09_universal_symbols_healthcare_webfont,Universal Symbols Healthcare Webfont,i information us,i information us,webfont-medical-icons GitHub,https://github.com/samcome/webfont-medical-icons,svg,i-information-us.svg,icon_data/iconsets/09_universal_symbols_healthcare_webfont/packages/svg/i-information-us.svg,icon_data/normalized_256/09_universal_symbols_healthcare_webfont/i_information_us__4e6eb33dee2b.png,,i information us | Universal Symbols Healthcare Webfont,information us universal symbols healthcare webfont,false,true,true,0.984375,0.035064697265625,1.0,1.0,0.000244140625,65536.0,1.0,0.984375,0.5,0.5,0.984375,1.0,1.0,0.0,1.0,1.0,0.015749007936507936,0.9844951776339885,1.0,0.0,0.8881057268722466,0.2585957944393158,0.2535144090652466,0.2809578478336334,0.2069319486618042,1.0,8.0,0.0,0.0,0.39042001962661743,0.96875,1.0,1.0,0.96875,0.96875,1.0,1.0,0.96875,0.96875,1.0,1.0,0.96875,0.96875,1.0,1.0,0.96875,0.7853494686139281,1.0,4.0,0.0,0.0,0.0,90.0,0.0,0.0,-0.7781041289728772,-5.161796097058275,-30.0,-30.0,-30.0,-30.0,-30.0,0.984375,0.0,0.0,1.0,0.0,0.0,0.0,0.0,0.0,0.0,0.0,0.0,0.0,0.0,0.0,0.0,106.24158477783203,-5.9604644775390625e-05,2.384185791015625e-05,5.552043914794922,0.0,0.0,93.67325592041016,0.0,0.0,0.499326229095459,0.0,1.562304711911011e-05,0.00048431446069241343,0.017966504186976626,0.18977315335583053,0.07058492688413948,0.007670916135483065,0.006874140732408449,0.7059117610298713,0.0007186601674790651,0.9842509920634921,0.1250000000000001,0.42584325396825395,0.9921409970238095,90.0,0.015747299245183605,0.9082754629629629,1.0,0.0,0.13576367497444153,0.0,0.0
ab45fc2620cc66ce,09_universal_symbols_healthcare_webfont,Universal Symbols Healthcare Webfont,i no smoking,i no smoking,webfont-medical-icons GitHub,https://github.com/samcome/webfont-medical-icons,svg,i-no-smoking.svg,icon_data/iconsets/09_universal_symbols_healthcare_webfont/packages/svg/i-no-smoking.svg,icon_data/normalized_256/09_universal_symbols_healthcare_webfont/i_no_smoking__ab45fc2620cc.png,,i no smoking | Universal Symbols Healthcare Webfont,no smoking universal symbols healthcare webfont,false,true,true,0.78155517578125,0.044830322265625,1.0,523.0,0.127685546875,125.30783938814531,0.8001999718789545,1.0,0.5058823529411764,0.49411764705882355,0.98828125,0.98828125,1.0,0.017020353318161457,0.9575021019643812,0.957053339446737,0.019757907067551737,0.9806249042732424,1.0,0.0,0.8635106885157462,0.2698279619216919,0.14046147465705872,0.2411581128835678,0.3485524356365204,1.0,8.0,0.0,0.0,0.5928406715393066,0.311767578125,0.930419921875,0.947998046875,0.3671875,0.88427734375,1.0,1.0,0.947998046875,0.864990234375,1.0,1.0,0.93017578125,0.26025390625,0.864990234375,0.8837890625,0.31103515625,0.6284755882644206,0.8001999718789545,15.0,0.6842105263157895,0.3157894736842105,0.0,38.028791840545836,0.0,1.0,-0.7981463121182618,-10.658069395303086,-6.915275217979787,-10.942734533604085,-19.872126335700315,16.28347503465328,-21.246495855115747,0.9921875,0.0,0.0,0.0,0.0,0.0,0.0,0.0,0.0,0.0,0.0,0.0,0.0,0.0,0.0,0.0,5.552043914794922,0.0,0.0,106.24158477783203,-5.9604644775390625e-05,2.384185791015625e-05,93.67325592041016,0.0,0.0,0.6122978925704956,1.956717410871522e-05,0.0004891793527178805,0.0015849411028059327,0.03152271748914022,0.2476225883457911,0.10574100888349705,0.008316048996203968,0.009059601612335147,0.5928071067976363,0.0028372402457637067,0.9829085640081857,0.1250000000000001,0.5049289943601681,0.7995672483557,38.02879184102218,2.9451784526864076e-05,0.8849407783417935,0.9999804763764155,0.0,0.1757185161113739,0.0,0.0
e0760c68f28e0892,09_universal_symbols_healthcare_webfont,Universal Symbols Healthcare Webfont,i pharmacy,i pharmacy,webfont-medical-icons GitHub,https://github.com/samcome/webfont-medical-icons,svg,i-pharmacy.svg,icon_data/iconsets/09_universal_symbols_healthcare_webfont/packages/svg/i-pharmacy.svg,icon_data/normalized_256/09_universal_symbols_healthcare_webfont/i_pharmacy__e0760c68f28e.png,,i pharmacy | Universal Symbols Healthcare Webfont,pharmacy universal symbols healthcare webfont,false,true,true,0.4702911376953125,0.015350341796875,2.0,496.0,0.12109375,132.1290322580645,0.8661477068345323,0.54296875,0.5137254901960784,0.5,0.54296875,1.0,0.9352166525063721,0.017919673633620896,0.9163713237580053,0.913515862668405,0.03309431880860452,0.9679658302189001,2.0,0.0,0.7906672481465329,0.3077544569969177,0.06891336292028427,0.547912061214447,0.07542017847299576,1.0,8.0,0.0,0.0,0.6398975551128387,0.019775390625,0.909912109375,0.9287109375,0.093994140625,0.0,0.890625,0.96875,0.0,0.0,0.890625,0.96875,0.0,0.0,0.88720703125,0.96630859375,0.0,0.3722684628077317,0.8661477068345323,12.0,0.16666666666666666,0.16666666666666666,0.6666666666666666,90.23278135282406,0.0,1.0,-0.6526601554746528,-1.7036782675782438,-4.5365862920889946,-5.867600281779479,11.170601566098016,-6.748978224693981,-11.284611610773082,0.27118930220603943,0.13445132970809937,2.0,1.0,0.0,0.0,0.0,0.0,0.0,0.0,0.0,0.0,0.0,0.0,0.0,0.0,5.552043914794922,0.0,0.0,106.24158477783203,-5.9604644775390625e-05,2.384185791015625e-05,93.67325592041016,0.0,0.0,0.6894475221633911,0.00013080872494195363,0.001111874162006606,0.0005232348997678145,0.018117008404460577,0.13303247326596684,0.3322868635337977,0.004905327185323261,0.004447496648026424,0.5000817554530887,0.005363157722620099,0.9699293591599782,0.1250000000000001,0.5669964028776978,0.9261465827338129,90.23278135282406,0.6321512800541893,0.8936655743378431,1.0,0.0,0.22821541130542755,0.0,0.0
c2a7cdc53f4dd23f,09_universal_symbols_healthcare_webfont,Universal Symbols Healthcare Webfont,intensive care,intensive care,webfont-medical-icons GitHub,https://github.com/samcome/webfont-medical-icons,svg,intensive-care.svg,icon_data/iconsets/09_universal_symbols_healthcare_webfont/packages/svg/intensive-care.svg,icon_data/normalized_256/09_universal_symbols_healthcare_webfont/intensive_care__c2a7cdc53f4d.png,,intensive care | Universal Symbols Healthcare Webfont,intensive care universal symbols healthcare webfont,false,true,true,0.9808807373046875,0.0254364013671875,1.0,1.0,0.000244140625,65536.0,0.9808807373046875,1.0,0.5,0.5,1.0,1.0,0.9885890042291426,0.008786519240671703,0.980497874175858,0.9806199161942322,0.018076318777903957,0.9822446328978531,1.0,0.0,0.8736596039630874,0.4173964262008667,0.08297844231128693,0.414188951253891,0.08543619513511658,1.0,8.0,0.0,0.0,0.7520032823085785,0.947998046875,0.953125,0.953125,0.969970703125,0.953125,1.0,1.0,1.0,0.953125,1.0,1.0,1.0,0.970458984375,1.0,1.0,0.9931640625,0.5982652040689317,0.9808807373046875,4.0,0.0,0.0,0.0,159.15892151705293,0.0,0.0,-0.7766720933556582,-8.958265092355363,-6.311614124141638,-7.213278518923306,-13.976009706500793,11.879802297151658,-15.416924072715483,0.06923491507768631,0.13825871050357819,13.0,4.0,0.0,0.0,0.0,0.0,0.0,0.0,0.0,0.0,0.0,0.0,0.0,0.0,5.552043914794922,0.0,0.0,106.24158477783203,-5.9604644775390625e-05,2.384185791015625e-05,22.906902313232422,0.0,0.0,0.5479207038879395,0.00025132732242153877,0.0013508843580157708,0.0012566366121076937,0.0174515409506456,0.09655681568282493,0.21519901982344256,0.003361502937388081,0.0030787596996638498,0.6569224969369483,0.004571015676541736,0.9806944016004016,0.1250000000000001,0.476318359375,0.9922027587890625,159.15892151713624,0.00019839903122368592,0.9008084045030049,0.9971221007109189,0.0,0.14200395345687866,0.0,0.0
bcc9cc12c88e11a7,09_universal_symbols_healthcare_webfont,Universal Symbols Healthcare Webfont,text telephone,text telephone,webfont-medical-icons GitHub,https://github.com/samcome/webfont-medical-icons,svg,text-telephone.svg,icon_data/iconsets/09_universal_symbols_healthcare_webfont/packages/svg/text-telephone.svg,icon_data/normalized_256/09_universal_symbols_healthcare_webfont/text_telephone__bcc9cc12c88e.png,,text telephone | Universal Symbols Healthcare Webfont,text telephone universal symbols healthcare webfont,false,true,true,0.97857666015625,0.02630615234375,2.0,289.0,0.070556640625,226.7681660899654,0.97857666015625,1.0,0.5,0.5,1.0,1.0,0.9862668204536716,0.00697150796569164,0.9918625958940274,0.9777346038794832,0.020208320339300194,0.9801919667420677,2.0,0.0,0.8608322147651006,0.497702419757843,0.08717068284749985,0.32797980308532715,0.08714708685874939,1.0,8.0,0.0,0.0,0.7472211122512817,0.956298828125,0.953125,0.953125,0.94091796875,0.984375,1.0,1.0,0.96875,0.984375,1.0,1.0,0.96875,0.980224609375,1.0,1.0,0.96728515625,0.47981591044624633,0.97857666015625,4.0,0.0,0.0,0.0,62.75027563169303,0.0,0.0,-0.7772887246061504,-7.954706103079253,-6.632572938084563,-7.56111137395009,14.675917365236815,-11.935123221779415,-15.208051156782696,0.03228183835744858,0.09782606363296509,13.0,9.0,0.0,0.0,0.0,0.0,0.0,0.0,0.0,0.0,0.0,0.0,0.0,0.0,5.552043914794922,0.0,0.0,106.24158477783203,-5.9604644775390625e-05,2.384185791015625e-05,93.67325592041016,0.0,0.0,0.5344794392585754,0.0,3.137796325640503e-05,0.00017257879791022764,0.020678077785970913,0.14615855284833462,0.16512653163683144,0.0025416150237688073,0.004063446241704451,0.6598158113556849,0.0014120083465382263,0.978342156561004,0.1250000000000001,0.525390625,0.9922027587890625,62.75027563182474,0.0006308638951113799,0.8987349009334914,1.0,0.0,0.15360479056835175,0.0,0.0
f0a0fb220faa1075,10_openmoji,OpenMoji,"person running: medium-dark skin tone, facing right","person running: medium-dark skin tone, facing right",OpenMoji GitHub,https://github.com/hfg-gmuend/openmoji,svg,1F3C3-1F3FE-200D-27A1-FE0F.svg,icon_data/iconsets/10_openmoji/color/svg/1F3C3-1F3FE-200D-27A1-FE0F.svg,icon_data/normalized_256/10_openmoji/1f3c3_1f3fe_200d_27a1_fe0f__f0a0fb220faa.png,emoji=🏃🏾‍➡️; tags=,"person running: medium-dark skin tone, facing right | OpenMoji | emoji=🏃🏾‍➡️; tags=",person running medium dark skin tone facing right openmoji emoji tags,true,true,true,0.1522216796875,0.0135345458984375,1.0,487.0,0.118896484375,134.57084188911705,0.34043134043134043,0.7474747474747475,0.45294117647058824,0.5078431372549019,0.578125,0.7734375,0.5816400897880651,0.04323377863272063,0.3574636004898626,0.44307825835382614,0.0892141138732959,0.9180931345481318,1.0,0.0,0.5835283107159569,0.18494772911071777,0.35180389881134033,0.2919280230998993,0.17132031917572021,0.0,34.0,0.422059029340744,0.2071558026904653,0.6565285623073578,0.0,0.0,0.218994140625,0.0,0.0,0.23974609375,0.5400390625,0.0,0.0947265625,0.581787109375,0.51611328125,0.0,0.029296875,0.00390625,0.2109375,0.0,0.1582655135069399,0.34043134043134043,20.0,0.05,0.8,0.15,109.06643915246293,0.0,1.0,-0.4854951723763831,-1.6575592469515226,-1.6599057167165958,-4.654396331580024,-9.56010238325105,-5.898236448739586,-7.811616493184514,0.11604142934083939,0.05320807173848152,20.0,13.0,0.030855753153974767,0.9174646602827178,0.016415868673050615,0.0,0.0003039975680194558,0.0,0.004255965952272382,0.02036783705730354,0.009727922176622586,0.0,0.0006079951360389116,0.0,5.552043914794922,0.0,0.0,55.55029296875,5.997776985168457,43.803550720214844,41.71759033203125,10.512813568115234,26.726055145263672,0.8581790924072266,0.003007217321571772,0.010024057738572574,0.012730553327987169,0.07698476343223737,0.558841218925421,0.132317562149158,0.022955092221331196,0.02054931836407378,0.1320168404170008,0.030573376102646353,0.9208702512045168,1.0,0.5967785967785968,0.5852955227955228,109.0664391524629,0.4536443945575948,0.7143477679764768,0.48416198877305533,0.422059029340744,0.2706497609615326,0.0,0.0
709929ff886fee1d,10_openmoji,OpenMoji,woman farmer: medium-light skin tone,woman farmer: medium-light skin tone,OpenMoji GitHub,https://github.com/hfg-gmuend/openmoji,svg,1F469-1F3FC-200D-1F33E.svg,icon_data/iconsets/10_openmoji/color/svg/1F469-1F3FC-200D-1F33E.svg,icon_data/normalized_256/10_openmoji/1f469_1f3fc_200d_1f33e__709929ff886f.png,emoji=👩🏼‍🌾; tags=,woman farmer: medium-light skin tone | OpenMoji | emoji=👩🏼‍🌾; tags=,woman farmer medium light skin tone openmoji emoji tags,true,true,true,0.412689208984375,0.0367584228515625,2.0,862.0,0.21044921875,76.02784222737819,0.6599160648057779,1.1595744680851063,0.5352941176470588,0.46078431372549017,0.8515625,0.734375,0.822904781464409,0.04722877217147607,0.8140720370246161,0.6043421520939614,0.059676107372624417,0.9436845778087928,2.0,0.0,0.6768607037389259,0.2842995822429657,0.1753721535205841,0.4226854145526886,0.11764287948608398,0.0,109.0,0.46822041273117065,0.3361472976232258,0.5770368576049805,0.000732421875,0.42236328125,0.415771484375,0.0,0.0654296875,0.967529296875,0.96044921875,0.318115234375,0.3154296875,0.89111328125,0.892578125,0.547607421875,0.04052734375,0.304931640625,0.3046875,0.15576171875,0.1304685533628298,0.6599160648057779,19.0,0.10526315789473684,0.7368421052631579,0.15789473684210525,44.02693292058507,0.0,1.0,-0.7383251927388135,-4.073000222558323,-3.179432839703285,-5.255016053868522,-9.50944497976845,-7.332361693394022,9.873656750649728,0.13007724285125732,0.08172181248664856,29.0,11.0,0.05357233277634311,0.6381588941212213,0.15555217985720796,0.04055901564636184,0.0037976606410451163,0.0018228771077016558,0.08081421844144007,0.01038027241885665,0.011848701200060763,0.00207605448377133,0.0010127095042786977,0.0004050838017114791,5.552043914794922,0.0,0.0,82.37340545654297,3.5947859287261963,41.09822463989258,91.09223937988281,-19.379854202270508,80.67984771728516,0.9322549700737,0.0024772609628041114,0.014161058936626489,0.013051837609997782,0.07076832063891149,0.46162094209864674,0.2685424831768099,0.016453449678325814,0.017082008430082084,0.10626340309103009,0.02957923537676551,0.930670673700102,0.5000000000000001,1.0790552410696856,0.8019349014249463,44.02693292058461,0.050329785728740244,0.7409105474623482,0.895363454854692,0.46822041273117065,0.32979699969291687,0.0,0.0
7e81760c1b53d064,10_openmoji,OpenMoji,card index,card index,OpenMoji GitHub,https://github.com/hfg-gmuend/openmoji,svg,1F4C7.svg,icon_data/iconsets/10_openmoji/color/svg/1F4C7.svg,icon_data/normalized_256/10_openmoji/1f4c7__7e81760c1b53.png,"emoji=📇; tags=card, index, old, rolodex, school","card index | OpenMoji | emoji=📇; tags=card, index, old, rolodex, school",card index openmoji emoji tags old rolodex school,true,true,true,0.4535064697265625,0.036376953125,1.0,538.0,0.13134765625,121.81412639405204,0.833922558922559,0.9090909090909091,0.5,0.4647058823529412,0.703125,0.7734375,0.9293185122649031,0.040416994467275376,0.9737680966927879,0.8625681519082534,0.027859089532653678,0.9728960031424924,1.0,0.0,0.8177465951300041,0.5478143095970154,0.03377455100417137,0.3815006911754608,0.03691048547625542,0.0,52.0,0.037444375455379486,0.0844052132447074,0.4381253719329834,0.090576171875,0.681396484375,0.629638671875,0.0576171875,0.21826171875,1.0,1.0,0.21826171875,0.21826171875,1.0,1.0,0.21826171875,0.0556640625,0.40625,0.40625,0.0556640625,0.544769278497411,0.833922558922559,14.0,0.0,0.5,0.5,87.84699786199234,0.0,1.0,-0.7716692455560625,-2.8796613904263912,-5.152384711207568,-6.634079188911573,-12.90758385280181,-8.425113870939596,-12.568705992223457,0.4490545690059662,0.18991674482822418,6.0,1.0,0.3002645502645503,0.0013227513227513227,0.3333333333333333,0.0013227513227513227,0.0,0.0,0.3273809523809524,0.013227513227513227,0.013227513227513227,0.0006613756613756613,0.009259259259259259,0.0,80.7330322265625,-2.9802322387695312e-05,1.1920928955078125e-05,5.552043914794922,0.0,0.0,67.34303283691406,0.0,1.1920928955078125e-05,0.6999141573905945,0.0006056323811446452,0.006729248679384947,0.0024898220113724304,0.026345008579792065,0.10366407590592511,0.3309444500521517,0.002994515662326301,0.0020860670906093334,0.4911342148649103,0.033006964772383164,0.9607019414807392,0.1250000000000001,0.9957351290684624,0.8973484848484848,87.84699786199234,0.2147032163167431,0.8826194722025953,0.993304397564012,0.037444375455379486,0.2674041986465454,0.011406076511557485,0.0
f3b6090794574209,10_openmoji,OpenMoji,person gesturing NO: medium-dark skin tone,person gesturing NO: medium-dark skin tone,OpenMoji GitHub,https://github.com/hfg-gmuend/openmoji,svg,1F645-1F3FE.svg,icon_data/iconsets/10_openmoji/color/svg/1F645-1F3FE.svg,icon_data/normalized_256/10_openmoji/1f645_1f3fe__f3b609079457.png,emoji=🙅🏾; tags=,person gesturing NO: medium-dark skin tone | OpenMoji | emoji=🙅🏾; tags=,person gesturing no medium dark skin tone openmoji emoji tags,true,true,true,0.2996978759765625,0.0160369873046875,1.0,421.0,0.102783203125,155.66745843230404,0.7473744292237443,0.8111111111111111,0.5,0.5,0.5703125,0.703125,0.8964195248853289,0.0439844930371283,0.9988805210665581,0.6961139896373058,0.0396110177689527,0.9618982320387874,1.0,0.0,0.7593659385269669,0.17029938101768494,0.279800146818161,0.24897901713848114,0.3009214401245117,0.0,46.0,0.39263173937797546,0.243201229655345,0.6899126470088959,0.0,0.22509765625,0.22412109375,0.0,0.002685546875,0.889404296875,0.89013671875,0.002685546875,0.0126953125,0.8095703125,0.809814453125,0.0126953125,0.0537109375,0.404296875,0.404296875,0.053955078125,0.4077690559086784,0.7473744292237443,14.0,0.1111111111111111,0.7407407407407407,0.14814814814814814,89.98840328810333,1.0,1.0,-0.7181530990876838,-2.2557201824459123,-3.388635018124164,-5.401951316825653,9.797266788470031,-6.529818965891955,-11.791439765984505,0.32626378536224365,0.09785718470811844,6.0,3.0,0.019049787492410444,0.7034760170006071,0.012370977534911962,0.00015179113539769278,0.0007589556769884638,0.0,0.25166970248937465,0.007513661202185792,0.004857316332726169,0.0,0.00015179113539769278,0.0,5.552043914794922,0.0,0.0,55.55029296875,5.997776985168457,43.803550720214844,79.30482482910156,-3.7477314472198486,-21.93732261657715,0.7732070088386536,0.004327681889924139,0.012219337100962274,0.016190621658775012,0.1018278091746856,0.3594521663866402,0.1435772109363067,0.016801588513823126,0.013899495952344585,0.30563616923781883,0.026067919148719514,0.9696462431208908,0.6250000000000002,0.9028919330289193,0.8337328767123288,89.98840328810334,0.38930771280220866,0.8726982672301139,1.0,0.39263173937797546,0.19165848195552826,0.0,0.0
6d73856e7180fb8d,10_openmoji,OpenMoji,"person walking: medium skin tone, facing right","person walking: medium skin tone, facing right",OpenMoji GitHub,https://github.com/hfg-gmuend/openmoji,svg,1F6B6-1F3FD-200D-27A1-FE0F.svg,icon_data/iconsets/10_openmoji/color/svg/1F6B6-1F3FD-200D-27A1-FE0F.svg,icon_data/normalized_256/10_openmoji/1f6b6_1f3fd_200d_27a1_fe0f__6d73856e7180.png,emoji=🚶🏽‍➡️; tags=,"person walking: medium skin tone, facing right | OpenMoji | emoji=🚶🏽‍➡️; tags=",person walking medium skin tone facing right openmoji emoji tags,true,true,true,0.1345367431640625,0.0098724365234375,2.0,382.0,0.09326171875,171.56020942408378,0.5248214285714285,0.38095238095238093,0.5,0.5,0.3125,0.8203125,0.7814064784862853,0.07107653674852717,0.5438627210646122,0.4828456104944501,0.08188726324146535,0.9243107243945906,2.0,0.0,0.604193791543891,0.08720530569553375,0.20747151970863342,0.6154807806015015,0.08984243869781494,0.0,33.0,0.30956709384918213,0.15790778187156237,0.6451301872730255,0.0,0.0595703125,0.16162109375,0.0,0.0,0.235595703125,0.431884765625,0.0,0.0,0.293701171875,0.526123046875,0.0,0.0,0.203369140625,0.24072265625,0.0,0.21254765100560313,0.5248214285714285,22.0,0.18181818181818182,0.7272727272727273,0.09090909090909091,90.26297038344897,0.0,2.0,-0.43495521942054644,-1.039697139002159,-2.0936941105564078,-2.7541347405968697,-5.188568715012012,-3.28195781668367,-5.840666307863337,0.15022332966327667,0.03662410378456116,21.0,11.0,0.035437235543018336,0.9107898448519041,0.017983074753173484,0.0,0.0005289139633286319,0.0,0.007404795486600846,0.0171015514809591,0.010578279266572637,0.0,0.0001763046544428773,0.0,5.552043914794922,0.0,0.0,69.19279479980469,4.559755325317383,42.455841064453125,56.038818359375,9.16883373260498,25.154644012451172,0.9164376258850098,0.0022683452421458548,0.017579675626630372,0.011795395259158443,0.04389248043552229,0.7200861971192015,0.08710445729840081,0.015651582170806397,0.028354315526823184,0.04706816377452648,0.026199387546784622,0.9387853072848426,1.0,0.5980952380952381,0.6716369047619047,90.26297038344897,0.8224445932925054,0.8408755812634684,0.7762277418623115,0.30956709384918213,0.34143078327178955,0.0,0.0
9099811c08fecfa1,10_openmoji,OpenMoji,flamingo,flamingo,OpenMoji GitHub,https://github.com/hfg-gmuend/openmoji,svg,1F9A9.svg,icon_data/iconsets/10_openmoji/color/svg/1F9A9.svg,icon_data/normalized_256/10_openmoji/1f9a9__9099811c08fe.png,"emoji=🦩; tags=animal, bird, flamboyant, ornithology, tropical","flamingo | OpenMoji | emoji=🦩; tags=animal, bird, flamboyant, ornithology, tropical",flamingo openmoji emoji tags animal bird flamboyant ornithology tropical,true,true,true,0.1733856201171875,0.02215576171875,1.0,493.0,0.120361328125,132.93306288032454,0.34137475214805024,0.9518716577540107,0.5,0.5254901960784314,0.6953125,0.73046875,0.7172705466481505,0.015193865277407808,0.33134153485647333,0.3390289889229319,0.08219660300976854,0.9240465154102626,1.0,0.0,0.603291744093443,0.30244988203048706,0.16094231605529785,0.27680137753486633,0.25980645418167114,0.0,38.0,0.21041251718997955,0.20274980839509377,0.5099087059497833,0.087646484375,0.13818359375,0.0,0.0,0.082275390625,0.676513671875,0.398681640625,0.00244140625,0.0,0.32421875,0.825439453125,0.123046875,0.0,0.00634765625,0.109375,0.0,0.16368508876073903,0.34137475214805024,13.0,0.24,0.6,0.16,41.40309106382679,0.0,1.0,-0.5537429683888517,-1.4765370707072576,-2.3114916418123945,-3.01869898489327,-5.684802006309967,-3.757930947230393,-6.851007748305141,0.12275684624910355,0.07510540634393692,27.0,11.0,0.02379570516540917,0.0,0.0,0.0,0.0023215322112594312,0.006674405107370864,0.011317469529889728,0.0,0.0,0.0,0.0046430644225188625,0.951247823563552,79.38407135009766,44.64140701293945,-1.1286616325378418,5.552043914794922,0.0,0.0,22.906902313232422,0.0,0.0,0.8333873748779297,0.0022001232068995864,0.00968054211035818,0.008712487899322363,0.06441960749801989,0.5295256534365924,0.09029305641115902,0.018921059579336444,0.021033177857960047,0.23004488251342076,0.02516940948693127,0.939868770958726,1.0,0.6220032446073425,0.47593582887700536,41.403091063826736,0.6538444369764937,0.6668720114993106,0.5367420575552231,0.21041251718997955,0.2920212745666504,0.0,0.0
960c8c87ff30f1bf,10_openmoji,OpenMoji,leg: medium-dark skin tone,leg: medium-dark skin tone,OpenMoji GitHub,https://github.com/hfg-gmuend/openmoji,svg,1F9B5-1F3FE.svg,icon_data/iconsets/10_openmoji/color/svg/1F9B5-1F3FE.svg,icon_data/normalized_256/10_openmoji/1f9b5_1f3fe__960c8c87ff30.png,emoji=🦵🏾; tags=,leg: medium-dark skin tone | OpenMoji | emoji=🦵🏾; tags=,leg medium dark skin tone openmoji emoji tags,true,true,true,0.208160400390625,0.0205230712890625,1.0,412.0,0.1005859375,159.06796116504853,0.4784652076318743,0.6111111111111112,0.5,0.5,0.515625,0.84375,0.6823900157566966,0.015083685254653326,0.580398517145505,0.5676855895196506,0.056296730684650347,0.9467036780013879,1.0,0.0,0.6894774082684726,0.2482406198978424,0.24830381572246552,0.4504254460334778,0.0530301071703434,0.0,29.0,0.5343168377876282,0.225750490957934,0.6199880540370941,0.0,0.229248046875,0.598388671875,0.002685546875,0.0,0.50390625,0.42431640625,0.0,0.0,0.28515625,0.452880859375,0.0,0.00439453125,0.523681640625,0.305908203125,0.0,0.2906467487268877,0.4784652076318743,22.0,0.09090909090909091,0.8181818181818182,0.09090909090909091,98.6482193674584,0.0,1.0,-0.43298815202481494,-1.0450488428451967,-3.693567646959606,-3.431535629560231,-7.002262208079933,-3.954623361101143,7.710296778687516,0.2001570165157318,0.027174346148967743,12.0,6.0,0.022764360313315926,0.9741351174934726,0.0028557441253263707,0.0,8.159268929503917e-05,0.0,0.0,0.0,0.0,0.0,0.00016318537859007833,0.0,55.55029296875,5.997776985168457,43.803550720214844,5.552043914794922,0.0,0.0,41.71759033203125,10.512813568115234,26.726055145263672,0.7489014863967896,0.0014660606949127694,0.012901334115232371,0.007476909544055124,0.035258759712652105,0.47874211992376486,0.1051898548599912,0.014440697844890778,0.017372819234716317,0.30347456384694327,0.023676880222841225,0.9525156824417316,1.0,0.3221099887766554,0.7011609147025814,98.64821936745838,0.8136989031997737,0.8355568587206177,0.7759126227825832,0.5343168377876282,0.19496677815914154,0.0,0.0
0b97f051d6187ce8,10_openmoji,OpenMoji,woman mage: dark skin tone,woman mage: dark skin tone,OpenMoji GitHub,https://github.com/hfg-gmuend/openmoji,svg,1F9D9-1F3FF-200D-2640-FE0F.svg,icon_data/iconsets/10_openmoji/color/svg/1F9D9-1F3FF-200D-2640-FE0F.svg,icon_data/normalized_256/10_openmoji/1f9d9_1f3ff_200d_2640_fe0f__0b97f051d618.png,emoji=🧙🏿‍♀️; tags=,woman mage: dark skin tone | OpenMoji | emoji=🧙🏿‍♀️; tags=,woman mage dark skin tone openmoji emoji tags,true,true,true,0.3885955810546875,0.0176544189453125,1.0,475.0,0.115966796875,137.97052631578947,0.7619147344801795,0.9162303664921466,0.5176470588235295,0.47843137254901963,0.68359375,0.74609375,0.9295034399693414,0.03507226775487758,0.828606304300998,0.7556183648145595,0.032434130443318804,0.9685847944319781,1.0,0.0,0.7939828526890101,0.2985038757324219,0.20311027765274048,0.333866149187088,0.16451968252658844,0.0,56.0,0.32718878984451294,0.23953793345943394,0.650258481502533,0.0,0.38037109375,0.26611328125,0.0,0.124267578125,0.985595703125,0.930419921875,0.1904296875,0.0576171875,0.991943359375,1.0,0.313720703125,0.0537109375,0.40576171875,0.4052734375,0.1123046875,0.4690590910949309,0.7619147344801795,12.0,0.16666666666666666,0.6666666666666666,0.16666666666666666,75.17002303237336,1.0,1.0,-0.7721906271299671,-2.964656003766457,-3.570534227012944,-6.6302150602457814,11.762257222347744,9.105764624566687,-12.164301213294298,0.3076930642127991,0.25976523756980896,9.0,3.0,0.2622512622512623,0.0637956637956638,0.002851202851202851,0.0,5.94000594000594e-05,0.0,0.6563112563112563,0.01092961092961093,0.0038016038016038018,0.0,0.0,0.0,5.552043914794922,0.0,0.0,79.30482482910156,-3.7477314472198486,-21.93732261657715,27.295074462890625,16.289278030395508,6.867498397827148,0.7543582916259766,0.0016491930733890919,0.009581026426355676,0.00875642988966113,0.04283975340636903,0.3047865865630031,0.17265480818313897,0.010916087485765892,0.00879569639140849,0.42360702085051244,0.016413397730396198,0.9661451157292764,0.1250000000000001,0.8319521316379955,0.8197008227374719,75.17002303237335,0.1949227928185723,0.8646352796429366,0.9423175089331292,0.32718878984451294,0.15458470582962036,0.0,0.0
d35e50aec0a064c5,10_openmoji,OpenMoji,anticlockwise triangle-headed top u-shaped arrow,anticlockwise triangle-headed top u-shaped arrow,OpenMoji GitHub,https://github.com/hfg-gmuend/openmoji,svg,2B8F.svg,icon_data/iconsets/10_openmoji/color/svg/2B8F.svg,icon_data/normalized_256/10_openmoji/2b8f__d35e50aec0a0.png,emoji=⮏; tags=,anticlockwise triangle-headed top u-shaped arrow | OpenMoji | emoji=⮏; tags=,anticlockwise triangle headed top shaped arrow openmoji emoji tags,true,true,true,0.2347564697265625,0.0180511474609375,1.0,622.0,0.15185546875,105.36334405144694,0.43001285706299963,1.1292134831460674,0.5137254901960784,0.5313725490196078,0.78515625,0.6953125,0.5704169215653561,0.04972263348428188,0.20439956160951933,0.3377097643683158,0.07955801104972375,0.9263050153531218,1.0,0.0,0.6110735989196489,0.15321138501167297,0.23276078701019287,0.3806484341621399,0.23337936401367188,1.0,7.0,0.0,0.0,0.7573205381631851,0.007080078125,0.228271484375,0.0712890625,0.0,0.4013671875,0.2890625,0.545166015625,0.0,0.484375,0.159912109375,0.795654296875,0.336181640625,0.15234375,0.0,0.27294921875,0.012451171875,0.12904599453062648,0.43001285706299963,16.0,0.3548387096774194,0.5483870967741935,0.0967741935483871,24.86129408015117,0.0,3.0,-0.4504597303737636,-2.066437827568882,-2.3007685149789654,-3.2811453463384384,-6.160336794084224,-5.398205098662908,6.310285621441851,0.13281546533107758,0.019168294966220856,26.0,12.0,0.0,0.0,0.0,0.0,0.0,0.0,0.0,0.0,0.0,0.0,0.0,0.0,22.906902313232422,0.0,0.0,5.552043914794922,0.0,0.0,80.7330322265625,-2.9802322387695312e-05,1.1920928955078125e-05,0.7901881337165833,0.0008449788755281118,0.0037699057523561913,0.0020799480012999674,0.05596360090997725,0.3718557036074098,0.37653558661033476,0.024049398765030875,0.0222294442638934,0.12336691582710432,0.019304517387065324,0.9506853187340444,1.0,0.7356476046732628,0.7538571188998826,24.86129408015114,0.26136102013254603,0.6640883977900552,0.3580760480987975,0.0,0.20927923917770386,0.0,0.0
a1b878174fb512f0,10_openmoji,OpenMoji,demisexual,demisexual,OpenMoji GitHub,https://github.com/hfg-gmuend/openmoji,svg,E426.svg,icon_data/iconsets/10_openmoji/color/svg/E426.svg,icon_data/normalized_256/10_openmoji/e426__a1b878174fb5.png,emoji=; tags=,demisexual | OpenMoji | emoji=; tags=,demisexual openmoji emoji tags,true,true,true,0.51202392578125,0.02996826171875,1.0,544.0,0.1328125,120.47058823529412,0.9992852888624181,1.5753424657534247,0.5,0.5,0.8984375,0.5703125,1.0,0.0,1.0,1.0,0.022410299201335082,0.9780809140725195,1.0,0.0,0.8479733144647731,0.645876944065094,0.027638105675578117,0.282452791929245,0.044032204896211624,0.0,28.0,0.047929201275110245,0.07684210696816839,0.4825425148010254,0.110595703125,0.140625,0.140625,0.110595703125,0.796875,1.0,1.0,0.796875,0.796875,1.0,1.0,0.796875,0.110595703125,0.140625,0.140625,0.110595703125,0.7456660471640102,0.9992852888624181,12.0,0.0,0.3333333333333333,0.6666666666666666,0.0,0.0,1.0,-0.7350577139319125,-2.2121186773801185,-30.0,-30.0,-30.0,-30.0,-30.0,0.5703125,0.0,0.0,1.0,0.0,0.0,0.0007058823529411765,0.0,0.0,0.0,0.0,0.0,0.006823529411764706,0.991764705882353,0.0007058823529411765,0.0,67.34303283691406,0.0,1.1920928955078125e-05,80.7330322265625,-2.9802322387695312e-05,1.1920928955078125e-05,22.906902313232422,0.0,0.0,0.7075369358062744,0.0004470139468351413,0.0013410418405054238,0.0014602455596614615,0.011652163547502682,0.042615329598283465,0.2900524496364287,0.0072416259387292885,0.004738347836452497,0.6124687090237215,0.027983073071879843,0.9612587912742878,0.1250000000000001,0.5164979154258488,0.9884157236450268,0.0,0.42559682091181944,0.9271267930226089,1.0,0.047929201275110245,0.1191461831331253,0.0,0.0
017f18f80c2b6bb0,11_iso_7010_safety_signs,ISO 7010 Safety Signs,ISO 7010 W003,ISO 7010 W003,ISO7010-Font GitHub,https://github.com/Adewra/ISO7010-Font,svg,ISO_7010_W003.svg,icon_data/iconsets/11_iso_7010_safety_signs/Warning Symbols/ISO 7010 W003/ISO_7010_W003.svg,icon_data/normalized_256/11_iso_7010_safety_signs/iso_7010_w003__017f18f80c2b.png,,ISO 7010 W003 | ISO 7010 Safety Signs,iso 7010 w003 safety signs,false,true,true,0.875,0.0364990234375,1.0,88.0,0.021484375,744.7272727272727,1.0,1.1428571428571428,0.5,0.5,1.0,0.875,1.0,0.0,1.0,1.0,0.016741071428571428,0.9835345773874863,1.0,0.0,0.8818897637795275,0.2803195118904114,0.3374255895614624,0.04475730285048485,0.3374975919723511,1.0,8.0,0.0,0.0,0.26244693994522095,0.75,0.75,0.75,0.75,1.0,1.0,1.0,1.0,1.0,1.0,1.0,1.0,0.75,0.75,0.75,0.75,0.7819075048934596,1.0,4.0,0.0,0.0,0.0,0.0,0.0,0.0,-0.7742983361079329,-3.302556027996288,-30.0,-30.0,-30.0,-30.0,-30.0,0.875,0.0,0.0,1.0,0.0,0.0,0.0,0.0,0.0,0.0,0.0,0.0,0.0,0.0,0.0,0.0,106.24158477783203,-5.9604644775390625e-05,2.384185791015625e-05,5.552043914794922,0.0,0.0,93.67325592041016,0.0,0.0,0.2552715539932251,0.0,0.0,0.00012303149606299212,0.00031636670416197976,0.048808352080989874,0.026047525309336333,0.008717660292463443,0.011652840269966254,0.9043342238470191,0.0,1.0,0.1250000000000001,0.37611607142857145,0.9916469029017857,0.0,0.13274565724656476,0.9186430431547619,1.0,0.0,0.15878939628601074,0.0,0.0
3ae85d1803f6fd0e,11_iso_7010_safety_signs,ISO 7010 Safety Signs,ISO 7010 W006,ISO 7010 W006,ISO7010-Font GitHub,https://github.com/Adewra/ISO7010-Font,svg,ISO_7010_W006.svg,icon_data/iconsets/11_iso_7010_safety_signs/Warning Symbols/ISO 7010 W006/ISO_7010_W006.svg,icon_data/normalized_256/11_iso_7010_safety_signs/iso_7010_w006__3ae85d1803f6.png,,ISO 7010 W006 | ISO 7010 Safety Signs,iso 7010 w006 safety signs,false,true,true,0.875,0.0377197265625,1.0,88.0,0.021484375,744.7272727272727,1.0,1.1428571428571428,0.5,0.5,1.0,0.875,1.0,0.0,1.0,1.0,0.016741071428571428,0.9835345773874863,1.0,0.0,0.8818897637795275,0.23646825551986694,0.25031667947769165,0.2629680037498474,0.2502470314502716,1.0,8.0,0.0,0.0,0.25022464990615845,0.75,0.75,0.75,0.75,1.0,1.0,1.0,1.0,1.0,1.0,1.0,1.0,0.75,0.75,0.75,0.75,0.7819075048934596,1.0,4.0,0.0,0.0,0.0,0.0,0.0,0.0,-0.7742983361079329,-3.302556027996288,-30.0,-30.0,-30.0,-30.0,-30.0,0.875,0.0,0.0,1.0,0.0,0.0,0.0,0.0,0.0,0.0,0.0,0.0,0.0,0.0,0.0,0.0,106.24158477783203,-5.9604644775390625e-05,2.384185791015625e-05,5.552043914794922,0.0,0.0,93.67325592041016,0.0,0.0,0.26606932282447815,0.0,0.0,0.00026363892013498314,0.001142435320584927,0.058580568053993254,0.032515466816647916,0.008295838020247468,0.010387373453318334,0.8888146794150731,0.0,1.0,0.1250000000000001,0.412109375,0.9916469029017857,0.0,0.13274565724656476,0.9186430431547619,1.0,0.0,0.18011176586151123,0.0,0.0
b8d532b96649ad9b,11_iso_7010_safety_signs,ISO 7010 Safety Signs,ISO 7010 W015,ISO 7010 W015,ISO7010-Font GitHub,https://github.com/Adewra/ISO7010-Font,svg,ISO_7010_W015.svg,icon_data/iconsets/11_iso_7010_safety_signs/Warning Symbols/ISO 7010 W015/ISO_7010_W015.svg,icon_data/normalized_256/11_iso_7010_safety_signs/iso_7010_w015__b8d532b96649.png,,ISO 7010 W015 | ISO 7010 Safety Signs,iso 7010 w015 safety signs,false,true,true,0.875,0.040924072265625,1.0,88.0,0.021484375,744.7272727272727,1.0,1.1428571428571428,0.5,0.5,1.0,0.875,1.0,0.0,1.0,1.0,0.016741071428571428,0.9835345773874863,1.0,0.0,0.8818897637795275,0.2570789158344269,0.29322925209999084,0.14380739629268646,0.3058845102787018,1.0,8.0,0.0,0.0,0.24543076753616333,0.75,0.75,0.75,0.75,1.0,1.0,1.0,1.0,1.0,1.0,1.0,1.0,0.75,0.75,0.75,0.75,0.7819075048934596,1.0,4.0,0.0,0.0,0.0,0.0,0.0,0.0,-0.7742983361079329,-3.302556027996288,-30.0,-30.0,-30.0,-30.0,-30.0,0.875,0.0,0.0,1.0,0.0,0.0,0.0,0.0,0.0,0.0,0.0,0.0,0.0,0.0,0.0,0.0,106.24158477783203,-5.9604644775390625e-05,2.384185791015625e-05,5.552043914794922,0.0,0.0,93.67325592041016,0.0,0.0,0.26446929574012756,0.00014060742407199101,0.000703037120359955,0.00045697412823397077,0.0013709223847019124,0.05362415635545557,0.027260264341957257,0.008928571428571428,0.011811023622047244,0.8924177446569179,0.0032866985376827896,1.0,0.1250000000000001,0.40122767857142855,0.9916469029017857,0.0,0.13274565724656476,0.9186430431547619,1.0,0.0,0.17056362330913544,0.0,0.0
3fc360c5c4e56a82,11_iso_7010_safety_signs,ISO 7010 Safety Signs,ISO 7010 W019,ISO 7010 W019,ISO7010-Font GitHub,https://github.com/Adewra/ISO7010-Font,svg,ISO_7010_W019.svg,icon_data/iconsets/11_iso_7010_safety_signs/Warning Symbols/ISO 7010 W019/ISO_7010_W019.svg,icon_data/normalized_256/11_iso_7010_safety_signs/iso_7010_w019__3fc360c5c4e5.png,,ISO 7010 W019 | ISO 7010 Safety Signs,iso 7010 w019 safety signs,false,true,true,0.875,0.049346923828125,1.0,88.0,0.021484375,744.7272727272727,1.0,1.1428571428571428,0.5,0.5,1.0,0.875,1.0,0.0,1.0,1.0,0.016741071428571428,0.9835345773874863,1.0,0.0,0.8818897637795275,0.2861956059932709,0.25676992535591125,0.2013813853263855,0.25565314292907715,1.0,8.0,0.0,0.0,0.25941169261932373,0.75,0.75,0.75,0.75,1.0,1.0,1.0,1.0,1.0,1.0,1.0,1.0,0.75,0.75,0.75,0.75,0.7819075048934596,1.0,4.0,0.0,0.0,0.0,0.0,0.0,0.0,-0.7742983361079329,-3.302556027996288,-30.0,-30.0,-30.0,-30.0,-30.0,0.875,0.0,0.0,1.0,0.0,0.0,0.0,0.0,0.0,0.0,0.0,0.0,0.0,0.0,0.0,0.0,106.24158477783203,-5.9604644775390625e-05,2.384185791015625e-05,5.552043914794922,0.0,0.0,93.67325592041016,0.0,0.0,0.293693870306015,5.2727784026996624e-05,0.0007909167604049494,0.0008787964004499438,0.002689116985376828,0.052552024746906636,0.056946006749156355,0.008014623172103486,0.012092238470191226,0.8640501968503937,0.0019333520809898762,1.0,0.1250000000000001,0.46651785714285715,0.9916469029017857,0.0,0.13274565724656476,0.9186430431547619,1.0,0.0,0.21764245629310608,0.0,0.0
672c5ac5c05045ac,11_iso_7010_safety_signs,ISO 7010 Safety Signs,ISO 7010 W022,ISO 7010 W022,ISO7010-Font GitHub,https://github.com/Adewra/ISO7010-Font,svg,ISO_7010_W022.svg,icon_data/iconsets/11_iso_7010_safety_signs/Warning Symbols/ISO 7010 W022/ISO_7010_W022.svg,icon_data/normalized_256/11_iso_7010_safety_signs/iso_7010_w022__672c5ac5c050.png,,ISO 7010 W022 | ISO 7010 Safety Signs,iso 7010 w022 safety signs,false,true,true,0.87109375,0.0353546142578125,1.0,232.0,0.056640625,282.48275862068965,1.0,1.147982062780269,0.5,0.4980392156862745,1.0,0.87109375,1.0,0.002772967769359,1.0,0.9910714285714286,0.016781109865470854,0.9834958481204562,1.0,0.0,0.8816407215221151,0.2716639041900635,0.31266507506370544,0.14730499684810638,0.2683659791946411,1.0,8.0,0.0,0.0,0.24173074960708618,0.75,0.75,0.75,0.75,1.0,1.0,1.0,1.0,1.0,1.0,1.0,1.0,0.734375,0.734375,0.734375,0.734375,0.7816704137801619,1.0,4.0,0.0,0.0,0.0,0.0,0.0,0.0,-0.7740361554447011,-3.273753242230369,-30.0,-30.0,-30.0,-30.0,-30.0,0.875,0.0,2.0,0.0,0.0,0.0,0.0,0.0,0.0,0.0,0.0,0.0,0.0,0.0,0.0,0.0,106.24158477783203,-5.9604644775390625e-05,2.384185791015625e-05,5.552043914794922,0.0,0.0,93.67325592041016,0.0,0.0,0.25373926758766174,5.2964231489001094e-05,0.00112990360509869,0.0007944634723350164,0.0014123795063733626,0.04876240245754034,0.030277885667878958,0.0075209208714381555,0.010433953603333216,0.8974259383496346,0.002189188234878712,0.9955257046764894,0.1250000000000001,0.3576233183856502,0.991626961883408,0.0,0.13713854402540274,0.9184533819133035,1.0,0.0,0.15992146730422974,0.0,0.0
969d2464f703154e,11_iso_7010_safety_signs,ISO 7010 Safety Signs,ISO 7010 W024,ISO 7010 W024,ISO7010-Font GitHub,https://github.com/Adewra/ISO7010-Font,svg,ISO_7010_W024.svg,icon_data/iconsets/11_iso_7010_safety_signs/Warning Symbols/ISO 7010 W024/ISO_7010_W024.svg,icon_data/normalized_256/11_iso_7010_safety_signs/iso_7010_w024__969d2464f703.png,,ISO 7010 W024 | ISO 7010 Safety Signs,iso 7010 w024 safety signs,false,true,true,0.875,0.0398406982421875,1.0,88.0,0.021484375,744.7272727272727,1.0,1.1428571428571428,0.5,0.5,1.0,0.875,1.0,0.0,1.0,1.0,0.016741071428571428,0.9835345773874863,1.0,0.0,0.8818897637795275,0.4202617406845093,0.26207658648490906,0.05183122679591179,0.26583048701286316,1.0,8.0,0.0,0.0,0.25207144021987915,0.75,0.75,0.75,0.75,1.0,1.0,1.0,1.0,1.0,1.0,1.0,1.0,0.75,0.75,0.75,0.75,0.7819075048934596,1.0,4.0,0.0,0.0,0.0,0.0,0.0,0.0,-0.7742983361079329,-3.302556027996288,-30.0,-30.0,-30.0,-30.0,-30.0,0.875,0.0,0.0,1.0,0.0,0.0,0.0,0.0,0.0,0.0,0.0,0.0,0.0,0.0,0.0,0.0,106.24158477783203,-5.9604644775390625e-05,2.384185791015625e-05,5.552043914794922,0.0,0.0,93.67325592041016,0.0,0.0,0.2599392533302307,1.7575928008998877e-05,0.00017575928008998874,0.00033394263217097865,0.000703037120359955,0.03764763779527559,0.042164651293588304,0.007206130483689539,0.009227362204724409,0.8998347862767154,0.002689116985376828,1.0,0.1250000000000001,0.39285714285714285,0.9916469029017857,0.0,0.13274565724656476,0.9186430431547619,1.0,0.0,0.1712235063314438,0.0,0.0
9198bbcd6bccdff0,11_iso_7010_safety_signs,ISO 7010 Safety Signs,ISO 7010 W025,ISO 7010 W025,ISO7010-Font GitHub,https://github.com/Adewra/ISO7010-Font,svg,ISO_7010_W025.svg,icon_data/iconsets/11_iso_7010_safety_signs/Warning Symbols/ISO 7010 W025/ISO_7010_W025.svg,icon_data/normalized_256/11_iso_7010_safety_signs/iso_7010_w025__9198bbcd6bcc.png,,ISO 7010 W025 | ISO 7010 Safety Signs,iso 7010 w025 safety signs,false,true,true,0.875,0.038421630859375,1.0,88.0,0.021484375,744.7272727272727,1.0,1.1428571428571428,0.5,0.5,1.0,0.875,1.0,0.0,1.0,1.0,0.016741071428571428,0.9835345773874863,1.0,0.0,0.8818897637795275,0.25768008828163147,0.31778138875961304,0.10271856188774109,0.3218199908733368,1.0,8.0,0.0,0.0,0.21156615018844604,0.75,0.75,0.75,0.75,1.0,1.0,1.0,1.0,1.0,1.0,1.0,1.0,0.75,0.75,0.75,0.75,0.7819075048934596,1.0,4.0,0.0,0.0,0.0,0.0,0.0,0.0,-0.7742983361079329,-3.302556027996288,-30.0,-30.0,-30.0,-30.0,-30.0,0.875,0.0,0.0,1.0,0.0,0.0,0.0,0.0,0.0,0.0,0.0,0.0,0.0,0.0,0.0,0.0,106.24158477783203,-5.9604644775390625e-05,2.384185791015625e-05,5.552043914794922,0.0,0.0,93.67325592041016,0.0,0.0,0.2504931092262268,1.7575928008998877e-05,0.00026363892013498314,0.00033394263217097865,0.0009491001124859392,0.05945936445444319,0.025063273340832398,0.009596456692913386,0.013515888638920136,0.8892013498312711,0.0015994094488188976,1.0,0.1250000000000001,0.40541294642857145,0.9916469029017857,0.0,0.13274565724656476,0.9186430431547619,1.0,0.0,0.17793047428131104,0.0,0.0
8eb2ae5e436bf3d9,11_iso_7010_safety_signs,ISO 7010 Safety Signs,ISO 7010 W032,ISO 7010 W032,ISO7010-Font GitHub,https://github.com/Adewra/ISO7010-Font,svg,ISO_7010_W032.svg,icon_data/iconsets/11_iso_7010_safety_signs/Warning Symbols/ISO 7010 W032/ISO_7010_W032.svg,icon_data/normalized_256/11_iso_7010_safety_signs/iso_7010_w032__8eb2ae5e436b.png,,ISO 7010 W032 | ISO 7010 Safety Signs,iso 7010 w032 safety signs,false,true,true,0.8671875,0.029937744140625,1.0,376.0,0.091796875,174.29787234042553,1.0,1.1531531531531531,0.5,0.5,1.0,0.8671875,1.0,0.0,1.0,1.0,0.01682150900900901,0.9834567730324635,1.0,0.0,0.8813895781637717,0.2462441325187683,0.31841057538986206,0.10495823621749878,0.3303871154785156,1.0,8.0,0.0,0.0,0.27735573053359985,0.734375,0.734375,0.734375,0.734375,1.0,1.0,1.0,1.0,1.0,1.0,1.0,1.0,0.734375,0.734375,0.734375,0.734375,0.7814244922568544,1.0,4.0,0.0,0.0,0.0,0.0,0.0,0.0,-0.7737642081324464,-3.2457347443114775,-30.0,-30.0,-30.0,-30.0,-30.0,0.8671875,0.0,0.0,1.0,0.0,0.0,0.0,0.0,0.0,0.0,0.0,0.0,0.0,0.0,0.0,0.0,106.24158477783203,-5.9604644775390625e-05,2.384185791015625e-05,5.552043914794922,0.0,0.0,93.67325592041016,0.0,0.0,0.3433268964290619,0.00030148258494715186,0.0007093707881109456,0.0010463219124636448,0.011846492161452792,0.08202099737532809,0.04878697595233028,0.011846492161452792,0.012928282613321983,0.8261154855643045,0.004398098886287863,0.9910312097812097,0.1250000000000001,0.42849099099099097,0.9916068412162162,0.0,0.14154575066627184,0.9182620120120121,1.0,0.0,0.18464994430541992,0.0,0.0
395681962a31584b,11_iso_7010_safety_signs,ISO 7010 Safety Signs,ISO 7010 W033,ISO 7010 W033,ISO7010-Font GitHub,https://github.com/Adewra/ISO7010-Font,svg,ISO_7010_W033.svg,icon_data/iconsets/11_iso_7010_safety_signs/Warning Symbols/ISO 7010 W033/ISO_7010_W033.svg,icon_data/normalized_256/11_iso_7010_safety_signs/iso_7010_w033__395681962a31.png,,ISO 7010 W033 | ISO 7010 Safety Signs,iso 7010 w033 safety signs,false,true,true,0.8671875,0.017974853515625,1.0,376.0,0.091796875,174.29787234042553,1.0,1.1531531531531531,0.5,0.5,1.0,0.8671875,1.0,0.0,1.0,1.0,0.01682150900900901,0.9834567730324635,1.0,0.0,0.8813895781637717,0.2996964752674103,0.3328563868999481,0.046591393649578094,0.3208557069301605,1.0,8.0,0.0,0.0,0.22923779487609863,0.734375,0.734375,0.734375,0.734375,1.0,1.0,1.0,1.0,1.0,1.0,1.0,1.0,0.734375,0.734375,0.734375,0.734375,0.7814244922568544,1.0,4.0,0.0,0.0,0.0,0.0,0.0,0.0,-0.7737642081324464,-3.2457347443114775,-30.0,-30.0,-30.0,-30.0,-30.0,0.8671875,0.0,0.0,1.0,0.0,0.0,0.0,0.0,0.0,0.0,0.0,0.0,0.0,0.0,0.0,0.0,106.24158477783203,-5.9604644775390625e-05,2.384185791015625e-05,5.552043914794922,0.0,0.0,93.67325592041016,0.0,0.0,0.2771551012992859,1.773426970277364e-05,0.0001773426970277364,0.0006561679790026247,0.007909484287437043,0.06864935801943677,0.02661913882386323,0.009009009009009009,0.008813932042278498,0.8778286160175924,0.0003192168546499255,0.9910312097812097,0.1250000000000001,0.35163288288288286,0.9916068412162162,0.0,0.14154575066627184,0.9182620120120121,1.0,0.0,0.14244671165943146,0.0,0.0
5d96dfc9b1190032,11_iso_7010_safety_signs,ISO 7010 Safety Signs,ISO 7010 W036,ISO 7010 W036,ISO7010-Font GitHub,https://github.com/Adewra/ISO7010-Font,svg,ISO_7010_W036.svg,icon_data/iconsets/11_iso_7010_safety_signs/Warning Symbols/ISO 7010 W036/ISO_7010_W036.svg,icon_data/normalized_256/11_iso_7010_safety_signs/iso_7010_w036__5d96dfc9b119.png,,ISO 7010 W036 | ISO 7010 Safety Signs,iso 7010 w036 safety signs,false,true,true,0.8671875,0.0377197265625,1.0,376.0,0.091796875,174.29787234042553,1.0,1.1531531531531531,0.5,0.5,1.0,0.8671875,1.0,0.0,1.0,1.0,0.01682150900900901,0.9834567730324635,1.0,0.0,0.8813895781637717,0.43205124139785767,0.2388201653957367,0.053997304290533066,0.27513131499290466,1.0,8.0,0.0,0.0,0.27660852670669556,0.734375,0.734375,0.734375,0.734375,1.0,1.0,1.0,1.0,1.0,1.0,1.0,1.0,0.734375,0.734375,0.734375,0.734375,0.7814244922568544,1.0,4.0,0.0,0.0,0.0,0.0,0.0,0.0,-0.7737642081324464,-3.2457347443114775,-30.0,-30.0,-30.0,-30.0,-30.0,0.8671875,0.0,0.0,1.0,0.0,0.0,0.0,0.0,0.0,0.0,0.0,0.0,0.0,0.0,0.0,0.0,106.24158477783203,-5.9604644775390625e-05,2.384185791015625e-05,5.552043914794922,0.0,0.0,93.67325592041016,0.0,0.0,0.3973899483680725,0.0005497623607859829,0.005550826416968149,0.0022522522522522522,0.011509541037100092,0.10424203731290345,0.05588068383343974,0.010977512946016883,0.016404199475065617,0.7837837837837838,0.008849400581684047,0.9910312097812097,0.1250000000000001,0.4715653153153153,0.9916068412162162,0.0,0.14154575066627184,0.9182620120120121,1.0,0.0,0.21556459367275238,0.0,0.0
f1c82e0e3033e0f2,12_iso_15223_medical_device_symbols,ISO 15223 Medical Device Symbols,batch code,batch code,medical-device-symbols GitHub,https://github.com/t4dhg/medical-device-symbols,svg,batch-code.svg,icon_data/iconsets/12_iso_15223_medical_device_symbols/src/icons/batch-code.svg,icon_data/normalized_256/12_iso_15223_medical_device_symbols/batch_code__f1c82e0e3033.png,,batch code | ISO 15223 Medical Device Symbols,batch code iso 15223 medical device symbols,false,true,true,0.452362060546875,0.0240325927734375,1.0,520.0,0.126953125,126.03076923076924,0.9999325418240691,1.6029411764705883,0.5,0.5,0.8515625,0.53125,1.0,2.52547155679163e-05,1.0,0.9998650836481382,0.02388180530257033,0.9766752322593398,1.0,0.0,0.8395921835174172,0.48183274269104004,0.041597262024879456,0.43282943964004517,0.043740566819906235,1.0,8.0,0.0,0.0,0.3033689260482788,0.0439453125,0.0625,0.0625,0.0439453125,0.703125,1.0,1.0,0.703125,0.703125,1.0,1.0,0.703125,0.043701171875,0.0625,0.0625,0.043701171875,0.7432064206352182,0.9999325418240691,6.0,0.0,0.0,1.0,0.0,2.0,0.0,-0.731542652520473,-2.1767766737331353,-9.356862028729804,-10.321048675393559,20.160004027392468,11.409437012260128,-29.99985793065583,0.53125,0.0,0.0,1.0,0.0,0.0,0.0,0.0,0.0,0.0,0.0,0.0,0.0,0.0,0.0,0.0,106.24158477783203,-5.9604644775390625e-05,2.384185791015625e-05,5.552043914794922,0.0,0.0,22.906902313232422,0.0,0.0,0.39092668890953064,0.0,0.0,0.00030358227079538557,0.0030358227079538553,0.03460837887067395,0.16400188895635162,0.0029008972542670175,0.0034405990690143697,0.7917088308709438,0.0,0.9211747985078385,0.1250000000000001,0.5315704263356719,0.9880599028602267,0.0,0.43969782327968254,0.929928714385302,1.0,0.0,0.2606372833251953,0.0,0.0
4ce46f5f8d9a06ef,12_iso_15223_medical_device_symbols,ISO 15223 Medical Device Symbols,catalogue number,catalogue number,medical-device-symbols GitHub,https://github.com/t4dhg/medical-device-symbols,svg,catalogue-number.svg,icon_data/iconsets/12_iso_15223_medical_device_symbols/src/icons/catalogue-number.svg,icon_data/normalized_256/12_iso_15223_medical_device_symbols/catalogue_number__4ce46f5f8d9a.png,,catalogue number | ISO 15223 Medical Device Symbols,catalogue number iso 15223 medical device symbols,false,true,true,0.4503021240234375,0.020538330078125,1.0,520.0,0.126953125,126.03076923076924,0.9999661154784495,1.5955882352941178,0.5019607843137255,0.5,0.84765625,0.53125,1.0,0.0027527008016635835,0.9908925318761385,0.9999322309568989,0.023923282843685407,0.9766356686633352,1.0,0.0,0.8393583435251286,0.546604573726654,0.02146046794950962,0.40337511897087097,0.028559911996126175,1.0,8.0,0.0,0.0,0.3538057208061218,0.04296875,0.0625,0.0625,0.0439453125,0.6875,1.0,1.0,0.703125,0.6875,1.0,1.0,0.703125,0.04296875,0.0625,0.0625,0.043701171875,0.7440196197713519,0.9999661154784495,5.0,0.0,0.0,1.0,179.99405938166444,0.0,0.0,-0.7324028557852585,-2.185869247205635,-9.812255471938867,-10.785302564813344,-21.316375534820175,12.213103741454725,21.17532969970481,0.53125,0.0,0.0,1.0,0.0,0.0,0.0,0.0,0.0,0.0,0.0,0.0,0.0,0.0,0.0,0.0,106.24158477783203,-5.9604644775390625e-05,2.384185791015625e-05,5.552043914794922,0.0,0.0,93.67325592041016,0.0,0.0,0.41206789016723633,0.0,0.0,0.0005760563857544644,0.004167937379282302,0.02077191555691098,0.20907458235912033,0.0027786249195215344,0.0017959404967639186,0.7608010572328963,3.388566975026261e-05,0.9168109184942548,0.1250000000000001,0.6039577121171049,0.9880557061534291,179.99405938166444,0.4359816716016936,0.929811482723956,1.0,0.0,0.2920028269290924,0.0,0.0
0db27129c0b71a97,12_iso_15223_medical_device_symbols,ISO 15223 Medical Device Symbols,do not re use,do not re use,medical-device-symbols GitHub,https://github.com/t4dhg/medical-device-symbols,svg,do-not-re-use.svg,icon_data/iconsets/12_iso_15223_medical_device_symbols/src/icons/do-not-re-use.svg,icon_data/normalized_256/12_iso_15223_medical_device_symbols/do_not_re_use__0db27129c0b7.png,,do not re use | ISO 15223 Medical Device Symbols,do not re use iso 15223 medical device symbols,false,true,true,0.434906005859375,0.0368804931640625,1.0,424.0,0.103515625,154.56603773584905,0.7853954257371176,0.9947643979057592,0.5,0.4980392156862745,0.7421875,0.74609375,1.0,0.003112226268601875,0.9971971130264172,0.9850954171890235,0.02673496596730054,0.9739611809732094,1.0,0.0,0.823804844210648,0.23457425832748413,0.24649083614349365,0.17347252368927002,0.3454623520374298,1.0,8.0,0.0,0.0,0.23993128538131714,0.0068359375,0.375732421875,0.374267578125,0.006591796875,0.372314453125,1.0,1.0,0.36962890625,0.364990234375,1.0,1.0,0.3623046875,0.005126953125,0.359130859375,0.357421875,0.004150390625,0.6168438755079965,0.7853954257371176,15.0,0.863013698630137,0.136986301369863,0.0,172.56856461515738,0.0,1.0,-0.7981772803037493,-7.925461088934093,-8.133002625483288,-15.032748321557051,-26.87847930888187,-19.2070064326148,-26.692117575358097,0.7421875,0.0,0.0,1.0,0.0,0.0,0.0,0.0,0.0,0.0,0.0,0.0,0.0,0.0,0.0,0.0,106.24158477783203,-5.9604644775390625e-05,2.384185791015625e-05,5.552043914794922,0.0,0.0,93.67325592041016,0.0,0.0,0.38313060998916626,0.0,3.5085257174935096e-05,0.00010525577152480527,0.012806118868851309,0.14767384744930181,0.05238228896217809,0.009929127780506631,0.018630271559890534,0.7583327485790471,0.00010525577152480527,0.9801351070139708,0.1250000000000001,0.7675943786166988,0.7829016257922292,172.568564615152,0.000684615513088223,0.8793301054896733,1.0,0.0,0.26805275678634644,0.0,0.0
cad61736ae362480,12_iso_15223_medical_device_symbols,ISO 15223 Medical Device Symbols,do not use if package is damaged,do not use if package is damaged,medical-device-symbols GitHub,https://github.com/t4dhg/medical-device-symbols,svg,do-not-use-if-package-is-damaged.svg,icon_data/iconsets/12_iso_15223_medical_device_symbols/src/icons/do-not-use-if-package-is-damaged.svg,icon_data/normalized_256/12_iso_15223_medical_device_symbols/do_not_use_if_package_is_damaged__cad61736ae36.png,,do not use if package is damaged | ISO 15223 Medical Device Symbols,do not use if package is damaged iso 15223 medical device symbols,false,true,true,0.4349365234375,0.0450592041015625,1.0,400.0,0.09765625,163.84,0.7895844875346261,1.0,0.5,0.5,0.7421875,0.7421875,1.0,3.329426072984365e-05,0.9998596786641408,0.9998596786641408,0.026662924501824305,0.9740295243302352,1.0,0.0,0.8241961600740226,0.15810257196426392,0.23795638978481293,0.22438429296016693,0.3795567452907562,1.0,8.0,0.0,0.0,0.28366565704345703,0.005126953125,0.367431640625,0.3671875,0.005126953125,0.367431640625,1.0,1.0,0.367431640625,0.3671875,1.0,1.0,0.3671875,0.005126953125,0.367431640625,0.3671875,0.005126953125,0.6201382063568107,0.7895844875346261,17.0,0.6470588235294118,0.35294117647058826,0.0,134.99999891562447,0.0,0.0,-0.798179765677642,-17.796233384105673,-9.610883123543767,-15.756731631087204,28.428724848385738,24.654846361444417,-29.99999999343254,0.7421875,0.0,1.0,0.0,0.0,0.0,0.0,0.0,0.0,0.0,0.0,0.0,0.0,0.0,0.0,0.0,106.24158477783203,-5.9604644775390625e-05,2.384185791015625e-05,5.552043914794922,0.0,0.0,93.67325592041016,0.0,0.0,0.43919986486434937,0.0,0.000140331181588549,0.0016839741790625876,0.01771681167555431,0.17495790064552344,0.070551501543643,0.01452427729441482,0.02227757507718215,0.6974108896996912,0.0007367387033398821,0.9779753619585317,0.1250000000000001,0.927202216066482,0.7862880886426593,134.99999855416596,7.944436078532739e-09,0.879502292075966,1.0,0.0,0.3382708430290222,0.0,0.0
e6e2d33ceb0e83af,12_iso_15223_medical_device_symbols,ISO 15223 Medical Device Symbols,latex,latex,medical-device-symbols GitHub,https://github.com/t4dhg/medical-device-symbols,svg,latex.svg,icon_data/iconsets/12_iso_15223_medical_device_symbols/src/icons/latex.svg,icon_data/normalized_256/12_iso_15223_medical_device_symbols/latex__e6e2d33ceb0e.png,,latex | ISO 15223 Medical Device Symbols,latex iso 15223 medical device symbols,false,true,true,0.407928466796875,0.033203125,1.0,445.0,0.108642578125,147.27191011235956,0.7186559139784946,1.075268817204301,0.5,0.503921568627451,0.78125,0.7265625,1.0,0.08206819701728632,0.9997008003590395,0.5785309400094474,0.028877085359467345,0.9719333963498873,1.0,0.0,0.812336675782437,0.3226434886455536,0.2307668924331665,0.21469131112098694,0.23189829289913177,1.0,8.0,0.0,0.0,0.22211897373199463,0.1474609375,0.4365234375,0.4365234375,0.147216796875,0.478271484375,1.0,1.0,0.47802734375,0.05859375,0.912841796875,0.912841796875,0.05859375,0.0,0.22998046875,0.22998046875,0.0,0.5636885419814595,0.7186559139784946,16.0,0.22916666666666666,0.7708333333333334,0.0,54.89594768036405,0.0,2.0,-0.7709981624486041,-8.89106096792813,-2.948552543092183,-10.288420560642601,-16.92276428874558,-14.846741373463923,17.48305168536114,0.546875,0.06607426702976227,1.0,0.0,0.0,0.0,0.0,0.0,0.0,0.0,0.0,0.0,0.0,0.0,0.0,0.0,106.24158477783203,-5.9604644775390625e-05,2.384185791015625e-05,5.552043914794922,0.0,0.0,93.67325592041016,0.0,0.0,0.3683475852012634,0.0,0.00022443330590259594,0.0008229221216428518,0.007855165706590858,0.11401211939851874,0.08887558913742799,0.011745343008902521,0.010885015336275903,0.7647938954140795,0.0007855165706590858,0.965958910022522,0.1250000000000001,0.666236559139785,0.7154838709677419,54.895947680440585,0.00021157662176362875,0.8783072741328146,1.0,0.0,0.25212979316711426,0.0,0.0
0dbe74d0ea5067c3,12_iso_15223_medical_device_symbols,ISO 15223 Medical Device Symbols,serial number,serial number,medical-device-symbols GitHub,https://github.com/t4dhg/medical-device-symbols,svg,serial-number.svg,icon_data/iconsets/12_iso_15223_medical_device_symbols/src/icons/serial-number.svg,icon_data/normalized_256/12_iso_15223_medical_device_symbols/serial_number__0dbe74d0ea50.png,,serial number | ISO 15223 Medical Device Symbols,serial number iso 15223 medical device symbols,false,true,true,0.452362060546875,0.02056884765625,1.0,520.0,0.126953125,126.03076923076924,0.9999325418240691,1.6029411764705883,0.5,0.5,0.8515625,0.53125,1.0,2.52547155679163e-05,1.0,0.9998650836481382,0.02388180530257033,0.9766752322593398,1.0,0.0,0.8395921835174172,0.49059706926345825,0.032226935029029846,0.37818285822868347,0.09899312257766724,1.0,8.0,0.0,0.0,0.29852139949798584,0.0439453125,0.0625,0.0625,0.0439453125,0.703125,1.0,1.0,0.703125,0.703125,1.0,1.0,0.703125,0.043701171875,0.0625,0.0625,0.043701171875,0.7432064206352182,0.9999325418240691,6.0,0.0,0.0,1.0,0.0,2.0,0.0,-0.731542652520473,-2.1767766737331353,-9.356862028729804,-10.321048675393559,20.160004027392468,11.409437012260128,-29.99985793065583,0.53125,0.0,0.0,1.0,0.0,0.0,0.0,0.0,0.0,0.0,0.0,0.0,0.0,0.0,0.0,0.0,106.24158477783203,-5.9604644775390625e-05,2.384185791015625e-05,5.552043914794922,0.0,0.0,93.67325592041016,0.0,0.0,0.38415783643722534,0.0,0.00023611954395196653,0.00047223908790393305,0.00340686770559266,0.04496390744113877,0.14450516089860352,0.004891047696147878,0.005127167240099845,0.796330027659718,6.746272684341901e-05,0.9211747985078385,0.1250000000000001,0.5056664867781975,0.9880599028602267,0.0,0.43969782327968254,0.929928714385302,1.0,0.0,0.25395965576171875,0.0,0.0
397929e89a5a2bf0,12_iso_15223_medical_device_symbols,ISO 15223 Medical Device Symbols,sterile,sterile,medical-device-symbols GitHub,https://github.com/t4dhg/medical-device-symbols,svg,sterile.svg,icon_data/iconsets/12_iso_15223_medical_device_symbols/src/icons/sterile.svg,icon_data/normalized_256/12_iso_15223_medical_device_symbols/sterile__397929e89a5a.png,,sterile | ISO 15223 Medical Device Symbols,sterile iso 15223 medical device symbols,false,true,true,0.337188720703125,0.0252685546875,1.0,472.0,0.115234375,138.84745762711864,1.0,2.9195402298850577,0.5,0.4980392156862745,0.9921875,0.33984375,1.0,0.002772967769359,1.0,0.9772727272727273,0.030862521495157932,0.9700614574187885,1.0,0.0,0.8019888219496262,0.6088598370552063,0.03603730723261833,0.3036496639251709,0.051453180611133575,1.0,8.0,0.0,0.0,0.24122196435928345,0.0,0.0,0.0,0.0,0.6767578125,0.6875,0.6875,0.6767578125,0.661376953125,0.671875,0.671875,0.661376953125,0.0,0.0,0.0,0.0,0.597027153696883,1.0,4.0,0.0,0.0,0.0,0.0,0.0,0.0,-0.5657013621718177,-1.3361267302922006,-30.0,-30.0,-30.0,-30.0,-30.0,0.34375,0.0,2.0,0.0,0.0,0.0,0.0,0.0,0.0,0.0,0.0,0.0,0.0,0.0,0.0,0.0,106.24158477783203,-5.9604644775390625e-05,2.384185791015625e-05,5.552043914794922,0.0,0.0,93.67325592041016,0.0,0.0,0.43149274587631226,0.0,0.0,0.0011313241017286632,0.00886958095755272,0.03724318942890759,0.24766947235043896,0.007511992035478324,0.004661055299122092,0.6903792198388995,0.0025341659878722056,0.9514319415417618,0.6250000000000002,0.4612182097927414,0.9846139922164902,0.0,0.7900198382420265,0.9391196790056414,1.0,0.0,0.33934637904167175,0.0,0.0
9875309b29ecca62,12_iso_15223_medical_device_symbols,ISO 15223 Medical Device Symbols,sterilized using ethylene oxide,sterilized using ethylene oxide,medical-device-symbols GitHub,https://github.com/t4dhg/medical-device-symbols,svg,sterilized-using-ethylene-oxide.svg,icon_data/iconsets/12_iso_15223_medical_device_symbols/src/icons/sterilized-using-ethylene-oxide.svg,icon_data/normalized_256/12_iso_15223_medical_device_symbols/sterilized_using_ethylene_oxide__9875309b29ec.png,,sterilized using ethylene oxide | ISO 15223 Medical Device Symbols,sterilized using ethylene oxide iso 15223 medical device symbols,false,true,true,0.337188720703125,0.0308685302734375,1.0,472.0,0.115234375,138.84745762711864,1.0,2.9195402298850577,0.5,0.4980392156862745,0.9921875,0.33984375,1.0,0.002772967769359,1.0,0.9772727272727273,0.030862521495157932,0.9700614574187885,1.0,0.0,0.8019888219496262,0.545609176158905,0.046574655920267105,0.34762099385261536,0.0601952038705349,1.0,8.0,0.0,0.0,0.29850006103515625,0.0,0.0,0.0,0.0,0.6767578125,0.6875,0.6875,0.6767578125,0.661376953125,0.671875,0.671875,0.661376953125,0.0,0.0,0.0,0.0,0.597027153696883,1.0,4.0,0.0,0.0,0.0,0.0,0.0,0.0,-0.5657013621718177,-1.3361267302922006,-30.0,-30.0,-30.0,-30.0,-30.0,0.34375,0.0,2.0,0.0,0.0,0.0,0.0,0.0,0.0,0.0,0.0,0.0,0.0,0.0,0.0,0.0,106.24158477783203,-5.9604644775390625e-05,2.384185791015625e-05,5.552043914794922,0.0,0.0,93.67325592041016,0.0,0.0,0.49159592390060425,0.0,0.00018101185627658611,0.0015838537424201285,0.0110869761969409,0.05914562403837451,0.2882613811204634,0.010498687664041995,0.006787944610371979,0.6166621413702598,0.005792379400850756,0.9514319415417618,0.6250000000000002,0.5242103357769934,0.9846139922164902,0.0,0.7900198382420265,0.9391196790056414,1.0,0.0,0.43426528573036194,0.0,0.0
b566cf363514b2ce,12_iso_15223_medical_device_symbols,ISO 15223 Medical Device Symbols,sterilized using steam or dry heat,sterilized using steam or dry heat,medical-device-symbols GitHub,https://github.com/t4dhg/medical-device-symbols,svg,sterilized-using-steam-or-dry-heat.svg,icon_data/iconsets/12_iso_15223_medical_device_symbols/src/icons/sterilized-using-steam-or-dry-heat.svg,icon_data/normalized_256/12_iso_15223_medical_device_symbols/sterilized_using_steam_or_dry_heat__b566cf363514.png,,sterilized using steam or dry heat | ISO 15223 Medical Device Symbols,sterilized using steam or dry heat iso 15223 medical device symbols,false,true,true,0.337188720703125,0.0308685302734375,1.0,472.0,0.115234375,138.84745762711864,1.0,2.9195402298850577,0.5,0.4980392156862745,0.9921875,0.33984375,1.0,0.002772967769359,1.0,0.9772727272727273,0.030862521495157932,0.9700614574187885,1.0,0.0,0.8019888219496262,0.5739771723747253,0.03664517402648926,0.3396765887737274,0.049701083451509476,1.0,8.0,0.0,0.0,0.2738161087036133,0.0,0.0,0.0,0.0,0.6767578125,0.6875,0.6875,0.6767578125,0.661376953125,0.671875,0.671875,0.661376953125,0.0,0.0,0.0,0.0,0.597027153696883,1.0,4.0,0.0,0.0,0.0,0.0,0.0,0.0,-0.5657013621718177,-1.3361267302922006,-30.0,-30.0,-30.0,-30.0,-30.0,0.34375,0.0,2.0,0.0,0.0,0.0,0.0,0.0,0.0,0.0,0.0,0.0,0.0,0.0,0.0,0.0,106.24158477783203,-5.9604644775390625e-05,2.384185791015625e-05,5.552043914794922,0.0,0.0,93.67325592041016,0.0,0.0,0.4752323031425476,4.525296406914653e-05,0.00027151778441487917,0.001629106706489275,0.00886958095755272,0.04448366367997104,0.2830120372884424,0.008824327993483573,0.005294596796090144,0.6397411530455245,0.00782876278396235,0.9514319415417618,0.6250000000000002,0.5176939089510363,0.9846139922164902,0.0,0.7900198382420265,0.9391196790056414,1.0,0.0,0.3955269157886505,0.0,0.0
d176e3613fd2e8ca,12_iso_15223_medical_device_symbols,ISO 15223 Medical Device Symbols,udi,udi,medical-device-symbols GitHub,https://github.com/t4dhg/medical-device-symbols,svg,udi.svg,icon_data/iconsets/12_iso_15223_medical_device_symbols/src/icons/udi.svg,icon_data/normalized_256/12_iso_15223_medical_device_symbols/udi__d176e3613fd2.png,,udi | ISO 15223 Medical Device Symbols,udi iso 15223 medical device symbols,false,true,true,0.4690093994140625,0.032318115234375,1.0,520.0,0.126953125,126.03076923076924,0.9999674669789836,1.5460992907801419,0.5,0.4980392156862745,0.8515625,0.55078125,1.0,0.002760406956462193,0.9999349339579673,0.9859791949344188,0.023359469043823404,0.977173740263869,1.0,0.0,0.8425481757627258,0.46383750438690186,0.03249109908938408,0.46921101212501526,0.034460388123989105,1.0,8.0,0.0,0.0,0.32670503854751587,0.07666015625,0.109375,0.109375,0.076904296875,0.703125,1.0,1.0,0.703125,0.703125,1.0,1.0,0.703125,0.06591796875,0.09375,0.09375,0.06591796875,0.7492425834171791,0.9999674669789836,5.0,0.0,0.0,1.0,179.99385351037148,0.0,0.0,-0.7381913084262413,-2.2505711285839713,-9.853110124919192,-10.82597285375515,-21.363600060139248,12.312919535855631,21.27703024822102,0.5546875,0.0,2.0,0.0,0.0,0.0,0.0,0.0,0.0,0.0,0.0,0.0,0.0,0.0,0.0,0.0,106.24158477783203,-5.9604644775390625e-05,2.384185791015625e-05,5.552043914794922,0.0,0.0,93.67325592041016,0.0,0.0,0.409501314163208,0.0,0.0,0.0002277385561375541,0.002277385561375541,0.03936623613234864,0.2005725997982887,0.003155805706477535,0.0033835442626150894,0.7509190877444123,9.760223834466604e-05,0.9557845243402907,0.1250000000000001,0.5704990565423905,0.9883369119656451,179.99385351037148,0.4101150851678418,0.9241305267267462,1.0,0.0,0.2751135528087616,0.0,0.0
09f287549c50a508,13_usp_pictograms_manual,USP Pictograms,06,06,USP Pictograms,https://www.usp.org/health-quality-safety/usp-pictograms,gif,06.GIF,icon_data/iconsets/13_usp_pictograms_manual/gif/pictogif/06.GIF,icon_data/normalized_256/13_usp_pictograms_manual/06__09f287549c50.png,,06 | USP Pictograms,06 usp pictograms,false,true,true,0.7109375,0.0549774169921875,1.0,376.0,0.091796875,174.29787234042553,1.0,1.4065934065934067,0.5,0.5,1.0,0.7109375,1.0,0.0,1.0,1.0,0.018801510989010988,0.9815454622061178,1.0,0.0,0.8692537313432837,0.4211939871311188,0.13198092579841614,0.3321637809276581,0.1146613359451294,1.0,8.0,0.0,0.0,0.2512608766555786,0.421875,0.421875,0.421875,0.421875,1.0,1.0,1.0,1.0,1.0,1.0,1.0,1.0,0.421875,0.421875,0.421875,0.421875,0.7629797383084987,1.0,4.0,0.0,0.0,0.0,0.0,0.0,0.0,-0.7533602921690429,-2.4735735382189468,-30.0,-30.0,-30.0,-30.0,-30.0,0.7109375,0.0,0.0,1.0,0.0,0.0,0.0,0.0,0.0,0.0,0.0,0.0,0.0,0.0,0.0,0.0,106.24158477783203,-5.9604644775390625e-05,2.384185791015625e-05,5.552043914794922,0.0,0.0,93.67325592041016,0.0,0.0,0.3995110094547272,0.0010383317469931643,0.0029419399498139655,0.0030068356840010383,0.010491477026910098,0.0817253612529203,0.13290646361512504,0.0150125465086095,0.02061521156009345,0.7209916068183785,0.01127022583715497,0.967032967032967,0.1250000000000001,0.8482142857142857,0.9906207074175825,0.0,0.32852885726448944,0.9205013736263736,1.0,0.0,0.36957570910453796,0.0,0.0
2b5b06037a00ac7f,13_usp_pictograms_manual,USP Pictograms,06A,06A,USP Pictograms,https://www.usp.org/health-quality-safety/usp-pictograms,gif,06A.GIF,icon_data/iconsets/13_usp_pictograms_manual/gif/pictogif/06A.GIF,icon_data/normalized_256/13_usp_pictograms_manual/06a__2b5b06037a00.png,,06A | USP Pictograms,06a usp pictograms,false,true,true,0.49609375,0.0422821044921875,1.0,16.0,0.00390625,4096.0,1.0,0.49609375,0.4980392156862745,0.5,0.49609375,1.0,1.0,0.002772967769359,0.984375,1.0,0.023560531496062992,0.9769817897710199,1.0,0.0,0.841407867494824,0.35654664039611816,0.12751413881778717,0.4149725139141083,0.10096672177314758,1.0,8.0,0.0,0.0,0.2767787575721741,0.0,1.0,0.984375,0.0,0.0,1.0,0.984375,0.0,0.0,1.0,0.984375,0.0,0.0,1.0,0.984375,0.0,0.6962993840949994,1.0,4.0,0.0,0.0,0.0,90.0,0.0,0.0,-0.6791996020442277,-1.7948728960951192,-30.0,-30.0,-30.0,-30.0,-30.0,0.5,0.0,2.0,0.0,0.0,0.0,0.0,0.0,0.0,0.0,0.0,0.0,0.0,0.0,0.0,0.0,106.24158477783203,-5.9604644775390625e-05,2.384185791015625e-05,5.552043914794922,0.0,0.0,93.67325592041016,0.0,0.0,0.4676879048347473,0.001612003224006448,0.004309008618017236,0.003348006696013392,0.013361026722053445,0.11191022382044764,0.15605431210862422,0.017918035836071673,0.02489304978609957,0.647002294004588,0.01959203918407837,0.9921567421259843,0.1250000000000001,0.4197834645669291,0.9882504921259843,90.0,0.605010837221263,0.9307537729658794,1.0,0.0,0.4205169081687927,0.0,0.0
35be32b4253e6b7e,13_usp_pictograms_manual,USP Pictograms,18,18,USP Pictograms,https://www.usp.org/health-quality-safety/usp-pictograms,gif,18.GIF,icon_data/iconsets/13_usp_pictograms_manual/gif/pictogif/18.GIF,icon_data/normalized_256/13_usp_pictograms_manual/18__35be32b4253e.png,,18 | USP Pictograms,18 usp pictograms,false,true,true,0.7578125,0.04937744140625,1.0,376.0,0.091796875,174.29787234042553,1.0,0.7578125,0.5,0.5,0.7578125,1.0,1.0,0.0,1.0,1.0,0.018121778350515465,0.9822007752551222,1.0,0.0,0.8733821046707936,0.34359896183013916,0.11631090193986893,0.42964625358581543,0.1104438379406929,1.0,8.0,0.0,0.0,0.1936628222465515,0.515625,1.0,1.0,0.515625,0.515625,1.0,1.0,0.515625,0.515625,1.0,1.0,0.515625,0.515625,1.0,1.0,0.515625,0.7704891730759678,1.0,4.0,0.0,0.0,0.0,90.0,0.0,0.0,-0.7616695107480245,-2.6592374760322057,-30.0,-30.0,-30.0,-30.0,-30.0,0.7578125,0.0,0.0,1.0,0.0,0.0,0.0,0.0,0.0,0.0,0.0,0.0,0.0,0.0,0.0,0.0,106.24158477783203,-5.9604644775390625e-05,2.384185791015625e-05,5.552043914794922,0.0,0.0,93.67325592041016,0.0,0.0,0.3600007891654968,0.0007914603458072895,0.0034499553535189543,0.002739670427794464,0.010187515220391265,0.0682279405795925,0.13525854371296372,0.012399545417647536,0.014489812484779608,0.7402183618800228,0.012237194577481939,0.9896907216494846,0.1250000000000001,0.6517396907216495,0.9909592461340206,90.0,0.27042744984006983,0.9176868556701031,1.0,0.0,0.2919445335865021,0.0,0.0
4345ee093157bb2b,13_usp_pictograms_manual,USP Pictograms,20,20,USP Pictograms,https://www.usp.org/health-quality-safety/usp-pictograms,gif,20.GIF,icon_data/iconsets/13_usp_pictograms_manual/gif/pictogif/20.GIF,icon_data/normalized_256/13_usp_pictograms_manual/20__4345ee093157.png,,20 | USP Pictograms,20 usp pictograms,false,true,true,0.76171875,0.066925048828125,1.0,376.0,0.091796875,174.29787234042553,1.0,0.76171875,0.4980392156862745,0.5,0.76171875,1.0,1.0,0.002772967769359,0.9897959183673469,1.0,0.018068910256410258,0.982251780724883,1.0,0.0,0.8737048445813498,0.41267502307891846,0.06382400542497635,0.3820365369319916,0.14146438241004944,1.0,8.0,0.0,0.0,0.23934608697891235,0.53125,1.0,1.0,0.515625,0.53125,1.0,1.0,0.515625,0.53125,1.0,1.0,0.515625,0.53125,1.0,1.0,0.515625,0.771030158490875,1.0,4.0,0.0,0.0,0.0,90.0,0.0,0.0,-0.7622679746302544,-2.6758988916665296,-30.0,-30.0,-30.0,-30.0,-30.0,0.765625,0.0,2.0,0.0,0.0,0.0,0.0,0.0,0.0,0.0,0.0,0.0,0.0,0.0,0.0,0.0,106.24158477783203,-5.9604644775390625e-05,2.384185791015625e-05,5.552043914794922,0.0,0.0,93.67325592041016,0.0,0.0,0.49805083870887756,0.001413284877851807,0.006581869573995558,0.0072683222289521504,0.028306077124974762,0.12572178477690288,0.16311326468806783,0.015788411064001615,0.02245103977387442,0.6036543508984454,0.025701594992933577,0.9846153846153847,0.1250000000000001,0.8407051282051282,0.9909855769230769,90.0,0.26565532691509186,0.9179220085470087,1.0,0.0,0.37484660744667053,0.0,0.0
0f0ba10ef3a52533,13_usp_pictograms_manual,USP Pictograms,35,35,USP Pictograms,https://www.usp.org/health-quality-safety/usp-pictograms,gif,35.GIF,icon_data/iconsets/13_usp_pictograms_manual/gif/pictogif/35.GIF,icon_data/normalized_256/13_usp_pictograms_manual/35__0f0ba10ef3a5.png,,35 | USP Pictograms,35 usp pictograms,false,true,true,0.77734375,0.042266845703125,1.0,376.0,0.091796875,174.29787234042553,1.0,0.77734375,0.4980392156862745,0.5,0.77734375,1.0,1.0,0.002772967769359,0.99,1.0,0.017862751256281405,0.9824507270413083,1.0,0.0,0.8749656499038198,0.3288452625274658,0.11856891959905624,0.42438963055610657,0.128196120262146,1.0,8.0,0.0,0.0,0.17655563354492188,0.5625,1.0,1.0,0.546875,0.5625,1.0,1.0,0.546875,0.5625,1.0,1.0,0.546875,0.5625,1.0,1.0,0.546875,0.7730723156356886,1.0,4.0,0.0,0.0,0.0,90.0,0.0,0.0,-0.7645269687299555,-2.7447760708791544,-30.0,-30.0,-30.0,-30.0,-30.0,0.78125,0.0,2.0,0.0,0.0,0.0,0.0,0.0,0.0,0.0,0.0,0.0,0.0,0.0,0.0,0.0,106.24158477783203,-5.9604644775390625e-05,2.384185791015625e-05,5.552043914794922,0.0,0.0,93.67325592041016,0.0,0.0,0.3895246088504791,0.001404661100779488,0.0037985201598543902,0.0036798164048589405,0.013334388477822182,0.07545602025877418,0.14493728484944407,0.017231828433506114,0.020060934594230997,0.7039528350413484,0.016143710679381158,0.9802460578755848,0.1250000000000001,0.6626884422110553,0.9910882537688442,90.0,0.24668283635326008,0.918838986599665,1.0,0.0,0.26774731278419495,0.0,0.0
67facd157d491218,13_usp_pictograms_manual,USP Pictograms,37,37,USP Pictograms,https://www.usp.org/health-quality-safety/usp-pictograms,gif,37.GIF,icon_data/iconsets/13_usp_pictograms_manual/gif/pictogif/37.GIF,icon_data/normalized_256/13_usp_pictograms_manual/37__67facd157d49.png,,37 | USP Pictograms,37 usp pictograms,false,true,true,0.828125,0.058319091796875,1.0,376.0,0.091796875,174.29787234042553,1.0,0.828125,0.5,0.5,0.828125,1.0,1.0,0.0,1.0,1.0,0.017246462264150945,0.9830459353716853,1.0,0.0,0.8787564766839379,0.38735294342041016,0.11528981477022171,0.33412402868270874,0.16323329508304596,1.0,8.0,0.0,0.0,0.21130472421646118,0.65625,1.0,1.0,0.65625,0.65625,1.0,1.0,0.65625,0.65625,1.0,1.0,0.65625,0.65625,1.0,1.0,0.65625,0.7784558609815603,1.0,4.0,0.0,0.0,0.0,90.0,0.0,0.0,-0.7704812687454012,-3.0001170854558286,-30.0,-30.0,-30.0,-30.0,-30.0,0.828125,0.0,0.0,1.0,0.0,0.0,0.0,0.0,0.0,0.0,0.0,0.0,0.0,0.0,0.0,0.0,106.24158477783203,-5.9604644775390625e-05,2.384185791015625e-05,5.552043914794922,0.0,0.0,93.67325592041016,0.0,0.0,0.4297962188720703,0.0011885306789481504,0.00367701678799584,0.002989897489228941,0.01565517753677017,0.11058906551775367,0.14435076511662456,0.016193730500668548,0.018905066112019017,0.6691427722478086,0.01730797801218244,0.9811320754716981,0.1250000000000001,0.6715801886792453,0.9913951945754716,90.0,0.18639005050779342,0.9215801886792452,1.0,0.0,0.30701684951782227,0.0,0.0
e93973679234ed81,13_usp_pictograms_manual,USP Pictograms,54,54,USP Pictograms,https://www.usp.org/health-quality-safety/usp-pictograms,gif,54.GIF,icon_data/iconsets/13_usp_pictograms_manual/gif/pictogif/54.GIF,icon_data/normalized_256/13_usp_pictograms_manual/54__e93973679234.png,,54 | USP Pictograms,54 usp pictograms,false,true,true,0.89453125,0.0502777099609375,1.0,376.0,0.091796875,174.29787234042553,1.0,0.89453125,0.4980392156862745,0.5,0.89453125,1.0,1.0,0.002772967769359,0.991304347826087,1.0,0.01654612445414847,0.983723193610095,1.0,0.0,0.8831043624969873,0.34517669677734375,0.1854187399148941,0.24300308525562286,0.22640152275562286,1.0,8.0,0.0,0.0,0.17923730611801147,0.796875,1.0,1.0,0.78125,0.796875,1.0,1.0,0.78125,0.796875,1.0,1.0,0.78125,0.796875,1.0,1.0,0.78125,0.7829640885282092,1.0,4.0,0.0,0.0,0.0,90.0,0.0,0.0,-0.7754667076843755,-3.460302381876223,-30.0,-30.0,-30.0,-30.0,-30.0,0.8984375,0.0,2.0,0.0,0.0,0.0,0.0,0.0,0.0,0.0,0.0,0.0,0.0,0.0,0.0,0.0,106.24158477783203,-5.9604644775390625e-05,2.384185791015625e-05,5.552043914794922,0.0,0.0,93.67325592041016,0.0,0.0,0.40216606855392456,0.001547295671010556,0.004899769624866761,0.005054499191967816,0.023604855069972147,0.11389815356049926,0.09166867242031428,0.018928583708695802,0.023054705498057285,0.697589657188048,0.0197538080665681,0.9781659388646288,0.1250000000000001,0.5562227074235808,0.9917439956331878,90.0,0.11099809281627465,0.9142558224163028,1.0,0.0,0.2725222110748291,0.0,0.0
db7e3477d2e2096c,13_usp_pictograms_manual,USP Pictograms,57,57,USP Pictograms,https://www.usp.org/health-quality-safety/usp-pictograms,gif,57.GIF,icon_data/iconsets/13_usp_pictograms_manual/gif/pictogif/57.GIF,icon_data/normalized_256/13_usp_pictograms_manual/57__db7e3477d2e2.png,,57 | USP Pictograms,57 usp pictograms,false,true,true,0.7890625,0.052978515625,1.0,376.0,0.091796875,174.29787234042553,1.0,0.7890625,0.5,0.5,0.7890625,1.0,1.0,0.0,1.0,1.0,0.0177134900990099,0.9825948164475184,1.0,0.0,0.875880758807588,0.374258816242218,0.12714503705501556,0.36833420395851135,0.13026195764541626,1.0,8.0,0.0,0.0,0.3002479672431946,0.578125,1.0,1.0,0.578125,0.578125,1.0,1.0,0.578125,0.578125,1.0,1.0,0.578125,0.578125,1.0,1.0,0.578125,0.7744800790528183,1.0,4.0,0.0,0.0,0.0,90.0,0.0,0.0,-0.7660840929408963,-2.7990266859585207,-30.0,-30.0,-30.0,-30.0,-30.0,0.7890625,0.0,0.0,1.0,0.0,0.0,0.0,0.0,0.0,0.0,0.0,0.0,0.0,0.0,0.0,0.0,106.24158477783203,-5.9604644775390625e-05,2.384185791015625e-05,5.552043914794922,0.0,0.0,93.67325592041016,0.0,0.0,0.516303539276123,0.0009939970374990255,0.0054962189132299055,0.005164886567396897,0.02617525532080767,0.14362282684961408,0.1514968425976456,0.016878459499493258,0.016625087705620954,0.6171552194589538,0.016391206049738833,0.9707254379284083,0.1250000000000001,0.7698019801980198,0.9911625928217822,90.0,0.23257913445804887,0.9195028877887789,1.0,0.0,0.3415697515010834,0.0,0.0
786becad40b24f1e,13_usp_pictograms_manual,USP Pictograms,58,58,USP Pictograms,https://www.usp.org/health-quality-safety/usp-pictograms,gif,58.GIF,icon_data/iconsets/13_usp_pictograms_manual/gif/pictogif/58.GIF,icon_data/normalized_256/13_usp_pictograms_manual/58__786becad40b2.png,,58 | USP Pictograms,58 usp pictograms,false,true,true,0.5390625,0.0395050048828125,1.0,376.0,0.091796875,174.29787234042553,1.0,1.855072463768116,0.5,0.5,1.0,0.5390625,1.0,0.0,1.0,1.0,0.022305253623188404,0.9781814154391405,1.0,0.0,0.8485780169100692,0.4584733843803406,0.11584337800741196,0.3195236027240753,0.10615959018468857,1.0,8.0,0.0,0.0,0.19679492712020874,0.078125,0.078125,0.078125,0.078125,1.0,1.0,1.0,1.0,1.0,1.0,1.0,1.0,0.078125,0.078125,0.078125,0.078125,0.7149513338788697,1.0,4.0,0.0,0.0,0.0,0.0,0.0,0.0,-0.7000428865080394,-1.9198441372580226,-30.0,-30.0,-30.0,-30.0,-30.0,0.5390625,0.0,0.0,1.0,0.0,0.0,0.0,0.0,0.0,0.0,0.0,0.0,0.0,0.0,0.0,0.0,106.24158477783203,-5.9604644775390625e-05,2.384185791015625e-05,5.552043914794922,0.0,0.0,93.67325592041016,0.0,0.0,0.44805946946144104,0.0017117425539198905,0.004564646810453041,0.007446080109551523,0.020883259157822662,0.09089352961314619,0.1854387766746548,0.020341207349081365,0.0265320095857583,0.6165411388793792,0.025647609266233024,0.957427536231884,0.1250000000000001,0.6118659420289855,0.988875679347826,0.0,0.5496937737946037,0.9273852657004831,1.0,0.0,0.3730160593986511,0.0,0.0
6a09c26401d7753b,13_usp_pictograms_manual,USP Pictograms,59A,59A,USP Pictograms,https://www.usp.org/health-quality-safety/usp-pictograms,gif,59A.GIF,icon_data/iconsets/13_usp_pictograms_manual/gif/pictogif/59A.GIF,icon_data/normalized_256/13_usp_pictograms_manual/59a__6a09c26401d7.png,,59A | USP Pictograms,59a usp pictograms,false,true,true,0.45703125,0.0337066650390625,1.0,376.0,0.091796875,174.29787234042553,1.0,0.45703125,0.4980392156862745,0.5,0.45703125,1.0,1.0,0.002772967769359,0.9830508474576272,1.0,0.024906517094017096,0.9756987425890937,1.0,0.0,0.8338530066815145,0.3572818636894226,0.07836990058422089,0.4444955587387085,0.11985263228416443,1.0,8.0,0.0,0.0,0.25717228651046753,0.0,0.921875,0.90625,0.0,0.0,0.921875,0.90625,0.0,0.0,0.921875,0.90625,0.0,0.0,0.921875,0.90625,0.0,0.6763290411080471,1.0,4.0,0.0,0.0,0.0,90.0,0.0,0.0,-0.6567557889533334,-1.6817668820857068,-30.0,-30.0,-30.0,-30.0,-30.0,0.4609375,0.0,2.0,0.0,0.0,0.0,0.0,0.0,0.0,0.0,0.0,0.0,0.0,0.0,0.0,0.0,106.24158477783203,-5.9604644775390625e-05,2.384185791015625e-05,5.552043914794922,0.0,0.0,93.67325592041016,0.0,0.0,0.45606929063796997,0.0016824819974426274,0.002826569755703614,0.0038024093142203378,0.016017228615653814,0.08210512147520022,0.17460798169459588,0.014738542297597416,0.021367521367521368,0.6655898781883034,0.017262265293761358,0.9572649572649573,0.1250000000000001,0.4444444444444444,0.9875801282051282,90.0,0.6544437852643803,0.9349180911680911,1.0,0.0,0.37866899371147156,0.0,0.0
